name,wins,losses,wlr,f_year,l_year,career_duration,dfs,aces,svpt,1stIn,1stWon,2ndWon,SvGms,bpSaved,bpFaced,hand,birthdate,country,gender,total_matches,serve_games_won,serve_game_won%,break_points_saved%,breakpoints_permatch,ace_dominance
Famiano Meneschincheri,1,3,25.0,1979,1980,2,0.0,0.0,0.0,0.0,0.0,0.0,0.0,0.0,0.0,R,1957-11-13,ITA,male,4,0.0,,,0.0,
Craig Gold,0,1,0.0,1971,1971,1,0.0,0.0,0.0,0.0,0.0,0.0,0.0,0.0,0.0,U,,RSA,male,1,0.0,,,0.0,
Karsten Braasch,61,85,41.781,1989,2000,12,349.0,864.0,10910.0,6065.0,4494.0,2185.0,1607.0,599.0,988.0,L,1967-07-14,GER,male,146,1218.0,75.793,60.628,6.767,7.919
Frank Mcardle,0,2,0.0,1970,1973,4,0.0,0.0,0.0,0.0,0.0,0.0,0.0,0.0,0.0,U,,IRL,male,2,0.0,,,0.0,
Kiyotaka Tachibana,0,2,0.0,1984,1985,2,0.0,0.0,0.0,0.0,0.0,0.0,0.0,0.0,0.0,R,1960-02-02,JPN,male,2,0.0,,,0.0,
Francisco Arrellaga,0,2,0.0,1982,1982,1,0.0,0.0,0.0,0.0,0.0,0.0,0.0,0.0,0.0,U,1961-11-11,PAR,male,2,0.0,,,0.0,
Jonathan Dasnieres De Veigy,1,5,16.667,2010,2012,3,14.0,22.0,504.0,343.0,219.0,64.0,75.0,33.0,61.0,L,1987-01-05,FRA,male,6,47.0,62.667,54.098,10.167,4.365
Ezio Di Matteo,21,36,36.842,1968,1976,9,0.0,0.0,0.0,0.0,0.0,0.0,0.0,0.0,0.0,R,,ITA,male,57,0.0,,,0.0,
Ezio Di Matteo,21,36,36.842,1968,1976,9,0.0,0.0,0.0,0.0,0.0,0.0,0.0,0.0,0.0,U,1948-11-02,ITA,male,57,0.0,,,0.0,
Antonio Capella,0,1,0.0,1981,1981,1,0.0,0.0,0.0,0.0,0.0,0.0,0.0,0.0,0.0,R,,ESP,male,1,0.0,,,0.0,
Weerapat Doakmaiklee,1,6,14.286,2008,2012,5,0.0,0.0,0.0,0.0,0.0,0.0,0.0,0.0,0.0,R,1987-06-13,THA,male,7,0.0,,,0.0,
Van Winitsky,85,106,44.503,1975,1985,11,0.0,0.0,0.0,0.0,0.0,0.0,0.0,0.0,0.0,L,1959-03-12,USA,male,191,0.0,,,0.0,
Barry Moir,36,56,39.13,1981,1989,9,0.0,0.0,0.0,0.0,0.0,0.0,0.0,0.0,0.0,R,1963-06-01,RSA,male,92,0.0,,,0.0,
U Koeck,0,1,0.0,1972,1972,1,0.0,0.0,0.0,0.0,0.0,0.0,0.0,0.0,0.0,U,,UNK,male,1,0.0,,,0.0,
Petr Korda,289,181,61.489,1985,1999,15,1938.0,1604.0,32502.0,19176.0,13672.0,6322.0,4861.0,1744.0,2868.0,L,1968-01-23,CZE,male,470,3737.0,76.877,60.809,6.102,4.935
Gregoire Burquier,0,1,0.0,2014,2014,1,2.0,6.0,65.0,49.0,27.0,5.0,9.0,9.0,14.0,L,1984-07-08,FRA,male,1,4.0,44.444,64.286,14.0,9.231
Maurice Claitte,0,1,0.0,1974,1974,1,0.0,0.0,0.0,0.0,0.0,0.0,0.0,0.0,0.0,R,,FRA,male,1,0.0,,,0.0,
Arthur Rinderknech,0,1,0.0,2020,2020,1,2.0,12.0,149.0,97.0,66.0,24.0,20.0,10.0,14.0,U,1995-07-23,FRA,male,1,16.0,80.0,71.429,14.0,8.054
Oscar Napout,0,2,0.0,1982,1984,3,0.0,0.0,0.0,0.0,0.0,0.0,0.0,0.0,0.0,U,1960-11-29,PAR,male,2,0.0,,,0.0,
Alcides Procopio Jr,0,1,0.0,1971,1971,1,0.0,0.0,0.0,0.0,0.0,0.0,0.0,0.0,0.0,U,,BRA,male,1,0.0,,,0.0,
Colin Beecher,1,3,25.0,1995,1996,2,13.0,14.0,289.0,175.0,128.0,43.0,48.0,5.0,20.0,R,1970-10-16,GBR,male,4,33.0,68.75,25.0,5.0,4.844
Eduardo Mandarino,4,10,28.571,1968,1989,22,0.0,0.0,0.0,0.0,0.0,0.0,0.0,0.0,0.0,R,,ESP,male,14,0.0,,,0.0,
Dick R Bohrnstedt,19,44,30.159,1968,1979,12,0.0,0.0,0.0,0.0,0.0,0.0,0.0,0.0,0.0,R,1950-04-28,USA,male,63,0.0,,,0.0,
Jabor Al Mutawa,0,4,0.0,2012,2018,7,14.0,1.0,156.0,96.0,41.0,12.0,27.0,12.0,34.0,U,1994-05-21,QAT,male,4,5.0,18.519,35.294,8.5,0.641
Timothy Noonan,4,8,33.333,1972,1977,6,0.0,0.0,0.0,0.0,0.0,0.0,0.0,0.0,0.0,R,1952-10-31,USA,male,12,0.0,,,0.0,
Mikal Oliver Statham,1,1,50.0,2009,2009,1,0.0,0.0,0.0,0.0,0.0,0.0,0.0,0.0,0.0,R,1987-04-25,NZL,male,2,0.0,,,0.0,
Rand Evett,4,13,23.529,1974,1984,11,0.0,0.0,0.0,0.0,0.0,0.0,0.0,0.0,0.0,R,1954-03-01,USA,male,17,0.0,,,0.0,
Mate Delic,3,12,20.0,2011,2015,5,12.0,40.0,660.0,421.0,284.0,113.0,104.0,38.0,68.0,R,1993-09-29,CRO,male,15,74.0,71.154,55.882,4.533,6.061
Jiri Novak,301,233,56.367,1993,2006,14,1119.0,2027.0,39601.0,25750.0,17597.0,6936.0,6143.0,2192.0,3646.0,R,1975-03-22,CZE,male,534,4689.0,76.331,60.121,6.828,5.119
David Wheaton,204,156,56.667,1986,2000,15,1257.0,2125.0,23977.0,14401.0,10564.0,4596.0,3566.0,1274.0,2012.0,R,1969-06-02,USA,male,360,2828.0,79.305,63.32,5.589,8.863
Dejan Petrovic,2,6,25.0,2000,2001,2,27.0,45.0,576.0,295.0,200.0,122.0,93.0,26.0,61.0,R,1978-04-03,SRB,male,8,58.0,62.366,42.623,7.625,7.812
Aleksandar Kitinov,0,2,0.0,1995,1998,4,7.0,6.0,107.0,60.0,37.0,15.0,16.0,7.0,16.0,R,1971-01-13,MKD,male,2,7.0,43.75,43.75,8.0,5.607
Marcos Perez Hubert,0,1,0.0,1992,1992,1,2.0,5.0,102.0,63.0,40.0,24.0,16.0,7.0,11.0,R,1968-11-22,ESP,male,1,12.0,75.0,63.636,11.0,4.902
Didac Perez,1,6,14.286,2002,2006,5,29.0,13.0,529.0,332.0,210.0,86.0,85.0,27.0,62.0,R,1981-09-07,ESP,male,7,50.0,58.824,43.548,8.857,2.457
Peter Campbell,4,21,16.0,1968,1990,23,0.0,0.0,0.0,0.0,0.0,0.0,0.0,0.0,0.0,R,1950-11-10,AUS,male,25,0.0,,,0.0,
Charles Bud Cox,5,17,22.727,1980,1988,9,0.0,0.0,0.0,0.0,0.0,0.0,0.0,0.0,0.0,R,1960-04-11,USA,male,22,0.0,,,0.0,
Jaime Bartoli,0,1,0.0,1968,1968,1,0.0,0.0,0.0,0.0,0.0,0.0,0.0,0.0,0.0,U,,UNK,male,1,0.0,,,0.0,
Christophe Van Garsse,20,15,57.143,1994,1999,6,121.0,99.0,2249.0,1372.0,968.0,412.0,324.0,111.0,185.0,R,1974-06-21,BEL,male,35,250.0,77.16,60.0,5.286,4.402
Pedro Loewe,0,2,0.0,1968,1970,3,0.0,0.0,0.0,0.0,0.0,0.0,0.0,0.0,0.0,U,,ESP,male,2,0.0,,,0.0,
Kenneth Tsui,1,1,50.0,1972,1972,1,0.0,0.0,0.0,0.0,0.0,0.0,0.0,0.0,0.0,U,1949-04-16,HKG,male,2,0.0,,,0.0,
Maxim Bulat,0,2,0.0,2015,2015,1,0.0,0.0,0.0,0.0,0.0,0.0,0.0,0.0,0.0,,1997-03-18,MDA,male,2,0.0,,,0.0,
Larry Dodge,0,1,0.0,1971,1971,1,0.0,0.0,0.0,0.0,0.0,0.0,0.0,0.0,0.0,U,,USA,male,1,0.0,,,0.0,
Ladislav Svarc,0,4,0.0,2000,2003,4,6.0,10.0,208.0,124.0,85.0,39.0,32.0,24.0,33.0,R,1978-11-13,SVK,male,4,23.0,71.875,72.727,8.25,4.808
John Clifton,8,24,25.0,1968,1974,7,0.0,0.0,0.0,0.0,0.0,0.0,0.0,0.0,0.0,R,1946-02-19,GBR,male,32,0.0,,,0.0,
Kento Takeuchi,0,1,0.0,2014,2014,1,2.0,0.0,43.0,18.0,7.0,8.0,7.0,2.0,8.0,L,1987-12-19,JPN,male,1,1.0,14.286,25.0,8.0,0.0
Lency Tenai,0,3,0.0,1998,1998,1,0.0,0.0,0.0,0.0,0.0,0.0,0.0,0.0,0.0,U,1968-01-09,SOL,male,3,0.0,,,0.0,
Jorge Villanueva,0,1,0.0,2006,2006,1,0.0,0.0,0.0,0.0,0.0,0.0,0.0,0.0,0.0,U,1987-04-15,BOL,male,1,0.0,,,0.0,
Ramon Delgado,105,108,49.296,1994,2010,17,478.0,1055.0,13030.0,7781.0,5322.0,2547.0,1987.0,696.0,1225.0,R,1976-11-14,PAR,male,213,1458.0,73.377,56.816,5.751,8.097
John Burrman,0,1,0.0,1971,1971,1,0.0,0.0,0.0,0.0,0.0,0.0,0.0,0.0,0.0,R,,USA,male,1,0.0,,,0.0,
Brian Tobin,0,1,0.0,1974,1974,1,0.0,0.0,0.0,0.0,0.0,0.0,0.0,0.0,0.0,U,1930-12-05,AUS,male,1,0.0,,,0.0,
Sammy Giammalva,0,2,0.0,1968,1971,4,0.0,0.0,0.0,0.0,0.0,0.0,0.0,0.0,0.0,R,1934-08-01,USA,male,2,0.0,,,0.0,
Ivaylo Traykov,5,6,45.455,1998,2007,10,5.0,6.0,188.0,110.0,74.0,45.0,27.0,7.0,14.0,R,1978-12-17,BUL,male,11,20.0,74.074,50.0,1.273,3.191
Jiri Hrebec,152,148,50.667,1970,1981,12,0.0,0.0,0.0,0.0,0.0,0.0,0.0,0.0,0.0,R,1950-09-19,CZE,male,300,0.0,,,0.0,
Jan Coebergh,0,3,0.0,1968,1971,4,0.0,0.0,0.0,0.0,0.0,0.0,0.0,0.0,0.0,U,,UNK,male,3,0.0,,,0.0,
Jorge Tejada,0,1,0.0,2000,2000,1,0.0,0.0,0.0,0.0,0.0,0.0,0.0,0.0,0.0,U,1968-04-21,GUA,male,1,0.0,,,0.0,
Stephen Thompson,0,1,0.0,1972,1972,1,0.0,0.0,0.0,0.0,0.0,0.0,0.0,0.0,0.0,R,,AUS,male,1,0.0,,,0.0,
Martin Stiegwardt,1,0,100.0,2002,2002,1,0.0,0.0,0.0,0.0,0.0,0.0,0.0,0.0,0.0,U,1984-02-26,ECU,male,1,0.0,,,0.0,
D Gueddes,0,1,0.0,1976,1976,1,0.0,0.0,0.0,0.0,0.0,0.0,0.0,0.0,0.0,R,,GER,male,1,0.0,,,0.0,
Yaoki Ishii,0,5,0.0,2000,2001,2,16.0,4.0,228.0,134.0,83.0,45.0,35.0,16.0,29.0,R,1977-04-29,JPN,male,5,22.0,62.857,55.172,5.8,1.754
M S Palmer,0,1,0.0,1970,1970,1,0.0,0.0,0.0,0.0,0.0,0.0,0.0,0.0,0.0,U,,GBR,male,1,0.0,,,0.0,
Omar Hedayet,2,0,100.0,2004,2009,6,0.0,0.0,0.0,0.0,0.0,0.0,0.0,0.0,0.0,R,1985-09-21,EGY,male,2,0.0,,,0.0,
Lauri Kiiski,0,1,0.0,2006,2006,1,0.0,0.0,0.0,0.0,0.0,0.0,0.0,0.0,0.0,R,1980-10-10,FIN,male,1,0.0,,,0.0,
Rory Chappell,8,13,38.095,1976,1983,8,0.0,0.0,0.0,0.0,0.0,0.0,0.0,0.0,0.0,R,1959-01-13,RSA,male,21,0.0,,,0.0,
Eduardo Masso,38,55,40.86,1986,1992,7,90.0,35.0,3238.0,2282.0,1296.0,461.0,478.0,200.0,388.0,L,1964-01-11,BEL,male,93,290.0,60.669,51.546,4.172,1.081
Nicola Kuhn,3,5,37.5,2017,2021,5,17.0,16.0,607.0,388.0,246.0,111.0,93.0,21.0,51.0,R,2000-03-20,ESP,male,8,63.0,67.742,41.176,6.375,2.636
Eduardo Furusho,1,2,33.333,1988,1991,4,5.0,0.0,61.0,35.0,19.0,10.0,8.0,6.0,11.0,L,1968-07-06,JPN,male,3,3.0,37.5,54.545,3.667,0.0
Henrik Drzymalski,3,5,37.5,1974,1982,9,0.0,0.0,0.0,0.0,0.0,0.0,0.0,0.0,0.0,U,1947-06-12,POL,male,8,0.0,,,0.0,
Noureddine Mahmoudi,0,1,0.0,1993,1993,1,0.0,0.0,0.0,0.0,0.0,0.0,0.0,0.0,0.0,U,1973-06-27,ALG,male,1,0.0,,,0.0,
Magnus Larsson,249,193,56.335,1988,2003,16,994.0,2504.0,32409.0,20519.0,14931.0,6037.0,4997.0,1544.0,2484.0,R,1970-03-25,SWE,male,442,4057.0,81.189,62.158,5.62,7.726
Konstantinos Economidis,20,19,51.282,1997,2011,15,51.0,56.0,1034.0,637.0,435.0,197.0,169.0,49.0,96.0,R,1977-11-02,GRE,male,39,122.0,72.189,51.042,2.462,5.416
Tyler Mayers,0,1,0.0,2002,2002,1,0.0,0.0,0.0,0.0,0.0,0.0,0.0,0.0,0.0,U,1982-10-13,TRI,male,1,0.0,,,0.0,
Shao Xuan Zeng,5,9,35.714,2003,2009,7,21.0,15.0,455.0,270.0,161.0,75.0,67.0,32.0,63.0,R,1981-08-29,CHN,male,14,36.0,53.731,50.794,4.5,3.297
Daniel Chavez Morales,4,6,40.0,1990,2000,11,0.0,0.0,0.0,0.0,0.0,0.0,0.0,0.0,0.0,U,1966-01-27,GUA,male,10,0.0,,,0.0,
Tristan Schoolkate,0,1,0.0,2021,2021,1,8.0,2.0,67.0,39.0,26.0,13.0,11.0,2.0,6.0,R,2001-02-26,AUS,male,1,7.0,63.636,33.333,6.0,2.985
Mikael Stig,0,1,0.0,1971,1971,1,0.0,0.0,0.0,0.0,0.0,0.0,0.0,0.0,0.0,U,,UNK,male,1,0.0,,,0.0,
Glenn Busby,0,2,0.0,1975,1981,7,0.0,0.0,0.0,0.0,0.0,0.0,0.0,0.0,0.0,R,,AUS,male,2,0.0,,,0.0,
Lucas Miedler,0,3,0.0,2015,2019,5,1.0,13.0,231.0,153.0,98.0,42.0,35.0,13.0,22.0,R,1996-06-21,AUT,male,3,26.0,74.286,59.091,7.333,5.628
Igor Flego,1,3,25.0,1986,1988,3,0.0,0.0,0.0,0.0,0.0,0.0,0.0,0.0,0.0,R,1961-12-13,CRO,male,4,0.0,,,0.0,
Mikhail Biryukov,0,2,0.0,2009,2013,5,2.0,0.0,100.0,60.0,29.0,15.0,16.0,8.0,18.0,R,1992-04-28,RUS,male,2,6.0,37.5,44.444,9.0,0.0
Guillermo Perez Roldan,241,134,64.267,1986,1996,11,150.0,160.0,8544.0,5827.0,3695.0,1363.0,1279.0,508.0,870.0,R,1969-10-20,ARG,male,375,917.0,71.697,58.391,2.32,1.873
John De Mendoza,4,8,33.333,1970,1972,3,0.0,0.0,0.0,0.0,0.0,0.0,0.0,0.0,0.0,R,1949-08-22,GBR,male,12,0.0,,,0.0,
Henrik Sundstrom,149,97,60.569,1981,1989,9,0.0,0.0,0.0,0.0,0.0,0.0,0.0,0.0,0.0,R,1964-02-29,SWE,male,246,0.0,,,0.0,
Lawrence Awopegba,1,2,33.333,1974,1978,5,0.0,0.0,0.0,0.0,0.0,0.0,0.0,0.0,0.0,R,,NIG,male,3,0.0,,,0.0,
Steve Campbell,31,50,38.272,1994,1999,6,245.0,250.0,6266.0,3670.0,2388.0,1207.0,940.0,368.0,680.0,R,1970-10-22,USA,male,81,628.0,66.809,54.118,8.395,3.99
Mike Collins,5,6,45.455,1970,1974,5,0.0,0.0,0.0,0.0,0.0,0.0,0.0,0.0,0.0,R,1951-05-01,GBR,male,11,0.0,,,0.0,
Albert Gaertner,1,1,50.0,1969,1969,1,0.0,0.0,0.0,0.0,0.0,0.0,0.0,0.0,0.0,,1939-03-09,RSA,male,2,0.0,,,0.0,
Anthony Brennan,0,3,0.0,1970,1973,4,0.0,0.0,0.0,0.0,0.0,0.0,0.0,0.0,0.0,U,,IRL,male,3,0.0,,,0.0,
Angel Gimenez,86,101,45.989,1975,1984,10,0.0,0.0,0.0,0.0,0.0,0.0,0.0,0.0,0.0,R,1955-10-10,ESP,male,187,0.0,,,0.0,
Ju Min Lam,0,2,0.0,1994,1994,1,0.0,0.0,0.0,0.0,0.0,0.0,0.0,0.0,0.0,U,1975-07-16,SIN,male,2,0.0,,,0.0,
Jason Smith,0,1,0.0,1975,1975,1,0.0,0.0,0.0,0.0,0.0,0.0,0.0,0.0,0.0,R,1975-11-22,AUS,male,1,0.0,,,0.0,
Guillermo Oropez,1,3,25.0,1970,1977,8,0.0,0.0,0.0,0.0,0.0,0.0,0.0,0.0,0.0,R,1947-02-07,USA,male,4,0.0,,,0.0,
Tony Pospisil,1,1,50.0,1969,1969,1,0.0,0.0,0.0,0.0,0.0,0.0,0.0,0.0,0.0,U,,CAN,male,2,0.0,,,0.0,
Jamie Harty,0,1,0.0,1982,1982,1,0.0,0.0,0.0,0.0,0.0,0.0,0.0,0.0,0.0,R,,AUS,male,1,0.0,,,0.0,
Arjun Perera,0,5,0.0,1982,1986,5,0.0,0.0,0.0,0.0,0.0,0.0,0.0,0.0,0.0,U,1962-06-14,SRI,male,5,0.0,,,0.0,
Abdelhak Hameurlaine,3,10,23.077,1990,2009,20,0.0,0.0,0.0,0.0,0.0,0.0,0.0,0.0,0.0,R,1972-03-19,ALG,male,13,0.0,,,0.0,
Hashim Bin Sidek,2,1,66.667,1988,1990,3,0.0,0.0,0.0,0.0,0.0,0.0,0.0,0.0,0.0,U,1961-05-26,SIN,male,3,0.0,,,0.0,
Lukas Rosol,124,157,44.128,2007,2020,14,903.0,1773.0,22154.0,12923.0,9334.0,4603.0,3371.0,1210.0,1924.0,R,1985-07-24,CZE,male,281,2657.0,78.819,62.89,6.847,8.003
Michael John Misa,0,2,0.0,1997,1997,1,0.0,0.0,0.0,0.0,0.0,0.0,0.0,0.0,0.0,U,1974-01-31,PHI,male,2,0.0,,,0.0,
Goran Sterijovski,0,3,0.0,1999,1999,1,0.0,0.0,0.0,0.0,0.0,0.0,0.0,0.0,0.0,U,1980-11-21,MKD,male,3,0.0,,,0.0,
Bill Joiner,0,1,0.0,1970,1970,1,0.0,0.0,0.0,0.0,0.0,0.0,0.0,0.0,0.0,U,,AUS,male,1,0.0,,,0.0,
Antonio Munoz,95,163,36.822,1968,1981,14,0.0,0.0,0.0,0.0,0.0,0.0,0.0,0.0,0.0,R,1951-03-01,ESP,male,258,0.0,,,0.0,
Julius Tverijonas,0,4,0.0,2011,2020,10,7.0,5.0,208.0,116.0,71.0,37.0,31.0,13.0,28.0,R,1994-06-14,LTU,male,4,16.0,51.613,46.429,7.0,2.404
Unknown Fearmon,0,1,0.0,1968,1968,1,0.0,0.0,0.0,0.0,0.0,0.0,0.0,0.0,0.0,U,,,male,1,0.0,,,0.0,
Nicolas Becerra,0,2,0.0,1992,1992,1,13.0,9.0,172.0,93.0,65.0,25.0,24.0,8.0,15.0,R,1969-11-06,ARG,male,2,17.0,70.833,53.333,7.5,5.233
Tan Ah Peng,0,2,0.0,1987,1987,1,0.0,0.0,0.0,0.0,0.0,0.0,0.0,0.0,0.0,U,1961-11-20,SIN,male,2,0.0,,,0.0,
Vincenzo Santopadre,17,27,38.636,1996,2002,7,88.0,176.0,3040.0,1675.0,1162.0,655.0,463.0,157.0,290.0,L,1971-08-11,ITA,male,44,330.0,71.274,54.138,6.591,5.789
D Belesson,0,1,0.0,1969,1969,1,0.0,0.0,0.0,0.0,0.0,0.0,0.0,0.0,0.0,U,,UNK,male,1,0.0,,,0.0,
Victor Pereira,0,3,0.0,1986,1990,5,0.0,0.0,0.0,0.0,0.0,0.0,0.0,0.0,0.0,U,1963-05-22,SIN,male,3,0.0,,,0.0,
Daniele Bracciali,30,47,38.961,1995,2011,17,215.0,548.0,5976.0,3173.0,2338.0,1420.0,911.0,311.0,507.0,R,1978-01-10,ITA,male,77,715.0,78.485,61.341,6.584,9.17
Rogelio Siller,1,0,100.0,2013,2013,1,0.0,0.0,0.0,0.0,0.0,0.0,0.0,0.0,0.0,R,1995-07-11,MEX,male,1,0.0,,,0.0,
Ross Olivieri,0,1,0.0,1980,1980,1,0.0,0.0,0.0,0.0,0.0,0.0,0.0,0.0,0.0,R,,AUS,male,1,0.0,,,0.0,
Ruben Gonzales,7,5,58.333,2010,2016,7,17.0,22.0,280.0,169.0,112.0,55.0,41.0,16.0,28.0,R,1985-09-11,PHI,male,12,29.0,70.732,57.143,2.333,7.857
Jerome Golmard,134,129,50.951,1994,2004,11,952.0,1428.0,19276.0,11390.0,8112.0,3992.0,2986.0,980.0,1622.0,L,1973-09-09,FRA,male,263,2344.0,78.5,60.419,6.167,7.408
Thierry Van Den Daele,1,4,20.0,1986,1992,7,0.0,0.0,0.0,0.0,0.0,0.0,0.0,0.0,0.0,R,1966-05-27,FRA,male,5,0.0,,,0.0,
B Kronruge,0,1,0.0,1978,1978,1,0.0,0.0,0.0,0.0,0.0,0.0,0.0,0.0,0.0,R,,USA,male,1,0.0,,,0.0,
Stephane Robert,38,75,33.628,2004,2020,17,486.0,439.0,9072.0,4818.0,3329.0,1978.0,1389.0,540.0,967.0,R,1980-05-17,FRA,male,113,962.0,69.258,55.843,8.558,4.839
Christian Kuhnke,33,22,60.0,1969,1974,6,0.0,0.0,0.0,0.0,0.0,0.0,0.0,0.0,0.0,R,1939-04-13,GER,male,55,0.0,,,0.0,
Christian Kuhnke,33,22,60.0,1969,1974,6,0.0,0.0,0.0,0.0,0.0,0.0,0.0,0.0,0.0,L,1939-04-14,UNK,male,55,0.0,,,0.0,
Herb Fitzgibbon,25,20,55.556,1968,1973,6,0.0,0.0,0.0,0.0,0.0,0.0,0.0,0.0,0.0,R,1942-07-14,USA,male,45,0.0,,,0.0,
Gianni Capozza,0,1,0.0,1968,1968,1,0.0,0.0,0.0,0.0,0.0,0.0,0.0,0.0,0.0,U,,ITA,male,1,0.0,,,0.0,
Michal Mertinak,10,15,40.0,2003,2008,6,33.0,33.0,1056.0,661.0,438.0,197.0,161.0,59.0,100.0,R,1979-10-11,SVK,male,25,120.0,74.534,59.0,4.0,3.125
Patrick Kypson,0,1,0.0,2017,2017,1,3.0,4.0,101.0,60.0,33.0,19.0,14.0,5.0,11.0,U,1999-10-28,USA,male,1,8.0,57.143,45.455,11.0,3.96
Rod Flores,0,1,0.0,1971,1971,1,0.0,0.0,0.0,0.0,0.0,0.0,0.0,0.0,0.0,U,,MEX,male,1,0.0,,,0.0,
Dickson Ogu,0,1,0.0,1997,1997,1,0.0,0.0,0.0,0.0,0.0,0.0,0.0,0.0,0.0,U,1978-11-20,NGR,male,1,0.0,,,0.0,
Dimitri Poliakov,23,34,40.351,1990,1995,6,158.0,98.0,4211.0,2539.0,1608.0,775.0,624.0,303.0,514.0,R,1968-01-19,UKR,male,57,413.0,66.186,58.949,9.018,2.327
Grigor Dimitrov,329,214,60.589,2008,2021,14,1877.0,3769.0,43117.0,26821.0,19974.0,8348.0,6864.0,2043.0,3241.0,R,1991-05-16,BUL,male,543,5666.0,82.547,63.036,5.969,8.741
Alioune Toure,0,1,0.0,1987,1987,1,0.0,0.0,0.0,0.0,0.0,0.0,0.0,0.0,0.0,U,1966-06-22,SEN,male,1,0.0,,,0.0,
Chris Burr,0,1,0.0,1974,1974,1,0.0,0.0,0.0,0.0,0.0,0.0,0.0,0.0,0.0,U,,CAN,male,1,0.0,,,0.0,
Yu Zhang,4,14,22.222,1998,2001,4,1.0,2.0,65.0,33.0,19.0,13.0,11.0,4.0,10.0,R,1976-04-12,CHN,male,18,5.0,45.455,40.0,0.556,3.077
Jurgen Melzer,345,324,51.57,1999,2018,20,1790.0,3358.0,50025.0,30733.0,21421.0,9759.0,7749.0,2629.0,4374.0,L,1981-05-22,AUT,male,669,6004.0,77.481,60.105,6.538,6.713
Rameez Junaid,0,2,0.0,2006,2010,5,8.0,4.0,103.0,58.0,38.0,18.0,18.0,4.0,12.0,R,1981-05-25,AUS,male,2,10.0,55.556,33.333,6.0,3.883
Raul Antonio Viver,34,56,37.778,1979,1993,15,8.0,4.0,507.0,365.0,225.0,61.0,81.0,29.0,61.0,L,1961-03-17,ECU,male,90,49.0,60.494,47.541,0.678,0.789
Hendri Susilo Pramono,1,1,50.0,2000,2000,1,0.0,0.0,0.0,0.0,0.0,0.0,0.0,0.0,0.0,R,1979-07-05,INA,male,2,0.0,,,0.0,
Rupert Ferdinands,0,1,0.0,1969,1969,1,0.0,0.0,0.0,0.0,0.0,0.0,0.0,0.0,0.0,U,,SRI,male,1,0.0,,,0.0,
Peter Keller,0,1,0.0,1969,1969,1,0.0,0.0,0.0,0.0,0.0,0.0,0.0,0.0,0.0,,1944-10-19,AUS,male,1,0.0,,,0.0,
Peter Keller,0,1,0.0,1969,1969,1,0.0,0.0,0.0,0.0,0.0,0.0,0.0,0.0,0.0,U,,AUS,male,1,0.0,,,0.0,
Randall Verdieck,0,1,0.0,1971,1971,1,0.0,0.0,0.0,0.0,0.0,0.0,0.0,0.0,0.0,U,,USA,male,1,0.0,,,0.0,
Favel Antonio Freyre Perdomo,0,3,0.0,2004,2007,4,0.0,0.0,0.0,0.0,0.0,0.0,0.0,0.0,0.0,U,1986-02-26,CUB,male,3,0.0,,,0.0,
Herve Gauvain,3,21,12.5,1974,1980,7,0.0,0.0,0.0,0.0,0.0,0.0,0.0,0.0,0.0,R,1955-03-04,FRA,male,24,0.0,,,0.0,
Steven Harley,0,1,0.0,1979,1979,1,0.0,0.0,0.0,0.0,0.0,0.0,0.0,0.0,0.0,R,,NZL,male,1,0.0,,,0.0,
Gerald Melzer,18,34,34.615,2010,2018,9,141.0,200.0,3904.0,2507.0,1665.0,683.0,608.0,234.0,404.0,L,1990-07-13,AUT,male,52,438.0,72.039,57.921,7.769,5.123
Jens Woehrmann,14,21,40.0,1989,1991,3,11.0,15.0,337.0,193.0,125.0,68.0,52.0,16.0,33.0,R,1967-09-08,GER,male,35,35.0,67.308,48.485,0.943,4.451
Florin Mergea,3,4,42.857,2003,2016,14,21.0,11.0,340.0,221.0,149.0,49.0,52.0,15.0,31.0,R,1985-01-26,ROU,male,7,36.0,69.231,48.387,4.429,3.235
John Fraser,2,1,66.667,1968,1968,1,0.0,0.0,0.0,0.0,0.0,0.0,0.0,0.0,0.0,R,,AUS,male,3,0.0,,,0.0,
Mike Bauer,51,74,40.8,1981,1995,15,8.0,1.0,78.0,41.0,25.0,13.0,12.0,8.0,14.0,R,1959-06-29,USA,male,125,6.0,50.0,57.143,0.112,1.282
Jan Michael Gambill,195,186,51.181,1995,2007,13,1263.0,3992.0,29292.0,16377.0,12488.0,6354.0,4519.0,1475.0,2328.0,R,1977-06-03,USA,male,381,3666.0,81.124,63.359,6.11,13.628
Michel Borfiga,2,0,100.0,1983,1983,1,0.0,0.0,0.0,0.0,0.0,0.0,0.0,0.0,0.0,U,,MON,male,2,0.0,,,0.0,
John Boytim,0,4,0.0,1989,1989,1,0.0,0.0,0.0,0.0,0.0,0.0,0.0,0.0,0.0,R,1967-12-21,USA,male,4,0.0,,,0.0,
Anthony Ensor,0,1,0.0,1971,1971,1,0.0,0.0,0.0,0.0,0.0,0.0,0.0,0.0,0.0,U,,IRL,male,1,0.0,,,0.0,
Alex Zakharia,0,1,0.0,1998,1998,1,0.0,0.0,0.0,0.0,0.0,0.0,0.0,0.0,0.0,U,1978-06-12,LIB,male,1,0.0,,,0.0,
Kiyoski Tanabe,4,11,26.667,1972,1981,10,0.0,0.0,0.0,0.0,0.0,0.0,0.0,0.0,0.0,R,,JPN,male,15,0.0,,,0.0,
Andy Roddick,587,205,74.116,2000,2012,13,1518.0,8593.0,56016.0,36325.0,28763.0,11014.0,9387.0,1956.0,2896.0,R,1982-08-30,USA,male,792,8447.0,89.986,67.541,3.657,15.34
Frederick Sletting Johnsen,1,2,33.333,2007,2007,1,0.0,0.0,0.0,0.0,0.0,0.0,0.0,0.0,0.0,R,1986-09-12,NOR,male,3,0.0,,,0.0,
Johan Sandberg,0,2,0.0,1988,1988,1,0.0,0.0,0.0,0.0,0.0,0.0,0.0,0.0,0.0,R,1970-05-12,SWE,male,2,0.0,,,0.0,
Ted Scherman,1,1,50.0,1989,1989,1,0.0,0.0,0.0,0.0,0.0,0.0,0.0,0.0,0.0,R,1966-10-03,USA,male,2,0.0,,,0.0,
Ray Ruffels,161,141,53.311,1968,1980,13,0.0,0.0,0.0,0.0,0.0,0.0,0.0,0.0,0.0,R,1946-03-23,AUS,male,302,0.0,,,0.0,
Cayetano March,1,0,100.0,2019,2019,1,0.0,0.0,0.0,0.0,0.0,0.0,0.0,0.0,0.0,U,2000-07-03,ECU,male,1,0.0,,,0.0,
Martin Rmus,0,1,0.0,2006,2006,1,0.0,0.0,0.0,0.0,0.0,0.0,0.0,0.0,0.0,R,1987-03-14,SLO,male,1,0.0,,,0.0,
Khalid Hussain Fitiani,0,1,0.0,1991,1991,1,0.0,0.0,0.0,0.0,0.0,0.0,0.0,0.0,0.0,U,1954-06-02,KSA,male,1,0.0,,,0.0,
Paul Palmer,0,1,0.0,1972,1972,1,0.0,0.0,0.0,0.0,0.0,0.0,0.0,0.0,0.0,U,,USA,male,1,0.0,,,0.0,
Jacobo Chavez,6,9,40.0,1994,2002,9,0.0,0.0,0.0,0.0,0.0,0.0,0.0,0.0,0.0,R,1971-01-12,GUA,male,15,0.0,,,0.0,
Ruben Gajardo,1,3,25.0,1988,1989,2,0.0,0.0,0.0,0.0,0.0,0.0,0.0,0.0,0.0,R,1968-01-05,CHI,male,4,0.0,,,0.0,
J C Edwards,0,1,0.0,1970,1970,1,0.0,0.0,0.0,0.0,0.0,0.0,0.0,0.0,0.0,U,,GBR,male,1,0.0,,,0.0,
Genaro Deleon,9,14,39.13,1990,2001,12,0.0,0.0,0.0,0.0,0.0,0.0,0.0,0.0,0.0,U,1971-01-19,DOM,male,23,0.0,,,0.0,
Jan Botha,0,1,0.0,1971,1971,1,0.0,0.0,0.0,0.0,0.0,0.0,0.0,0.0,0.0,U,,RSA,male,1,0.0,,,0.0,
Derek Segal,0,7,0.0,1979,1985,7,0.0,0.0,0.0,0.0,0.0,0.0,0.0,0.0,0.0,R,1960-05-07,RSA,male,7,0.0,,,0.0,
J Bart,0,1,0.0,1972,1972,1,0.0,0.0,0.0,0.0,0.0,0.0,0.0,0.0,0.0,U,,HUN,male,1,0.0,,,0.0,
Jasjit Singh,17,40,29.825,1968,1977,10,0.0,0.0,0.0,0.0,0.0,0.0,0.0,0.0,0.0,R,1948-02-04,IND,male,57,0.0,,,0.0,
Shlomo Glickstein,168,127,56.949,1976,1987,12,0.0,0.0,0.0,0.0,0.0,0.0,0.0,0.0,0.0,R,1958-01-06,ISR,male,295,0.0,,,0.0,
Beejong Sisson,4,8,33.333,1980,1984,5,0.0,0.0,0.0,0.0,0.0,0.0,0.0,0.0,0.0,R,,PHI,male,12,0.0,,,0.0,
Tommy Paul,29,31,48.333,2015,2021,7,136.0,292.0,4932.0,3004.0,2078.0,999.0,775.0,251.0,430.0,R,1997-05-17,USA,male,60,596.0,76.903,58.372,7.167,5.921
James Flanagan,0,1,0.0,1972,1972,1,0.0,0.0,0.0,0.0,0.0,0.0,0.0,0.0,0.0,U,,GBR,male,1,0.0,,,0.0,
Rod Frawley,92,107,46.231,1971,1984,14,0.0,0.0,0.0,0.0,0.0,0.0,0.0,0.0,0.0,R,1952-09-08,AUS,male,199,0.0,,,0.0,
Dineshkanthan Thangarajah,3,9,25.0,2010,2015,6,0.0,0.0,0.0,0.0,0.0,0.0,0.0,0.0,0.0,U,1991-01-05,SRI,male,12,0.0,,,0.0,
Eoin Collins,2,11,15.385,1987,1997,11,0.0,0.0,0.0,0.0,0.0,0.0,0.0,0.0,0.0,L,1968-07-28,IRL,male,13,0.0,,,0.0,
Alberto Franco,0,1,0.0,1982,1982,1,0.0,0.0,0.0,0.0,0.0,0.0,0.0,0.0,0.0,R,,PER,male,1,0.0,,,0.0,
Karim Hossam,0,1,0.0,2013,2013,1,0.0,3.0,49.0,27.0,14.0,9.0,9.0,1.0,7.0,R,1994-04-08,EGY,male,1,3.0,33.333,14.286,7.0,6.122
Bill Freer,7,16,30.435,1969,1975,7,0.0,0.0,0.0,0.0,0.0,0.0,0.0,0.0,0.0,R,1951-03-09,RSA,male,23,0.0,,,0.0,
John Levin,0,1,0.0,1970,1970,1,0.0,0.0,0.0,0.0,0.0,0.0,0.0,0.0,0.0,U,,USA,male,1,0.0,,,0.0,
Juan Gisbert Jr,5,12,29.412,1991,1994,4,59.0,75.0,1099.0,706.0,475.0,173.0,164.0,69.0,118.0,R,1974-04-13,ESP,male,17,115.0,70.122,58.475,6.941,6.824
Paolo Cane,119,109,52.193,1983,1995,13,101.0,237.0,3741.0,1875.0,1309.0,905.0,568.0,223.0,381.0,R,1965-04-09,ITA,male,228,410.0,72.183,58.53,1.671,6.335
Rick Rozen,1,1,50.0,1980,1980,1,0.0,0.0,0.0,0.0,0.0,0.0,0.0,0.0,0.0,R,,USA,male,2,0.0,,,0.0,
Andrea Pellegrino,1,1,50.0,2020,2020,1,4.0,1.0,120.0,84.0,49.0,14.0,19.0,5.0,13.0,R,1997-03-23,ITA,male,2,11.0,57.895,38.462,6.5,0.833
Christian Collange,0,1,0.0,1991,1991,1,0.0,0.0,0.0,0.0,0.0,0.0,0.0,0.0,0.0,U,1967-06-08,MON,male,1,0.0,,,0.0,
Abdul Rahman Ramlal,0,1,0.0,1983,1983,1,0.0,0.0,0.0,0.0,0.0,0.0,0.0,0.0,0.0,U,,MAS,male,1,0.0,,,0.0,
Mikhail Kukushkin,165,209,44.118,2008,2021,14,553.0,1149.0,28591.0,17395.0,11562.0,5747.0,4320.0,1695.0,2812.0,R,1987-12-26,KAZ,male,374,3203.0,74.144,60.277,7.519,4.019
Boro Jovanovic,45,61,42.453,1968,1975,8,0.0,0.0,0.0,0.0,0.0,0.0,0.0,0.0,0.0,R,1939-10-21,CRO,male,106,0.0,,,0.0,
Konstantin Don Gruber,1,1,50.0,2003,2004,2,1.0,5.0,51.0,38.0,21.0,5.0,8.0,6.0,10.0,R,1979-10-27,AUT,male,2,4.0,50.0,60.0,5.0,9.804
Patrick Galbraith,0,2,0.0,1989,1990,2,0.0,0.0,0.0,0.0,0.0,0.0,0.0,0.0,0.0,L,1967-04-16,USA,male,2,0.0,,,0.0,
Michael Kohlmann,23,44,34.328,1998,2007,10,210.0,345.0,5091.0,3053.0,2119.0,932.0,768.0,261.0,471.0,R,1974-01-11,GER,male,67,558.0,72.656,55.414,7.03,6.777
Christophe Tholl,0,3,0.0,2014,2018,5,4.0,5.0,103.0,60.0,33.0,19.0,16.0,8.0,15.0,,1994-12-19,LUX,male,3,9.0,56.25,53.333,5.0,4.854
Aditya Hari Sasongko,2,6,25.0,2008,2016,9,15.0,11.0,215.0,151.0,90.0,24.0,35.0,11.0,27.0,U,1988-07-04,INA,male,8,19.0,54.286,40.741,3.375,5.116
Carlos Gomez,1,5,16.667,1977,1985,9,0.0,0.0,0.0,0.0,0.0,0.0,0.0,0.0,0.0,R,,COL,male,6,0.0,,,0.0,
Gilbert Schaller,113,126,47.28,1986,1998,13,229.0,265.0,16920.0,12858.0,7808.0,1967.0,2576.0,1034.0,1867.0,R,1969-03-17,AUT,male,239,1743.0,67.663,55.383,7.812,1.566
Serguei Tarasevitch,0,1,0.0,2006,2006,1,0.0,0.0,0.0,0.0,0.0,0.0,0.0,0.0,0.0,R,1987-09-21,BLR,male,1,0.0,,,0.0,
G Nel,0,1,0.0,1969,1969,1,0.0,0.0,0.0,0.0,0.0,0.0,0.0,0.0,0.0,U,,RSA,male,1,0.0,,,0.0,
U Savoldelli,0,1,0.0,1971,1971,1,0.0,0.0,0.0,0.0,0.0,0.0,0.0,0.0,0.0,U,,UNK,male,1,0.0,,,0.0,
George Bastl,44,81,35.2,1998,2009,12,360.0,604.0,8906.0,5760.0,3839.0,1473.0,1360.0,535.0,923.0,R,1975-04-01,SUI,male,125,972.0,71.471,57.963,7.384,6.782
Shibu Lal,0,2,0.0,1992,1992,1,0.0,0.0,0.0,0.0,0.0,0.0,0.0,0.0,0.0,U,1973-04-28,BAN,male,2,0.0,,,0.0,
Christian Garin,60,52,53.571,2012,2021,10,336.0,475.0,8377.0,5069.0,3549.0,1639.0,1301.0,460.0,776.0,R,1996-05-30,CHI,male,112,985.0,75.711,59.278,6.929,5.67
Geoff Pollard,2,4,33.333,1968,1973,6,0.0,0.0,0.0,0.0,0.0,0.0,0.0,0.0,0.0,R,1934-01-18,AUS,male,6,0.0,,,0.0,
Jim Delaney,61,105,36.747,1972,1982,11,0.0,0.0,0.0,0.0,0.0,0.0,0.0,0.0,0.0,R,1953-03-12,USA,male,166,0.0,,,0.0,
Armand Molino,2,2,50.0,1983,1983,1,0.0,0.0,0.0,0.0,0.0,0.0,0.0,0.0,0.0,R,,USA,male,4,0.0,,,0.0,
G R D Porteus,0,1,0.0,1970,1970,1,0.0,0.0,0.0,0.0,0.0,0.0,0.0,0.0,0.0,U,,GBR,male,1,0.0,,,0.0,
G Jones,0,2,0.0,2005,2008,4,8.0,2.0,94.0,62.0,30.0,13.0,16.0,5.0,15.0,R,1986-04-01,NZL,male,2,6.0,37.5,33.333,7.5,2.128
G Jones,0,2,0.0,2005,2008,4,8.0,2.0,94.0,62.0,30.0,13.0,16.0,5.0,15.0,U,,USA,male,2,6.0,37.5,33.333,7.5,2.128
Pancho Segura,6,10,37.5,1968,1974,7,0.0,0.0,0.0,0.0,0.0,0.0,0.0,0.0,0.0,R,1921-06-20,ECU,male,16,0.0,,,0.0,
Pancho Segura,6,10,37.5,1968,1974,7,0.0,0.0,0.0,0.0,0.0,0.0,0.0,0.0,0.0,R,1921-06-26,ECU,male,16,0.0,,,0.0,
Pascal Portes,79,98,44.633,1977,1985,9,0.0,0.0,0.0,0.0,0.0,0.0,0.0,0.0,0.0,R,1959-05-28,FRA,male,177,0.0,,,0.0,
Pierce Kelly,1,1,50.0,1968,1968,1,0.0,0.0,0.0,0.0,0.0,0.0,0.0,0.0,0.0,R,1947-07-14,USA,male,2,0.0,,,0.0,
Andrei Karatchenia,3,3,50.0,2004,2009,6,0.0,0.0,0.0,0.0,0.0,0.0,0.0,0.0,0.0,R,1989-01-02,BLR,male,6,0.0,,,0.0,
Roman Borvanov,0,2,0.0,2011,2012,2,5.0,7.0,65.0,40.0,30.0,9.0,11.0,4.0,7.0,R,1982-03-31,MDA,male,2,8.0,72.727,57.143,3.5,10.769
Jay Gooding,0,1,0.0,2003,2003,1,0.0,2.0,50.0,30.0,15.0,10.0,8.0,3.0,7.0,R,1976-05-13,AUS,male,1,4.0,50.0,42.857,7.0,4.0
Jurek Stasiak,2,2,50.0,1998,1998,1,7.0,6.0,175.0,112.0,68.0,23.0,25.0,13.0,23.0,R,1978-04-23,AUS,male,4,15.0,60.0,56.522,5.75,3.429
Keith Richardson,17,35,32.692,1976,1979,4,0.0,0.0,0.0,0.0,0.0,0.0,0.0,0.0,0.0,R,1953-08-18,USA,male,52,0.0,,,0.0,
Davor Stolcer,0,1,0.0,1969,1969,1,0.0,0.0,0.0,0.0,0.0,0.0,0.0,0.0,0.0,R,,YUG,male,1,0.0,,,0.0,
J Kirs,0,1,0.0,1976,1976,1,0.0,0.0,0.0,0.0,0.0,0.0,0.0,0.0,0.0,R,,SWE,male,1,0.0,,,0.0,
Ramkumar Ramanathan,19,28,40.426,2013,2021,9,203.0,392.0,3789.0,2205.0,1614.0,784.0,584.0,180.0,296.0,R,1994-11-08,IND,male,47,468.0,80.137,60.811,6.298,10.346
Robert Smeets,1,8,11.111,2005,2008,4,47.0,67.0,798.0,421.0,297.0,169.0,118.0,60.0,95.0,L,1985-11-10,AUS,male,9,83.0,70.339,63.158,10.556,8.396
Russell Moseley,0,1,0.0,2015,2015,1,0.0,0.0,0.0,0.0,0.0,0.0,0.0,0.0,0.0,U,1985-07-28,BAR,male,1,0.0,,,0.0,
Frank Condor,0,1,0.0,2005,2005,1,2.0,0.0,45.0,29.0,14.0,3.0,7.0,2.0,7.0,U,1984-01-10,ESP,male,1,2.0,28.571,28.571,7.0,0.0
Frederico Ferreira Silva,3,8,27.273,2014,2021,8,22.0,20.0,553.0,340.0,219.0,101.0,87.0,28.0,56.0,L,1995-03-18,POR,male,11,59.0,67.816,50.0,5.091,3.617
Larry Davidson,0,2,0.0,1980,1980,1,0.0,0.0,0.0,0.0,0.0,0.0,0.0,0.0,0.0,R,1955-08-21,USA,male,2,0.0,,,0.0,
Alex Geuer,0,1,0.0,1968,1968,1,0.0,0.0,0.0,0.0,0.0,0.0,0.0,0.0,0.0,U,,GER,male,1,0.0,,,0.0,
Massimo Ardinghi,1,4,20.0,1991,1994,4,9.0,2.0,235.0,134.0,75.0,46.0,37.0,14.0,32.0,R,1971-03-06,ITA,male,5,19.0,51.351,43.75,6.4,0.851
Rauty Krog,12,23,34.286,1968,1975,8,0.0,0.0,0.0,0.0,0.0,0.0,0.0,0.0,0.0,R,,RSA,male,35,0.0,,,0.0,
Rauty Krog,12,23,34.286,1968,1975,8,0.0,0.0,0.0,0.0,0.0,0.0,0.0,0.0,0.0,U,1945-02-09,RSA,male,35,0.0,,,0.0,
Graziano Risi,0,1,0.0,1979,1979,1,0.0,0.0,0.0,0.0,0.0,0.0,0.0,0.0,0.0,R,,ITA,male,1,0.0,,,0.0,
John Gavan Fraser,1,1,50.0,1971,1971,1,0.0,0.0,0.0,0.0,0.0,0.0,0.0,0.0,0.0,,1935-08-01,AUS,male,2,0.0,,,0.0,
Ernesto Escobedo,15,29,34.091,2016,2020,5,145.0,344.0,3788.0,2092.0,1521.0,923.0,592.0,196.0,313.0,R,1996-07-04,USA,male,44,475.0,80.236,62.62,7.114,9.081
Tobias Clemens,2,1,66.667,2006,2006,1,17.0,25.0,291.0,159.0,115.0,70.0,42.0,10.0,18.0,R,1979-08-14,GER,male,3,34.0,80.952,55.556,6.0,8.591
Abdullah Al Khalil,0,1,0.0,1989,1989,1,0.0,0.0,0.0,0.0,0.0,0.0,0.0,0.0,0.0,U,1951-02-16,JOR,male,1,0.0,,,0.0,
Tomas Lynch,2,6,25.0,1968,1975,8,0.0,0.0,0.0,0.0,0.0,0.0,0.0,0.0,0.0,U,1949-12-24,ARG,male,8,0.0,,,0.0,
Abdul Khalek Nadini,1,6,14.286,1984,1989,6,0.0,0.0,0.0,0.0,0.0,0.0,0.0,0.0,0.0,R,1961-09-14,MAR,male,7,0.0,,,0.0,
Paul Logtens,0,2,0.0,2003,2005,3,11.0,6.0,154.0,97.0,65.0,23.0,24.0,7.0,15.0,R,1979-11-07,NED,male,2,16.0,66.667,46.667,7.5,3.896
Dmitriy Makeyev,2,8,20.0,2002,2007,6,0.0,0.0,0.0,0.0,0.0,0.0,0.0,0.0,0.0,U,1984-12-13,KAZ,male,10,0.0,,,0.0,
Eyad Shahadeh,0,1,0.0,1989,1989,1,0.0,0.0,0.0,0.0,0.0,0.0,0.0,0.0,0.0,U,1965-04-06,JOR,male,1,0.0,,,0.0,
Chang Rung Wu,14,13,51.852,1979,1989,11,0.0,0.0,0.0,0.0,0.0,0.0,0.0,0.0,0.0,R,1957-07-05,TPE,male,27,0.0,,,0.0,
James Rombeau,0,3,0.0,1969,1971,3,0.0,0.0,0.0,0.0,0.0,0.0,0.0,0.0,0.0,,1948-12-02,USA,male,3,0.0,,,0.0,
Daniel Vacek,129,172,42.857,1990,2002,13,1385.0,1844.0,23912.0,13924.0,10121.0,4784.0,3606.0,1233.0,2073.0,R,1971-04-01,CZE,male,301,2766.0,76.705,59.479,6.887,7.712
Cem Ilkel,4,21,16.0,2015,2020,6,51.0,76.0,1530.0,909.0,586.0,289.0,230.0,75.0,150.0,R,1995-08-21,TUR,male,25,155.0,67.391,50.0,6.0,4.967
Brian Page,2,3,40.0,1987,1990,4,0.0,0.0,0.0,0.0,0.0,0.0,0.0,0.0,0.0,R,1966-05-08,USA,male,5,0.0,,,0.0,
Takesji Tsujimoto,0,1,0.0,1968,1968,1,0.0,0.0,0.0,0.0,0.0,0.0,0.0,0.0,0.0,R,,JPN,male,1,0.0,,,0.0,
Kamil Majchrzak,9,19,32.143,2015,2021,7,90.0,134.0,2160.0,1291.0,910.0,428.0,341.0,114.0,200.0,R,1996-01-13,POL,male,28,255.0,74.78,57.0,7.143,6.204
Teodoro Gurrea,0,1,0.0,1971,1971,1,0.0,0.0,0.0,0.0,0.0,0.0,0.0,0.0,0.0,U,,ESP,male,1,0.0,,,0.0,
Gregory Carraz,30,48,38.462,1996,2006,11,504.0,786.0,6415.0,3796.0,2850.0,1222.0,983.0,320.0,523.0,R,1975-04-09,FRA,male,78,780.0,79.349,61.185,6.705,12.253
Chris Brandi,2,1,66.667,2011,2011,1,0.0,0.0,0.0,0.0,0.0,0.0,0.0,0.0,0.0,U,1982-11-06,PUR,male,3,0.0,,,0.0,
Goran Tosic,1,3,25.0,2009,2009,1,0.0,0.0,0.0,0.0,0.0,0.0,0.0,0.0,0.0,R,1982-10-07,MNE,male,4,0.0,,,0.0,
Bruno Echagaray,4,7,36.364,2001,2009,9,8.0,6.0,253.0,164.0,90.0,36.0,39.0,17.0,37.0,R,1983-05-08,MEX,male,11,19.0,48.718,45.946,3.364,2.372
Brandon Coupe,0,1,0.0,1994,1994,1,2.0,4.0,65.0,43.0,26.0,10.0,9.0,4.0,7.0,R,1972-04-11,USA,male,1,6.0,66.667,57.143,7.0,6.154
Van Thanh Vo,1,4,20.0,1973,1974,2,0.0,0.0,0.0,0.0,0.0,0.0,0.0,0.0,0.0,U,,VIE,male,5,0.0,,,0.0,
Rohan Bopanna,15,33,31.25,2002,2016,15,79.0,237.0,1582.0,877.0,697.0,353.0,253.0,85.0,128.0,R,1980-03-04,IND,male,48,210.0,83.004,66.406,2.667,14.981
Terry Hassell,0,1,0.0,1972,1972,1,0.0,0.0,0.0,0.0,0.0,0.0,0.0,0.0,0.0,U,,UNK,male,1,0.0,,,0.0,
Greg Braun,0,12,0.0,1971,1979,9,0.0,0.0,0.0,0.0,0.0,0.0,0.0,0.0,0.0,R,,AUS,male,12,0.0,,,0.0,
Radek Stepanek,359,285,55.745,1999,2017,19,1904.0,3789.0,48756.0,30158.0,21848.0,9435.0,7655.0,2413.0,3912.0,R,1978-11-27,CZE,male,644,6156.0,80.418,61.682,6.075,7.771
Jose Luis Noriega,1,9,10.0,1991,1994,4,11.0,13.0,177.0,110.0,79.0,28.0,27.0,4.0,12.0,R,1969-09-14,PER,male,10,19.0,70.37,33.333,1.2,7.345
Andreas Haider Maurer,45,79,36.29,2006,2018,13,583.0,814.0,9501.0,5299.0,3809.0,1956.0,1437.0,552.0,914.0,R,1987-03-22,AUT,male,124,1075.0,74.809,60.394,7.371,8.568
Kevin Sorensen,2,3,40.0,2004,2006,3,0.0,0.0,0.0,0.0,0.0,0.0,0.0,0.0,0.0,R,1981-05-10,IRL,male,5,0.0,,,0.0,
Soren Hess Olesen,1,2,33.333,2017,2018,2,11.0,6.0,265.0,156.0,93.0,51.0,34.0,29.0,41.0,U,1991-01-09,DEN,male,3,22.0,64.706,70.732,13.667,2.264
Asiri Iddamalgoda,2,1,66.667,1999,1999,1,0.0,0.0,0.0,0.0,0.0,0.0,0.0,0.0,0.0,U,1973-06-17,SRI,male,3,0.0,,,0.0,
Mohamed Redha Ouahab,0,1,0.0,2007,2007,1,0.0,0.0,0.0,0.0,0.0,0.0,0.0,0.0,0.0,U,1981-09-02,ALG,male,1,0.0,,,0.0,
Damir Dzumhur,116,127,47.737,2010,2021,12,641.0,581.0,17847.0,11453.0,7451.0,3164.0,2765.0,1041.0,1851.0,R,1992-05-20,BIH,male,243,1955.0,70.705,56.24,7.617,3.255
Po Tau,0,1,0.0,1973,1973,1,0.0,0.0,0.0,0.0,0.0,0.0,0.0,0.0,0.0,U,,UNK,male,1,0.0,,,0.0,
Ricardo Cano,149,152,49.502,1970,1983,14,0.0,0.0,0.0,0.0,0.0,0.0,0.0,0.0,0.0,R,1951-02-26,ARG,male,301,0.0,,,0.0,
Roberto Maytin,0,1,0.0,2007,2007,1,0.0,0.0,0.0,0.0,0.0,0.0,0.0,0.0,0.0,R,1989-01-02,VEN,male,1,0.0,,,0.0,
Efe Ustundag,2,4,33.333,1999,2001,3,0.0,0.0,0.0,0.0,0.0,0.0,0.0,0.0,0.0,R,1977-01-15,TUR,male,6,0.0,,,0.0,
P Corne,0,1,0.0,1970,1970,1,0.0,0.0,0.0,0.0,0.0,0.0,0.0,0.0,0.0,U,,GBR,male,1,0.0,,,0.0,
Peter Lindgren,1,14,6.667,1985,1988,4,0.0,0.0,0.0,0.0,0.0,0.0,0.0,0.0,0.0,R,1964-06-01,SWE,male,15,0.0,,,0.0,
Alexei Popyrin,23,30,43.396,2018,2021,4,220.0,491.0,4726.0,2878.0,2121.0,958.0,721.0,244.0,378.0,R,1999-08-05,AUS,male,53,587.0,81.415,64.55,7.132,10.389
Mark Edmondson,225,202,52.693,1972,1987,16,0.0,0.0,0.0,0.0,0.0,0.0,0.0,0.0,0.0,R,1954-06-24,AUS,male,427,0.0,,,0.0,
Mark Edmondson,225,202,52.693,1972,1987,16,0.0,0.0,0.0,0.0,0.0,0.0,0.0,0.0,0.0,R,1954-06-28,AUS,male,427,0.0,,,0.0,
John Stephens,2,5,28.571,1971,1974,4,0.0,0.0,0.0,0.0,0.0,0.0,0.0,0.0,0.0,R,,AUS,male,7,0.0,,,0.0,
Jirat Navasirisomboon,3,3,50.0,2017,2020,4,17.0,10.0,384.0,266.0,166.0,56.0,62.0,12.0,32.0,R,1996-11-17,THA,male,6,42.0,67.742,37.5,5.333,2.604
Carlos Martin Navarro Vergara,0,4,0.0,1995,1995,1,0.0,0.0,0.0,0.0,0.0,0.0,0.0,0.0,0.0,U,1976-12-09,BOL,male,4,0.0,,,0.0,
Junie Chatman,2,5,28.571,1978,1982,5,0.0,0.0,0.0,0.0,0.0,0.0,0.0,0.0,0.0,R,1956-03-29,USA,male,7,0.0,,,0.0,
Chase Buchanan,0,2,0.0,2009,2014,6,6.0,10.0,192.0,127.0,80.0,25.0,28.0,11.0,23.0,R,1991-06-04,USA,male,2,16.0,57.143,47.826,11.5,5.208
Boris Breskvar,0,1,0.0,1970,1970,1,0.0,0.0,0.0,0.0,0.0,0.0,0.0,0.0,0.0,U,,SLO,male,1,0.0,,,0.0,
Scott Shannon,0,1,0.0,1977,1977,1,0.0,0.0,0.0,0.0,0.0,0.0,0.0,0.0,0.0,U,,USA,male,1,0.0,,,0.0,
Laurence Tieleman,40,58,40.816,1993,2000,8,502.0,707.0,7419.0,3908.0,2935.0,1707.0,1126.0,389.0,639.0,R,1972-11-14,ITA,male,98,876.0,77.798,60.876,6.52,9.53
Roko Karanusic,14,41,25.455,2003,2009,7,78.0,198.0,3814.0,2332.0,1573.0,744.0,606.0,224.0,392.0,R,1982-09-05,CRO,male,55,438.0,72.277,57.143,7.127,5.191
Simon Youl,86,128,40.187,1982,1994,13,219.0,264.0,5433.0,3260.0,2293.0,1051.0,831.0,291.0,500.0,R,1965-07-01,AUS,male,214,622.0,74.85,58.2,2.336,4.859
Malcolm Allen,1,5,16.667,1989,1989,1,0.0,0.0,0.0,0.0,0.0,0.0,0.0,0.0,0.0,R,1967-07-13,USA,male,6,0.0,,,0.0,
Todd Nelson,34,70,32.692,1983,1993,11,60.0,57.0,1014.0,582.0,419.0,191.0,150.0,50.0,87.0,R,1961-03-18,USA,male,104,113.0,75.333,57.471,0.837,5.621
Mulari Dharan,1,2,33.333,1990,1990,1,0.0,0.0,0.0,0.0,0.0,0.0,0.0,0.0,0.0,U,1964-06-28,MAS,male,3,0.0,,,0.0,
Tommi Lenho,2,0,100.0,1995,1997,3,0.0,0.0,0.0,0.0,0.0,0.0,0.0,0.0,0.0,R,1975-09-17,FIN,male,2,0.0,,,0.0,
Thomas Sorensen,0,1,0.0,1989,1989,1,0.0,0.0,0.0,0.0,0.0,0.0,0.0,0.0,0.0,U,1969-09-10,DEN,male,1,0.0,,,0.0,
Alex Clayton,0,1,0.0,2005,2005,1,3.0,11.0,77.0,36.0,27.0,22.0,11.0,4.0,6.0,R,1987-11-23,USA,male,1,9.0,81.818,66.667,6.0,14.286
Donald Young,126,189,40.0,2005,2021,17,1205.0,1012.0,24361.0,14568.0,9801.0,4795.0,3759.0,1432.0,2479.0,L,1989-07-23,USA,male,315,2712.0,72.147,57.765,7.87,4.154
Yang Tat Lim,1,7,12.5,1992,1997,6,0.0,0.0,0.0,0.0,0.0,0.0,0.0,0.0,0.0,U,1975-05-01,SIN,male,8,0.0,,,0.0,
Alessandro Bega,0,1,0.0,2017,2017,1,3.0,4.0,70.0,47.0,33.0,9.0,12.0,1.0,5.0,R,1991-01-11,ITA,male,1,8.0,66.667,20.0,5.0,5.714
Maximilian Abel,2,7,22.222,2002,2004,3,35.0,36.0,673.0,408.0,270.0,129.0,100.0,43.0,71.0,R,1982-02-28,GER,male,9,72.0,72.0,60.563,7.889,5.349
Howard Broun,0,1,0.0,1969,1969,1,0.0,0.0,0.0,0.0,0.0,0.0,0.0,0.0,0.0,U,,NZL,male,1,0.0,,,0.0,
James Pressly,0,1,0.0,1968,1968,1,0.0,0.0,0.0,0.0,0.0,0.0,0.0,0.0,0.0,R,1947-08-23,USA,male,1,0.0,,,0.0,
Denis Istomin,228,260,46.721,2005,2020,16,801.0,2921.0,35574.0,23216.0,16491.0,6301.0,5583.0,1837.0,2981.0,R,1986-09-07,UZB,male,488,4439.0,79.509,61.624,6.109,8.211
Elvis Henry,0,1,0.0,2006,2006,1,0.0,0.0,0.0,0.0,0.0,0.0,0.0,0.0,0.0,U,1976-03-06,JAM,male,1,0.0,,,0.0,
Diego Galeano,8,4,66.667,2009,2012,4,0.0,0.0,0.0,0.0,0.0,0.0,0.0,0.0,0.0,R,1992-02-01,PAR,male,12,0.0,,,0.0,
Pedja Krstin,2,3,40.0,2014,2019,6,14.0,19.0,281.0,179.0,123.0,48.0,48.0,9.0,23.0,R,1994-09-03,SRB,male,5,34.0,70.833,39.13,4.6,6.762
J May,0,1,0.0,1968,1968,1,0.0,0.0,0.0,0.0,0.0,0.0,0.0,0.0,0.0,R,,AUS,male,1,0.0,,,0.0,
Nils Langer,1,2,33.333,2013,2013,1,11.0,4.0,202.0,130.0,94.0,36.0,34.0,3.0,11.0,R,1990-01-25,GER,male,3,26.0,76.471,27.273,3.667,1.98
Viktor Durasovic,2,9,18.182,2014,2020,7,27.0,33.0,593.0,354.0,232.0,99.0,94.0,36.0,73.0,U,1997-03-19,NOR,male,11,57.0,60.638,49.315,6.636,5.565
Andrej Kracman,8,4,66.667,1998,2004,7,0.0,0.0,0.0,0.0,0.0,0.0,0.0,0.0,0.0,R,1982-08-22,SLO,male,12,0.0,,,0.0,
Denis Ivancovas,0,2,0.0,1995,1995,1,0.0,0.0,0.0,0.0,0.0,0.0,0.0,0.0,0.0,U,1979-01-24,LTU,male,2,0.0,,,0.0,
Joao Zwetsch,0,1,0.0,1990,1990,1,0.0,0.0,0.0,0.0,0.0,0.0,0.0,0.0,0.0,R,1968-09-12,BRA,male,1,0.0,,,0.0,
David Parker,0,1,0.0,1980,1980,1,0.0,0.0,0.0,0.0,0.0,0.0,0.0,0.0,0.0,R,1954-06-07,USA,male,1,0.0,,,0.0,
Andrei Stoliarov,35,52,40.23,1997,2003,7,341.0,422.0,6734.0,3200.0,2219.0,1697.0,1002.0,392.0,695.0,R,1977-01-09,RUS,male,87,699.0,69.76,56.403,7.989,6.267
Andrei Chesnokov,305,209,59.339,1983,1998,16,673.0,636.0,19870.0,11681.0,7498.0,3966.0,2951.0,1231.0,2168.0,R,1966-02-02,RUS,male,514,2014.0,68.248,56.78,4.218,3.201
Boy Westerhof,0,1,0.0,2013,2013,1,2.0,1.0,52.0,25.0,14.0,8.0,8.0,4.0,9.0,R,1985-10-24,NED,male,1,3.0,37.5,44.444,9.0,1.923
Marcin Gawron,1,1,50.0,2011,2011,1,0.0,0.0,0.0,0.0,0.0,0.0,0.0,0.0,0.0,U,1988-05-25,POL,male,2,0.0,,,0.0,
Igor Tihonenko,1,1,50.0,1978,1978,1,0.0,0.0,0.0,0.0,0.0,0.0,0.0,0.0,0.0,U,,URS,male,2,0.0,,,0.0,
Gary Cruth,0,1,0.0,1972,1972,1,0.0,0.0,0.0,0.0,0.0,0.0,0.0,0.0,0.0,,,AUS,male,1,0.0,,,0.0,
Gary Cruth,0,1,0.0,1972,1972,1,0.0,0.0,0.0,0.0,0.0,0.0,0.0,0.0,0.0,U,,AUS,male,1,0.0,,,0.0,
Daniel Smethurst,0,1,0.0,2014,2014,1,6.0,4.0,97.0,58.0,43.0,20.0,15.0,5.0,8.0,U,1990-10-13,GBR,male,1,12.0,80.0,62.5,8.0,4.124
Brett Custer,1,5,16.667,1986,1989,4,0.0,0.0,0.0,0.0,0.0,0.0,0.0,0.0,0.0,R,1968-04-01,AUS,male,6,0.0,,,0.0,
Marcos Baghdatis,337,272,55.337,2004,2019,16,1925.0,4232.0,46690.0,24744.0,18500.0,11316.0,7337.0,2238.0,3718.0,R,1985-06-17,CYP,male,609,5857.0,79.828,60.194,6.105,9.064
Hyung Taik Lee,151,159,48.71,1995,2009,15,562.0,900.0,21213.0,13374.0,9090.0,4086.0,3329.0,1120.0,1926.0,R,1976-01-03,KOR,male,310,2523.0,75.789,58.152,6.213,4.243
Paul Sullivan,1,8,11.111,1968,1974,7,0.0,0.0,0.0,0.0,0.0,0.0,0.0,0.0,0.0,R,,USA,male,9,0.0,,,0.0,
Paul Sullivan,1,8,11.111,1968,1974,7,0.0,0.0,0.0,0.0,0.0,0.0,0.0,0.0,0.0,,1941-04-17,USA,male,9,0.0,,,0.0,
Paul Sullivan,1,8,11.111,1968,1974,7,0.0,0.0,0.0,0.0,0.0,0.0,0.0,0.0,0.0,R,,USA,male,9,0.0,,,0.0,
Diego Ayala,0,1,0.0,2003,2003,1,3.0,9.0,62.0,29.0,24.0,14.0,10.0,1.0,3.0,R,1979-04-29,USA,male,1,8.0,80.0,33.333,3.0,14.516
Kenzo Ukon U004,0,1,0.0,1985,1985,1,0.0,0.0,0.0,0.0,0.0,0.0,0.0,0.0,0.0,R,,JPN,male,1,0.0,,,0.0,
Unknown Stern,0,1,0.0,1970,1970,1,0.0,0.0,0.0,0.0,0.0,0.0,0.0,0.0,0.0,U,,,male,1,0.0,,,0.0,
Corrado Aprili,4,16,20.0,1985,1988,4,0.0,0.0,0.0,0.0,0.0,0.0,0.0,0.0,0.0,R,1964-11-13,ITA,male,20,0.0,,,0.0,
Karel Novacek,253,188,57.37,1984,1996,13,549.0,1412.0,19421.0,11064.0,8081.0,4202.0,2954.0,1032.0,1653.0,R,1965-03-30,CZE,male,441,2333.0,78.978,62.432,3.748,7.27
P Scott,1,1,50.0,1970,1970,1,0.0,0.0,0.0,0.0,0.0,0.0,0.0,0.0,0.0,U,,GBR,male,2,0.0,,,0.0,
Ola Jonsson J092,0,1,0.0,1990,1990,1,0.0,0.0,0.0,0.0,0.0,0.0,0.0,0.0,0.0,R,1966-11-03,SWE,male,1,0.0,,,0.0,
Jiri Medonos,0,1,0.0,1970,1970,1,0.0,0.0,0.0,0.0,0.0,0.0,0.0,0.0,0.0,U,,CZE,male,1,0.0,,,0.0,
Dede Suhendar Dinata,0,2,0.0,1992,1992,1,0.0,0.0,0.0,0.0,0.0,0.0,0.0,0.0,0.0,R,1969-12-14,INA,male,2,0.0,,,0.0,
Kyrian Nwokedi,0,2,0.0,1991,1991,1,0.0,0.0,0.0,0.0,0.0,0.0,0.0,0.0,0.0,R,,NGR,male,2,0.0,,,0.0,
Nick Kyrgios,166,94,63.846,2013,2021,9,892.0,3842.0,21374.0,14005.0,10856.0,3900.0,3448.0,792.0,1199.0,R,1995-04-27,AUS,male,260,3041.0,88.196,66.055,4.612,17.975
R Beaver,0,1,0.0,1974,1974,1,0.0,0.0,0.0,0.0,0.0,0.0,0.0,0.0,0.0,U,,USA,male,1,0.0,,,0.0,
James Smith,0,2,0.0,1972,1975,4,0.0,0.0,0.0,0.0,0.0,0.0,0.0,0.0,0.0,R,,GBR,male,2,0.0,,,0.0,
Vasilis Mazarakis,6,10,37.5,2000,2006,7,11.0,3.0,264.0,154.0,88.0,44.0,46.0,14.0,37.0,R,1980-02-09,GRE,male,16,23.0,50.0,37.838,2.312,1.136
Thomas Messmer,0,1,0.0,1998,1998,1,9.0,1.0,68.0,35.0,19.0,15.0,7.0,13.0,17.0,R,1979-11-25,GER,male,1,3.0,42.857,76.471,17.0,1.471
Jeff Simpson,33,66,33.333,1969,1983,15,0.0,0.0,0.0,0.0,0.0,0.0,0.0,0.0,0.0,R,1950-10-29,NZL,male,99,0.0,,,0.0,
Eddie Knol,0,2,0.0,1969,1970,2,0.0,0.0,0.0,0.0,0.0,0.0,0.0,0.0,0.0,U,,UNK,male,2,0.0,,,0.0,
Marco Cecchinato,50,87,36.496,2013,2021,9,345.0,610.0,10980.0,7253.0,4948.0,1813.0,1680.0,532.0,950.0,R,1992-09-30,ITA,male,137,1262.0,75.119,56.0,6.934,5.556
Todd Lundy,0,3,0.0,1981,1981,1,0.0,0.0,0.0,0.0,0.0,0.0,0.0,0.0,0.0,R,1956-02-17,USA,male,3,0.0,,,0.0,
Lovro Zovko,4,13,23.529,1998,2012,15,42.0,96.0,873.0,487.0,343.0,163.0,129.0,72.0,110.0,R,1981-03-18,CRO,male,17,91.0,70.543,65.455,6.471,10.997
Jan Kallquist,0,11,0.0,1974,1982,9,0.0,0.0,0.0,0.0,0.0,0.0,0.0,0.0,0.0,R,1958-05-31,SWE,male,11,0.0,,,0.0,
Carsten Ball,11,15,42.308,2008,2011,4,102.0,236.0,1893.0,1122.0,816.0,387.0,296.0,117.0,177.0,L,1987-06-20,AUS,male,26,236.0,79.73,66.102,6.808,12.467
M Borgener,1,1,50.0,1977,1977,1,0.0,0.0,0.0,0.0,0.0,0.0,0.0,0.0,0.0,U,,SUI,male,2,0.0,,,0.0,
Pedro Leao,0,1,0.0,1999,1999,1,0.0,1.0,46.0,31.0,12.0,7.0,7.0,3.0,8.0,R,1982-05-11,POR,male,1,2.0,28.571,37.5,8.0,2.174
Harald Elschenbroich,93,92,50.27,1968,1979,12,0.0,0.0,0.0,0.0,0.0,0.0,0.0,0.0,0.0,R,1941-06-19,GER,male,185,0.0,,,0.0,
Klaus Eberhard,53,70,43.089,1976,1985,10,0.0,0.0,0.0,0.0,0.0,0.0,0.0,0.0,0.0,R,1957-09-15,GER,male,123,0.0,,,0.0,
Michael Daniel,0,3,0.0,1988,1990,3,0.0,0.0,0.0,0.0,0.0,0.0,0.0,0.0,0.0,R,1965-11-21,ISR,male,3,0.0,,,0.0,
Ergun Zorlu,0,2,0.0,2010,2010,1,0.0,0.0,0.0,0.0,0.0,0.0,0.0,0.0,0.0,R,1985-03-02,TUR,male,2,0.0,,,0.0,
Freddie De Jesus,2,8,20.0,1970,1981,12,0.0,0.0,0.0,0.0,0.0,0.0,0.0,0.0,0.0,R,1954-10-30,PUR,male,10,0.0,,,0.0,
Michael Russell,77,150,33.921,1998,2015,18,752.0,582.0,17712.0,11661.0,7542.0,2929.0,2727.0,943.0,1762.0,R,1978-05-01,USA,male,227,1908.0,69.967,53.519,7.762,3.286
Robert Hubbard,0,1,0.0,1980,1980,1,0.0,0.0,0.0,0.0,0.0,0.0,0.0,0.0,0.0,R,,USA,male,1,0.0,,,0.0,
Don Ernst,0,1,0.0,1971,1971,1,0.0,0.0,0.0,0.0,0.0,0.0,0.0,0.0,0.0,U,,IRL,male,1,0.0,,,0.0,
Mike Van Kauvenbergh,0,4,0.0,1985,1988,4,0.0,0.0,0.0,0.0,0.0,0.0,0.0,0.0,0.0,U,1967-04-25,LUX,male,4,0.0,,,0.0,
Wolfgang Spannagel,0,1,0.0,1970,1970,1,0.0,0.0,0.0,0.0,0.0,0.0,0.0,0.0,0.0,,,GER,male,1,0.0,,,0.0,
Wolfgang Spannagel,0,1,0.0,1970,1970,1,0.0,0.0,0.0,0.0,0.0,0.0,0.0,0.0,0.0,U,,GER,male,1,0.0,,,0.0,
Czeslaw Dobrowolski,0,4,0.0,1976,1981,6,0.0,0.0,0.0,0.0,0.0,0.0,0.0,0.0,0.0,U,1950-01-17,POL,male,4,0.0,,,0.0,
Mike Amoah,0,7,0.0,1991,1994,4,0.0,0.0,0.0,0.0,0.0,0.0,0.0,0.0,0.0,U,1974-03-12,GHA,male,7,0.0,,,0.0,
George Bezecny,2,7,22.222,1985,1992,8,2.0,3.0,72.0,43.0,35.0,11.0,13.0,0.0,3.0,R,1963-03-24,USA,male,9,10.0,76.923,0.0,0.333,4.167
Gary Muller,75,104,41.899,1985,1995,11,256.0,585.0,5323.0,3086.0,2270.0,1080.0,793.0,257.0,430.0,L,1964-12-27,RSA,male,179,620.0,78.184,59.767,2.402,10.99
Johan Donar,0,1,0.0,1993,1993,1,6.0,1.0,50.0,29.0,15.0,5.0,8.0,3.0,9.0,R,1966-03-24,SWE,male,1,2.0,25.0,33.333,9.0,2.0
Guillermo Olaso,2,4,33.333,2011,2013,3,19.0,13.0,377.0,215.0,140.0,76.0,57.0,17.0,35.0,U,1988-03-25,ESP,male,6,39.0,68.421,48.571,5.833,3.448
B Dimalanta,0,1,0.0,1974,1974,1,0.0,0.0,0.0,0.0,0.0,0.0,0.0,0.0,0.0,U,,UNK,male,1,0.0,,,0.0,
Jeremy Chardy,286,288,49.826,2006,2021,16,2383.0,4642.0,45555.0,27393.0,20338.0,8977.0,7128.0,2340.0,3714.0,R,1987-02-12,FRA,male,574,5754.0,80.724,63.005,6.47,10.19
Stanislav Birner,55,105,34.375,1978,1987,10,0.0,0.0,0.0,0.0,0.0,0.0,0.0,0.0,0.0,R,1956-10-11,CZE,male,160,0.0,,,0.0,
Mohammed Khalid,4,4,50.0,1992,1993,2,0.0,0.0,0.0,0.0,0.0,0.0,0.0,0.0,0.0,R,1966-09-06,PAK,male,8,0.0,,,0.0,
Sebastian Soresini,0,1,0.0,1987,1987,1,0.0,0.0,0.0,0.0,0.0,0.0,0.0,0.0,0.0,R,,ITA,male,1,0.0,,,0.0,
Ibrahim Abou Chahine,0,5,0.0,2006,2015,10,0.0,0.0,0.0,0.0,0.0,0.0,0.0,0.0,0.0,R,1990-08-07,LIB,male,5,0.0,,,0.0,
Christopher Diaz Figueroa,8,11,42.105,2009,2018,10,35.0,35.0,560.0,300.0,207.0,125.0,80.0,38.0,59.0,R,1990-03-14,GUA,male,19,59.0,73.75,64.407,3.105,6.25
Bohdan Ulihrach,200,208,49.02,1993,2007,15,1468.0,1220.0,30624.0,17544.0,11862.0,6309.0,4615.0,1839.0,3154.0,R,1975-02-23,CZE,male,408,3300.0,71.506,58.307,7.73,3.984
Roland Stadler,57,79,41.912,1978,1989,12,0.0,0.0,0.0,0.0,0.0,0.0,0.0,0.0,0.0,U,1959-06-14,SUI,male,136,0.0,,,0.0,
Jason Sankey,0,1,0.0,2006,2006,1,0.0,0.0,0.0,0.0,0.0,0.0,0.0,0.0,0.0,U,1980-02-24,HKG,male,1,0.0,,,0.0,
David Lloyd,24,54,30.769,1968,1980,13,0.0,0.0,0.0,0.0,0.0,0.0,0.0,0.0,0.0,R,1948-01-03,GBR,male,78,0.0,,,0.0,
John Mccurdy,6,14,30.0,1980,1984,5,0.0,0.0,0.0,0.0,0.0,0.0,0.0,0.0,0.0,R,1960-05-13,AUS,male,20,0.0,,,0.0,
Dieter Kindlmann,1,11,8.333,2004,2010,7,51.0,19.0,1056.0,633.0,384.0,174.0,157.0,80.0,146.0,R,1982-06-03,GER,male,12,91.0,57.962,54.795,12.167,1.799
Roberto Marcher,0,4,0.0,1968,1971,4,0.0,0.0,0.0,0.0,0.0,0.0,0.0,0.0,0.0,R,,BRA,male,4,0.0,,,0.0,
Juan Manuel Cerundolo,5,0,100.0,2021,2021,1,8.0,6.0,390.0,286.0,186.0,58.0,65.0,20.0,35.0,U,2001-11-15,ARG,male,5,50.0,76.923,57.143,7.0,1.538
Andres Molina,0,2,0.0,1977,1980,4,0.0,0.0,0.0,0.0,0.0,0.0,0.0,0.0,0.0,R,,ARG,male,2,0.0,,,0.0,
Don Kierbow,0,2,0.0,1970,1971,2,0.0,0.0,0.0,0.0,0.0,0.0,0.0,0.0,0.0,U,,USA,male,2,0.0,,,0.0,
Youssef Hossam,2,1,66.667,2018,2018,1,6.0,11.0,178.0,108.0,77.0,36.0,28.0,8.0,15.0,U,1998-06-03,EGY,male,3,21.0,75.0,53.333,5.0,6.18
Tigre Hank,1,7,12.5,2014,2016,3,7.0,12.0,224.0,140.0,86.0,41.0,34.0,15.0,27.0,U,1991-09-30,MEX,male,8,22.0,64.706,55.556,3.375,5.357
Mehluli Don Ayanda Sibanda,0,3,0.0,2018,2020,3,0.0,0.0,0.0,0.0,0.0,0.0,0.0,0.0,0.0,R,1999-11-06,ZIM,male,3,0.0,,,0.0,
Mike Myburg,9,24,27.273,1971,1983,13,0.0,0.0,0.0,0.0,0.0,0.0,0.0,0.0,0.0,R,1953-06-23,RSA,male,33,0.0,,,0.0,
Peter Curtis,24,44,35.294,1968,1973,6,0.0,0.0,0.0,0.0,0.0,0.0,0.0,0.0,0.0,R,1945-08-29,GBR,male,68,0.0,,,0.0,
Roland Burtscher,2,5,28.571,1992,1994,3,11.0,13.0,585.0,380.0,223.0,115.0,83.0,38.0,61.0,R,1969-06-15,AUT,male,7,60.0,72.289,62.295,8.714,2.222
Chris Wilkinson,27,48,36.0,1991,1999,9,271.0,315.0,6261.0,3698.0,2550.0,1159.0,918.0,350.0,608.0,R,1970-01-05,GBR,male,75,660.0,71.895,57.566,8.107,5.031
Austen Brice,0,1,0.0,1989,1989,1,0.0,0.0,0.0,0.0,0.0,0.0,0.0,0.0,0.0,R,1968-01-20,GBR,male,1,0.0,,,0.0,
Ernesto Vazquez,1,7,12.5,1974,1987,14,0.0,0.0,0.0,0.0,0.0,0.0,0.0,0.0,0.0,R,,ESP,male,8,0.0,,,0.0,
Rodolphe Gilbert,59,102,36.646,1989,1999,11,412.0,656.0,12883.0,6673.0,4651.0,2987.0,1928.0,798.0,1346.0,L,1968-12-12,FRA,male,161,1380.0,71.577,59.287,8.36,5.092
Alkis Papamichael,1,15,6.25,1985,1993,9,0.0,0.0,0.0,0.0,0.0,0.0,0.0,0.0,0.0,R,,CYP,male,16,0.0,,,0.0,
Matias Silva,5,4,55.556,2004,2008,5,0.0,0.0,0.0,0.0,0.0,0.0,0.0,0.0,0.0,R,1984-03-31,PER,male,9,0.0,,,0.0,
Joao Pedro Sorgi,1,2,33.333,2018,2018,1,7.0,12.0,201.0,130.0,98.0,33.0,30.0,15.0,19.0,R,1993-10-18,BRA,male,3,26.0,86.667,78.947,6.333,5.97
Oliver Fuchs,0,5,0.0,1988,1990,3,0.0,0.0,0.0,0.0,0.0,0.0,0.0,0.0,0.0,R,1971-03-16,AUT,male,5,0.0,,,0.0,
Isaac Donkor,5,6,45.455,1993,1996,4,0.0,0.0,0.0,0.0,0.0,0.0,0.0,0.0,0.0,U,1971-07-17,GHA,male,11,0.0,,,0.0,
Tomislav Jotovski,0,3,0.0,2008,2010,3,0.0,0.0,0.0,0.0,0.0,0.0,0.0,0.0,0.0,R,1990-10-27,MKD,male,3,0.0,,,0.0,
Pedro Cordeiro,5,7,41.667,1982,1986,5,0.0,0.0,0.0,0.0,0.0,0.0,0.0,0.0,0.0,R,,POR,male,12,0.0,,,0.0,
Benjamin Hannestad,0,2,0.0,2016,2017,2,8.0,2.0,217.0,125.0,72.0,46.0,30.0,12.0,24.0,R,1997-02-14,DEN,male,2,18.0,60.0,50.0,12.0,0.922
Jonathan Printzlau,1,1,50.0,2001,2002,2,0.0,0.0,0.0,0.0,0.0,0.0,0.0,0.0,0.0,R,1976-10-07,DEN,male,2,0.0,,,0.0,
Adam Thompson,2,2,50.0,2005,2009,5,0.0,0.0,0.0,0.0,0.0,0.0,0.0,0.0,0.0,R,1982-07-28,NZL,male,4,0.0,,,0.0,
Paul Capdeville,48,78,38.095,2003,2013,11,305.0,412.0,7919.0,4831.0,3217.0,1472.0,1221.0,429.0,787.0,R,1983-04-02,CHI,male,126,863.0,70.68,54.511,6.246,5.203
Illia Biloborodko,0,1,0.0,2017,2017,1,3.0,1.0,36.0,16.0,9.0,4.0,6.0,1.0,6.0,,2001-05-07,UKR,male,1,1.0,16.667,16.667,6.0,2.778
Bob Folz,0,1,0.0,1974,1974,1,0.0,0.0,0.0,0.0,0.0,0.0,0.0,0.0,0.0,U,,USA,male,1,0.0,,,0.0,
Colin Diederichs,1,2,33.333,1970,1971,2,0.0,0.0,0.0,0.0,0.0,0.0,0.0,0.0,0.0,U,,RSA,male,3,0.0,,,0.0,
Ricardo Hocevar,0,5,0.0,2009,2011,3,14.0,28.0,366.0,206.0,142.0,77.0,54.0,18.0,33.0,R,1985-05-05,BRA,male,5,39.0,72.222,54.545,6.6,7.65
Edward Beards,0,1,0.0,1968,1968,1,0.0,0.0,0.0,0.0,0.0,0.0,0.0,0.0,0.0,U,,GBR,male,1,0.0,,,0.0,
Hugo Armando,13,30,30.233,2000,2008,9,106.0,126.0,3093.0,1894.0,1270.0,605.0,470.0,170.0,286.0,R,1978-05-27,USA,male,43,354.0,75.319,59.441,6.651,4.074
Jacob Coenraad De Klerk,0,2,0.0,2013,2013,1,0.0,0.0,0.0,0.0,0.0,0.0,0.0,0.0,0.0,U,1992-06-09,RSA,male,2,0.0,,,0.0,
Srinath Prahlad,0,5,0.0,1996,2000,5,2.0,2.0,45.0,24.0,17.0,9.0,8.0,3.0,6.0,R,1973-01-08,IND,male,5,5.0,62.5,50.0,1.2,4.444
Philippe Koffi,0,2,0.0,1986,1986,1,0.0,0.0,0.0,0.0,0.0,0.0,0.0,0.0,0.0,U,1968-11-20,CIV,male,2,0.0,,,0.0,
Tom Kocevar Desman,0,3,0.0,2015,2018,4,0.0,0.0,0.0,0.0,0.0,0.0,0.0,0.0,0.0,R,1990-07-10,SLO,male,3,0.0,,,0.0,
Miguel Merz,2,2,50.0,1991,1991,1,2.0,4.0,180.0,105.0,64.0,35.0,23.0,13.0,22.0,R,1967-06-09,ESA,male,4,14.0,60.87,59.091,5.5,2.222
Yong Kyu Lim,11,8,57.895,2009,2016,8,11.0,24.0,254.0,150.0,106.0,57.0,38.0,16.0,24.0,U,1991-06-18,KOR,male,19,30.0,78.947,66.667,1.263,9.449
Tim Donovan,3,2,60.0,1989,1989,1,0.0,0.0,0.0,0.0,0.0,0.0,0.0,0.0,0.0,R,1967-02-20,USA,male,5,0.0,,,0.0,
Berry Geraghty,1,3,25.0,1968,1969,2,0.0,0.0,0.0,0.0,0.0,0.0,0.0,0.0,0.0,R,,AUS,male,4,0.0,,,0.0,
Carlos Claverie,10,12,45.455,1981,1990,10,0.0,0.0,0.0,0.0,0.0,0.0,0.0,0.0,0.0,R,,VEN,male,22,0.0,,,0.0,
Mark Cox,234,171,57.778,1968,1981,14,0.0,0.0,0.0,0.0,0.0,0.0,0.0,0.0,0.0,L,1943-07-05,GBR,male,405,0.0,,,0.0,
Bill Lloyd,14,39,26.415,1968,1978,11,0.0,0.0,0.0,0.0,0.0,0.0,0.0,0.0,0.0,R,1949-05-07,AUS,male,53,0.0,,,0.0,
Malcolm Birch,0,1,0.0,1996,1996,1,0.0,0.0,0.0,0.0,0.0,0.0,0.0,0.0,0.0,U,1970-05-21,ZIM,male,1,0.0,,,0.0,
Sulaiman Al Rawahi,0,2,0.0,2008,2009,2,0.0,0.0,0.0,0.0,0.0,0.0,0.0,0.0,0.0,U,1984-07-24,OMA,male,2,0.0,,,0.0,
Albert Montanes,257,285,47.417,2001,2017,17,1691.0,1796.0,39550.0,23874.0,16489.0,7755.0,6138.0,2178.0,3735.0,R,1980-11-26,ESP,male,542,4581.0,74.633,58.313,6.891,4.541
Cesar Ramirez,8,10,44.444,2008,2014,7,6.0,4.0,139.0,101.0,51.0,12.0,21.0,14.0,28.0,R,1990-01-25,MEX,male,18,7.0,33.333,50.0,1.556,2.878
David Rikl,48,86,35.821,1989,1999,11,502.0,330.0,9870.0,5665.0,3720.0,1955.0,1463.0,650.0,1113.0,L,1971-02-27,CZE,male,134,1000.0,68.353,58.401,8.306,3.343
P Smith,0,1,0.0,1970,1970,1,0.0,0.0,0.0,0.0,0.0,0.0,0.0,0.0,0.0,U,,GBR,male,1,0.0,,,0.0,
Barunur Rashid Bhuiyan,0,1,0.0,1989,1989,1,0.0,0.0,0.0,0.0,0.0,0.0,0.0,0.0,0.0,U,1956-02-17,BAN,male,1,0.0,,,0.0,
Raphael Durek,0,1,0.0,2003,2003,1,0.0,1.0,71.0,50.0,23.0,10.0,10.0,4.0,10.0,R,1984-02-02,AUS,male,1,4.0,40.0,40.0,10.0,1.408
Davin Russell,0,1,0.0,2003,2003,1,0.0,0.0,0.0,0.0,0.0,0.0,0.0,0.0,0.0,U,1984-10-01,BAH,male,1,0.0,,,0.0,
Eduardo Nicolas,3,4,42.857,1994,1999,6,11.0,11.0,331.0,181.0,123.0,71.0,56.0,14.0,31.0,R,1972-09-22,ESP,male,7,39.0,69.643,45.161,4.429,3.323
Ernesto Ruiz Bry,0,1,0.0,1980,1980,1,0.0,0.0,0.0,0.0,0.0,0.0,0.0,0.0,0.0,R,,ARG,male,1,0.0,,,0.0,
Rajeev Rajapakse,0,2,0.0,2010,2010,1,0.0,0.0,0.0,0.0,0.0,0.0,0.0,0.0,0.0,U,1980-05-11,SRI,male,2,0.0,,,0.0,
Evgeny Korolev,73,95,43.452,2006,2013,8,575.0,787.0,12270.0,7137.0,5044.0,2434.0,1881.0,701.0,1191.0,R,1988-02-14,KAZ,male,168,1391.0,73.95,58.858,7.089,6.414
Mariano Delfino,0,1,0.0,2003,2003,1,5.0,2.0,152.0,100.0,54.0,28.0,19.0,15.0,23.0,R,1977-09-20,ARG,male,1,11.0,57.895,65.217,23.0,1.316
Junzo Kawamori,0,1,0.0,1972,1972,1,0.0,0.0,0.0,0.0,0.0,0.0,0.0,0.0,0.0,U,,JPN,male,1,0.0,,,0.0,
Peter Gojowczyk,62,76,44.928,2010,2021,12,506.0,966.0,10798.0,5920.0,4408.0,2352.0,1668.0,548.0,920.0,R,1989-07-15,GER,male,138,1296.0,77.698,59.565,6.667,8.946
Colin Ebelthite,0,1,0.0,2009,2009,1,5.0,3.0,84.0,48.0,28.0,10.0,13.0,8.0,17.0,R,1984-11-27,AUS,male,1,4.0,30.769,47.059,17.0,3.571
Woody Blocher,4,27,12.903,1969,1979,11,0.0,0.0,0.0,0.0,0.0,0.0,0.0,0.0,0.0,R,1951-08-24,USA,male,31,0.0,,,0.0,
Corentin Moutet,23,34,40.351,2018,2021,4,231.0,131.0,4934.0,3364.0,2171.0,747.0,760.0,279.0,507.0,L,1999-04-19,FRA,male,57,532.0,70.0,55.03,8.895,2.655
Tomas Berdych,626,338,64.938,2003,2019,17,2266.0,7059.0,70236.0,40714.0,31313.0,15482.0,11339.0,3111.0,4892.0,R,1985-09-17,CZE,male,964,9558.0,84.293,63.594,5.075,10.05
Stanley Ellis,0,1,0.0,1968,1968,1,0.0,0.0,0.0,0.0,0.0,0.0,0.0,0.0,0.0,U,,USA,male,1,0.0,,,0.0,
Francisco Rodriguez,14,6,70.0,1979,2006,28,0.0,0.0,0.0,0.0,0.0,0.0,0.0,0.0,0.0,R,1976-03-09,PAR,male,20,0.0,,,0.0,
Ruben Ramirez Hidalgo,68,131,34.171,2001,2014,14,716.0,590.0,14976.0,8569.0,5733.0,2967.0,2248.0,928.0,1631.0,R,1978-01-06,ESP,male,199,1545.0,68.728,56.898,8.196,3.94
Pierre Moudourou,0,2,0.0,1988,1988,1,0.0,0.0,0.0,0.0,0.0,0.0,0.0,0.0,0.0,U,1971-06-15,CMR,male,2,0.0,,,0.0,
Jiri Prucha,3,8,27.273,1977,1981,5,0.0,0.0,0.0,0.0,0.0,0.0,0.0,0.0,0.0,R,1955-08-10,CZE,male,11,0.0,,,0.0,
Gustavo Marcaccio,2,3,40.0,2004,2006,3,9.0,13.0,354.0,222.0,140.0,60.0,54.0,25.0,44.0,R,1977-05-03,ARG,male,5,35.0,64.815,56.818,8.8,3.672
Diego Hartfield,16,28,36.364,2006,2008,3,120.0,149.0,3170.0,2083.0,1355.0,517.0,481.0,179.0,317.0,R,1981-01-31,ARG,male,44,343.0,71.31,56.467,7.205,4.7
P Martin,0,1,0.0,1972,1972,1,0.0,0.0,0.0,0.0,0.0,0.0,0.0,0.0,0.0,U,,UNK,male,1,0.0,,,0.0,
Joey Blake,2,2,50.0,1986,1986,1,0.0,0.0,0.0,0.0,0.0,0.0,0.0,0.0,0.0,R,1967-07-14,USA,male,4,0.0,,,0.0,
Marinos Baghdatis,0,2,0.0,1993,1993,1,0.0,0.0,0.0,0.0,0.0,0.0,0.0,0.0,0.0,U,1977-04-21,CYP,male,2,0.0,,,0.0,
Steve Darcis,116,135,46.215,2005,2020,16,455.0,922.0,17673.0,10734.0,7426.0,3509.0,2734.0,947.0,1607.0,R,1984-03-13,BEL,male,251,2074.0,75.86,58.93,6.402,5.217
Jan Siemerink,192,210,47.761,1990,2002,13,1853.0,2425.0,32254.0,18130.0,13425.0,7072.0,4871.0,1687.0,2651.0,L,1970-04-14,NED,male,402,3907.0,80.209,63.636,6.595,7.518
Mikael Pernfors,121,94,56.279,1984,1996,13,146.0,150.0,3809.0,2001.0,1327.0,902.0,589.0,238.0,424.0,R,1963-07-16,SWE,male,215,403.0,68.421,56.132,1.972,3.938
Alphonse Neu,0,2,0.0,1975,1975,1,0.0,0.0,0.0,0.0,0.0,0.0,0.0,0.0,0.0,U,,LUX,male,2,0.0,,,0.0,
Tom Nijssen,27,58,31.765,1986,1994,9,59.0,60.0,1487.0,728.0,507.0,372.0,213.0,122.0,186.0,R,1964-10-01,NED,male,85,149.0,69.953,65.591,2.188,4.035
Teo Susnjak,0,3,0.0,1998,1998,1,1.0,0.0,43.0,28.0,13.0,4.0,7.0,4.0,9.0,R,1977-07-23,NZL,male,3,2.0,28.571,44.444,3.0,0.0
Stepan Koudelka,2,10,16.667,1968,1971,4,0.0,0.0,0.0,0.0,0.0,0.0,0.0,0.0,0.0,,1945-09-21,TCH,male,12,0.0,,,0.0,
Stepan Koudelka,2,10,16.667,1968,1971,4,0.0,0.0,0.0,0.0,0.0,0.0,0.0,0.0,0.0,,1945-02-21,TCH,male,12,0.0,,,0.0,
B Wheadley,0,1,0.0,1974,1974,1,0.0,0.0,0.0,0.0,0.0,0.0,0.0,0.0,0.0,U,,USA,male,1,0.0,,,0.0,
Tau Luu,0,3,0.0,1972,1974,3,0.0,0.0,0.0,0.0,0.0,0.0,0.0,0.0,0.0,U,,HKG,male,3,0.0,,,0.0,
Alejandro Harms,0,1,0.0,1968,1968,1,0.0,0.0,0.0,0.0,0.0,0.0,0.0,0.0,0.0,U,,ARG,male,1,0.0,,,0.0,
Jaime Cortes,6,7,46.154,1989,2000,12,8.0,2.0,178.0,120.0,67.0,20.0,24.0,18.0,30.0,R,1965-07-26,COL,male,13,12.0,50.0,60.0,2.308,1.124
Stephen Meyers,0,1,0.0,1973,1973,1,0.0,0.0,0.0,0.0,0.0,0.0,0.0,0.0,0.0,R,,AUS,male,1,0.0,,,0.0,
Terence Musgrove,0,1,0.0,1973,1973,1,0.0,0.0,0.0,0.0,0.0,0.0,0.0,0.0,0.0,U,,AUS,male,1,0.0,,,0.0,
Nael Zaki,0,1,0.0,1986,1986,1,0.0,0.0,0.0,0.0,0.0,0.0,0.0,0.0,0.0,R,,EGY,male,1,0.0,,,0.0,
Kevin Kim,43,94,31.387,1996,2010,15,452.0,663.0,10134.0,5892.0,4116.0,1947.0,1579.0,532.0,985.0,R,1978-07-26,USA,male,137,1126.0,71.311,54.01,7.19,6.542
Bruce Nichols,3,17,15.0,1974,1982,9,0.0,0.0,0.0,0.0,0.0,0.0,0.0,0.0,0.0,R,1955-12-31,USA,male,20,0.0,,,0.0,
Mazizat Sofyan,0,1,0.0,1974,1974,1,0.0,0.0,0.0,0.0,0.0,0.0,0.0,0.0,0.0,U,1938-02-18,INA,male,1,0.0,,,0.0,
Mike Brunnberg,9,13,40.909,1982,1984,3,0.0,0.0,0.0,0.0,0.0,0.0,0.0,0.0,0.0,R,1958-05-04,USA,male,22,0.0,,,0.0,
J Williamson,0,1,0.0,1970,1970,1,0.0,0.0,0.0,0.0,0.0,0.0,0.0,0.0,0.0,U,,IRL,male,1,0.0,,,0.0,
Tomas Catar,0,1,0.0,1998,1998,1,2.0,4.0,98.0,72.0,43.0,14.0,15.0,6.0,11.0,R,1977-01-19,SVK,male,1,10.0,66.667,54.545,11.0,4.082
Benjamin Balleret,27,23,54.0,2005,2016,12,26.0,55.0,915.0,559.0,342.0,174.0,145.0,63.0,116.0,R,1983-01-15,MON,male,50,92.0,63.448,54.31,2.32,6.011
Bobby Reynolds,28,73,27.723,2003,2013,11,365.0,885.0,8695.0,5113.0,3593.0,1745.0,1331.0,488.0,824.0,R,1982-07-17,USA,male,101,995.0,74.756,59.223,8.158,10.178
Clive Wilderspin,1,1,50.0,1968,1968,1,0.0,0.0,0.0,0.0,0.0,0.0,0.0,0.0,0.0,,1930-03-04,AUS,male,2,0.0,,,0.0,
Clive Wilderspin,1,1,50.0,1968,1968,1,0.0,0.0,0.0,0.0,0.0,0.0,0.0,0.0,0.0,U,,AUS,male,2,0.0,,,0.0,
Abdul Mumin Babalola,0,3,0.0,2007,2007,1,0.0,0.0,0.0,0.0,0.0,0.0,0.0,0.0,0.0,L,1984-12-15,NGR,male,3,0.0,,,0.0,
Martin Barba,2,5,28.571,1988,1989,2,0.0,0.0,0.0,0.0,0.0,0.0,0.0,0.0,0.0,R,1966-08-22,USA,male,7,0.0,,,0.0,
Anthony Billington,1,2,33.333,1968,1971,4,0.0,0.0,0.0,0.0,0.0,0.0,0.0,0.0,0.0,R,1909-11-12,GBR,male,3,0.0,,,0.0,
G Miles,0,1,0.0,1968,1968,1,0.0,0.0,0.0,0.0,0.0,0.0,0.0,0.0,0.0,U,,,male,1,0.0,,,0.0,
Esat Tanik,0,1,0.0,2001,2001,1,0.0,0.0,0.0,0.0,0.0,0.0,0.0,0.0,0.0,R,1980-11-03,TUR,male,1,0.0,,,0.0,
Jhonnatan Medina Alvarez,8,11,42.105,2001,2009,9,0.0,0.0,0.0,0.0,0.0,0.0,0.0,0.0,0.0,L,1982-01-12,VEN,male,19,0.0,,,0.0,
R Carter,0,1,0.0,1976,1976,1,0.0,0.0,0.0,0.0,0.0,0.0,0.0,0.0,0.0,U,,AUS,male,1,0.0,,,0.0,
Juan Garat,1,6,14.286,1992,1994,3,28.0,21.0,556.0,302.0,205.0,120.0,77.0,37.0,58.0,R,1973-05-16,ARG,male,7,56.0,72.727,63.793,8.286,3.777
Alex Molcan,0,1,0.0,2021,2021,1,2.0,3.0,64.0,36.0,25.0,12.0,11.0,5.0,9.0,L,1997-12-01,SVK,male,1,7.0,63.636,55.556,9.0,4.688
Martin Verkerk,52,64,44.828,1998,2008,11,554.0,1295.0,9097.0,5402.0,4077.0,1842.0,1422.0,436.0,691.0,R,1978-10-31,NED,male,116,1167.0,82.068,63.097,5.957,14.235
Fernon Wibier,9,19,32.143,1992,1997,6,134.0,132.0,1924.0,1289.0,908.0,299.0,297.0,79.0,148.0,R,1971-02-25,NED,male,28,228.0,76.768,53.378,5.286,6.861
Mike Estep,87,125,41.038,1968,1983,16,0.0,0.0,0.0,0.0,0.0,0.0,0.0,0.0,0.0,R,1949-07-19,USA,male,212,0.0,,,0.0,
Jonas Svensson,170,146,53.797,1983,1995,13,228.0,278.0,9010.0,5868.0,3819.0,1525.0,1319.0,579.0,947.0,R,1966-10-21,SWE,male,316,951.0,72.1,61.14,2.997,3.085
Takuto Niki,0,1,0.0,2015,2015,1,3.0,3.0,56.0,37.0,20.0,10.0,9.0,2.0,6.0,U,1987-10-12,JPN,male,1,5.0,55.556,33.333,6.0,5.357
Syed Nasir Sherazi,2,2,50.0,1997,1999,3,0.0,0.0,0.0,0.0,0.0,0.0,0.0,0.0,0.0,U,1980-02-24,PAK,male,4,0.0,,,0.0,
Zdenek Kolar,0,1,0.0,2018,2018,1,3.0,2.0,77.0,43.0,26.0,17.0,10.0,4.0,8.0,U,1996-10-09,CZE,male,1,6.0,60.0,50.0,8.0,2.597
Toshio Iwazawa,0,1,0.0,1981,1981,1,0.0,0.0,0.0,0.0,0.0,0.0,0.0,0.0,0.0,R,,JPN,male,1,0.0,,,0.0,
Esam Abdulaal,8,6,57.143,1989,1996,8,0.0,0.0,0.0,0.0,0.0,0.0,0.0,0.0,0.0,R,1969-08-11,BRN,male,14,0.0,,,0.0,
Bob Brien,0,4,0.0,1969,1975,7,0.0,0.0,0.0,0.0,0.0,0.0,0.0,0.0,0.0,R,,USA,male,4,0.0,,,0.0,
Joost Winnink,3,8,27.273,1994,1997,4,46.0,37.0,710.0,420.0,298.0,134.0,109.0,41.0,69.0,R,1971-06-30,NED,male,11,81.0,74.312,59.42,6.273,5.211
Hillel Rousseau,0,4,0.0,2013,2013,1,0.0,0.0,0.0,0.0,0.0,0.0,0.0,0.0,0.0,R,1995-06-16,HAI,male,4,0.0,,,0.0,
Leo Palin,29,58,33.333,1975,1986,12,0.0,0.0,0.0,0.0,0.0,0.0,0.0,0.0,0.0,R,1956-10-20,FIN,male,87,0.0,,,0.0,
Jimy Szymanski,21,32,39.623,1992,2006,15,39.0,29.0,798.0,449.0,289.0,148.0,115.0,57.0,99.0,R,1975-09-15,VEN,male,53,73.0,63.478,57.576,1.868,3.634
Hans Van Scheltema,0,1,0.0,1969,1969,1,0.0,0.0,0.0,0.0,0.0,0.0,0.0,0.0,0.0,U,,NED,male,1,0.0,,,0.0,
Gustavo Garetto,3,6,33.333,1985,1988,4,0.0,0.0,0.0,0.0,0.0,0.0,0.0,0.0,0.0,R,1965-07-23,ARG,male,9,0.0,,,0.0,
Sofronio Palahang,1,3,25.0,1995,1996,2,0.0,0.0,0.0,0.0,0.0,0.0,0.0,0.0,0.0,R,1967-09-22,PHI,male,4,0.0,,,0.0,
Kenichi Hirai,6,31,16.216,1971,1981,11,0.0,0.0,0.0,0.0,0.0,0.0,0.0,0.0,0.0,R,1950-03-19,JPN,male,37,0.0,,,0.0,
Pak Long Yeung,0,2,0.0,2019,2020,2,0.0,0.0,0.0,0.0,0.0,0.0,0.0,0.0,0.0,U,1995-02-14,HKG,male,2,0.0,,,0.0,
Stevenson Clarke,2,1,66.667,1979,1979,1,0.0,0.0,0.0,0.0,0.0,0.0,0.0,0.0,0.0,R,1961-04-13,USA,male,3,0.0,,,0.0,
Armando Perez,3,7,30.0,1994,1998,5,0.0,0.0,0.0,0.0,0.0,0.0,0.0,0.0,0.0,R,1965-08-03,CUB,male,10,0.0,,,0.0,
Tintus Arianto Wibowo,11,7,61.111,1981,1988,8,0.0,0.0,0.0,0.0,0.0,0.0,0.0,0.0,0.0,U,1960-08-19,INA,male,18,0.0,,,0.0,
Tsung Hua Yang,5,16,23.81,2008,2016,9,14.0,39.0,465.0,273.0,195.0,99.0,71.0,27.0,42.0,R,1991-03-29,TPE,male,21,56.0,78.873,64.286,2.0,8.387
Adelo Abadia,2,5,28.571,1998,2004,7,0.0,0.0,0.0,0.0,0.0,0.0,0.0,0.0,0.0,U,1977-05-15,PHI,male,7,0.0,,,0.0,
Marco Mirnegg,0,2,0.0,2005,2005,1,4.0,0.0,57.0,28.0,17.0,9.0,8.0,10.0,15.0,R,1982-06-24,AUT,male,2,3.0,37.5,66.667,7.5,0.0
Ken Flach,47,65,41.964,1982,1995,14,24.0,42.0,467.0,257.0,190.0,92.0,68.0,24.0,41.0,R,1963-05-24,USA,male,112,51.0,75.0,58.537,0.366,8.994
Jose Andrade,1,1,50.0,1979,1979,1,0.0,0.0,0.0,0.0,0.0,0.0,0.0,0.0,0.0,R,,ESP,male,2,0.0,,,0.0,
John Bryan Decasa Otico,2,2,50.0,2018,2019,2,2.0,6.0,175.0,110.0,72.0,35.0,27.0,8.0,14.0,U,1999-06-25,PHI,male,4,21.0,77.778,57.143,3.5,3.429
Lukas Thomas,0,1,0.0,1991,1991,1,1.0,2.0,61.0,40.0,24.0,9.0,8.0,2.0,5.0,R,,CZE,male,1,5.0,62.5,40.0,5.0,3.279
Lukas Thomas,0,1,0.0,1991,1991,1,1.0,2.0,61.0,40.0,24.0,9.0,8.0,2.0,5.0,U,1973-01-20,CZE,male,1,5.0,62.5,40.0,5.0,3.279
Niels Desein,0,3,0.0,2013,2015,3,11.0,13.0,260.0,171.0,107.0,40.0,39.0,13.0,27.0,R,1987-06-09,BEL,male,3,25.0,64.103,48.148,9.0,5.0
Christian Geyer,1,4,20.0,1988,1990,3,0.0,0.0,0.0,0.0,0.0,0.0,0.0,0.0,0.0,L,1964-04-12,GER,male,5,0.0,,,0.0,
Mathieu Montcourt,5,10,33.333,2006,2009,4,58.0,25.0,1049.0,675.0,413.0,164.0,169.0,56.0,121.0,R,1985-03-04,FRA,male,15,104.0,61.538,46.281,8.067,2.383
Uros Vico,1,3,25.0,2004,2005,2,11.0,38.0,356.0,205.0,146.0,77.0,54.0,21.0,33.0,R,1981-02-19,ITA,male,4,42.0,77.778,63.636,8.25,10.674
Mike Cahill,84,113,42.64,1974,1983,10,0.0,0.0,0.0,0.0,0.0,0.0,0.0,0.0,0.0,R,1952-06-17,USA,male,197,0.0,,,0.0,
Felix Mantilla,309,201,60.588,1994,2007,14,1149.0,1417.0,38559.0,24179.0,16175.0,7385.0,5925.0,2170.0,3671.0,R,1974-09-23,ESP,male,510,4424.0,74.667,59.112,7.198,3.675
Markus Hipfl,65,78,45.455,1994,2005,12,311.0,314.0,9686.0,6234.0,4030.0,1680.0,1504.0,556.0,1019.0,R,1978-04-26,AUT,male,143,1041.0,69.215,54.563,7.126,3.242
L Maeso,1,2,33.333,1977,1978,2,0.0,0.0,0.0,0.0,0.0,0.0,0.0,0.0,0.0,R,,ESP,male,3,0.0,,,0.0,
Akira Santillan,2,7,22.222,2016,2017,2,24.0,46.0,553.0,296.0,207.0,132.0,90.0,19.0,42.0,R,1997-05-22,AUS,male,9,67.0,74.444,45.238,4.667,8.318
Tadas Babelis,0,4,0.0,2016,2017,2,16.0,12.0,272.0,163.0,96.0,51.0,39.0,21.0,37.0,U,1997-02-25,LTU,male,4,23.0,58.974,56.757,9.25,4.412
Chee Leong Wong,0,1,0.0,1989,1989,1,0.0,0.0,0.0,0.0,0.0,0.0,0.0,0.0,0.0,U,1972-08-29,SIN,male,1,0.0,,,0.0,
Khaled Baligh,1,5,16.667,1981,1987,7,0.0,0.0,0.0,0.0,0.0,0.0,0.0,0.0,0.0,R,,EGY,male,6,0.0,,,0.0,
Gerald Pilet,1,1,50.0,1968,1968,1,0.0,0.0,0.0,0.0,0.0,0.0,0.0,0.0,0.0,R,,FRA,male,2,0.0,,,0.0,
Max Mirnyi,202,212,48.792,1996,2008,13,1431.0,3466.0,30577.0,19068.0,14422.0,5874.0,4834.0,1434.0,2226.0,R,1977-07-06,BLR,male,414,4042.0,83.616,64.42,5.377,11.335
Rubin Perczek,0,1,0.0,1984,1984,1,0.0,0.0,0.0,0.0,0.0,0.0,0.0,0.0,0.0,R,,COL,male,1,0.0,,,0.0,
Fredrik Ask,0,2,0.0,2010,2010,1,0.0,0.0,0.0,0.0,0.0,0.0,0.0,0.0,0.0,U,1990-09-05,NOR,male,2,0.0,,,0.0,
Bradley Klahn,13,41,24.074,2010,2020,11,249.0,435.0,4875.0,2979.0,2096.0,940.0,753.0,258.0,438.0,L,1990-08-20,USA,male,54,573.0,76.096,58.904,8.111,8.923
Yukihiko Murata,0,1,0.0,1981,1981,1,0.0,0.0,0.0,0.0,0.0,0.0,0.0,0.0,0.0,R,,JPN,male,1,0.0,,,0.0,
Viktor Galovic,3,6,33.333,2014,2019,6,31.0,46.0,786.0,507.0,354.0,130.0,122.0,32.0,63.0,R,1990-09-19,ITA,male,9,91.0,74.59,50.794,7.0,5.852
Ando Rasolomalala,0,1,0.0,2012,2012,1,0.0,0.0,0.0,0.0,0.0,0.0,0.0,0.0,0.0,U,1990-06-25,MAD,male,1,0.0,,,0.0,
Nikoloz Davlianidze,0,1,0.0,2020,2020,1,0.0,0.0,0.0,0.0,0.0,0.0,0.0,0.0,0.0,U,2000-01-01,GEO,male,1,0.0,,,0.0,
Fadi Youssef,0,2,0.0,2002,2006,5,0.0,0.0,0.0,0.0,0.0,0.0,0.0,0.0,0.0,U,1977-03-25,LIB,male,2,0.0,,,0.0,
Joao Lagos,2,5,28.571,1968,1975,8,0.0,0.0,0.0,0.0,0.0,0.0,0.0,0.0,0.0,U,1944-09-01,POR,male,7,0.0,,,0.0,
Marcos Aurelio Gorriz,35,73,32.407,1989,1997,9,155.0,203.0,7136.0,4251.0,2754.0,1404.0,1061.0,475.0,804.0,L,1964-03-04,ESP,male,108,732.0,68.992,59.08,7.444,2.845
Abdel Gawad Mohammed,1,0,100.0,1978,1978,1,0.0,0.0,0.0,0.0,0.0,0.0,0.0,0.0,0.0,U,1954-01-29,EGY,male,1,0.0,,,0.0,
Gustavo Guerrero,7,22,24.138,1968,1987,20,0.0,0.0,0.0,0.0,0.0,0.0,0.0,0.0,0.0,L,1959-10-22,ARG,male,29,0.0,,,0.0,
Nasser Ghanim Al Khulaifi,2,10,16.667,1995,2001,7,11.0,2.0,74.0,37.0,14.0,9.0,14.0,1.0,12.0,R,1973-11-12,QAT,male,12,3.0,21.429,8.333,1.0,2.703
Woo Ryong Lee,0,4,0.0,1981,1987,7,0.0,0.0,0.0,0.0,0.0,0.0,0.0,0.0,0.0,R,1961-04-08,KOR,male,4,0.0,,,0.0,
Peter Hannon,0,3,0.0,1981,1982,2,0.0,0.0,0.0,0.0,0.0,0.0,0.0,0.0,0.0,U,1960-08-01,IRL,male,3,0.0,,,0.0,
Markus Menzler,0,1,0.0,1999,1999,1,8.0,4.0,43.0,17.0,13.0,7.0,7.0,3.0,7.0,R,1977-07-25,GER,male,1,3.0,42.857,42.857,7.0,9.302
Goran Bergstrand,0,2,0.0,1979,1979,1,0.0,0.0,0.0,0.0,0.0,0.0,0.0,0.0,0.0,R,,SWE,male,2,0.0,,,0.0,
U Zerngibl,1,1,50.0,1976,1976,1,0.0,0.0,0.0,0.0,0.0,0.0,0.0,0.0,0.0,R,,UNK,male,2,0.0,,,0.0,
Lech Sidor,2,1,66.667,1988,1988,1,0.0,0.0,0.0,0.0,0.0,0.0,0.0,0.0,0.0,R,1970-06-30,POL,male,3,0.0,,,0.0,
Jean Francois Bachelot,2,5,28.571,1998,2002,5,19.0,20.0,552.0,299.0,168.0,119.0,85.0,44.0,83.0,R,1977-06-11,FRA,male,7,46.0,54.118,53.012,11.857,3.623
Buddy Gallagher,0,1,0.0,1974,1974,1,0.0,0.0,0.0,0.0,0.0,0.0,0.0,0.0,0.0,U,,UNK,male,1,0.0,,,0.0,
Alberto Brizzi,0,1,0.0,2008,2008,1,5.0,0.0,70.0,51.0,33.0,6.0,9.0,7.0,10.0,R,1984-03-26,ITA,male,1,6.0,66.667,70.0,10.0,0.0
Jozef Kovalik,17,36,32.075,2016,2021,6,151.0,191.0,4310.0,2597.0,1758.0,848.0,664.0,240.0,413.0,R,1992-11-04,SVK,male,53,491.0,73.946,58.111,7.792,4.432
Adam Kellner,4,5,44.444,2005,2011,7,0.0,0.0,0.0,0.0,0.0,0.0,0.0,0.0,0.0,R,1986-08-01,HUN,male,9,0.0,,,0.0,
Khoder Issa,1,3,25.0,1972,1973,2,0.0,0.0,0.0,0.0,0.0,0.0,0.0,0.0,0.0,U,,LIB,male,4,0.0,,,0.0,
Ricky Buwalda,3,5,37.5,1969,1973,5,0.0,0.0,0.0,0.0,0.0,0.0,0.0,0.0,0.0,R,,RSA,male,8,0.0,,,0.0,
Paul Chamberlin,53,56,48.624,1980,1990,11,0.0,0.0,0.0,0.0,0.0,0.0,0.0,0.0,0.0,R,1962-03-26,USA,male,109,0.0,,,0.0,
John Hayes,15,25,37.5,1980,1984,5,0.0,0.0,0.0,0.0,0.0,0.0,0.0,0.0,0.0,R,1955-04-07,USA,male,40,0.0,,,0.0,
Abdel Ghani,0,1,0.0,1975,1975,1,0.0,0.0,0.0,0.0,0.0,0.0,0.0,0.0,0.0,U,,UNK,male,1,0.0,,,0.0,
Sanjar Fayziev,1,10,9.091,2014,2020,7,37.0,47.0,676.0,394.0,263.0,118.0,96.0,55.0,89.0,U,1994-07-29,UZB,male,11,62.0,64.583,61.798,8.091,6.953
Josef Stabholz,4,11,26.667,1969,1974,6,0.0,0.0,0.0,0.0,0.0,0.0,0.0,0.0,0.0,R,,ISR,male,15,0.0,,,0.0,
Sergei Samoseiko,0,1,0.0,1999,1999,1,0.0,0.0,0.0,0.0,0.0,0.0,0.0,0.0,0.0,R,1981-02-05,BLR,male,1,0.0,,,0.0,
Jack Darrah,0,1,0.0,1968,1968,1,0.0,0.0,0.0,0.0,0.0,0.0,0.0,0.0,0.0,R,,USA,male,1,0.0,,,0.0,
Brad Rowe,2,3,40.0,1977,1979,3,0.0,0.0,0.0,0.0,0.0,0.0,0.0,0.0,0.0,R,,USA,male,5,0.0,,,0.0,
Chuck Willenborg,0,1,0.0,1985,1985,1,0.0,0.0,0.0,0.0,0.0,0.0,0.0,0.0,0.0,R,1964-08-06,USA,male,1,0.0,,,0.0,
B Moran,0,1,0.0,1969,1969,1,0.0,0.0,0.0,0.0,0.0,0.0,0.0,0.0,0.0,U,,IRL,male,1,0.0,,,0.0,
Henry Adjei Darko,3,3,50.0,2002,2005,4,0.0,0.0,0.0,0.0,0.0,0.0,0.0,0.0,0.0,U,1983-02-28,GHA,male,6,0.0,,,0.0,
Tawfiq Moafa,0,2,0.0,1997,1997,1,0.0,0.0,0.0,0.0,0.0,0.0,0.0,0.0,0.0,U,1976-06-28,KSA,male,2,0.0,,,0.0,
Joao Sousa,193,223,46.394,2008,2021,14,867.0,1466.0,31557.0,19222.0,13407.0,6074.0,4903.0,1689.0,2899.0,R,1989-03-30,POR,male,416,3693.0,75.321,58.261,6.969,4.646
Bailey Brown,0,4,0.0,1968,1976,9,0.0,0.0,0.0,0.0,0.0,0.0,0.0,0.0,0.0,R,1943-06-15,USA,male,4,0.0,,,0.0,
Americo Venero Montes,7,8,46.667,1995,2000,6,0.0,0.0,0.0,0.0,0.0,0.0,0.0,0.0,0.0,U,1972-02-22,PER,male,15,0.0,,,0.0,
Henry Estrella,3,3,50.0,2005,2008,4,0.0,0.0,0.0,0.0,0.0,0.0,0.0,0.0,0.0,U,1986-01-22,DOM,male,6,0.0,,,0.0,
Jay Berger,134,71,65.366,1985,1991,7,21.0,8.0,326.0,183.0,134.0,57.0,49.0,16.0,31.0,R,1966-11-26,USA,male,205,34.0,69.388,51.613,0.151,2.454
Brian Levine,5,11,31.25,1983,1987,5,0.0,0.0,0.0,0.0,0.0,0.0,0.0,0.0,0.0,R,1958-08-20,RSA,male,16,0.0,,,0.0,
Raul Peralta,5,7,41.667,1968,1974,7,0.0,0.0,0.0,0.0,0.0,0.0,0.0,0.0,0.0,R,1940-06-17,ARG,male,12,0.0,,,0.0,
Anton Tsymbalov,3,1,75.0,2002,2006,5,0.0,0.0,0.0,0.0,0.0,0.0,0.0,0.0,0.0,R,1985-09-05,KAZ,male,4,0.0,,,0.0,
Nicolas Sotiriu,0,1,0.0,1976,1976,1,0.0,0.0,0.0,0.0,0.0,0.0,0.0,0.0,0.0,R,,ROU,male,1,0.0,,,0.0,
Dekel Valtzer,0,1,0.0,2006,2006,1,0.0,0.0,0.0,0.0,0.0,0.0,0.0,0.0,0.0,U,1984-10-03,ISR,male,1,0.0,,,0.0,
Johan Alven,0,1,0.0,1988,1988,1,0.0,0.0,0.0,0.0,0.0,0.0,0.0,0.0,0.0,R,1972-01-13,SWE,male,1,0.0,,,0.0,
Peter Hajek,0,1,0.0,1989,1989,1,0.0,0.0,0.0,0.0,0.0,0.0,0.0,0.0,0.0,R,1975-02-23,GER,male,1,0.0,,,0.0,
Julian Knowle,9,33,21.429,1992,2012,21,250.0,139.0,3023.0,1724.0,1165.0,576.0,460.0,191.0,335.0,L,1974-04-29,AUT,male,42,316.0,68.696,57.015,7.976,4.598
Patrick Proisy,214,180,54.315,1968,1981,14,0.0,0.0,0.0,0.0,0.0,0.0,0.0,0.0,0.0,R,1949-09-10,FRA,male,394,0.0,,,0.0,
Gilad Bloom,84,108,43.75,1984,1995,12,174.0,160.0,5387.0,3423.0,2242.0,963.0,821.0,322.0,556.0,L,1967-03-01,ISR,male,192,587.0,71.498,57.914,2.896,2.97
Iman Nilipour,0,1,0.0,1999,1999,1,0.0,0.0,0.0,0.0,0.0,0.0,0.0,0.0,0.0,U,1979-12-20,IRI,male,1,0.0,,,0.0,
Andrej Krasevec,1,1,50.0,1997,1998,2,0.0,0.0,0.0,0.0,0.0,0.0,0.0,0.0,0.0,U,1979-07-08,SLO,male,2,0.0,,,0.0,
R P Tuck,0,1,0.0,1970,1970,1,0.0,0.0,0.0,0.0,0.0,0.0,0.0,0.0,0.0,U,,GBR,male,1,0.0,,,0.0,
Harvey Becker,0,1,0.0,1980,1980,1,0.0,0.0,0.0,0.0,0.0,0.0,0.0,0.0,0.0,R,,GBR,male,1,0.0,,,0.0,
Radu Albot,81,107,43.085,2009,2021,13,505.0,469.0,14187.0,9146.0,5993.0,2530.0,2170.0,773.0,1366.0,R,1989-11-11,MDA,male,188,1577.0,72.673,56.589,7.266,3.306
Jose Fernandez,0,1,0.0,1981,1981,1,0.0,0.0,0.0,0.0,0.0,0.0,0.0,0.0,0.0,R,,CHI,male,1,0.0,,,0.0,
Alejandro Ganzabal,46,68,40.351,1975,1987,13,0.0,0.0,0.0,0.0,0.0,0.0,0.0,0.0,0.0,R,1960-02-16,ARG,male,114,0.0,,,0.0,
Wes Horskins,0,1,0.0,1982,1982,1,0.0,0.0,0.0,0.0,0.0,0.0,0.0,0.0,0.0,R,,AUS,male,1,0.0,,,0.0,
B Johnston,1,1,50.0,1969,1969,1,0.0,0.0,0.0,0.0,0.0,0.0,0.0,0.0,0.0,U,,RSA,male,2,0.0,,,0.0,
Jiri Granat,27,53,33.75,1972,1983,12,0.0,0.0,0.0,0.0,0.0,0.0,0.0,0.0,0.0,R,1955-01-28,CZE,male,80,0.0,,,0.0,
Greg Holmes,72,74,49.315,1974,1989,16,0.0,0.0,0.0,0.0,0.0,0.0,0.0,0.0,0.0,R,1963-08-29,USA,male,146,0.0,,,0.0,
Lew Gerrard,0,2,0.0,1968,1969,2,0.0,0.0,0.0,0.0,0.0,0.0,0.0,0.0,0.0,R,,NZL,male,2,0.0,,,0.0,
Lew Gerrard,0,2,0.0,1968,1969,2,0.0,0.0,0.0,0.0,0.0,0.0,0.0,0.0,0.0,,1938-04-05,NZL,male,2,0.0,,,0.0,
Danilo Petrovic,2,2,50.0,2020,2020,1,21.0,25.0,276.0,176.0,112.0,38.0,37.0,29.0,44.0,R,1992-01-24,SRB,male,4,22.0,59.459,65.909,11.0,9.058
B Akbari,0,1,0.0,1969,1969,1,0.0,0.0,0.0,0.0,0.0,0.0,0.0,0.0,0.0,U,,IRI,male,1,0.0,,,0.0,
Zoran Sevcenko,2,1,66.667,1996,1999,4,0.0,0.0,0.0,0.0,0.0,0.0,0.0,0.0,0.0,R,1969-12-21,MKD,male,3,0.0,,,0.0,
Torben Theine,0,5,0.0,1986,1994,9,4.0,1.0,135.0,98.0,51.0,14.0,19.0,8.0,18.0,L,1968-07-10,GER,male,5,9.0,47.368,44.444,3.6,0.741
Jim Ward,2,9,18.182,1971,1973,3,0.0,0.0,0.0,0.0,0.0,0.0,0.0,0.0,0.0,R,1949-07-28,USA,male,11,0.0,,,0.0,
Chris Guccione,45,65,40.909,2003,2014,12,314.0,1386.0,8076.0,4847.0,3806.0,1663.0,1271.0,364.0,537.0,L,1985-07-30,AUS,male,110,1098.0,86.389,67.784,4.882,17.162
Jim Osborne,57,64,47.107,1968,1982,15,0.0,0.0,0.0,0.0,0.0,0.0,0.0,0.0,0.0,R,1945-02-01,USA,male,121,0.0,,,0.0,
Younes El Aynaoui,258,213,54.777,1990,2010,21,1348.0,2902.0,34322.0,21234.0,15382.0,6528.0,5293.0,1755.0,2784.0,R,1971-09-12,MAR,male,471,4264.0,80.559,63.039,5.911,8.455
Alexander Sadecky,1,2,33.333,2010,2011,2,15.0,20.0,228.0,136.0,102.0,41.0,39.0,6.0,16.0,L,1987-07-06,SUI,male,3,29.0,74.359,37.5,5.333,8.772
Jeff Salzenstein,16,41,28.07,1995,2006,12,244.0,472.0,4545.0,2772.0,2030.0,803.0,693.0,278.0,441.0,L,1973-10-14,USA,male,57,530.0,76.479,63.039,7.737,10.385
Wayne Pascoe,7,14,33.333,1977,1981,5,0.0,0.0,0.0,0.0,0.0,0.0,0.0,0.0,0.0,R,,AUS,male,21,0.0,,,0.0,
Amit Naor,3,7,30.0,1985,1990,6,0.0,0.0,0.0,0.0,0.0,0.0,0.0,0.0,0.0,R,1967-07-25,ISR,male,10,0.0,,,0.0,
Israel Morales,2,2,50.0,2006,2006,1,0.0,0.0,0.0,0.0,0.0,0.0,0.0,0.0,0.0,R,1986-04-02,GUA,male,4,0.0,,,0.0,
Muhammad Khaliq Siddiq,12,9,57.143,1993,2009,17,0.0,0.0,0.0,0.0,0.0,0.0,0.0,0.0,0.0,U,1976-07-04,KUW,male,21,0.0,,,0.0,
Albert Ramos,223,247,47.447,2010,2021,12,1201.0,1625.0,36905.0,22806.0,15467.0,7283.0,5649.0,2070.0,3406.0,L,1988-01-17,ESP,male,470,4313.0,76.35,60.775,7.247,4.403
Lars Burgsmuller,79,141,35.909,1994,2007,14,831.0,844.0,17238.0,10115.0,6816.0,3420.0,2608.0,983.0,1737.0,R,1975-12-06,GER,male,220,1854.0,71.089,56.592,7.895,4.896
Bill Bartlett,0,2,0.0,1973,1976,4,0.0,0.0,0.0,0.0,0.0,0.0,0.0,0.0,0.0,R,1958-02-21,USA,male,2,0.0,,,0.0,
Paul Hearnden,2,2,50.0,1971,1972,2,0.0,0.0,0.0,0.0,0.0,0.0,0.0,0.0,0.0,U,,AUS,male,4,0.0,,,0.0,
Baris Erguden,0,1,0.0,2012,2012,1,0.0,0.0,0.0,0.0,0.0,0.0,0.0,0.0,0.0,R,1986-01-01,TUR,male,1,0.0,,,0.0,
Nicolas Mejia,0,1,0.0,2018,2018,1,1.0,3.0,49.0,34.0,21.0,7.0,10.0,0.0,4.0,R,2000-02-11,COL,male,1,6.0,60.0,0.0,4.0,6.122
Sunu Wahyu Trijati,3,8,27.273,2005,2015,11,0.0,0.0,0.0,0.0,0.0,0.0,0.0,0.0,0.0,R,1987-04-26,INA,male,11,0.0,,,0.0,
Miguel Oquendo,1,1,50.0,1968,1968,1,0.0,0.0,0.0,0.0,0.0,0.0,0.0,0.0,0.0,U,,UNK,male,2,0.0,,,0.0,
Bill Bennion,0,1,0.0,1973,1973,1,0.0,0.0,0.0,0.0,0.0,0.0,0.0,0.0,0.0,U,,USA,male,1,0.0,,,0.0,
Brian Vahaly,21,43,32.812,2002,2006,5,212.0,170.0,5066.0,3270.0,2098.0,924.0,777.0,279.0,493.0,R,1979-07-19,USA,male,64,563.0,72.458,56.592,7.703,3.356
Phil Davies,1,6,14.286,1978,1980,3,0.0,0.0,0.0,0.0,0.0,0.0,0.0,0.0,0.0,R,,AUS,male,7,0.0,,,0.0,
Toyokazu Tomogane,0,1,0.0,1981,1981,1,0.0,0.0,0.0,0.0,0.0,0.0,0.0,0.0,0.0,R,,JPN,male,1,0.0,,,0.0,
Hans Hach Verdugo,1,1,50.0,2016,2016,1,6.0,12.0,239.0,160.0,106.0,43.0,34.0,19.0,25.0,U,1989-11-11,MEX,male,2,28.0,82.353,76.0,12.5,5.021
Tasuku Iwami,1,3,25.0,2003,2005,3,11.0,16.0,256.0,145.0,96.0,48.0,37.0,23.0,34.0,L,1978-07-09,JPN,male,4,26.0,70.27,67.647,8.5,6.25
Steve Beeland,0,1,0.0,1970,1970,1,0.0,0.0,0.0,0.0,0.0,0.0,0.0,0.0,0.0,U,,USA,male,1,0.0,,,0.0,
Xavier Lawrence,0,1,0.0,2018,2018,1,4.0,0.0,49.0,31.0,17.0,6.0,7.0,7.0,11.0,,1998-12-22,BAR,male,1,3.0,42.857,63.636,11.0,0.0
Aleksandar Vukic,1,4,20.0,2018,2021,4,11.0,58.0,442.0,248.0,184.0,94.0,71.0,25.0,42.0,R,1996-04-06,AUS,male,5,54.0,76.056,59.524,8.4,13.122
Manuel Rodriguez,0,2,0.0,1983,1984,2,0.0,0.0,0.0,0.0,0.0,0.0,0.0,0.0,0.0,R,,CHI,male,2,0.0,,,0.0,
Ilya Belyaev,0,1,0.0,2010,2010,1,2.0,1.0,55.0,21.0,13.0,17.0,9.0,2.0,5.0,R,1990-08-09,RUS,male,1,6.0,66.667,40.0,5.0,1.818
Alfred Schwartz,1,1,50.0,1971,1971,1,0.0,0.0,0.0,0.0,0.0,0.0,0.0,0.0,0.0,,,USA,male,2,0.0,,,0.0,
Alfred Schwartz,1,1,50.0,1971,1971,1,0.0,0.0,0.0,0.0,0.0,0.0,0.0,0.0,0.0,U,,RSA,male,2,0.0,,,0.0,
Marcel Van Der Merwe,0,2,0.0,1984,1985,2,0.0,0.0,0.0,0.0,0.0,0.0,0.0,0.0,0.0,R,,RSA,male,2,0.0,,,0.0,
Magnus Norman,231,163,58.629,1995,2003,9,939.0,2243.0,29300.0,16993.0,12152.0,6168.0,4462.0,1608.0,2622.0,R,1976-05-30,SWE,male,394,3448.0,77.275,61.327,6.655,7.655
Carlos Gomez Herrera,0,1,0.0,2012,2012,1,6.0,5.0,89.0,61.0,38.0,15.0,15.0,7.0,11.0,R,1990-04-30,ESP,male,1,11.0,73.333,63.636,11.0,5.618
Elias Ymer,17,45,27.419,2013,2021,9,192.0,243.0,4845.0,2901.0,1979.0,913.0,739.0,279.0,485.0,R,1996-04-10,SWE,male,62,533.0,72.124,57.526,7.823,5.015
Florian Mayer,240,260,48.0,2004,2018,15,860.0,2000.0,35429.0,21876.0,15088.0,6781.0,5535.0,1861.0,3210.0,R,1983-10-05,GER,male,500,4186.0,75.628,57.975,6.42,5.645
Haseeb Aslam,6,2,75.0,1986,1988,3,0.0,0.0,0.0,0.0,0.0,0.0,0.0,0.0,0.0,R,,PAK,male,8,0.0,,,0.0,
Patrice Wiman,1,1,50.0,1970,1970,1,0.0,0.0,0.0,0.0,0.0,0.0,0.0,0.0,0.0,U,,USA,male,2,0.0,,,0.0,
M Lorenzo,1,1,50.0,1971,1971,1,0.0,0.0,0.0,0.0,0.0,0.0,0.0,0.0,0.0,U,,AUS,male,2,0.0,,,0.0,
Alex Metreveli,192,75,71.91,1968,1978,11,0.0,0.0,0.0,0.0,0.0,0.0,0.0,0.0,0.0,R,1944-11-02,RUS,male,267,0.0,,,0.0,
Simon Greul,43,71,37.719,2003,2011,9,367.0,422.0,8351.0,4725.0,3200.0,1806.0,1283.0,479.0,827.0,R,1981-04-13,GER,male,114,935.0,72.876,57.92,7.254,5.053
Yasitha De Silva,0,3,0.0,2018,2020,3,3.0,10.0,111.0,74.0,45.0,22.0,19.0,5.0,11.0,,1995-07-03,SRI,male,3,13.0,68.421,45.455,3.667,9.009
Pieter Soeters,1,1,50.0,1970,1970,1,0.0,0.0,0.0,0.0,0.0,0.0,0.0,0.0,0.0,U,1947-05-26,NED,male,2,0.0,,,0.0,
Luke Bourgeois,0,2,0.0,2005,2007,3,15.0,27.0,195.0,100.0,87.0,48.0,29.0,10.0,11.0,R,1977-03-03,AUS,male,2,28.0,96.552,90.909,5.5,13.846
R Pinchin,0,1,0.0,1970,1970,1,0.0,0.0,0.0,0.0,0.0,0.0,0.0,0.0,0.0,U,,GBR,male,1,0.0,,,0.0,
Thomas Chivington,0,1,0.0,1968,1968,1,0.0,0.0,0.0,0.0,0.0,0.0,0.0,0.0,0.0,U,,USA,male,1,0.0,,,0.0,
Marco Osorio,5,4,55.556,1997,2000,4,3.0,0.0,41.0,21.0,7.0,7.0,7.0,3.0,9.0,R,1972-04-01,MEX,male,9,1.0,14.286,33.333,1.0,0.0
Fernand Claude,0,3,0.0,1974,1981,8,0.0,0.0,0.0,0.0,0.0,0.0,0.0,0.0,0.0,U,1952-05-09,LUX,male,3,0.0,,,0.0,
Ulf Pettersson,0,1,0.0,1982,1982,1,0.0,0.0,0.0,0.0,0.0,0.0,0.0,0.0,0.0,R,,SWE,male,1,0.0,,,0.0,
Arne Georg Raabe,0,1,0.0,1990,1990,1,0.0,0.0,0.0,0.0,0.0,0.0,0.0,0.0,0.0,U,1969-10-27,NOR,male,1,0.0,,,0.0,
Jan Eric Lundquist,8,15,34.783,1968,1975,8,0.0,0.0,0.0,0.0,0.0,0.0,0.0,0.0,0.0,R,1937-04-14,SWE,male,23,0.0,,,0.0,
Modesto Tito Vazquez,12,26,31.579,1968,1979,12,0.0,0.0,0.0,0.0,0.0,0.0,0.0,0.0,0.0,R,1949-01-01,ESP,male,38,0.0,,,0.0,
Michael Yani,4,13,23.529,2006,2012,7,62.0,90.0,1423.0,852.0,571.0,282.0,211.0,76.0,128.0,R,1980-12-31,USA,male,17,159.0,75.355,59.375,7.529,6.325
Brad Gilbert,398,216,64.821,1981,1995,15,705.0,988.0,15307.0,8580.0,6165.0,3207.0,2305.0,874.0,1441.0,R,1961-08-09,USA,male,614,1738.0,75.401,60.652,2.347,6.455
Kevin Ullyett,19,30,38.776,1992,2004,13,220.0,201.0,3337.0,1886.0,1316.0,694.0,492.0,205.0,340.0,R,1972-05-23,ZIM,male,49,357.0,72.561,60.294,6.939,6.023
Dominic Pagon,0,1,0.0,2009,2009,1,0.0,0.0,0.0,0.0,0.0,0.0,0.0,0.0,0.0,L,1988-03-08,JAM,male,1,0.0,,,0.0,
Duy Bao Ta,0,2,0.0,1974,1974,1,0.0,0.0,0.0,0.0,0.0,0.0,0.0,0.0,0.0,U,,VIE,male,2,0.0,,,0.0,
Maurizio Bonaiti,0,3,0.0,1971,1973,3,0.0,0.0,0.0,0.0,0.0,0.0,0.0,0.0,0.0,R,,ITA,male,3,0.0,,,0.0,
Carlo Borea,0,1,0.0,1971,1971,1,0.0,0.0,0.0,0.0,0.0,0.0,0.0,0.0,0.0,U,1954-04-24,ITA,male,1,0.0,,,0.0,
Attila Balazs,27,20,57.447,2009,2021,13,149.0,111.0,2858.0,1662.0,1113.0,625.0,426.0,187.0,286.0,R,1988-09-27,HUN,male,47,327.0,76.761,65.385,6.085,3.884
Ashley Hewitt,5,1,83.333,1969,1969,1,0.0,0.0,0.0,0.0,0.0,0.0,0.0,0.0,0.0,R,1992-02-06,GBR,male,6,0.0,,,0.0,
Ruben Porges,2,1,66.667,1974,1974,1,0.0,0.0,0.0,0.0,0.0,0.0,0.0,0.0,0.0,U,,UNK,male,3,0.0,,,0.0,
Michele Pirro,0,3,0.0,1968,1969,2,0.0,0.0,0.0,0.0,0.0,0.0,0.0,0.0,0.0,U,,ITA,male,3,0.0,,,0.0,
Hervoje Eterovic,1,4,20.0,1987,1989,3,0.0,0.0,0.0,0.0,0.0,0.0,0.0,0.0,0.0,U,1966-01-15,BOL,male,5,0.0,,,0.0,
Mark Joffey,0,1,0.0,1974,1974,1,0.0,0.0,0.0,0.0,0.0,0.0,0.0,0.0,0.0,R,,USA,male,1,0.0,,,0.0,
Sarvar Ikramov,3,5,37.5,2004,2013,10,0.0,0.0,0.0,0.0,0.0,0.0,0.0,0.0,0.0,R,1985-01-10,UZB,male,8,0.0,,,0.0,
Richard Schmidt,1,12,7.692,1987,1993,7,17.0,12.0,355.0,227.0,141.0,67.0,55.0,25.0,41.0,R,1965-01-31,USA,male,13,39.0,70.909,60.976,3.154,3.38
M Marchment,0,1,0.0,1968,1968,1,0.0,0.0,0.0,0.0,0.0,0.0,0.0,0.0,0.0,R,,AUS,male,1,0.0,,,0.0,
Roy Barth,33,88,27.273,1968,1975,8,0.0,0.0,0.0,0.0,0.0,0.0,0.0,0.0,0.0,R,1947-03-30,USA,male,121,0.0,,,0.0,
Branislav Stankovic,7,17,29.167,1987,1992,6,15.0,19.0,457.0,295.0,210.0,68.0,69.0,28.0,46.0,R,1965-05-30,SVK,male,24,51.0,73.913,60.87,1.917,4.158
Michael Ryderstedt,8,17,32.0,2004,2012,9,47.0,128.0,1316.0,803.0,569.0,268.0,205.0,80.0,123.0,L,1984-11-12,SWE,male,25,162.0,79.024,65.041,4.92,9.726
Miles Maclagan,3,12,20.0,1993,2003,11,78.0,76.0,1240.0,749.0,529.0,193.0,175.0,66.0,117.0,R,1974-09-23,GBR,male,15,124.0,70.857,56.41,7.8,6.129
Peter Nagy,3,4,42.857,2015,2019,5,17.0,3.0,367.0,211.0,119.0,73.0,59.0,28.0,55.0,U,1992-03-17,HUN,male,7,32.0,54.237,50.909,7.857,0.817
Gabriel Flores Ruiz,1,4,20.0,2011,2015,5,0.0,0.0,0.0,0.0,0.0,0.0,0.0,0.0,0.0,U,1992-02-18,PUR,male,5,0.0,,,0.0,
J Bryant,0,1,0.0,1970,1970,1,0.0,0.0,0.0,0.0,0.0,0.0,0.0,0.0,0.0,U,,RSA,male,1,0.0,,,0.0,
Sergio Roitman,25,61,29.07,2000,2009,10,138.0,238.0,6231.0,3989.0,2547.0,1039.0,946.0,394.0,701.0,R,1979-05-16,ARG,male,86,639.0,67.548,56.205,8.151,3.82
Thomas Werner,0,1,0.0,1978,1978,1,0.0,0.0,0.0,0.0,0.0,0.0,0.0,0.0,0.0,R,1956-05-18,GER,male,1,0.0,,,0.0,
Jose Perdomo,0,1,0.0,2012,2012,1,0.0,0.0,0.0,0.0,0.0,0.0,0.0,0.0,0.0,R,1987-05-18,PUR,male,1,0.0,,,0.0,
Jean Paul Meyer,7,21,25.0,1968,1975,8,0.0,0.0,0.0,0.0,0.0,0.0,0.0,0.0,0.0,R,,FRA,male,28,0.0,,,0.0,
Jose Mandarino,22,38,36.667,1968,1976,9,0.0,0.0,0.0,0.0,0.0,0.0,0.0,0.0,0.0,R,1941-03-26,BRA,male,60,0.0,,,0.0,
Franco Belli,0,2,0.0,1969,1969,1,0.0,0.0,0.0,0.0,0.0,0.0,0.0,0.0,0.0,R,,ITA,male,2,0.0,,,0.0,
Juan Carlos Ayala,1,5,16.667,1980,1982,3,0.0,0.0,0.0,0.0,0.0,0.0,0.0,0.0,0.0,R,1961-06-18,CHI,male,6,0.0,,,0.0,
Renzo Furlan,192,209,47.88,1989,2003,15,612.0,984.0,26489.0,15736.0,10464.0,5289.0,4038.0,1500.0,2676.0,R,1970-05-17,ITA,male,401,2862.0,70.877,56.054,6.673,3.715
Vincent Spadea,294,336,46.667,1993,2010,18,1679.0,2202.0,48820.0,28228.0,19086.0,10495.0,7449.0,2868.0,4818.0,R,1974-07-19,USA,male,630,5499.0,73.822,59.527,7.648,4.51
Corrado Borroni,2,3,40.0,1995,1996,2,21.0,25.0,424.0,220.0,151.0,109.0,60.0,26.0,40.0,R,1973-05-06,ITA,male,5,46.0,76.667,65.0,8.0,5.896
Frank Sedgman,9,16,36.0,1970,1976,7,0.0,0.0,0.0,0.0,0.0,0.0,0.0,0.0,0.0,R,1927-10-02,AUS,male,25,0.0,,,0.0,
Christian Garay,3,2,60.0,2013,2015,3,0.0,0.0,0.0,0.0,0.0,0.0,0.0,0.0,0.0,U,1996-02-18,PUR,male,5,0.0,,,0.0,
Robert Brien,0,1,0.0,1969,1969,1,0.0,0.0,0.0,0.0,0.0,0.0,0.0,0.0,0.0,,,AUS,male,1,0.0,,,0.0,
Robert Brien,0,1,0.0,1969,1969,1,0.0,0.0,0.0,0.0,0.0,0.0,0.0,0.0,0.0,U,,AUS,male,1,0.0,,,0.0,
Laszlo Markovits,1,5,16.667,1987,1992,6,0.0,0.0,0.0,0.0,0.0,0.0,0.0,0.0,0.0,R,1970-04-04,HUN,male,6,0.0,,,0.0,
Arlo Elkins,0,1,0.0,1974,1974,1,0.0,0.0,0.0,0.0,0.0,0.0,0.0,0.0,0.0,U,,USA,male,1,0.0,,,0.0,
A Galbraith,1,1,50.0,1980,1980,1,0.0,0.0,0.0,0.0,0.0,0.0,0.0,0.0,0.0,U,,UNK,male,2,0.0,,,0.0,
Geoff Masters,189,190,49.868,1968,1981,14,0.0,0.0,0.0,0.0,0.0,0.0,0.0,0.0,0.0,R,1950-09-19,AUS,male,379,0.0,,,0.0,
Brian Baker,20,40,33.333,2002,2016,15,258.0,297.0,5195.0,3234.0,2235.0,950.0,795.0,260.0,460.0,R,1985-04-30,USA,male,60,595.0,74.843,56.522,7.667,5.717
J Drory Byrne,0,1,0.0,1970,1970,1,0.0,0.0,0.0,0.0,0.0,0.0,0.0,0.0,0.0,U,,,male,1,0.0,,,0.0,
Juan Monaco,339,265,56.126,2004,2017,14,1102.0,1278.0,43590.0,29599.0,19259.0,7349.0,6792.0,2268.0,4032.0,R,1984-03-29,ARG,male,604,5028.0,74.028,56.25,6.675,2.932
Oscar Serrano,6,13,31.579,1998,2003,6,59.0,27.0,1308.0,726.0,470.0,273.0,201.0,77.0,145.0,R,1978-05-25,ESP,male,19,133.0,66.169,53.103,7.632,2.064
Harry Turnbull,1,2,33.333,1973,1973,1,0.0,0.0,0.0,0.0,0.0,0.0,0.0,0.0,0.0,L,,AUS,male,3,0.0,,,0.0,
Carlos Avellan,9,8,52.941,2002,2009,8,0.0,0.0,0.0,0.0,0.0,0.0,0.0,0.0,0.0,R,1982-05-31,ECU,male,17,0.0,,,0.0,
Jonathan Leach,0,1,0.0,1994,1994,1,5.0,9.0,64.0,32.0,21.0,15.0,9.0,4.0,7.0,R,1973-04-18,USA,male,1,6.0,66.667,57.143,7.0,14.062
Alex Stepanek,2,9,18.182,1984,1986,3,0.0,0.0,0.0,0.0,0.0,0.0,0.0,0.0,0.0,R,1963-07-11,GER,male,11,0.0,,,0.0,
Peter Clarke,4,3,57.143,2000,2003,4,0.0,0.0,0.0,0.0,0.0,0.0,0.0,0.0,0.0,R,1979-07-08,IRL,male,7,0.0,,,0.0,
Romain Jouan,1,4,20.0,2008,2011,4,11.0,35.0,410.0,212.0,145.0,107.0,64.0,25.0,41.0,R,1985-07-16,FRA,male,5,48.0,75.0,60.976,8.2,8.537
Liang Chi Huang,6,1,85.714,2012,2016,5,2.0,14.0,225.0,149.0,115.0,47.0,40.0,10.0,15.0,R,1992-03-08,TPE,male,7,35.0,87.5,66.667,2.143,6.222
Kevin Jonckheer,0,1,0.0,2001,2001,1,0.0,0.0,0.0,0.0,0.0,0.0,0.0,0.0,0.0,U,1971-11-20,AHO,male,1,0.0,,,0.0,
Guillaume Raoux,132,176,42.857,1988,2000,13,880.0,1311.0,23421.0,12526.0,9045.0,5562.0,3538.0,1173.0,1980.0,R,1970-02-14,FRA,male,308,2731.0,77.191,59.242,6.429,5.598
Rafael Moreno,9,9,50.0,1989,1993,5,0.0,0.0,0.0,0.0,0.0,0.0,0.0,0.0,0.0,U,1960-07-16,DOM,male,18,0.0,,,0.0,
Roberto Quiroz,7,7,50.0,2012,2021,10,19.0,60.0,958.0,619.0,457.0,186.0,148.0,40.0,60.0,L,1992-02-23,ECU,male,14,128.0,86.486,66.667,4.286,6.263
Oliver Fernandez,9,14,39.13,1990,1994,5,64.0,19.0,1280.0,892.0,549.0,183.0,193.0,77.0,138.0,R,1972-12-07,MEX,male,23,132.0,68.394,55.797,6.0,1.484
David Cardoza,0,1,0.0,1999,1999,1,0.0,0.0,0.0,0.0,0.0,0.0,0.0,0.0,0.0,U,1977-10-08,HAI,male,1,0.0,,,0.0,
Pierre Jauffret,0,2,0.0,1968,1978,11,0.0,0.0,0.0,0.0,0.0,0.0,0.0,0.0,0.0,R,,FRA,male,2,0.0,,,0.0,
William Collins,1,1,50.0,1968,1968,1,0.0,0.0,0.0,0.0,0.0,0.0,0.0,0.0,0.0,R,,USA,male,2,0.0,,,0.0,
Pablo Carreno Busta,198,168,54.098,2011,2021,11,672.0,1491.0,28882.0,18644.0,12852.0,5273.0,4503.0,1536.0,2537.0,R,1991-07-12,ESP,male,366,3502.0,77.77,60.544,6.932,5.162
Omar Jasika,1,3,25.0,2014,2017,4,12.0,10.0,357.0,240.0,153.0,53.0,59.0,21.0,40.0,L,1997-05-18,AUS,male,4,40.0,67.797,52.5,10.0,2.801
Carlos Castellan,27,43,38.571,1980,1986,7,0.0,0.0,0.0,0.0,0.0,0.0,0.0,0.0,0.0,R,1962-02-08,ARG,male,70,0.0,,,0.0,
Paul Dogger,1,6,14.286,1988,1990,3,0.0,0.0,0.0,0.0,0.0,0.0,0.0,0.0,0.0,R,1971-07-04,NED,male,7,0.0,,,0.0,
Jack Waite,0,2,0.0,1996,1996,1,3.0,5.0,102.0,60.0,34.0,16.0,16.0,6.0,15.0,R,1969-05-01,USA,male,2,7.0,43.75,40.0,7.5,4.902
Andrea Arnaboldi,4,10,28.571,2014,2021,8,41.0,54.0,1235.0,717.0,469.0,256.0,182.0,88.0,143.0,L,1987-12-27,ITA,male,14,127.0,69.78,61.538,10.214,4.372
Gustav Fichardt,0,1,0.0,1988,1988,1,0.0,0.0,0.0,0.0,0.0,0.0,0.0,0.0,0.0,R,1965-07-07,RSA,male,1,0.0,,,0.0,
Bruno Capineri,0,2,0.0,1979,1980,2,0.0,0.0,0.0,0.0,0.0,0.0,0.0,0.0,0.0,R,,ITA,male,2,0.0,,,0.0,
Nader Abdul Ali,0,2,0.0,1990,1990,1,0.0,0.0,0.0,0.0,0.0,0.0,0.0,0.0,0.0,U,1973-07-14,BRN,male,2,0.0,,,0.0,
Bob Green,33,43,43.421,1984,1987,4,0.0,0.0,0.0,0.0,0.0,0.0,0.0,0.0,0.0,R,1960-03-25,USA,male,76,0.0,,,0.0,
Michael Mcclune,1,2,33.333,2007,2012,6,4.0,25.0,250.0,154.0,115.0,42.0,36.0,12.0,18.0,R,1989-08-22,USA,male,3,30.0,83.333,66.667,6.0,10.0
Ray Keldie,38,78,32.759,1968,1975,8,0.0,0.0,0.0,0.0,0.0,0.0,0.0,0.0,0.0,R,1946-01-17,AUS,male,116,0.0,,,0.0,
Hans Peter Kandler,7,20,25.926,1980,1987,8,0.0,0.0,0.0,0.0,0.0,0.0,0.0,0.0,0.0,R,1956-04-02,AUT,male,27,0.0,,,0.0,
Daniel Montes De Oca,0,5,0.0,1983,1990,8,0.0,0.0,0.0,0.0,0.0,0.0,0.0,0.0,0.0,R,1962-04-26,URU,male,5,0.0,,,0.0,
Jacques Hervet,0,1,0.0,1983,1983,1,0.0,0.0,0.0,0.0,0.0,0.0,0.0,0.0,0.0,R,1961-02-25,FRA,male,1,0.0,,,0.0,
Kevin Long,0,2,0.0,1969,1971,3,0.0,0.0,0.0,0.0,0.0,0.0,0.0,0.0,0.0,R,,USA,male,2,0.0,,,0.0,
Tom Kempers,1,6,14.286,1990,1997,8,34.0,45.0,624.0,382.0,288.0,96.0,88.0,39.0,55.0,R,1969-06-01,NED,male,7,72.0,81.818,70.909,7.857,7.212
Klaus Oberparleiter,1,0,100.0,1983,1983,1,0.0,0.0,0.0,0.0,0.0,0.0,0.0,0.0,0.0,R,,AUT,male,1,0.0,,,0.0,
G Irshai,0,1,0.0,1984,1984,1,0.0,0.0,0.0,0.0,0.0,0.0,0.0,0.0,0.0,R,,UNK,male,1,0.0,,,0.0,
Justin Oneal,0,1,0.0,2008,2008,1,3.0,7.0,88.0,57.0,42.0,11.0,12.0,4.0,7.0,R,1977-10-24,USA,male,1,9.0,75.0,57.143,7.0,7.955
Austin Krajicek,12,24,33.333,2008,2017,10,134.0,293.0,2888.0,1767.0,1281.0,550.0,446.0,127.0,224.0,L,1990-06-16,USA,male,36,349.0,78.251,56.696,6.222,10.145
Philip Henning,1,0,100.0,2019,2019,1,0.0,0.0,0.0,0.0,0.0,0.0,0.0,0.0,0.0,R,2000-11-10,RSA,male,1,0.0,,,0.0,
Bob Blazekovic,0,1,0.0,1985,1985,1,0.0,0.0,0.0,0.0,0.0,0.0,0.0,0.0,0.0,R,1960-05-26,USA,male,1,0.0,,,0.0,
Mushaf Zia,7,3,70.0,1985,1989,5,0.0,0.0,0.0,0.0,0.0,0.0,0.0,0.0,0.0,R,1965-01-23,PAK,male,10,0.0,,,0.0,
Alan Mackin,1,12,7.692,2002,2007,6,39.0,16.0,845.0,552.0,332.0,120.0,123.0,62.0,115.0,R,1981-08-11,GBR,male,13,70.0,56.911,53.913,8.846,1.893
Omar Awadhy,0,10,0.0,2001,2017,17,47.0,1.0,528.0,289.0,150.0,80.0,80.0,29.0,81.0,R,1982-01-16,UAE,male,10,28.0,35.0,35.802,8.1,0.189
A Simmons,0,1,0.0,1976,1976,1,0.0,0.0,0.0,0.0,0.0,0.0,0.0,0.0,0.0,U,,USA,male,1,0.0,,,0.0,
Cedric Mason,0,2,0.0,1972,1972,1,0.0,0.0,0.0,0.0,0.0,0.0,0.0,0.0,0.0,U,,AUS,male,2,0.0,,,0.0,
Nicklas Timfjord,0,3,0.0,1997,2000,4,8.0,5.0,222.0,127.0,72.0,41.0,29.0,25.0,38.0,R,1977-03-18,SWE,male,3,16.0,55.172,65.789,12.667,2.252
Larry Parker,1,3,25.0,1970,1974,5,0.0,0.0,0.0,0.0,0.0,0.0,0.0,0.0,0.0,R,1949-10-23,USA,male,4,0.0,,,0.0,
Allen Shapter,0,1,0.0,1970,1970,1,0.0,0.0,0.0,0.0,0.0,0.0,0.0,0.0,0.0,R,1941-11-05,AUS,male,1,0.0,,,0.0,
Jordi Burillo,92,125,42.396,1990,1998,9,784.0,1219.0,15854.0,8344.0,5987.0,3439.0,2414.0,873.0,1563.0,R,1972-12-07,ESP,male,217,1724.0,71.417,55.854,7.203,7.689
John Molin,0,1,0.0,1979,1979,1,0.0,0.0,0.0,0.0,0.0,0.0,0.0,0.0,0.0,R,,USA,male,1,0.0,,,0.0,
Takeshi Koura,2,6,25.0,1971,1973,3,0.0,0.0,0.0,0.0,0.0,0.0,0.0,0.0,0.0,R,,JPN,male,8,0.0,,,0.0,
Yves Allegro,4,10,28.571,2001,2008,8,68.0,68.0,854.0,462.0,335.0,186.0,128.0,57.0,89.0,R,1978-08-24,SUI,male,14,96.0,75.0,64.045,6.357,7.963
Andrew Kratzmann,0,2,0.0,1992,1994,3,5.0,13.0,274.0,157.0,108.0,51.0,34.0,21.0,31.0,R,1971-11-03,AUS,male,2,24.0,70.588,67.742,15.5,4.745
Diego Camacho,0,2,0.0,2000,2008,9,0.0,0.0,0.0,0.0,0.0,0.0,0.0,0.0,0.0,U,1983-05-21,BOL,male,2,0.0,,,0.0,
Givi Samkharadze,1,3,25.0,1997,1998,2,0.0,0.0,0.0,0.0,0.0,0.0,0.0,0.0,0.0,U,1979-01-29,GEO,male,4,0.0,,,0.0,
Larry Gottfried,5,12,29.412,1975,1978,4,0.0,0.0,0.0,0.0,0.0,0.0,0.0,0.0,0.0,R,1959-12-08,USA,male,17,0.0,,,0.0,
Reinhard Wawra,0,1,0.0,1991,1991,1,2.0,5.0,73.0,43.0,30.0,13.0,10.0,6.0,10.0,R,1973-02-07,AUT,male,1,6.0,60.0,60.0,10.0,6.849
Ellis Ferreira,4,8,33.333,1992,1995,4,81.0,64.0,1129.0,644.0,458.0,190.0,156.0,66.0,109.0,L,1970-02-19,RSA,male,12,113.0,72.436,60.55,9.083,5.669
Di Lin,0,2,0.0,1990,1990,1,0.0,0.0,0.0,0.0,0.0,0.0,0.0,0.0,0.0,R,,CHN,male,2,0.0,,,0.0,
Jason Jung,8,18,30.769,2017,2021,5,62.0,86.0,1925.0,1276.0,827.0,333.0,296.0,106.0,183.0,R,1989-06-15,TPE,male,26,219.0,73.986,57.923,7.038,4.468
Supoj Meesawad,0,4,0.0,1979,1983,5,0.0,0.0,0.0,0.0,0.0,0.0,0.0,0.0,0.0,R,,THA,male,4,0.0,,,0.0,
Henri Kontinen,6,5,54.545,2008,2011,4,12.0,19.0,233.0,135.0,93.0,43.0,36.0,17.0,28.0,R,1990-06-19,FIN,male,11,25.0,69.444,60.714,2.545,8.155
Mark Draper,1,4,20.0,1998,1999,2,22.0,31.0,430.0,260.0,175.0,72.0,63.0,17.0,41.0,R,1971-02-11,AUS,male,5,39.0,61.905,41.463,8.2,7.209
Ivan Vajda,0,3,0.0,2000,2001,2,11.0,2.0,97.0,55.0,29.0,17.0,18.0,2.0,11.0,R,1978-09-04,CRO,male,3,9.0,50.0,18.182,3.667,2.062
Ivano Cappelloni,0,1,0.0,1988,1988,1,0.0,0.0,0.0,0.0,0.0,0.0,0.0,0.0,0.0,R,,ITA,male,1,0.0,,,0.0,
Niko Karagiannis,0,1,0.0,2002,2002,1,0.0,0.0,0.0,0.0,0.0,0.0,0.0,0.0,0.0,R,1974-07-07,GRE,male,1,0.0,,,0.0,
Marton Fucsovics,83,82,50.303,2010,2021,12,520.0,662.0,12762.0,7238.0,5033.0,2800.0,1966.0,723.0,1205.0,R,1992-02-08,HUN,male,165,1484.0,75.483,60.0,7.303,5.187
R G Moore,0,1,0.0,1970,1970,1,0.0,0.0,0.0,0.0,0.0,0.0,0.0,0.0,0.0,U,,GBR,male,1,0.0,,,0.0,
Byron Talbot,1,5,16.667,1988,1989,2,0.0,0.0,0.0,0.0,0.0,0.0,0.0,0.0,0.0,R,1964-09-15,RSA,male,6,0.0,,,0.0,
Paul Annacone,105,97,51.98,1982,1992,11,49.0,55.0,773.0,435.0,304.0,163.0,110.0,55.0,82.0,R,1963-03-20,USA,male,202,83.0,75.455,67.073,0.406,7.115
Marc Andrea Huesler,6,6,50.0,2018,2020,3,41.0,115.0,996.0,581.0,425.0,219.0,150.0,55.0,82.0,U,1996-06-24,SUI,male,12,123.0,82.0,67.073,6.833,11.546
Rudolf Molleker,4,9,30.769,2017,2019,3,53.0,106.0,1154.0,692.0,475.0,232.0,170.0,62.0,101.0,R,2000-10-26,GER,male,13,131.0,77.059,61.386,7.769,9.185
Karlis Lejnieks,1,5,16.667,2006,2010,5,7.0,17.0,184.0,117.0,77.0,27.0,24.0,12.0,19.0,R,1988-03-16,LAT,male,6,17.0,70.833,63.158,3.167,9.239
Tomas Fort,0,1,0.0,1973,1973,1,0.0,0.0,0.0,0.0,0.0,0.0,0.0,0.0,0.0,R,,RUS,male,1,0.0,,,0.0,
Brian Millar,0,2,0.0,1980,1980,1,0.0,0.0,0.0,0.0,0.0,0.0,0.0,0.0,0.0,R,,CAN,male,2,0.0,,,0.0,
Nick Brown,10,15,40.0,1980,1991,12,29.0,27.0,495.0,325.0,227.0,83.0,76.0,29.0,45.0,R,1961-09-03,GBR,male,25,60.0,78.947,64.444,1.8,5.455
Guido Pella,113,123,47.881,2012,2021,10,564.0,1225.0,20039.0,13019.0,9014.0,3638.0,3119.0,1140.0,1823.0,L,1990-05-17,ARG,male,236,2436.0,78.102,62.534,7.725,6.113
Miles Walker,0,1,0.0,1989,1989,1,0.0,0.0,0.0,0.0,0.0,0.0,0.0,0.0,0.0,R,1961-07-24,USA,male,1,0.0,,,0.0,
Richard Bray,0,1,0.0,1969,1969,1,0.0,0.0,0.0,0.0,0.0,0.0,0.0,0.0,0.0,U,,USA,male,1,0.0,,,0.0,
Bonit Wiryawan,3,5,37.5,1991,1997,7,5.0,2.0,144.0,92.0,44.0,16.0,15.0,21.0,34.0,R,1968-02-10,INA,male,8,2.0,13.333,61.765,4.25,1.389
Jon Hainline,1,3,25.0,1969,1972,4,0.0,0.0,0.0,0.0,0.0,0.0,0.0,0.0,0.0,R,1948-04-13,USA,male,4,0.0,,,0.0,
Oliver Golding,0,3,0.0,2011,2012,2,30.0,31.0,304.0,199.0,150.0,41.0,42.0,14.0,21.0,R,1993-09-29,GBR,male,3,35.0,83.333,66.667,7.0,10.197
Heath Denman,1,5,16.667,1991,1996,6,27.0,33.0,605.0,341.0,224.0,117.0,79.0,41.0,67.0,R,1971-01-17,AUS,male,6,53.0,67.089,61.194,11.167,5.455
Corey Wittenberg,0,1,0.0,1984,1984,1,0.0,0.0,0.0,0.0,0.0,0.0,0.0,0.0,0.0,R,,USA,male,1,0.0,,,0.0,
Liam Broady,4,10,28.571,2012,2020,9,38.0,57.0,1217.0,743.0,476.0,223.0,179.0,73.0,130.0,L,1994-01-04,GBR,male,14,122.0,68.156,56.154,9.286,4.684
Alejandro Olmedo,39,41,48.75,1968,1977,10,0.0,0.0,0.0,0.0,0.0,0.0,0.0,0.0,0.0,R,1936-03-24,PER,male,80,0.0,,,0.0,
Karl Hale,1,8,11.111,1986,1998,13,0.0,0.0,0.0,0.0,0.0,0.0,0.0,0.0,0.0,R,1967-08-29,JAM,male,9,0.0,,,0.0,
Kojo Atiso,5,7,41.667,1989,1995,7,0.0,0.0,0.0,0.0,0.0,0.0,0.0,0.0,0.0,U,1966-11-15,GHA,male,12,0.0,,,0.0,
Rafael Eduardo Gonzalez Retana,0,1,0.0,2018,2018,1,10.0,0.0,52.0,29.0,16.0,7.0,7.0,1.0,6.0,R,2000-01-26,ESA,male,1,2.0,28.571,16.667,6.0,0.0
Peter Luczak,41,89,31.538,2003,2011,9,321.0,639.0,9823.0,6119.0,4179.0,1846.0,1484.0,567.0,931.0,R,1979-08-31,AUS,male,130,1120.0,75.472,60.902,7.162,6.505
Vaclav Roubicek,4,11,26.667,1987,1995,9,31.0,20.0,617.0,364.0,217.0,112.0,96.0,40.0,83.0,R,1967-12-13,CZE,male,15,53.0,55.208,48.193,5.533,3.241
Juan Enrique Crosa,0,3,0.0,2001,2012,12,0.0,0.0,0.0,0.0,0.0,0.0,0.0,0.0,0.0,R,1983-10-16,PAR,male,3,0.0,,,0.0,
Hubert Hurkacz,54,56,49.091,2016,2021,6,380.0,827.0,9111.0,5726.0,4149.0,1666.0,1406.0,479.0,763.0,R,1997-02-11,POL,male,110,1122.0,79.801,62.779,6.936,9.077
Gordon Birt,0,2,0.0,1971,1971,1,0.0,0.0,0.0,0.0,0.0,0.0,0.0,0.0,0.0,U,1944-07-07,RSA,male,2,0.0,,,0.0,
Peter Doerner,13,26,33.333,1969,1975,7,0.0,0.0,0.0,0.0,0.0,0.0,0.0,0.0,0.0,R,1950-11-17,AUS,male,39,0.0,,,0.0,
Richey Reneberg,257,213,54.681,1986,2000,15,912.0,1496.0,26231.0,14610.0,10393.0,5864.0,4011.0,1411.0,2371.0,R,1965-10-05,USA,male,470,3051.0,76.066,59.511,5.045,5.703
Daniel Evans,78,83,48.447,2008,2021,14,467.0,700.0,12673.0,7714.0,5424.0,2505.0,1949.0,696.0,1141.0,R,1990-05-23,GBR,male,161,1504.0,77.168,60.999,7.087,5.524
Jordi Arrese,225,200,52.941,1983,1996,14,483.0,239.0,17928.0,12960.0,8013.0,2399.0,2722.0,1085.0,1949.0,R,1964-08-29,ESP,male,425,1858.0,68.259,55.67,4.586,1.333
Juan Lorenzo Gonzalez,1,0,100.0,2006,2006,1,0.0,0.0,0.0,0.0,0.0,0.0,0.0,0.0,0.0,U,1974-07-29,PAR,male,1,0.0,,,0.0,
Peter Wright,2,6,25.0,1987,1993,7,0.0,0.0,0.0,0.0,0.0,0.0,0.0,0.0,0.0,R,1963-12-08,USA,male,8,0.0,,,0.0,
Geoffrey Olsson,0,1,0.0,1972,1972,1,0.0,0.0,0.0,0.0,0.0,0.0,0.0,0.0,0.0,U,,AUS,male,1,0.0,,,0.0,
Phillip Harboe,0,1,0.0,2005,2005,1,2.0,3.0,90.0,56.0,36.0,17.0,13.0,6.0,10.0,R,1982-07-20,CHI,male,1,9.0,69.231,60.0,10.0,3.333
Marcus Kramer,0,1,0.0,1973,1973,1,0.0,0.0,0.0,0.0,0.0,0.0,0.0,0.0,0.0,R,,USA,male,1,0.0,,,0.0,
Scott Melville,5,4,55.556,1988,1991,4,6.0,6.0,114.0,59.0,36.0,29.0,17.0,3.0,9.0,R,1966-08-04,USA,male,9,11.0,64.706,33.333,1.0,5.263
Gary Plock,0,3,0.0,1976,1978,3,0.0,0.0,0.0,0.0,0.0,0.0,0.0,0.0,0.0,R,1955-12-21,USA,male,3,0.0,,,0.0,
Tertius Reynders,0,1,0.0,1989,1989,1,0.0,0.0,0.0,0.0,0.0,0.0,0.0,0.0,0.0,R,1966-07-25,RSA,male,1,0.0,,,0.0,
Adriano Panatta,360,191,65.336,1968,1983,16,0.0,0.0,0.0,0.0,0.0,0.0,0.0,0.0,0.0,R,1950-07-09,ITA,male,551,0.0,,,0.0,
Marius Masencamp,0,1,0.0,1988,1988,1,0.0,0.0,0.0,0.0,0.0,0.0,0.0,0.0,0.0,R,1966-09-06,RSA,male,1,0.0,,,0.0,
Yavuz Erkangil,3,11,21.429,1984,1991,8,0.0,0.0,0.0,0.0,0.0,0.0,0.0,0.0,0.0,R,1967-03-02,TUR,male,14,0.0,,,0.0,
H Brenner,0,1,0.0,1973,1973,1,0.0,0.0,0.0,0.0,0.0,0.0,0.0,0.0,0.0,R,,GER,male,1,0.0,,,0.0,
Palaphoom Kovapitukted,2,2,50.0,2018,2019,2,6.0,3.0,154.0,91.0,55.0,35.0,28.0,1.0,10.0,U,1999-12-05,THA,male,4,19.0,67.857,10.0,2.5,1.948
Zhao Xie,1,3,25.0,1979,1985,7,0.0,0.0,0.0,0.0,0.0,0.0,0.0,0.0,0.0,R,,CHN,male,4,0.0,,,0.0,
Adrian Ungur,17,40,29.825,2010,2018,9,156.0,108.0,3265.0,1995.0,1298.0,596.0,493.0,196.0,354.0,R,1985-01-25,ROU,male,57,335.0,67.951,55.367,6.211,3.308
Rafael Ruiz,4,8,33.333,1968,1977,10,0.0,0.0,0.0,0.0,0.0,0.0,0.0,0.0,0.0,R,,ESP,male,12,0.0,,,0.0,
Uladzimir Ignatik,14,14,50.0,2008,2015,8,5.0,4.0,60.0,40.0,26.0,9.0,10.0,3.0,6.0,R,1990-07-14,BLR,male,28,7.0,70.0,50.0,0.214,6.667
Tony Roche,233,95,71.037,1968,1980,13,0.0,0.0,0.0,0.0,0.0,0.0,0.0,0.0,0.0,L,1945-05-17,AUS,male,328,0.0,,,0.0,
Davn Santiago,0,1,0.0,1980,1980,1,0.0,0.0,0.0,0.0,0.0,0.0,0.0,0.0,0.0,R,,ARG,male,1,0.0,,,0.0,
Luis Lobo,2,3,40.0,1994,1997,4,17.0,3.0,289.0,200.0,131.0,44.0,44.0,18.0,27.0,R,1970-11-09,ARG,male,5,35.0,79.545,66.667,5.4,1.038
Ivan Molina,140,169,45.307,1968,1980,13,0.0,0.0,0.0,0.0,0.0,0.0,0.0,0.0,0.0,L,1946-06-16,COL,male,309,0.0,,,0.0,
Greg Perkins,9,18,33.333,1968,1974,7,0.0,0.0,0.0,0.0,0.0,0.0,0.0,0.0,0.0,R,,AUS,male,27,0.0,,,0.0,
Greg Perkins,9,18,33.333,1968,1974,7,0.0,0.0,0.0,0.0,0.0,0.0,0.0,0.0,0.0,R,,AUS,male,27,0.0,,,0.0,
Narendra Singh,0,1,0.0,1974,1974,1,0.0,0.0,0.0,0.0,0.0,0.0,0.0,0.0,0.0,U,1947-04-21,IND,male,1,0.0,,,0.0,
Hansjorg Elzer,1,5,16.667,1970,1970,1,0.0,0.0,0.0,0.0,0.0,0.0,0.0,0.0,0.0,U,,GER,male,6,0.0,,,0.0,
Bill Mcdonnell,0,1,0.0,1969,1969,1,0.0,0.0,0.0,0.0,0.0,0.0,0.0,0.0,0.0,U,,CAN,male,1,0.0,,,0.0,
Branko Horvat,1,2,33.333,1981,1984,4,0.0,0.0,0.0,0.0,0.0,0.0,0.0,0.0,0.0,R,,CRO,male,3,0.0,,,0.0,
Patrizio Parrini,0,8,0.0,1978,1984,7,0.0,0.0,0.0,0.0,0.0,0.0,0.0,0.0,0.0,R,1959-09-05,ITA,male,8,0.0,,,0.0,
Nikola Gnjatovic,0,2,0.0,1999,1999,1,0.0,0.0,0.0,0.0,0.0,0.0,0.0,0.0,0.0,R,1979-09-15,SRB,male,2,0.0,,,0.0,
Charles Darley,0,1,0.0,1971,1971,1,0.0,0.0,0.0,0.0,0.0,0.0,0.0,0.0,0.0,U,1946-06-13,USA,male,1,0.0,,,0.0,
Thomas Drouet,0,1,0.0,2005,2005,1,0.0,0.0,0.0,0.0,0.0,0.0,0.0,0.0,0.0,R,1983-05-17,MON,male,1,0.0,,,0.0,
James Schor,0,1,0.0,1989,1989,1,0.0,0.0,0.0,0.0,0.0,0.0,0.0,0.0,0.0,R,1965-10-14,USA,male,1,0.0,,,0.0,
Mauricio Hadad,66,53,55.462,1990,2001,12,216.0,126.0,7115.0,4481.0,2805.0,1287.0,1070.0,428.0,763.0,R,1971-12-07,COL,male,119,735.0,68.692,56.094,6.412,1.771
Andy Zingman,1,3,25.0,1996,1999,4,4.0,2.0,307.0,190.0,126.0,54.0,51.0,13.0,29.0,R,1974-06-16,ARG,male,4,35.0,68.627,44.828,7.25,0.651
Jose Hernandez,10,15,40.0,2006,2020,15,18.0,20.0,539.0,378.0,246.0,76.0,82.0,25.0,48.0,U,1990-03-13,DOM,male,25,59.0,71.951,52.083,1.92,3.711
Cecil Mamiit,57,105,35.185,1996,2011,16,399.0,454.0,11356.0,6580.0,4371.0,2293.0,1732.0,709.0,1250.0,R,1976-06-27,PHI,male,162,1191.0,68.764,56.72,7.716,3.998
Jose Manuel Villota,0,1,0.0,1971,1971,1,0.0,0.0,0.0,0.0,0.0,0.0,0.0,0.0,0.0,U,,ESP,male,1,0.0,,,0.0,
Amer Naow,0,1,0.0,2020,2020,1,0.0,0.0,0.0,0.0,0.0,0.0,0.0,0.0,0.0,R,1995-01-01,SYR,male,1,0.0,,,0.0,
A Fine,0,1,0.0,1970,1970,1,0.0,0.0,0.0,0.0,0.0,0.0,0.0,0.0,0.0,U,,GBR,male,1,0.0,,,0.0,
Komlavi Loglo,0,1,0.0,2008,2008,1,0.0,1.0,44.0,29.0,17.0,9.0,8.0,1.0,4.0,R,1984-12-30,TOG,male,1,5.0,62.5,25.0,4.0,2.273
Fernando Roese,20,40,33.333,1982,1993,12,111.0,95.0,2520.0,1476.0,951.0,499.0,383.0,152.0,277.0,R,1965-08-24,BRA,male,60,258.0,67.363,54.874,4.617,3.77
Sharmal Dissanayake,3,6,33.333,2014,2020,7,16.0,13.0,329.0,215.0,131.0,46.0,46.0,27.0,45.0,R,1996-05-14,SRI,male,9,28.0,60.87,60.0,5.0,3.951
Mark Hilton,1,4,20.0,2001,2005,5,33.0,17.0,401.0,241.0,161.0,75.0,63.0,28.0,46.0,L,1981-04-20,GBR,male,5,45.0,71.429,60.87,9.2,4.239
Victor Palman,0,1,0.0,1970,1970,1,0.0,0.0,0.0,0.0,0.0,0.0,0.0,0.0,0.0,U,,RUS,male,1,0.0,,,0.0,
Jimmy Connors,892,212,80.797,1969,1996,28,179.0,128.0,5945.0,3875.0,2445.0,1041.0,889.0,363.0,620.0,L,1952-09-02,USA,male,1104,632.0,71.091,58.548,0.562,2.153
Vittaya Samrej,2,3,40.0,1986,1997,12,0.0,0.0,0.0,0.0,0.0,0.0,0.0,0.0,0.0,U,1964-02-18,THA,male,5,0.0,,,0.0,
David Caballero,1,1,50.0,1997,1997,1,4.0,2.0,108.0,70.0,47.0,10.0,17.0,6.0,13.0,R,1974-11-14,ESP,male,2,10.0,58.824,46.154,6.5,1.852
Dan Rastland,0,1,0.0,1976,1976,1,0.0,0.0,0.0,0.0,0.0,0.0,0.0,0.0,0.0,R,,SWE,male,1,0.0,,,0.0,
Dan Rastland,0,1,0.0,1976,1976,1,0.0,0.0,0.0,0.0,0.0,0.0,0.0,0.0,0.0,U,1956-07-16,SWE,male,1,0.0,,,0.0,
Marco Chiudinelli,49,95,34.028,2003,2017,15,374.0,541.0,10806.0,6469.0,4529.0,2182.0,1643.0,568.0,947.0,R,1981-09-10,SUI,male,144,1264.0,76.932,59.979,6.576,5.006
Nicola Pietrangeli,42,32,56.757,1968,1973,6,0.0,0.0,0.0,0.0,0.0,0.0,0.0,0.0,0.0,R,1933-09-11,ITA,male,74,0.0,,,0.0,
Dirk Leppen,0,3,0.0,1989,1990,2,0.0,0.0,0.0,0.0,0.0,0.0,0.0,0.0,0.0,R,1966-08-23,GER,male,3,0.0,,,0.0,
Dimitru Haradau,7,12,36.842,1974,1980,7,0.0,0.0,0.0,0.0,0.0,0.0,0.0,0.0,0.0,R,,ROU,male,19,0.0,,,0.0,
Rob Cadwaller,0,1,0.0,1971,1971,1,0.0,0.0,0.0,0.0,0.0,0.0,0.0,0.0,0.0,U,,UNK,male,1,0.0,,,0.0,
Brian Fairlie,174,163,51.632,1968,1979,12,0.0,0.0,0.0,0.0,0.0,0.0,0.0,0.0,0.0,R,1948-06-13,NZL,male,337,0.0,,,0.0,
Jean Philippe Fleurian,93,138,40.26,1985,1997,13,368.0,411.0,10380.0,6194.0,4103.0,2028.0,1530.0,623.0,1057.0,R,1965-09-11,FRA,male,231,1096.0,71.634,58.94,4.576,3.96
Stephen Temple,0,1,0.0,1978,1978,1,0.0,0.0,0.0,0.0,0.0,0.0,0.0,0.0,0.0,L,1953-12-18,NZL,male,1,0.0,,,0.0,
Ross Mcghie,0,3,0.0,1971,1973,3,0.0,0.0,0.0,0.0,0.0,0.0,0.0,0.0,0.0,U,,UNK,male,3,0.0,,,0.0,
Shinichi Sakamoto,3,10,23.077,1978,1984,7,0.0,0.0,0.0,0.0,0.0,0.0,0.0,0.0,0.0,R,,JPN,male,13,0.0,,,0.0,
Brian Gottfried,495,236,67.715,1970,1984,15,0.0,0.0,0.0,0.0,0.0,0.0,0.0,0.0,0.0,R,1952-01-27,USA,male,731,0.0,,,0.0,
Mike Brown,2,2,50.0,1989,1989,1,0.0,0.0,0.0,0.0,0.0,0.0,0.0,0.0,0.0,R,1968-12-08,USA,male,4,0.0,,,0.0,
Ugo Humbert,44,39,53.012,2018,2021,4,250.0,651.0,7048.0,4317.0,3230.0,1423.0,1113.0,343.0,530.0,L,1998-06-26,FRA,male,83,926.0,83.199,64.717,6.386,9.237
Bassam Beidas,5,0,100.0,2012,2013,2,0.0,0.0,0.0,0.0,0.0,0.0,0.0,0.0,0.0,R,1988-12-26,LIB,male,5,0.0,,,0.0,
Sunil Kumar,0,1,0.0,2000,2000,1,3.0,2.0,62.0,32.0,22.0,16.0,10.0,1.0,4.0,R,1983-04-04,IND,male,1,7.0,70.0,25.0,4.0,3.226
Eduardo Struvay,0,3,0.0,2013,2017,5,20.0,18.0,189.0,105.0,71.0,27.0,32.0,10.0,25.0,R,1990-12-17,COL,male,3,17.0,53.125,40.0,8.333,9.524
U Zollner,0,1,0.0,1970,1970,1,0.0,0.0,0.0,0.0,0.0,0.0,0.0,0.0,0.0,U,,UNK,male,1,0.0,,,0.0,
Helder Lopes,1,3,25.0,2002,2003,2,4.0,5.0,79.0,31.0,18.0,20.0,12.0,9.0,16.0,R,1977-08-07,POR,male,4,5.0,41.667,56.25,4.0,6.329
Oliver Freund,0,1,0.0,1984,1984,1,0.0,0.0,0.0,0.0,0.0,0.0,0.0,0.0,0.0,R,1962-11-07,GER,male,1,0.0,,,0.0,
Denis Naegelen,17,24,41.463,1973,1982,10,0.0,0.0,0.0,0.0,0.0,0.0,0.0,0.0,0.0,R,1952-03-14,FRA,male,41,0.0,,,0.0,
Alex Witt,0,1,0.0,2000,2000,1,4.0,8.0,97.0,50.0,32.0,26.0,14.0,5.0,8.0,R,1976-03-21,USA,male,1,11.0,78.571,62.5,8.0,8.247
Moataz El Sonbol,2,3,40.0,1969,1971,3,0.0,0.0,0.0,0.0,0.0,0.0,0.0,0.0,0.0,U,1936-12-24,EGY,male,5,0.0,,,0.0,
Isak Arvidsson,1,8,11.111,2013,2017,5,35.0,38.0,511.0,277.0,182.0,103.0,74.0,41.0,68.0,R,1992-08-06,SWE,male,9,47.0,63.514,60.294,7.556,7.436
Luke Milligan,5,7,41.667,1996,2001,6,48.0,46.0,1056.0,654.0,427.0,149.0,142.0,65.0,116.0,R,1976-08-06,GBR,male,12,91.0,64.085,56.034,9.667,4.356
Mostafa Saleh,2,1,66.667,1973,1993,21,0.0,0.0,0.0,0.0,0.0,0.0,0.0,0.0,0.0,R,1962-12-09,IRI,male,3,0.0,,,0.0,
Marcello Craca,11,23,32.353,1997,2002,6,82.0,80.0,2543.0,1635.0,999.0,453.0,395.0,142.0,278.0,R,1974-10-27,GER,male,34,259.0,65.57,51.079,8.176,3.146
Martin Sayer,5,3,62.5,2008,2011,4,0.0,0.0,0.0,0.0,0.0,0.0,0.0,0.0,0.0,R,1987-06-20,HKG,male,8,0.0,,,0.0,
Waldemar Timm,0,1,0.0,1971,1971,1,0.0,0.0,0.0,0.0,0.0,0.0,0.0,0.0,0.0,U,1946-11-04,GER,male,1,0.0,,,0.0,
Wayne Arthurs,131,156,45.645,1996,2007,12,1392.0,4223.0,22869.0,12726.0,10333.0,5529.0,3654.0,896.0,1328.0,L,1971-03-18,AUS,male,287,3222.0,88.177,67.47,4.627,18.466
Glenn Michibata,59,98,37.58,1979,1992,14,35.0,28.0,772.0,453.0,317.0,166.0,124.0,37.0,67.0,R,1962-06-13,CAN,male,157,94.0,75.806,55.224,0.427,3.627
Jesus Colas,2,8,20.0,1985,1989,5,0.0,0.0,0.0,0.0,0.0,0.0,0.0,0.0,0.0,R,1961-11-11,ESP,male,10,0.0,,,0.0,
Patrick Boza,0,1,0.0,2001,2001,1,0.0,0.0,0.0,0.0,0.0,0.0,0.0,0.0,0.0,U,1978-02-17,PER,male,1,0.0,,,0.0,
Filippo Baldi,0,3,0.0,2018,2019,2,10.0,13.0,221.0,140.0,89.0,45.0,35.0,16.0,25.0,R,1996-01-10,ITA,male,3,26.0,74.286,64.0,8.333,5.882
Rodrigo Gabriel,0,2,0.0,2001,2002,2,0.0,0.0,0.0,0.0,0.0,0.0,0.0,0.0,0.0,U,1983-12-10,GUA,male,2,0.0,,,0.0,
Bruno Dadillon,2,4,33.333,1983,1986,4,0.0,0.0,0.0,0.0,0.0,0.0,0.0,0.0,0.0,R,1964-02-09,FRA,male,6,0.0,,,0.0,
Arjun Kadhe,0,3,0.0,2018,2020,3,8.0,14.0,223.0,145.0,91.0,36.0,31.0,20.0,30.0,R,1994-01-07,IND,male,3,21.0,67.742,66.667,10.0,6.278
Tristan Lamasine,3,6,33.333,2016,2021,6,23.0,28.0,685.0,436.0,278.0,129.0,102.0,45.0,74.0,R,1993-03-05,FRA,male,9,73.0,71.569,60.811,8.222,4.088
Khumoun Sultanov,1,1,50.0,2018,2019,2,3.0,8.0,46.0,25.0,20.0,12.0,8.0,4.0,5.0,U,1998-10-27,UZB,male,2,7.0,87.5,80.0,2.5,17.391
Olivio Silva,0,2,0.0,1969,1971,3,0.0,0.0,0.0,0.0,0.0,0.0,0.0,0.0,0.0,U,1944-02-23,POR,male,2,0.0,,,0.0,
R Jenkin,1,1,50.0,1970,1970,1,0.0,0.0,0.0,0.0,0.0,0.0,0.0,0.0,0.0,U,,GBR,male,2,0.0,,,0.0,
Pablo Nunez,0,2,0.0,2015,2015,1,0.0,0.0,0.0,0.0,0.0,0.0,0.0,0.0,0.0,R,1991-04-12,CRC,male,2,0.0,,,0.0,
Mariusz Fyrstenberg,4,8,33.333,2003,2013,11,13.0,10.0,238.0,147.0,89.0,43.0,36.0,12.0,26.0,L,1980-07-08,POL,male,12,22.0,61.111,46.154,2.167,4.202
Nickolai Dyachok,0,1,0.0,2003,2003,1,0.0,0.0,0.0,0.0,0.0,0.0,0.0,0.0,0.0,U,1982-12-04,UKR,male,1,0.0,,,0.0,
Humphrey Hose,17,35,32.692,1968,1979,12,0.0,0.0,0.0,0.0,0.0,0.0,0.0,0.0,0.0,R,1947-05-04,VEN,male,52,0.0,,,0.0,
Sammy Giammalva Jr,135,132,50.562,1980,1989,10,0.0,0.0,0.0,0.0,0.0,0.0,0.0,0.0,0.0,R,1963-03-24,USA,male,267,0.0,,,0.0,
David Betous,0,1,0.0,1987,1987,1,0.0,0.0,0.0,0.0,0.0,0.0,0.0,0.0,0.0,R,,FRA,male,1,0.0,,,0.0,
Hugo Nunez,2,9,18.182,1982,1991,10,0.0,0.0,0.0,0.0,0.0,0.0,0.0,0.0,0.0,R,1961-04-14,ECU,male,11,0.0,,,0.0,
Chris Dunk,11,25,30.556,1978,1985,8,0.0,0.0,0.0,0.0,0.0,0.0,0.0,0.0,0.0,R,1958-01-23,USA,male,36,0.0,,,0.0,
Paul Van Min,1,5,16.667,1970,1980,11,0.0,0.0,0.0,0.0,0.0,0.0,0.0,0.0,0.0,R,,NED,male,6,0.0,,,0.0,
Onny Parun,314,264,54.325,1968,1982,15,0.0,0.0,0.0,0.0,0.0,0.0,0.0,0.0,0.0,R,1947-04-15,NZL,male,578,0.0,,,0.0,
Mirza Basic,29,36,44.615,2013,2020,8,115.0,305.0,4519.0,2668.0,1859.0,947.0,690.0,269.0,432.0,R,1991-07-12,BIH,male,65,527.0,76.377,62.269,6.646,6.749
Alan Fawcett,0,1,0.0,1970,1970,1,0.0,0.0,0.0,0.0,0.0,0.0,0.0,0.0,0.0,U,,RHO,male,1,0.0,,,0.0,
Martin Emmrich,0,1,0.0,2010,2010,1,5.0,6.0,48.0,30.0,19.0,4.0,7.0,2.0,6.0,L,1984-12-17,GER,male,1,3.0,42.857,33.333,6.0,12.5
Brian Garrow,7,21,25.0,1988,1991,4,35.0,19.0,924.0,569.0,349.0,153.0,138.0,63.0,117.0,R,1968-04-08,USA,male,28,84.0,60.87,53.846,4.179,2.056
Bob Weise W055,1,2,33.333,1981,1981,1,0.0,0.0,0.0,0.0,0.0,0.0,0.0,0.0,0.0,R,,USA,male,3,0.0,,,0.0,
Harald Theissen,6,11,35.294,1981,1983,3,0.0,0.0,0.0,0.0,0.0,0.0,0.0,0.0,0.0,R,1959-03-23,GER,male,17,0.0,,,0.0,
Pablo Albano,2,7,22.222,1990,1996,7,52.0,20.0,629.0,311.0,211.0,118.0,93.0,44.0,84.0,R,1967-04-11,ARG,male,9,53.0,56.989,52.381,9.333,3.18
Cyril Saulnier,60,99,37.736,1999,2007,9,489.0,1115.0,12559.0,7045.0,5160.0,2827.0,1980.0,645.0,1065.0,R,1975-08-16,FRA,male,159,1560.0,78.788,60.563,6.698,8.878
Aljaz Radinski,1,0,100.0,2015,2015,1,0.0,0.0,0.0,0.0,0.0,0.0,0.0,0.0,0.0,R,1995-06-08,SLO,male,1,0.0,,,0.0,
Li Tu,0,2,0.0,2021,2021,1,5.0,31.0,191.0,119.0,87.0,47.0,33.0,4.0,10.0,U,1996-05-27,AUS,male,2,27.0,81.818,40.0,5.0,16.23
Tim Van Rijthoven,0,2,0.0,2015,2016,2,4.0,11.0,99.0,55.0,42.0,18.0,14.0,8.0,11.0,R,1997-04-24,NED,male,2,11.0,78.571,72.727,5.5,11.111
Roberto Vaz Carvalhaes,0,1,0.0,1973,1973,1,0.0,0.0,0.0,0.0,0.0,0.0,0.0,0.0,0.0,U,1953-10-25,BRA,male,1,0.0,,,0.0,
Mohd Assri Merzuki,1,2,33.333,2010,2016,7,28.0,14.0,205.0,114.0,76.0,37.0,33.0,13.0,27.0,R,1994-12-28,MAS,male,3,19.0,57.576,48.148,9.0,6.829
Peter Fishbach,1,7,12.5,1968,1977,10,0.0,0.0,0.0,0.0,0.0,0.0,0.0,0.0,0.0,R,1947-08-29,USA,male,8,0.0,,,0.0,
Paul Bailey,1,0,100.0,1983,1983,1,0.0,0.0,0.0,0.0,0.0,0.0,0.0,0.0,0.0,U,1965-12-04,HKG,male,1,0.0,,,0.0,
Gabriel Pitta,0,1,0.0,2004,2004,1,0.0,0.0,0.0,0.0,0.0,0.0,0.0,0.0,0.0,R,1980-05-12,BRA,male,1,0.0,,,0.0,
Filip Prpic,2,12,14.286,2002,2012,11,40.0,38.0,978.0,611.0,390.0,173.0,142.0,65.0,111.0,R,1982-05-26,SWE,male,14,96.0,67.606,58.559,7.929,3.885
Phil Dent,327,245,57.168,1968,1983,16,0.0,0.0,0.0,0.0,0.0,0.0,0.0,0.0,0.0,R,1950-02-14,AUS,male,572,0.0,,,0.0,
I Brady,0,1,0.0,1972,1972,1,0.0,0.0,0.0,0.0,0.0,0.0,0.0,0.0,0.0,U,,UNK,male,1,0.0,,,0.0,
Brian Connor,1,2,33.333,1968,1971,4,0.0,0.0,0.0,0.0,0.0,0.0,0.0,0.0,0.0,R,,AUS,male,3,0.0,,,0.0,
U Kolik,0,1,0.0,1970,1970,1,0.0,0.0,0.0,0.0,0.0,0.0,0.0,0.0,0.0,U,,UNK,male,1,0.0,,,0.0,
Roberto Cid,3,10,23.077,2012,2020,9,31.0,19.0,468.0,255.0,179.0,91.0,68.0,30.0,52.0,R,1993-08-30,DOM,male,13,46.0,67.647,57.692,4.0,4.06
Marc Lopez,23,31,42.593,2001,2016,16,68.0,32.0,4040.0,2682.0,1681.0,638.0,603.0,234.0,426.0,R,1982-07-31,ESP,male,54,411.0,68.159,54.93,7.889,0.792
Peter Johnston,3,13,18.75,1980,1986,7,0.0,0.0,0.0,0.0,0.0,0.0,0.0,0.0,0.0,L,1960-06-01,AUS,male,16,0.0,,,0.0,
Daniel Llarenas,1,0,100.0,2012,2012,1,0.0,0.0,0.0,0.0,0.0,0.0,0.0,0.0,0.0,U,1988-07-08,GUM,male,1,0.0,,,0.0,
Roberto Lombardi,2,13,13.333,1968,1980,13,0.0,0.0,0.0,0.0,0.0,0.0,0.0,0.0,0.0,R,,ITA,male,15,0.0,,,0.0,
Roberto Lombardi,2,13,13.333,1968,1980,13,0.0,0.0,0.0,0.0,0.0,0.0,0.0,0.0,0.0,U,1950-10-02,ITA,male,15,0.0,,,0.0,
Claude De Gronckel,1,6,14.286,1968,1971,4,0.0,0.0,0.0,0.0,0.0,0.0,0.0,0.0,0.0,R,,BEL,male,7,0.0,,,0.0,
Jack Kruger,0,2,0.0,1972,1982,11,0.0,0.0,0.0,0.0,0.0,0.0,0.0,0.0,0.0,R,,USA,male,2,0.0,,,0.0,
Pedro Langre,1,2,33.333,1969,1969,1,0.0,0.0,0.0,0.0,0.0,0.0,0.0,0.0,0.0,U,,MEX,male,3,0.0,,,0.0,
Paolo Lorenzi,110,183,37.543,2006,2020,15,784.0,1159.0,22911.0,13429.0,9267.0,4649.0,3520.0,1239.0,2155.0,R,1981-12-15,ITA,male,293,2604.0,73.977,57.494,7.355,5.059
Richard Fromberg,250,261,48.924,1987,2002,16,1508.0,3447.0,34712.0,20452.0,15130.0,6795.0,5240.0,1791.0,2932.0,R,1970-04-28,AUS,male,511,4099.0,78.225,61.085,5.738,9.93
Grover Raz Reid,33,68,32.673,1970,1977,8,0.0,0.0,0.0,0.0,0.0,0.0,0.0,0.0,0.0,R,1951-08-27,USA,male,101,0.0,,,0.0,
Skyler Butts,1,0,100.0,2018,2018,1,2.0,2.0,45.0,25.0,19.0,10.0,8.0,4.0,5.0,U,1993-09-18,HKG,male,1,7.0,87.5,80.0,5.0,4.444
Jose Manuel Dominguez,1,1,50.0,1971,1971,1,0.0,0.0,0.0,0.0,0.0,0.0,0.0,0.0,0.0,U,,ESP,male,2,0.0,,,0.0,
Roberto Vizcaino,21,33,38.889,1977,1984,8,0.0,0.0,0.0,0.0,0.0,0.0,0.0,0.0,0.0,R,1957-04-25,ESP,male,54,0.0,,,0.0,
Oh Hee Kwon,1,0,100.0,2002,2002,1,0.0,0.0,0.0,0.0,0.0,0.0,0.0,0.0,0.0,R,1978-06-18,KOR,male,1,0.0,,,0.0,
Philipp Kohlschreiber,468,381,55.124,2002,2020,19,1711.0,4546.0,62452.0,37749.0,27230.0,13305.0,9880.0,3078.0,4897.0,R,1983-10-16,GER,male,849,8061.0,81.589,62.855,5.768,7.279
Ivan Lendl,805,187,81.149,1978,1994,17,502.0,1251.0,15155.0,8539.0,6439.0,3384.0,2357.0,711.0,1153.0,R,1960-03-07,USA,male,992,1915.0,81.247,61.665,1.162,8.255
Willem Prinsloo,12,29,29.268,1971,1979,9,0.0,0.0,0.0,0.0,0.0,0.0,0.0,0.0,0.0,R,1954-02-25,RSA,male,41,0.0,,,0.0,
Lester Cook,0,1,0.0,2004,2004,1,4.0,0.0,49.0,26.0,13.0,11.0,8.0,4.0,8.0,R,1984-04-24,USA,male,1,4.0,50.0,50.0,8.0,0.0
Fritz Kuhlmann,0,1,0.0,1970,1970,1,0.0,0.0,0.0,0.0,0.0,0.0,0.0,0.0,0.0,,1906-10-28,GER,male,1,0.0,,,0.0,
Pablo Cuevas,231,207,52.74,2004,2021,18,1150.0,2437.0,32134.0,19386.0,13916.0,6604.0,5052.0,1617.0,2670.0,R,1986-01-01,URU,male,438,3999.0,79.157,60.562,6.096,7.584
John Isner,433,271,61.506,2007,2021,15,1559.0,12624.0,60463.0,41800.0,32864.0,10478.0,9811.0,1970.0,2771.0,R,1985-04-26,USA,male,704,9010.0,91.836,71.093,3.936,20.879
C Mora,0,1,0.0,1980,1980,1,0.0,0.0,0.0,0.0,0.0,0.0,0.0,0.0,0.0,R,,CRC,male,1,0.0,,,0.0,
Niranjan Casie Chitty,0,2,0.0,1985,1985,1,0.0,0.0,0.0,0.0,0.0,0.0,0.0,0.0,0.0,U,1966-10-03,SRI,male,2,0.0,,,0.0,
Fabio Silberberg,1,1,50.0,1991,1995,5,6.0,3.0,107.0,69.0,48.0,16.0,15.0,5.0,9.0,L,1969-03-25,BRA,male,2,11.0,73.333,55.556,4.5,2.804
Frank Baden,1,1,50.0,1968,1968,1,0.0,0.0,0.0,0.0,0.0,0.0,0.0,0.0,0.0,U,1939-04-10,LUX,male,2,0.0,,,0.0,
Shi Qin Li,0,2,0.0,1983,1983,1,0.0,0.0,0.0,0.0,0.0,0.0,0.0,0.0,0.0,U,,CHN,male,2,0.0,,,0.0,
Keith Stoneman,0,2,0.0,1970,1971,2,0.0,0.0,0.0,0.0,0.0,0.0,0.0,0.0,0.0,U,,UNK,male,2,0.0,,,0.0,
Revaz Osadze,0,1,0.0,2008,2008,1,0.0,0.0,0.0,0.0,0.0,0.0,0.0,0.0,0.0,R,1990-09-16,GEO,male,1,0.0,,,0.0,
B Yoranssen,0,1,0.0,1976,1976,1,0.0,0.0,0.0,0.0,0.0,0.0,0.0,0.0,0.0,R,,SWE,male,1,0.0,,,0.0,
Todd Witsken,104,122,46.018,1981,1993,13,245.0,177.0,5698.0,3424.0,2253.0,1079.0,871.0,285.0,552.0,R,1963-11-04,USA,male,226,604.0,69.346,51.63,2.442,3.106
Lorenzo Sonego,40,47,45.977,2016,2021,6,182.0,552.0,7111.0,4510.0,3303.0,1333.0,1110.0,327.0,527.0,R,1995-05-11,ITA,male,87,910.0,81.982,62.049,6.057,7.763
Alfredo Acuna,0,2,0.0,1968,1968,1,0.0,0.0,0.0,0.0,0.0,0.0,0.0,0.0,0.0,U,1946-11-22,PER,male,2,0.0,,,0.0,
Michael Berrer,87,144,37.662,2004,2016,13,775.0,1306.0,17984.0,11525.0,8157.0,3126.0,2806.0,986.0,1618.0,L,1980-07-01,GER,male,231,2174.0,77.477,60.939,7.004,7.262
Jacques Radoux,5,3,62.5,1987,1991,5,0.0,0.0,0.0,0.0,0.0,0.0,0.0,0.0,0.0,R,,LUX,male,8,0.0,,,0.0,
Jan Erik Lindquist,0,1,0.0,1971,1971,1,0.0,0.0,0.0,0.0,0.0,0.0,0.0,0.0,0.0,U,,SWE,male,1,0.0,,,0.0,
Marco Antonio Rojas,0,1,0.0,2010,2010,1,0.0,0.0,0.0,0.0,0.0,0.0,0.0,0.0,0.0,U,1990-06-12,BOL,male,1,0.0,,,0.0,
Tennys Sandgren,40,58,40.816,2017,2021,5,266.0,882.0,8649.0,5291.0,3890.0,1641.0,1345.0,444.0,712.0,R,1991-07-22,USA,male,98,1077.0,80.074,62.36,7.265,10.198
Thierry Neiens,0,1,0.0,1992,1992,1,0.0,0.0,0.0,0.0,0.0,0.0,0.0,0.0,0.0,U,1974-06-02,LUX,male,1,0.0,,,0.0,
Andrey Rublev,137,88,60.889,2014,2021,8,684.0,1356.0,16907.0,10058.0,7430.0,3431.0,2685.0,863.0,1396.0,R,1997-10-20,RUS,male,225,2152.0,80.149,61.819,6.204,8.02
Daniel Gimeno Traver,97,173,35.926,2004,2018,15,792.0,1221.0,20631.0,12177.0,8456.0,4120.0,3179.0,1127.0,1949.0,R,1985-08-07,ESP,male,270,2357.0,74.143,57.825,7.219,5.918
Patrice Kuchna,7,14,33.333,1980,1988,9,0.0,0.0,0.0,0.0,0.0,0.0,0.0,0.0,0.0,R,1963-05-10,FRA,male,21,0.0,,,0.0,
Fritz Wolmarans,4,4,50.0,2006,2015,10,10.0,49.0,206.0,146.0,111.0,32.0,36.0,8.0,13.0,R,1986-03-07,RSA,male,8,31.0,86.111,61.538,1.625,23.786
Melle Van Gemerden,4,7,36.364,2004,2006,3,37.0,51.0,722.0,406.0,283.0,171.0,117.0,40.0,69.0,R,1979-05-09,NED,male,11,88.0,75.214,57.971,6.273,7.064
John Bozas,0,1,0.0,1971,1971,1,0.0,0.0,0.0,0.0,0.0,0.0,0.0,0.0,0.0,U,,RSA,male,1,0.0,,,0.0,
Andre Cote,0,1,0.0,1969,1969,1,0.0,0.0,0.0,0.0,0.0,0.0,0.0,0.0,0.0,U,,CAN,male,1,0.0,,,0.0,
Ali Ghareeb,0,4,0.0,2007,2016,10,7.0,0.0,53.0,28.0,9.0,9.0,7.0,3.0,10.0,U,1986-03-16,KUW,male,4,0.0,0.0,30.0,2.5,0.0
Emanuel Rasberger,0,6,0.0,1991,1998,8,21.0,7.0,356.0,227.0,121.0,48.0,55.0,25.0,55.0,R,1972-06-03,CRO,male,6,25.0,45.455,45.455,9.167,1.966
Matteo Marrai,0,1,0.0,2008,2008,1,0.0,3.0,57.0,36.0,20.0,8.0,9.0,8.0,13.0,U,1986-11-17,ITA,male,1,4.0,44.444,61.538,13.0,5.263
Tom Loring,0,1,0.0,1969,1969,1,0.0,0.0,0.0,0.0,0.0,0.0,0.0,0.0,0.0,U,,USA,male,1,0.0,,,0.0,
Irakli Kunchulia,0,3,0.0,1998,1998,1,0.0,0.0,0.0,0.0,0.0,0.0,0.0,0.0,0.0,U,1978-09-18,GEO,male,3,0.0,,,0.0,
Claudio Mezzadri,109,124,46.781,1983,1993,11,223.0,185.0,5300.0,2959.0,1982.0,1148.0,811.0,337.0,576.0,R,1965-06-10,SUI,male,233,572.0,70.53,58.507,2.472,3.491
Joaquin Castellano,0,1,0.0,1975,1975,1,0.0,0.0,0.0,0.0,0.0,0.0,0.0,0.0,0.0,U,,ESP,male,1,0.0,,,0.0,
Chris Louw,0,1,0.0,1988,1988,1,0.0,0.0,0.0,0.0,0.0,0.0,0.0,0.0,0.0,R,,RSA,male,1,0.0,,,0.0,
Dennis Lajola,0,1,0.0,2012,2012,1,4.0,15.0,108.0,66.0,44.0,20.0,16.0,2.0,7.0,R,1989-02-12,USA,male,1,11.0,68.75,28.571,7.0,13.889
Joaquim Rasgado Jr,2,8,20.0,1973,1984,12,0.0,0.0,0.0,0.0,0.0,0.0,0.0,0.0,0.0,R,1953-03-24,BRA,male,10,0.0,,,0.0,
Romain Arneodo,4,2,66.667,2014,2016,3,4.0,4.0,113.0,75.0,55.0,22.0,17.0,4.0,5.0,R,1992-08-04,FRA,male,6,16.0,94.118,80.0,0.833,3.54
Melvin Tong,6,10,37.5,1994,2001,8,8.0,0.0,77.0,35.0,17.0,10.0,14.0,6.0,17.0,R,1975-02-19,HKG,male,16,3.0,21.429,35.294,1.062,0.0
Chris Kennedy,0,1,0.0,1988,1988,1,0.0,0.0,0.0,0.0,0.0,0.0,0.0,0.0,0.0,R,1963-09-14,USA,male,1,0.0,,,0.0,
Rowland Phillips,0,1,0.0,2020,2020,1,0.0,0.0,0.0,0.0,0.0,0.0,0.0,0.0,0.0,U,1994-01-23,JAM,male,1,0.0,,,0.0,
Brett Baudinet,0,2,0.0,2005,2006,2,0.0,0.0,0.0,0.0,0.0,0.0,0.0,0.0,0.0,R,1981-11-01,COK,male,2,0.0,,,0.0,
Jiri Lehecka,0,1,0.0,2019,2019,1,6.0,9.0,103.0,59.0,37.0,25.0,13.0,6.0,9.0,R,2001-11-08,CZE,male,1,10.0,76.923,66.667,9.0,8.738
Slobodan Zivojinovic,128,110,53.782,1981,1991,11,23.0,93.0,575.0,330.0,252.0,136.0,88.0,26.0,38.0,R,1963-07-23,YUG,male,238,76.0,86.364,68.421,0.16,16.174
Jay Royappa,2,6,25.0,1974,1978,5,0.0,0.0,0.0,0.0,0.0,0.0,0.0,0.0,0.0,R,,IND,male,8,0.0,,,0.0,
Helmar Stiegler,1,9,10.0,1977,1983,7,0.0,0.0,0.0,0.0,0.0,0.0,0.0,0.0,0.0,R,1960-03-18,AUT,male,10,0.0,,,0.0,
Rick Jordan,1,1,50.0,1974,1974,1,0.0,0.0,0.0,0.0,0.0,0.0,0.0,0.0,0.0,U,,USA,male,2,0.0,,,0.0,
Joe Garcia,0,1,0.0,1976,1976,1,0.0,0.0,0.0,0.0,0.0,0.0,0.0,0.0,0.0,R,1952-03-17,USA,male,1,0.0,,,0.0,
Chris Eaton,2,2,50.0,2008,2009,2,11.0,38.0,179.0,115.0,97.0,32.0,31.0,4.0,7.0,R,1987-11-27,GBR,male,4,28.0,90.323,57.143,1.75,21.229
Ricardo Pazmino,0,2,0.0,1977,1977,1,0.0,0.0,0.0,0.0,0.0,0.0,0.0,0.0,0.0,U,1959-04-01,ECU,male,2,0.0,,,0.0,
Laurie Warder,5,14,26.316,1982,1989,8,0.0,0.0,0.0,0.0,0.0,0.0,0.0,0.0,0.0,R,1962-10-23,AUS,male,19,0.0,,,0.0,
Peter Hampton,1,2,33.333,1979,1980,2,0.0,0.0,0.0,0.0,0.0,0.0,0.0,0.0,0.0,R,,NZL,male,3,0.0,,,0.0,
Aivaras Balzekas,0,2,0.0,2000,2000,1,0.0,0.0,0.0,0.0,0.0,0.0,0.0,0.0,0.0,U,1982-04-08,LTU,male,2,0.0,,,0.0,
Richard Akel,0,1,0.0,1985,1985,1,0.0,0.0,0.0,0.0,0.0,0.0,0.0,0.0,0.0,L,1962-02-12,USA,male,1,0.0,,,0.0,
Ivo Karlovic,364,334,52.149,2001,2021,21,2413.0,13406.0,57343.0,37570.0,31062.0,10534.0,9404.0,1854.0,2607.0,R,1979-02-28,CRO,male,698,8651.0,91.993,71.116,3.735,23.379
Kiril Yashmakov,0,2,0.0,1970,1970,1,0.0,0.0,0.0,0.0,0.0,0.0,0.0,0.0,0.0,U,1946-01-29,BUL,male,2,0.0,,,0.0,
Ks Leung,0,1,0.0,1973,1973,1,0.0,0.0,0.0,0.0,0.0,0.0,0.0,0.0,0.0,U,,UNK,male,1,0.0,,,0.0,
Balazs Taroczy,369,188,66.248,1972,1986,15,0.0,0.0,0.0,0.0,0.0,0.0,0.0,0.0,0.0,R,1954-05-09,HUN,male,557,0.0,,,0.0,
Jerome Seguin,8,9,47.059,1989,1993,5,0.0,0.0,0.0,0.0,0.0,0.0,0.0,0.0,0.0,U,1969-10-28,MON,male,17,0.0,,,0.0,
Tito Vasquez,6,21,22.222,1971,1977,7,0.0,0.0,0.0,0.0,0.0,0.0,0.0,0.0,0.0,U,,ARG,male,27,0.0,,,0.0,
Dias Doskarayev,2,3,40.0,1999,2002,4,0.0,0.0,0.0,0.0,0.0,0.0,0.0,0.0,0.0,U,1984-04-09,KAZ,male,5,0.0,,,0.0,
Al Bunis,0,1,0.0,1969,1969,1,0.0,0.0,0.0,0.0,0.0,0.0,0.0,0.0,0.0,U,1924-02-03,USA,male,1,0.0,,,0.0,
K C Cook,0,1,0.0,1970,1970,1,0.0,0.0,0.0,0.0,0.0,0.0,0.0,0.0,0.0,U,,GBR,male,1,0.0,,,0.0,
Brad Properjohn,0,1,0.0,1988,1988,1,0.0,0.0,0.0,0.0,0.0,0.0,0.0,0.0,0.0,R,1962-12-31,AUS,male,1,0.0,,,0.0,
Anas Fattar,0,1,0.0,2012,2012,1,0.0,0.0,0.0,0.0,0.0,0.0,0.0,0.0,0.0,R,1987-05-12,MAR,male,1,0.0,,,0.0,
Rafa Orantes,0,2,0.0,2012,2015,4,0.0,0.0,0.0,0.0,0.0,0.0,0.0,0.0,0.0,R,1994-10-23,ESA,male,2,0.0,,,0.0,
Andrei Gorban,2,6,25.0,2001,2012,12,0.0,0.0,0.0,0.0,0.0,0.0,0.0,0.0,0.0,U,1983-07-19,MDA,male,8,0.0,,,0.0,
Franco Merlone,3,2,60.0,1980,1980,1,0.0,0.0,0.0,0.0,0.0,0.0,0.0,0.0,0.0,R,1957-12-16,ITA,male,5,0.0,,,0.0,
Eric Nunez,0,1,0.0,2005,2005,1,2.0,3.0,94.0,51.0,26.0,28.0,11.0,10.0,13.0,R,1982-04-09,USA,male,1,8.0,72.727,76.923,13.0,3.191
Massimo Valeri,3,8,27.273,1992,1998,7,31.0,25.0,732.0,396.0,261.0,141.0,118.0,45.0,90.0,R,1972-03-13,ITA,male,11,73.0,61.864,50.0,8.182,3.415
Rob Danner,0,1,0.0,1971,1971,1,0.0,0.0,0.0,0.0,0.0,0.0,0.0,0.0,0.0,U,,UNK,male,1,0.0,,,0.0,
Alexis Klegou,2,2,50.0,2013,2013,1,0.0,0.0,0.0,0.0,0.0,0.0,0.0,0.0,0.0,U,1989-01-25,BEN,male,4,0.0,,,0.0,
Doug Crawford,15,38,28.302,1973,1978,6,0.0,0.0,0.0,0.0,0.0,0.0,0.0,0.0,0.0,R,1949-10-15,USA,male,53,0.0,,,0.0,
Uli Heyne,0,1,0.0,1973,1973,1,0.0,0.0,0.0,0.0,0.0,0.0,0.0,0.0,0.0,R,,GER,male,1,0.0,,,0.0,
Jens Knippschild,45,64,41.284,1994,2002,9,404.0,752.0,9507.0,4867.0,3609.0,2260.0,1439.0,527.0,884.0,R,1975-02-15,GER,male,109,1082.0,75.191,59.615,8.11,7.91
Allan Stone,171,166,50.742,1968,1979,12,0.0,0.0,0.0,0.0,0.0,0.0,0.0,0.0,0.0,R,1945-10-14,AUS,male,337,0.0,,,0.0,
Christopher Koderisch,0,1,0.0,2003,2003,1,3.0,2.0,53.0,30.0,15.0,10.0,7.0,4.0,8.0,U,1984-11-25,GER,male,1,3.0,42.857,50.0,8.0,3.774
Shiv Prakash Misra,2,0,100.0,1969,1969,1,0.0,0.0,0.0,0.0,0.0,0.0,0.0,0.0,0.0,U,1942-02-24,IND,male,2,0.0,,,0.0,
Philippe Grandjean,0,3,0.0,2008,2008,1,0.0,0.0,0.0,0.0,0.0,0.0,0.0,0.0,0.0,U,1984-06-10,LUX,male,3,0.0,,,0.0,
Sargis Sargsian,141,192,42.342,1993,2006,14,1074.0,1321.0,26383.0,16016.0,10912.0,5013.0,4014.0,1485.0,2561.0,R,1973-06-03,ARM,male,333,2938.0,73.194,57.985,7.691,5.007
Simon Aspelin,0,1,0.0,2011,2011,1,0.0,0.0,0.0,0.0,0.0,0.0,0.0,0.0,0.0,R,1974-05-11,SWE,male,1,0.0,,,0.0,
Valentin Sanon,8,15,34.783,1997,2005,9,0.0,0.0,0.0,0.0,0.0,0.0,0.0,0.0,0.0,R,1980-05-20,CIV,male,23,0.0,,,0.0,
Carlos Cuadrado,4,4,50.0,2001,2006,6,13.0,16.0,552.0,375.0,259.0,90.0,87.0,39.0,59.0,R,1983-06-01,ESP,male,8,67.0,77.011,66.102,7.375,2.899
Samir Saadeldin,1,2,33.333,2001,2001,1,0.0,0.0,0.0,0.0,0.0,0.0,0.0,0.0,0.0,U,1976-11-17,SYR,male,3,0.0,,,0.0,
Massimo Grassotti,0,1,0.0,1980,1980,1,0.0,0.0,0.0,0.0,0.0,0.0,0.0,0.0,0.0,R,1959-08-08,ITA,male,1,0.0,,,0.0,
Jean Claude Scherrer,1,4,20.0,2003,2008,6,13.0,54.0,453.0,297.0,226.0,78.0,67.0,29.0,37.0,R,1978-07-20,SUI,male,5,59.0,88.06,78.378,7.4,11.921
Igor Saric,2,2,50.0,1986,1994,9,0.0,5.0,103.0,59.0,37.0,21.0,15.0,10.0,16.0,R,1967-07-04,CRO,male,4,9.0,60.0,62.5,4.0,4.854
Ed Grubb,0,2,0.0,1968,1968,1,0.0,0.0,0.0,0.0,0.0,0.0,0.0,0.0,0.0,R,1946-05-28,USA,male,2,0.0,,,0.0,
Torquato Rossini,0,1,0.0,1979,1979,1,0.0,0.0,0.0,0.0,0.0,0.0,0.0,0.0,0.0,R,,ITA,male,1,0.0,,,0.0,
Ryan Henry,0,1,0.0,2003,2003,1,5.0,10.0,131.0,74.0,49.0,27.0,21.0,3.0,11.0,R,1984-10-14,AUS,male,1,13.0,61.905,27.273,11.0,7.634
Chip Hooper,67,84,44.371,1980,1988,9,0.0,0.0,0.0,0.0,0.0,0.0,0.0,0.0,0.0,R,1958-10-24,USA,male,151,0.0,,,0.0,
Yohny Romero,8,9,47.059,1999,2010,12,0.0,0.0,0.0,0.0,0.0,0.0,0.0,0.0,0.0,R,1978-11-30,VEN,male,17,0.0,,,0.0,
Thierry Grin,0,1,0.0,1985,1985,1,0.0,0.0,0.0,0.0,0.0,0.0,0.0,0.0,0.0,R,1969-04-25,SUI,male,1,0.0,,,0.0,
Mervyn Rose,4,9,30.769,1971,1972,2,0.0,0.0,0.0,0.0,0.0,0.0,0.0,0.0,0.0,L,1930-01-23,AUS,male,13,0.0,,,0.0,
F Settelmeyer,0,1,0.0,1980,1980,1,0.0,0.0,0.0,0.0,0.0,0.0,0.0,0.0,0.0,R,,GER,male,1,0.0,,,0.0,
Magloire Yakpa,0,1,0.0,2013,2013,1,0.0,0.0,0.0,0.0,0.0,0.0,0.0,0.0,0.0,U,1991-12-18,BEN,male,1,0.0,,,0.0,
Cedrik Marcel Stebe,31,47,39.744,2011,2021,11,222.0,266.0,5836.0,3583.0,2317.0,1065.0,901.0,364.0,653.0,L,1990-10-09,GER,male,78,612.0,67.925,55.743,8.372,4.558
Birger Folke,0,1,0.0,1969,1969,1,0.0,0.0,0.0,0.0,0.0,0.0,0.0,0.0,0.0,R,,SWE,male,1,0.0,,,0.0,
Des Hill,0,2,0.0,1971,1972,2,0.0,0.0,0.0,0.0,0.0,0.0,0.0,0.0,0.0,U,,IRL,male,2,0.0,,,0.0,
Graham Thompson,0,1,0.0,1973,1973,1,0.0,0.0,0.0,0.0,0.0,0.0,0.0,0.0,0.0,U,,UNK,male,1,0.0,,,0.0,
Karen Khachanov,141,111,55.952,2013,2021,9,735.0,2070.0,21142.0,13041.0,9635.0,4179.0,3327.0,1000.0,1579.0,R,1996-05-21,RUS,male,252,2748.0,82.597,63.331,6.266,9.791
Kouichi Sayama,0,1,0.0,1982,1982,1,0.0,0.0,0.0,0.0,0.0,0.0,0.0,0.0,0.0,R,,JPN,male,1,0.0,,,0.0,
Dean Obrien,0,2,0.0,2013,2013,1,0.0,0.0,0.0,0.0,0.0,0.0,0.0,0.0,0.0,U,1990-05-15,RSA,male,2,0.0,,,0.0,
Bruce Derlin,36,63,36.364,1980,1991,12,1.0,1.0,205.0,152.0,79.0,20.0,31.0,12.0,29.0,L,1961-11-28,NZL,male,99,14.0,45.161,41.379,0.293,0.488
Andrei Rybalko,3,10,23.077,1995,1999,5,21.0,5.0,212.0,131.0,78.0,20.0,30.0,12.0,30.0,R,1972-06-05,UKR,male,13,12.0,40.0,40.0,2.308,2.358
Thomas Larsen,2,6,25.0,1996,2001,6,3.0,12.0,139.0,85.0,61.0,20.0,21.0,12.0,19.0,R,1975-07-15,DEN,male,8,14.0,66.667,63.158,2.375,8.633
Raemon Sluiter,81,116,41.117,1996,2009,14,669.0,1356.0,15238.0,8938.0,6505.0,3183.0,2403.0,779.0,1295.0,R,1978-04-13,NED,male,197,1887.0,78.527,60.154,6.574,8.899
Guillaume Marx,0,2,0.0,1993,1993,1,9.0,3.0,211.0,148.0,101.0,32.0,31.0,8.0,13.0,R,1972-05-24,FRA,male,2,26.0,83.871,61.538,6.5,1.422
Warit Sornbutnark,2,4,33.333,2014,2015,2,0.0,0.0,0.0,0.0,0.0,0.0,0.0,0.0,0.0,U,1993-02-27,THA,male,6,0.0,,,0.0,
Scott Lipsky,0,1,0.0,2008,2008,1,3.0,8.0,77.0,48.0,33.0,15.0,13.0,1.0,4.0,R,1981-08-14,USA,male,1,10.0,76.923,25.0,4.0,10.39
Robert Lutz,273,186,59.477,1968,1985,18,0.0,0.0,0.0,0.0,0.0,0.0,0.0,0.0,0.0,R,1947-08-29,USA,male,459,0.0,,,0.0,
Franco Bartoni,4,10,28.571,1968,1972,5,0.0,0.0,0.0,0.0,0.0,0.0,0.0,0.0,0.0,R,1948-10-04,ITA,male,14,0.0,,,0.0,
Karim Maamoun,8,11,42.105,1998,2010,13,2.0,0.0,43.0,29.0,9.0,6.0,7.0,7.0,13.0,R,1979-11-18,EGY,male,19,1.0,14.286,53.846,0.684,0.0
R Spitzer,0,2,0.0,1973,1977,5,0.0,0.0,0.0,0.0,0.0,0.0,0.0,0.0,0.0,U,,SUI,male,2,0.0,,,0.0,
Erik Chvojka,0,2,0.0,2011,2012,2,11.0,8.0,175.0,114.0,82.0,16.0,24.0,16.0,24.0,L,1986-10-26,CAN,male,2,16.0,66.667,66.667,12.0,4.571
Emery Neale,0,1,0.0,1968,1968,1,0.0,0.0,0.0,0.0,0.0,0.0,0.0,0.0,0.0,,,USA,male,1,0.0,,,0.0,
Emery Neale,0,1,0.0,1968,1968,1,0.0,0.0,0.0,0.0,0.0,0.0,0.0,0.0,0.0,U,,USA,male,1,0.0,,,0.0,
R Orford,0,2,0.0,1971,1971,1,0.0,0.0,0.0,0.0,0.0,0.0,0.0,0.0,0.0,U,,AUS,male,2,0.0,,,0.0,
David Guez,2,15,11.765,2007,2016,10,34.0,22.0,1332.0,772.0,459.0,281.0,208.0,75.0,152.0,R,1982-12-08,FRA,male,17,131.0,62.981,49.342,8.941,1.652
Donald Lutz,0,2,0.0,1968,1969,2,0.0,0.0,0.0,0.0,0.0,0.0,0.0,0.0,0.0,U,1949-02-11,USA,male,2,0.0,,,0.0,
Raven Klaasen,7,5,58.333,2009,2011,3,20.0,47.0,592.0,378.0,263.0,116.0,89.0,36.0,53.0,R,1982-10-16,RSA,male,12,72.0,80.899,67.925,4.417,7.939
Frew Mcmillan,130,170,43.333,1968,1981,14,0.0,0.0,0.0,0.0,0.0,0.0,0.0,0.0,0.0,R,1942-05-20,RSA,male,300,0.0,,,0.0,
Hisham Nasser,5,6,45.455,1980,1988,9,0.0,0.0,0.0,0.0,0.0,0.0,0.0,0.0,0.0,R,,EGY,male,11,0.0,,,0.0,
Yu Zheng,2,3,40.0,1996,1998,3,0.0,0.0,0.0,0.0,0.0,0.0,0.0,0.0,0.0,R,1976-05-15,CHN,male,5,0.0,,,0.0,
Toshiaki Sakai,0,1,0.0,1995,1995,1,3.0,4.0,59.0,28.0,15.0,13.0,9.0,5.0,10.0,L,1974-04-09,JPN,male,1,4.0,44.444,50.0,10.0,6.78
Purav Raja,0,1,0.0,2007,2007,1,9.0,1.0,78.0,28.0,21.0,19.0,9.0,7.0,11.0,R,1985-12-07,IND,male,1,5.0,55.556,63.636,11.0,1.282
Nenad Zimonjic,5,23,17.857,1997,2017,21,84.0,143.0,1474.0,947.0,682.0,236.0,220.0,56.0,113.0,R,1976-06-04,SRB,male,28,163.0,74.091,49.558,4.036,9.701
Zoltan Boroczky,0,1,0.0,1999,1999,1,0.0,0.0,0.0,0.0,0.0,0.0,0.0,0.0,0.0,R,1979-05-16,HUN,male,1,0.0,,,0.0,
Jean Rene Lisnard,51,84,37.778,1999,2013,15,525.0,252.0,9679.0,5068.0,3327.0,2148.0,1439.0,632.0,1135.0,R,1979-09-25,MON,male,135,936.0,65.045,55.683,8.407,2.604
Alejandro Olivera,1,5,16.667,1999,2000,2,0.0,0.0,0.0,0.0,0.0,0.0,0.0,0.0,0.0,R,1977-02-14,URU,male,6,0.0,,,0.0,
Gvidas Sabeckis,0,2,0.0,2009,2009,1,0.0,0.0,0.0,0.0,0.0,0.0,0.0,0.0,0.0,R,1984-03-27,LTU,male,2,0.0,,,0.0,
Emmanuel Heussner,2,7,22.222,2001,2005,5,0.0,0.0,0.0,0.0,0.0,0.0,0.0,0.0,0.0,R,1971-02-03,MON,male,9,0.0,,,0.0,
Sean Cartwright,0,1,0.0,1990,1990,1,0.0,0.0,0.0,0.0,0.0,0.0,0.0,0.0,0.0,U,1964-05-21,BAH,male,1,0.0,,,0.0,
Alessandro Giannessi,12,19,38.71,2011,2019,9,132.0,110.0,2722.0,1786.0,1170.0,449.0,404.0,197.0,313.0,L,1990-05-30,ITA,male,31,288.0,71.287,62.939,10.097,4.041
Salifu Mohammed,2,5,28.571,2003,2005,3,0.0,0.0,0.0,0.0,0.0,0.0,0.0,0.0,0.0,R,1986-12-16,GHA,male,7,0.0,,,0.0,
Erik Melander,2,5,28.571,1971,1973,3,0.0,0.0,0.0,0.0,0.0,0.0,0.0,0.0,0.0,U,1945-07-09,NOR,male,7,0.0,,,0.0,
Kian Wah Yeo,0,3,0.0,1985,1987,3,0.0,0.0,0.0,0.0,0.0,0.0,0.0,0.0,0.0,U,,MAS,male,3,0.0,,,0.0,
Jean Yves Job,3,1,75.0,1989,1989,1,0.0,0.0,0.0,0.0,0.0,0.0,0.0,0.0,0.0,U,,CMR,male,4,0.0,,,0.0,
Kristian Tammivuori,0,1,0.0,1977,1977,1,0.0,0.0,0.0,0.0,0.0,0.0,0.0,0.0,0.0,U,1948-02-05,FIN,male,1,0.0,,,0.0,
Ian Hewitt,3,2,60.0,1968,1972,5,0.0,0.0,0.0,0.0,0.0,0.0,0.0,0.0,0.0,R,,GBR,male,5,0.0,,,0.0,
Ian Hewitt,3,2,60.0,1968,1972,5,0.0,0.0,0.0,0.0,0.0,0.0,0.0,0.0,0.0,R,,GBR,male,5,0.0,,,0.0,
Arthur De Greef,3,7,30.0,2015,2019,5,27.0,43.0,791.0,462.0,304.0,158.0,124.0,46.0,81.0,R,1992-03-27,BEL,male,10,89.0,71.774,56.79,8.1,5.436
Kevin King,1,6,14.286,2013,2021,9,42.0,36.0,513.0,309.0,207.0,81.0,74.0,37.0,64.0,U,1991-02-28,USA,male,7,47.0,63.514,57.812,9.143,7.018
Hans Kary,139,199,41.124,1968,1982,15,0.0,0.0,0.0,0.0,0.0,0.0,0.0,0.0,0.0,L,1949-02-23,AUT,male,338,0.0,,,0.0,
Francesco Cancellotti,116,112,50.877,1981,1991,11,4.0,5.0,238.0,158.0,95.0,35.0,40.0,14.0,30.0,R,1963-02-27,ITA,male,228,24.0,60.0,46.667,0.132,2.101
Yann Marti,2,5,28.571,2010,2016,7,34.0,12.0,622.0,347.0,215.0,129.0,84.0,58.0,90.0,R,1988-06-07,SUI,male,7,52.0,61.905,64.444,12.857,1.929
Per Hegna,12,15,44.444,1973,1983,11,0.0,0.0,0.0,0.0,0.0,0.0,0.0,0.0,0.0,R,,NOR,male,27,0.0,,,0.0,
Julian Krinsky,6,7,46.154,1969,1971,3,0.0,0.0,0.0,0.0,0.0,0.0,0.0,0.0,0.0,R,,RSA,male,13,0.0,,,0.0,
Tobias Summerer,1,8,11.111,2005,2007,3,24.0,39.0,643.0,365.0,231.0,137.0,99.0,41.0,76.0,R,1983-02-01,GER,male,9,64.0,64.646,53.947,8.444,6.065
Jean Loup Rouyer,55,58,48.673,1968,1974,7,0.0,0.0,0.0,0.0,0.0,0.0,0.0,0.0,0.0,R,,FRA,male,113,0.0,,,0.0,
Jean Loup Rouyer,55,58,48.673,1968,1974,7,0.0,0.0,0.0,0.0,0.0,0.0,0.0,0.0,0.0,U,1945-08-04,UNK,male,113,0.0,,,0.0,
Oscar Rene Cruz,0,1,0.0,1973,1973,1,0.0,0.0,0.0,0.0,0.0,0.0,0.0,0.0,0.0,U,,UNK,male,1,0.0,,,0.0,
Clement Reix,1,1,50.0,2012,2012,1,3.0,25.0,178.0,119.0,84.0,27.0,24.0,17.0,21.0,U,1983-10-09,FRA,male,2,20.0,83.333,80.952,10.5,14.045
Kelvin Ng,5,5,50.0,1982,1986,5,0.0,0.0,0.0,0.0,0.0,0.0,0.0,0.0,0.0,U,1963-12-26,HKG,male,10,0.0,,,0.0,
Ajeet Rai,1,2,33.333,2019,2020,2,5.0,9.0,105.0,56.0,40.0,19.0,15.0,10.0,15.0,R,1999-01-18,NZL,male,3,10.0,66.667,66.667,5.0,8.571
Piero Luisi,7,5,58.333,2006,2013,8,0.0,0.0,0.0,0.0,0.0,0.0,0.0,0.0,0.0,R,1987-03-13,VEN,male,12,0.0,,,0.0,
S Matteoli,0,1,0.0,1971,1971,1,0.0,0.0,0.0,0.0,0.0,0.0,0.0,0.0,0.0,U,,ITA,male,1,0.0,,,0.0,
Oscar Burrieza,4,16,20.0,1997,2001,5,101.0,49.0,1497.0,857.0,567.0,291.0,223.0,88.0,157.0,R,1975-07-22,ESP,male,20,154.0,69.058,56.051,7.85,3.273
Hsin Han Lee,1,1,50.0,2010,2010,1,0.0,0.0,0.0,0.0,0.0,0.0,0.0,0.0,0.0,R,1988-05-19,TPE,male,2,0.0,,,0.0,
Sergey Betov,0,7,0.0,2009,2012,4,3.0,3.0,81.0,41.0,28.0,19.0,12.0,6.0,11.0,R,1987-10-15,BLR,male,7,7.0,58.333,54.545,1.571,3.704
Abdulrahman Alawadhi,0,1,0.0,2016,2016,1,6.0,1.0,75.0,42.0,22.0,9.0,10.0,3.0,11.0,R,1992-02-17,KUW,male,1,2.0,20.0,27.273,11.0,1.333
Patrick Chucri,7,9,43.75,2002,2012,11,0.0,0.0,0.0,0.0,0.0,0.0,0.0,0.0,0.0,R,1981-10-28,LIB,male,16,0.0,,,0.0,
Mark Freedman,0,1,0.0,1982,1982,1,0.0,0.0,0.0,0.0,0.0,0.0,0.0,0.0,0.0,R,1958-11-19,USA,male,1,0.0,,,0.0,
Jacques Thamin,8,22,26.667,1968,1977,10,0.0,0.0,0.0,0.0,0.0,0.0,0.0,0.0,0.0,R,1952-05-23,FRA,male,30,0.0,,,0.0,
Francisco Yunis,27,39,40.909,1984,1993,10,11.0,10.0,609.0,374.0,228.0,124.0,88.0,37.0,65.0,R,1964-08-12,ARG,male,66,60.0,68.182,56.923,0.985,1.642
R Garmany,0,2,0.0,1970,1972,3,0.0,0.0,0.0,0.0,0.0,0.0,0.0,0.0,0.0,U,,USA,male,2,0.0,,,0.0,
Soufiane El Mesbahi,0,1,0.0,2018,2018,1,6.0,0.0,41.0,21.0,12.0,5.0,8.0,0.0,5.0,R,2001-02-22,MAR,male,1,3.0,37.5,0.0,5.0,0.0
John Marks,28,74,27.451,1971,1980,10,0.0,0.0,0.0,0.0,0.0,0.0,0.0,0.0,0.0,R,1952-12-09,AUS,male,102,0.0,,,0.0,
Jurgen Zopp,23,35,39.655,2010,2018,9,136.0,236.0,3806.0,2284.0,1598.0,745.0,601.0,201.0,341.0,R,1988-03-29,EST,male,58,461.0,76.705,58.944,5.879,6.201
Flavio Saretta,75,77,49.342,2001,2009,9,443.0,576.0,11295.0,6618.0,4410.0,2264.0,1707.0,713.0,1212.0,R,1980-06-28,BRA,male,152,1208.0,70.767,58.828,7.974,5.1
Scott Clark,0,5,0.0,1975,1995,21,1.0,0.0,64.0,36.0,15.0,17.0,8.0,1.0,5.0,R,,NZL,male,5,4.0,50.0,20.0,1.0,0.0
Scott Clark,0,5,0.0,1975,1995,21,1.0,0.0,64.0,36.0,15.0,17.0,8.0,1.0,5.0,U,1977-05-05,NZL,male,5,4.0,50.0,20.0,1.0,0.0
Philip Bester,2,9,18.182,2005,2016,12,12.0,19.0,355.0,223.0,146.0,53.0,54.0,21.0,40.0,R,1988-10-06,CAN,male,11,35.0,64.815,52.5,3.636,5.352
Robert Sherman,1,1,50.0,1968,1968,1,0.0,0.0,0.0,0.0,0.0,0.0,0.0,0.0,0.0,U,1920-01-12,USA,male,2,0.0,,,0.0,
Juan Carlos Andrade,0,1,0.0,1986,1986,1,0.0,0.0,0.0,0.0,0.0,0.0,0.0,0.0,0.0,R,1957-02-22,ESP,male,1,0.0,,,0.0,
Aziz Dougaz,0,4,0.0,2017,2020,4,25.0,11.0,397.0,239.0,159.0,70.0,54.0,33.0,49.0,U,1997-03-26,TUN,male,4,38.0,70.37,67.347,12.25,2.771
Nikolai Fidirko,0,1,0.0,2012,2012,1,4.0,2.0,36.0,22.0,11.0,4.0,7.0,3.0,8.0,R,1987-06-15,BLR,male,1,2.0,28.571,37.5,8.0,5.556
Lewis Sylvester,5,5,50.0,1969,1971,3,0.0,0.0,0.0,0.0,0.0,0.0,0.0,0.0,0.0,U,,RSA,male,10,0.0,,,0.0,
Andrea Stoppini,3,8,27.273,2004,2009,6,34.0,42.0,796.0,464.0,308.0,160.0,115.0,64.0,96.0,R,1980-02-29,ITA,male,11,83.0,72.174,66.667,8.727,5.276
Ulrich Marten,18,45,28.571,1974,1981,8,0.0,0.0,0.0,0.0,0.0,0.0,0.0,0.0,0.0,R,1956-01-01,GER,male,63,0.0,,,0.0,
Ulrich Marten,18,45,28.571,1974,1981,8,0.0,0.0,0.0,0.0,0.0,0.0,0.0,0.0,0.0,R,1956-01-07,GER,male,63,0.0,,,0.0,
Tenny Svensson,21,66,24.138,1971,1981,11,0.0,0.0,0.0,0.0,0.0,0.0,0.0,0.0,0.0,R,1952-09-21,SWE,male,87,0.0,,,0.0,
Salvador Navarro,4,7,36.364,1997,2004,8,28.0,23.0,925.0,566.0,347.0,183.0,147.0,35.0,84.0,R,1977-01-08,ESP,male,11,98.0,66.667,41.667,7.636,2.486
Raouf Ben Farhat,0,1,0.0,1982,1982,1,0.0,0.0,0.0,0.0,0.0,0.0,0.0,0.0,0.0,U,,TUN,male,1,0.0,,,0.0,
Ricardo Ojeda Lara,3,3,50.0,2018,2018,1,4.0,7.0,403.0,276.0,166.0,67.0,58.0,23.0,40.0,U,1993-01-26,ESP,male,6,41.0,70.69,57.5,6.667,1.737
Morten Christensen,0,5,0.0,1987,1991,5,0.0,0.0,0.0,0.0,0.0,0.0,0.0,0.0,0.0,R,1965-06-15,DEN,male,5,0.0,,,0.0,
K Visscher,0,1,0.0,1972,1972,1,0.0,0.0,0.0,0.0,0.0,0.0,0.0,0.0,0.0,U,,UNK,male,1,0.0,,,0.0,
Chip Tolleson,0,1,0.0,1978,1978,1,0.0,0.0,0.0,0.0,0.0,0.0,0.0,0.0,0.0,R,,USA,male,1,0.0,,,0.0,
Manjule Weerakoon,0,2,0.0,1996,1996,1,0.0,0.0,0.0,0.0,0.0,0.0,0.0,0.0,0.0,U,1978-01-13,SRI,male,2,0.0,,,0.0,
Alberto Comas,0,1,0.0,1971,1971,1,0.0,0.0,0.0,0.0,0.0,0.0,0.0,0.0,0.0,U,,ESP,male,1,0.0,,,0.0,
Lars Samuelson,0,2,0.0,1976,1980,5,0.0,0.0,0.0,0.0,0.0,0.0,0.0,0.0,0.0,R,,SWE,male,2,0.0,,,0.0,
Lofo Ramiaramanana,1,1,50.0,2012,2015,4,0.0,0.0,0.0,0.0,0.0,0.0,0.0,0.0,0.0,L,1989-06-14,MAD,male,2,0.0,,,0.0,
Gerardo Mirad,1,1,50.0,1988,1988,1,0.0,0.0,0.0,0.0,0.0,0.0,0.0,0.0,0.0,R,1967-08-25,ARG,male,2,0.0,,,0.0,
Lee Langstroth,0,2,0.0,1971,1971,1,0.0,0.0,0.0,0.0,0.0,0.0,0.0,0.0,0.0,U,,USA,male,2,0.0,,,0.0,
Khaled Ezankouli,0,2,0.0,1989,1989,1,0.0,0.0,0.0,0.0,0.0,0.0,0.0,0.0,0.0,U,1970-02-12,LBA,male,2,0.0,,,0.0,
Remus Farcas,0,1,0.0,1995,1995,1,0.0,1.0,55.0,46.0,26.0,6.0,10.0,3.0,7.0,R,1971-12-11,ROU,male,1,6.0,60.0,42.857,7.0,1.818
Walter Lanz,1,1,50.0,1971,1971,1,0.0,0.0,0.0,0.0,0.0,0.0,0.0,0.0,0.0,U,,GER,male,2,0.0,,,0.0,
Jose Rubin Statham,21,19,52.5,2005,2020,16,47.0,67.0,1053.0,658.0,445.0,179.0,163.0,65.0,115.0,R,1987-04-25,NZL,male,40,113.0,69.325,56.522,2.875,6.363
Joao Cunha Silva,42,81,34.146,1984,1999,16,158.0,146.0,5294.0,3302.0,2096.0,927.0,778.0,352.0,606.0,R,1967-11-27,POR,male,123,524.0,67.352,58.086,4.927,2.758
Paul Hoffmann,0,2,0.0,1982,1982,1,0.0,0.0,0.0,0.0,0.0,0.0,0.0,0.0,0.0,U,1963-10-07,LUX,male,2,0.0,,,0.0,
Alexandre Simoni,10,23,30.303,2000,2004,5,135.0,200.0,2235.0,1270.0,912.0,477.0,345.0,126.0,207.0,R,1979-07-02,BRA,male,33,264.0,76.522,60.87,6.273,8.949
Blazej Koniusz,0,2,0.0,2008,2008,1,0.0,0.0,0.0,0.0,0.0,0.0,0.0,0.0,0.0,R,1988-02-22,POL,male,2,0.0,,,0.0,
Scott Mccain,20,44,31.25,1980,1985,6,0.0,0.0,0.0,0.0,0.0,0.0,0.0,0.0,0.0,R,1958-01-15,USA,male,64,0.0,,,0.0,
Victor Ionita,1,3,25.0,2004,2006,3,7.0,5.0,186.0,110.0,53.0,36.0,28.0,14.0,30.0,R,1983-05-11,ROU,male,4,12.0,42.857,46.667,7.5,2.688
Hong Kit Jack Wong,1,1,50.0,2018,2018,1,5.0,2.0,121.0,80.0,49.0,20.0,17.0,8.0,14.0,U,1998-08-30,HKG,male,2,11.0,64.706,57.143,7.0,1.653
Maurice Hunter,0,5,0.0,1980,1982,3,0.0,0.0,0.0,0.0,0.0,0.0,0.0,0.0,0.0,R,1957-01-27,USA,male,5,0.0,,,0.0,
Jeff Twist,2,4,33.333,1971,1981,11,0.0,0.0,0.0,0.0,0.0,0.0,0.0,0.0,0.0,R,,AUS,male,6,0.0,,,0.0,
Marty Riessen,263,164,61.593,1968,1981,14,0.0,0.0,0.0,0.0,0.0,0.0,0.0,0.0,0.0,R,1941-12-04,USA,male,427,0.0,,,0.0,
Jan Munch Soegaard,0,1,0.0,1980,1980,1,0.0,0.0,0.0,0.0,0.0,0.0,0.0,0.0,0.0,U,1957-08-13,NOR,male,1,0.0,,,0.0,
Scott Gessner,0,2,0.0,1992,1993,2,4.0,4.0,123.0,72.0,39.0,24.0,21.0,5.0,16.0,R,1973-02-23,GER,male,2,10.0,47.619,31.25,8.0,3.252
Vijay Amritraj,275,209,56.818,1970,1993,24,0.0,0.0,48.0,34.0,14.0,7.0,9.0,2.0,8.0,R,1953-12-14,IND,male,484,3.0,33.333,25.0,0.017,0.0
Chih Jung Chen,10,10,50.0,1991,1998,8,0.0,0.0,0.0,0.0,0.0,0.0,0.0,0.0,0.0,R,1972-09-24,TPE,male,20,0.0,,,0.0,
Christophe Roger Vasselin,84,109,43.523,1976,1985,10,0.0,0.0,0.0,0.0,0.0,0.0,0.0,0.0,0.0,R,1957-07-08,FRA,male,193,0.0,,,0.0,
Dave Kanter,0,1,0.0,1975,1975,1,0.0,0.0,0.0,0.0,0.0,0.0,0.0,0.0,0.0,R,,USA,male,1,0.0,,,0.0,
Philippe Moggio,1,4,20.0,1996,1999,4,3.0,4.0,70.0,42.0,22.0,11.0,8.0,6.0,11.0,L,1973-03-23,COL,male,5,3.0,37.5,54.545,2.2,5.714
C Lane,0,1,0.0,1974,1974,1,0.0,0.0,0.0,0.0,0.0,0.0,0.0,0.0,0.0,U,,AUS,male,1,0.0,,,0.0,
Michael Mora,1,0,100.0,2002,2002,1,0.0,0.0,0.0,0.0,0.0,0.0,0.0,0.0,0.0,U,1977-09-20,PHI,male,1,0.0,,,0.0,
Sonchat Ratiwatana,1,5,16.667,2003,2006,4,3.0,3.0,93.0,62.0,43.0,14.0,14.0,5.0,8.0,R,1982-01-23,THA,male,6,11.0,78.571,62.5,1.333,3.226
Hans Nerell,6,9,40.0,1968,1971,4,0.0,0.0,0.0,0.0,0.0,0.0,0.0,0.0,0.0,R,,SWE,male,15,0.0,,,0.0,
Dmitry Tursunov,220,214,50.691,2001,2017,17,1628.0,3095.0,35059.0,20072.0,14569.0,7568.0,5408.0,1897.0,3028.0,R,1982-12-12,RUS,male,434,4277.0,79.087,62.649,6.977,8.828
Fred Hemmes,5,12,29.412,1969,2004,36,12.0,12.0,201.0,119.0,67.0,34.0,31.0,13.0,28.0,U,1950-06-14,NED,male,17,16.0,51.613,46.429,1.647,5.97
Fred Hemmes,5,12,29.412,1969,2004,36,12.0,12.0,201.0,119.0,67.0,34.0,31.0,13.0,28.0,R,1981-01-28,NED,male,17,16.0,51.613,46.429,1.647,5.97
Theo Storck,0,4,0.0,1974,1975,2,0.0,0.0,0.0,0.0,0.0,0.0,0.0,0.0,0.0,U,1948-10-18,LUX,male,4,0.0,,,0.0,
Silvio Moine,0,1,0.0,1991,1991,1,1.0,0.0,48.0,31.0,18.0,9.0,8.0,3.0,6.0,R,1967-06-21,ITA,male,1,5.0,62.5,50.0,6.0,0.0
Sean Cooper,1,1,50.0,2000,2003,4,0.0,0.0,0.0,0.0,0.0,0.0,0.0,0.0,0.0,U,1979-06-29,IRL,male,2,0.0,,,0.0,
Daniel Isaza,0,2,0.0,2003,2003,1,0.0,0.0,0.0,0.0,0.0,0.0,0.0,0.0,0.0,U,1986-08-18,COL,male,2,0.0,,,0.0,
Alejandro Falla,111,166,40.072,2001,2017,17,677.0,823.0,19891.0,11773.0,7835.0,3990.0,3026.0,1166.0,2034.0,L,1983-11-14,COL,male,277,2158.0,71.315,57.325,7.343,4.138
Charalampos Kapogiannis,0,3,0.0,2008,2014,7,0.0,0.0,0.0,0.0,0.0,0.0,0.0,0.0,0.0,R,1990-01-13,GRE,male,3,0.0,,,0.0,
Shoichi Horiuchi,0,2,0.0,1984,1985,2,0.0,0.0,0.0,0.0,0.0,0.0,0.0,0.0,0.0,R,,JPN,male,2,0.0,,,0.0,
Brian Gyetko,0,2,0.0,1987,1990,4,0.0,0.0,0.0,0.0,0.0,0.0,0.0,0.0,0.0,R,1968-01-26,CAN,male,2,0.0,,,0.0,
Rudolfs Mednis,0,3,0.0,2015,2016,2,11.0,10.0,104.0,53.0,36.0,24.0,13.0,6.0,9.0,U,1998-01-19,LAT,male,3,10.0,76.923,66.667,3.0,9.615
Pedro Figar,0,1,0.0,1971,1971,1,0.0,0.0,0.0,0.0,0.0,0.0,0.0,0.0,0.0,U,,ESP,male,1,0.0,,,0.0,
Steve Johnson,171,170,50.147,2010,2020,11,1009.0,2786.0,27444.0,16293.0,12217.0,5815.0,4299.0,1258.0,1946.0,R,1989-12-24,USA,male,341,3611.0,83.996,64.645,5.707,10.152
Igor Levine,0,1,0.0,2003,2003,1,5.0,0.0,49.0,24.0,15.0,7.0,8.0,4.0,9.0,U,1980-08-24,RUS,male,1,3.0,37.5,44.444,9.0,0.0
Miomir Kecmanovic,42,38,52.5,2018,2021,4,196.0,343.0,6038.0,3597.0,2540.0,1289.0,896.0,339.0,536.0,R,1999-08-31,SRB,male,80,699.0,78.013,63.246,6.7,5.681
Pat Dupre,135,143,48.561,1972,1984,13,0.0,0.0,0.0,0.0,0.0,0.0,0.0,0.0,0.0,R,1954-09-16,USA,male,278,0.0,,,0.0,
Alexander Zverev,251,127,66.402,2013,2021,9,1644.0,3186.0,30783.0,19737.0,14594.0,5476.0,4934.0,1389.0,2300.0,R,1997-04-20,GER,male,378,4023.0,81.536,60.391,6.085,10.35
George Taylor,2,12,14.286,1968,1979,12,0.0,0.0,0.0,0.0,0.0,0.0,0.0,0.0,0.0,R,1950-05-04,USA,male,14,0.0,,,0.0,
George Taylor,2,12,14.286,1968,1979,12,0.0,0.0,0.0,0.0,0.0,0.0,0.0,0.0,0.0,,,USA,male,14,0.0,,,0.0,
Frederik Nielsen,18,28,39.13,2003,2020,18,69.0,57.0,1752.0,1064.0,694.0,323.0,260.0,134.0,213.0,R,1983-08-27,DEN,male,46,181.0,69.615,62.911,4.63,3.253
Mark Witsken,0,1,0.0,1982,1982,1,0.0,0.0,0.0,0.0,0.0,0.0,0.0,0.0,0.0,R,1960-11-30,USA,male,1,0.0,,,0.0,
R Bortulan,1,1,50.0,1977,1977,1,0.0,0.0,0.0,0.0,0.0,0.0,0.0,0.0,0.0,U,,SUI,male,2,0.0,,,0.0,
Ismail Sauce,0,1,0.0,1981,1981,1,0.0,0.0,0.0,0.0,0.0,0.0,0.0,0.0,0.0,U,1951-11-06,VEN,male,1,0.0,,,0.0,
Gaetano Di Maso,2,4,33.333,1968,1969,2,0.0,0.0,0.0,0.0,0.0,0.0,0.0,0.0,0.0,R,,ITA,male,6,0.0,,,0.0,
Julian Lenz,0,2,0.0,2019,2019,1,6.0,6.0,108.0,54.0,31.0,23.0,17.0,5.0,14.0,R,1993-02-17,GER,male,2,8.0,47.059,35.714,7.0,5.556
Chauncey Steele Iii,7,13,35.0,1968,1974,7,0.0,0.0,0.0,0.0,0.0,0.0,0.0,0.0,0.0,R,,USA,male,20,0.0,,,0.0,
Federico Mordegan,2,9,18.182,1989,1994,6,4.0,3.0,211.0,136.0,87.0,48.0,39.0,7.0,17.0,R,1970-02-01,ITA,male,11,29.0,74.359,41.176,1.545,1.422
Anthony Lane,1,6,14.286,1983,1988,6,0.0,0.0,0.0,0.0,0.0,0.0,0.0,0.0,0.0,R,1965-05-31,AUS,male,7,0.0,,,0.0,
Gianluca Rinaldini,7,22,24.138,1978,1984,7,0.0,0.0,0.0,0.0,0.0,0.0,0.0,0.0,0.0,R,1959-08-10,ITA,male,29,0.0,,,0.0,
Joe De Foor,0,1,0.0,1988,1988,1,0.0,0.0,0.0,0.0,0.0,0.0,0.0,0.0,0.0,R,1963-02-02,USA,male,1,0.0,,,0.0,
Lars Rehmann,9,11,45.0,1994,1998,5,58.0,77.0,1389.0,924.0,655.0,213.0,217.0,75.0,120.0,R,1975-05-21,GER,male,20,172.0,79.263,62.5,6.0,5.544
Kuan Yi Lee,2,1,66.667,2016,2018,3,9.0,18.0,237.0,157.0,110.0,44.0,38.0,15.0,24.0,U,1996-09-09,TPE,male,3,29.0,76.316,62.5,8.0,7.595
Louis Wessels,1,1,50.0,2016,2016,1,9.0,5.0,124.0,88.0,56.0,14.0,21.0,6.0,13.0,R,1998-08-27,GER,male,2,14.0,66.667,46.154,6.5,4.032
Nicholas Sido,0,1,0.0,1983,1983,1,0.0,0.0,0.0,0.0,0.0,0.0,0.0,0.0,0.0,R,,FRA,male,1,0.0,,,0.0,
Sidney Gordon,2,4,33.333,1969,1971,3,0.0,0.0,0.0,0.0,0.0,0.0,0.0,0.0,0.0,U,,RSA,male,6,0.0,,,0.0,
Michel Koning,0,1,0.0,2007,2007,1,3.0,8.0,74.0,47.0,36.0,12.0,11.0,4.0,5.0,R,1984-05-01,NED,male,1,10.0,90.909,80.0,5.0,10.811
Manuel Tolentino,4,6,40.0,1984,1987,4,0.0,0.0,0.0,0.0,0.0,0.0,0.0,0.0,0.0,R,1966-03-27,PHI,male,10,0.0,,,0.0,
Bruno Agostinelli,1,2,33.333,2009,2009,1,3.0,4.0,69.0,42.0,30.0,13.0,10.0,8.0,10.0,R,1987-04-01,CAN,male,3,8.0,80.0,80.0,3.333,5.797
Jose Antonio Garcia,0,1,0.0,1982,1982,1,0.0,0.0,0.0,0.0,0.0,0.0,0.0,0.0,0.0,R,1976-02-15,MEX,male,1,0.0,,,0.0,
Artem Smirnov,2,8,20.0,2007,2018,12,10.0,16.0,495.0,306.0,185.0,81.0,72.0,27.0,54.0,U,1988-02-02,UKR,male,10,45.0,62.5,50.0,5.4,3.232
Georgio Bedran,0,1,0.0,2006,2006,1,0.0,0.0,0.0,0.0,0.0,0.0,0.0,0.0,0.0,R,1989-01-01,LIB,male,1,0.0,,,0.0,
Zeljko Franulovic,324,212,60.448,1968,1983,16,0.0,0.0,0.0,0.0,0.0,0.0,0.0,0.0,0.0,R,1947-06-13,CRO,male,536,0.0,,,0.0,
Farshad Talavar,2,1,66.667,1998,1998,1,0.0,0.0,0.0,0.0,0.0,0.0,0.0,0.0,0.0,U,1976-05-26,IRI,male,3,0.0,,,0.0,
Kornel Bardoczky,12,13,48.0,1997,2010,14,0.0,0.0,0.0,0.0,0.0,0.0,0.0,0.0,0.0,R,1978-07-05,HUN,male,25,0.0,,,0.0,
Tom Leonard,36,74,32.727,1968,1982,15,0.0,0.0,0.0,0.0,0.0,0.0,0.0,0.0,0.0,R,1948-07-15,USA,male,110,0.0,,,0.0,
Tom Leonard,36,74,32.727,1968,1982,15,0.0,0.0,0.0,0.0,0.0,0.0,0.0,0.0,0.0,R,1948-07-05,UNK,male,110,0.0,,,0.0,
Benedikt Dorsch,0,3,0.0,2006,2008,3,3.0,11.0,200.0,130.0,72.0,35.0,33.0,9.0,23.0,R,1981-01-10,GER,male,3,19.0,57.576,39.13,7.667,5.5
Julen Uriguen,2,3,40.0,2009,2010,2,0.0,0.0,0.0,0.0,0.0,0.0,0.0,0.0,0.0,R,1991-07-22,GUA,male,5,0.0,,,0.0,
Sergis Kyratzis,1,6,14.286,2010,2014,5,0.0,0.0,0.0,0.0,0.0,0.0,0.0,0.0,0.0,L,1995-05-12,CYP,male,7,0.0,,,0.0,
Paul Groth,0,1,0.0,1983,1983,1,0.0,0.0,0.0,0.0,0.0,0.0,0.0,0.0,0.0,R,,USA,male,1,0.0,,,0.0,
Phil Lehnhoff,2,4,33.333,1982,1984,3,0.0,0.0,0.0,0.0,0.0,0.0,0.0,0.0,0.0,R,1960-12-08,USA,male,6,0.0,,,0.0,
David Smith,1,1,50.0,1968,1968,1,0.0,0.0,0.0,0.0,0.0,0.0,0.0,0.0,0.0,R,,USA,male,2,0.0,,,0.0,
Robert Dolan,0,2,0.0,1982,1987,6,0.0,0.0,0.0,0.0,0.0,0.0,0.0,0.0,0.0,U,1962-05-24,IRL,male,2,0.0,,,0.0,
Nicola Spear,80,140,36.364,1968,1980,13,0.0,0.0,0.0,0.0,0.0,0.0,0.0,0.0,0.0,R,1944-02-22,SRB,male,220,0.0,,,0.0,
Marco Crugnola,0,3,0.0,2008,2011,4,19.0,1.0,179.0,107.0,61.0,25.0,28.0,12.0,28.0,R,1983-05-24,ITA,male,3,12.0,42.857,42.857,9.333,0.559
Steve Stockton,0,1,0.0,1968,1968,1,0.0,0.0,0.0,0.0,0.0,0.0,0.0,0.0,0.0,R,1946-04-01,USA,male,1,0.0,,,0.0,
Dragan Stojovic,0,2,0.0,1973,1974,2,0.0,0.0,0.0,0.0,0.0,0.0,0.0,0.0,0.0,R,,YUG,male,2,0.0,,,0.0,
Dong Hyun Kim,3,1,75.0,2001,2003,3,0.0,0.0,0.0,0.0,0.0,0.0,0.0,0.0,0.0,R,1978-10-08,KOR,male,4,0.0,,,0.0,
Danny Saltz,16,16,50.0,1981,1987,7,0.0,0.0,0.0,0.0,0.0,0.0,0.0,0.0,0.0,R,1961-07-30,USA,male,32,0.0,,,0.0,
Gerard Solves,19,34,35.849,1993,1999,7,138.0,179.0,4409.0,2760.0,1821.0,760.0,663.0,247.0,453.0,R,1968-04-07,FRA,male,53,457.0,68.929,54.525,8.547,4.06
Saeed Meer,7,12,36.842,1971,1981,11,0.0,0.0,0.0,0.0,0.0,0.0,0.0,0.0,0.0,R,,PAK,male,19,0.0,,,0.0,
Saeed Meer,7,12,36.842,1971,1981,11,0.0,0.0,0.0,0.0,0.0,0.0,0.0,0.0,0.0,U,1947-11-25,PAK,male,19,0.0,,,0.0,
Phillip King,3,12,20.0,1999,2014,16,25.0,37.0,761.0,405.0,263.0,159.0,120.0,42.0,91.0,R,1981-12-19,USA,male,15,71.0,59.167,46.154,6.067,4.862
Jaroslav Levinsky,0,1,0.0,2003,2003,1,3.0,1.0,106.0,76.0,46.0,13.0,15.0,11.0,16.0,R,1981-02-11,CZE,male,1,10.0,66.667,68.75,16.0,0.943
Karlis Ozolins,0,1,0.0,2020,2020,1,0.0,0.0,0.0,0.0,0.0,0.0,0.0,0.0,0.0,U,,LVA,male,1,0.0,,,0.0,
Kei Nishikori,404,202,66.667,2007,2021,15,1547.0,1953.0,45662.0,27959.0,19779.0,9382.0,7188.0,2224.0,3654.0,R,1989-12-29,JPN,male,606,5758.0,80.106,60.865,6.03,4.277
Mike Belkin,61,44,58.095,1968,1975,8,0.0,0.0,0.0,0.0,0.0,0.0,0.0,0.0,0.0,R,1945-06-29,CAN,male,105,0.0,,,0.0,
Miha Gregorc,0,1,0.0,2000,2000,1,0.0,0.0,0.0,0.0,0.0,0.0,0.0,0.0,0.0,R,1979-03-15,SLO,male,1,0.0,,,0.0,
Nick Weal,0,1,0.0,1997,1997,1,5.0,3.0,120.0,64.0,43.0,23.0,15.0,10.0,15.0,R,1973-09-04,GBR,male,1,10.0,66.667,66.667,15.0,2.5
Scott Oudsema,1,4,20.0,2005,2007,3,19.0,53.0,391.0,209.0,154.0,73.0,57.0,20.0,36.0,R,1986-07-01,USA,male,5,41.0,71.93,55.556,7.2,13.555
Ulrich Pinner,138,113,54.98,1973,1983,11,0.0,0.0,0.0,0.0,0.0,0.0,0.0,0.0,0.0,R,1954-02-07,GER,male,251,0.0,,,0.0,
Charlie Fancutt,22,37,37.288,1977,1983,7,0.0,0.0,0.0,0.0,0.0,0.0,0.0,0.0,0.0,R,1959-06-17,AUS,male,59,0.0,,,0.0,
Riccardo Ghedin,0,3,0.0,2009,2013,5,8.0,11.0,257.0,167.0,107.0,42.0,39.0,15.0,28.0,R,1985-12-05,ITA,male,3,26.0,66.667,53.571,9.333,4.28
Norman Schellenger,0,1,0.0,1970,1970,1,0.0,0.0,0.0,0.0,0.0,0.0,0.0,0.0,0.0,U,1962-01-12,USA,male,1,0.0,,,0.0,
Udo Riglewski,30,67,30.928,1985,1994,10,43.0,70.0,1576.0,958.0,637.0,283.0,242.0,86.0,165.0,R,1966-07-28,GER,male,97,163.0,67.355,52.121,1.701,4.442
Gianni Marchetti,0,4,0.0,1975,1977,3,0.0,0.0,0.0,0.0,0.0,0.0,0.0,0.0,0.0,R,1956-07-08,ITA,male,4,0.0,,,0.0,
A Uehara,0,1,0.0,1973,1973,1,0.0,0.0,0.0,0.0,0.0,0.0,0.0,0.0,0.0,R,,JPN,male,1,0.0,,,0.0,
Juan Giner,2,3,40.0,2000,2003,4,9.0,5.0,268.0,173.0,107.0,52.0,47.0,10.0,26.0,R,1978-07-28,ESP,male,5,31.0,65.957,38.462,5.2,1.866
Nelson Aerts,12,23,34.286,1983,1990,8,0.0,0.0,0.0,0.0,0.0,0.0,0.0,0.0,0.0,R,1963-04-25,BRA,male,35,0.0,,,0.0,
Minoru Ueda,1,2,33.333,1984,1985,2,0.0,0.0,0.0,0.0,0.0,0.0,0.0,0.0,0.0,R,,JPN,male,3,0.0,,,0.0,
Johny De Leon,2,2,50.0,2002,2005,4,0.0,0.0,0.0,0.0,0.0,0.0,0.0,0.0,0.0,R,1983-10-17,ECU,male,4,0.0,,,0.0,
Vincent Millot,8,22,26.667,2009,2018,10,100.0,122.0,2591.0,1533.0,1019.0,498.0,393.0,179.0,300.0,L,1986-01-30,FRA,male,30,272.0,69.211,59.667,10.0,4.709
Alexandre Strambini,1,2,33.333,1996,1996,1,7.0,6.0,111.0,60.0,39.0,27.0,17.0,5.0,10.0,R,1975-05-16,SUI,male,3,12.0,70.588,50.0,3.333,5.405
Evgeny Kirillov,0,1,0.0,2011,2011,1,0.0,4.0,50.0,29.0,19.0,11.0,9.0,2.0,5.0,R,1987-07-14,RUS,male,1,6.0,66.667,40.0,5.0,8.0
Daniel Heryanto,1,3,25.0,1990,1991,2,0.0,0.0,0.0,0.0,0.0,0.0,0.0,0.0,0.0,R,1969-11-30,INA,male,4,0.0,,,0.0,
Blaz Rola,13,21,38.235,2010,2019,10,102.0,130.0,2495.0,1587.0,1077.0,436.0,367.0,149.0,243.0,L,1990-10-05,SLO,male,34,273.0,74.387,61.317,7.147,5.21
Lee Childs,2,8,20.0,2000,2007,8,39.0,58.0,913.0,511.0,345.0,193.0,134.0,68.0,109.0,R,1982-06-11,GBR,male,10,93.0,69.403,62.385,10.9,6.353
Jeff Coetzee,0,1,0.0,2002,2002,1,0.0,0.0,0.0,0.0,0.0,0.0,0.0,0.0,0.0,R,1977-04-25,RSA,male,1,0.0,,,0.0,
Michal Chmela,4,4,50.0,1997,1999,3,0.0,0.0,0.0,0.0,0.0,0.0,0.0,0.0,0.0,R,1977-05-21,POL,male,8,0.0,,,0.0,
Levar Harper Griffith,0,2,0.0,2000,2001,2,11.0,7.0,189.0,103.0,62.0,40.0,28.0,16.0,27.0,R,1981-09-04,USA,male,2,17.0,60.714,59.259,13.5,3.704
Ben Qiang Zhu,17,13,56.667,1999,2004,6,18.0,24.0,403.0,229.0,152.0,78.0,59.0,37.0,56.0,R,1979-03-13,CHN,male,30,40.0,67.797,66.071,1.867,5.955
Midodji Segbeaya,2,3,40.0,1990,1992,3,0.0,0.0,0.0,0.0,0.0,0.0,0.0,0.0,0.0,U,1955-06-10,TOG,male,5,0.0,,,0.0,
Emilio Gomez,11,13,45.833,2010,2020,11,41.0,55.0,1286.0,810.0,571.0,222.0,190.0,68.0,112.0,R,1991-11-28,ECU,male,24,146.0,76.842,60.714,4.667,4.277
Romain Bogaerts,0,1,0.0,2013,2013,1,6.0,0.0,47.0,26.0,14.0,6.0,7.0,0.0,5.0,U,1993-12-23,BEL,male,1,2.0,28.571,0.0,5.0,0.0
U Jadcyznski,0,1,0.0,1973,1973,1,0.0,0.0,0.0,0.0,0.0,0.0,0.0,0.0,0.0,U,,UNK,male,1,0.0,,,0.0,
Jorg Schors,0,1,0.0,1992,1992,1,0.0,0.0,61.0,37.0,15.0,11.0,10.0,4.0,10.0,R,1974-11-05,GER,male,1,4.0,40.0,40.0,10.0,0.0
Bernard De Troye,0,2,0.0,1968,1969,2,0.0,0.0,0.0,0.0,0.0,0.0,0.0,0.0,0.0,R,,FRA,male,2,0.0,,,0.0,
Jose Lopez Maeso,63,92,40.645,1979,1989,11,0.0,0.0,0.0,0.0,0.0,0.0,0.0,0.0,0.0,R,1956-12-24,ESP,male,155,0.0,,,0.0,
Claude Ngoran,22,14,61.111,1993,2005,13,3.0,1.0,59.0,30.0,19.0,13.0,9.0,7.0,10.0,L,1975-03-18,CIV,male,36,6.0,66.667,70.0,0.278,1.695
Alexander Shvec,3,8,27.273,1996,2002,7,5.0,3.0,110.0,68.0,39.0,21.0,20.0,4.0,13.0,R,1972-06-29,BLR,male,11,11.0,55.0,30.769,1.182,2.727
Oriol Roca Batalla,1,1,50.0,2018,2018,1,8.0,26.0,227.0,140.0,104.0,50.0,32.0,14.0,15.0,R,1993-04-30,ESP,male,2,31.0,96.875,93.333,7.5,11.454
Marc Albert,0,4,0.0,1980,1981,2,0.0,0.0,0.0,0.0,0.0,0.0,0.0,0.0,0.0,R,,NED,male,4,0.0,,,0.0,
Tareq Hadeed,0,1,0.0,1990,1990,1,0.0,0.0,0.0,0.0,0.0,0.0,0.0,0.0,0.0,U,1974-10-21,KUW,male,1,0.0,,,0.0,
Robert Lee,0,1,0.0,1974,1974,1,0.0,0.0,0.0,0.0,0.0,0.0,0.0,0.0,0.0,U,1991-05-15,GBR,male,1,0.0,,,0.0,
Thiago Monteiro,50,67,42.735,2016,2021,6,269.0,568.0,9355.0,6102.0,4331.0,1666.0,1478.0,485.0,792.0,L,1994-05-31,BRA,male,117,1171.0,79.229,61.237,6.769,6.072
Blake Mott,0,2,0.0,2017,2021,5,4.0,14.0,144.0,97.0,62.0,20.0,23.0,5.0,14.0,U,1996-04-21,AUS,male,2,14.0,60.87,35.714,7.0,9.722
Jaume Munar,31,49,38.75,2015,2021,7,195.0,319.0,6708.0,4222.0,2874.0,1200.0,1016.0,388.0,659.0,R,1997-05-05,ESP,male,80,745.0,73.327,58.877,8.238,4.756
Alejandro Gomez Gb42,1,1,50.0,2015,2015,1,30.0,14.0,187.0,92.0,64.0,41.0,26.0,19.0,29.0,U,1991-08-14,COL,male,2,16.0,61.538,65.517,14.5,7.487
Antonio Domenech,0,2,0.0,1975,1979,5,0.0,0.0,0.0,0.0,0.0,0.0,0.0,0.0,0.0,R,,ESP,male,2,0.0,,,0.0,
Kirill Ivanov Smolensky,0,4,0.0,1998,2002,5,26.0,12.0,281.0,162.0,100.0,50.0,34.0,27.0,42.0,R,1981-02-19,RUS,male,4,19.0,55.882,64.286,10.5,4.27
Craig Venter,0,1,0.0,1978,1978,1,0.0,0.0,0.0,0.0,0.0,0.0,0.0,0.0,0.0,R,,RSA,male,1,0.0,,,0.0,
J Zimincer,0,1,0.0,1974,1974,1,0.0,0.0,0.0,0.0,0.0,0.0,0.0,0.0,0.0,U,,UNK,male,1,0.0,,,0.0,
Jose Olivares,0,4,0.0,2014,2017,4,9.0,10.0,236.0,152.0,96.0,40.0,33.0,16.0,27.0,,1997-01-08,DOM,male,4,22.0,66.667,59.259,6.75,4.237
Lado Chikhladze,3,9,25.0,2004,2009,6,0.0,0.0,0.0,0.0,0.0,0.0,0.0,0.0,0.0,R,1985-06-15,GEO,male,12,0.0,,,0.0,
Ioannis Rigas,3,0,100.0,1986,1988,3,0.0,0.0,0.0,0.0,0.0,0.0,0.0,0.0,0.0,U,1964-02-13,GRE,male,3,0.0,,,0.0,
Christophe Freyss,48,77,38.4,1977,1984,8,0.0,0.0,0.0,0.0,0.0,0.0,0.0,0.0,0.0,L,1956-08-30,FRA,male,125,0.0,,,0.0,
John Yeomans,1,3,25.0,1968,1970,3,0.0,0.0,0.0,0.0,0.0,0.0,0.0,0.0,0.0,U,1944-06-08,USA,male,4,0.0,,,0.0,
Greg Van Emburgh,2,1,66.667,1989,1989,1,0.0,0.0,0.0,0.0,0.0,0.0,0.0,0.0,0.0,R,1966-05-10,USA,male,3,0.0,,,0.0,
Nikola Cacic,1,1,50.0,2016,2016,1,5.0,2.0,154.0,89.0,53.0,30.0,23.0,8.0,16.0,R,1990-12-07,SRB,male,2,15.0,65.217,50.0,8.0,1.299
Mike Shore,3,5,37.5,1979,1980,2,0.0,0.0,0.0,0.0,0.0,0.0,0.0,0.0,0.0,R,1957-01-20,USA,male,8,0.0,,,0.0,
Barry Phillips Moore,178,189,48.501,1968,1980,13,0.0,0.0,0.0,0.0,0.0,0.0,0.0,0.0,0.0,R,1937-07-09,AUS,male,367,0.0,,,0.0,
Barry Phillips Moore,178,189,48.501,1968,1980,13,0.0,0.0,0.0,0.0,0.0,0.0,0.0,0.0,0.0,L,1938-06-09,AUS,male,367,0.0,,,0.0,
Brian Stephenson,0,1,0.0,1968,1968,1,0.0,0.0,0.0,0.0,0.0,0.0,0.0,0.0,0.0,R,,USA,male,1,0.0,,,0.0,
Jaan Kononov,0,1,0.0,2013,2013,1,0.0,0.0,0.0,0.0,0.0,0.0,0.0,0.0,0.0,R,1992-07-31,EST,male,1,0.0,,,0.0,
Reijo Tuomola,1,1,50.0,1974,1974,1,0.0,0.0,0.0,0.0,0.0,0.0,0.0,0.0,0.0,R,,FIN,male,2,0.0,,,0.0,
Han Cheol Shin,4,8,33.333,1991,1994,4,8.0,30.0,297.0,177.0,127.0,61.0,48.0,19.0,30.0,R,1970-03-23,KOR,male,12,37.0,77.083,63.333,2.5,10.101
Mike Briggs,0,1,0.0,1990,1990,1,0.0,0.0,0.0,0.0,0.0,0.0,0.0,0.0,0.0,R,1968-09-06,USA,male,1,0.0,,,0.0,
H Nielson,0,1,0.0,1968,1968,1,0.0,0.0,0.0,0.0,0.0,0.0,0.0,0.0,0.0,R,,AUS,male,1,0.0,,,0.0,
Steve Kennedy,0,1,0.0,1987,1987,1,0.0,0.0,0.0,0.0,0.0,0.0,0.0,0.0,0.0,R,1965-10-30,USA,male,1,0.0,,,0.0,
Ody Gabriel,4,1,80.0,1982,1984,3,0.0,0.0,0.0,0.0,0.0,0.0,0.0,0.0,0.0,U,1954-07-22,PHI,male,5,0.0,,,0.0,
Guillem Burniol,0,2,0.0,2004,2006,3,13.0,5.0,141.0,79.0,50.0,20.0,21.0,17.0,28.0,R,1983-08-14,ESP,male,2,10.0,47.619,60.714,14.0,3.546
Arvind Parmar,14,27,34.146,1999,2006,8,115.0,269.0,3291.0,2017.0,1459.0,637.0,520.0,149.0,262.0,R,1978-03-22,GBR,male,41,407.0,78.269,56.87,6.39,8.174
Luis Alberto Olmedo,0,1,0.0,1976,1976,1,0.0,0.0,0.0,0.0,0.0,0.0,0.0,0.0,0.0,U,1950-08-04,PER,male,1,0.0,,,0.0,
Segun Balogun,0,3,0.0,1978,1980,3,0.0,0.0,0.0,0.0,0.0,0.0,0.0,0.0,0.0,R,,NGR,male,3,0.0,,,0.0,
Robert Lindstedt,0,2,0.0,1999,2011,13,1.0,0.0,50.0,34.0,14.0,6.0,7.0,5.0,10.0,R,1977-03-19,SWE,male,2,2.0,28.571,50.0,5.0,0.0
Mao Xin Gong,2,6,25.0,2009,2013,5,10.0,3.0,231.0,135.0,78.0,45.0,36.0,10.0,23.0,R,1987-08-24,CHN,male,8,23.0,63.889,43.478,2.875,1.299
Christophe Bernelle,1,5,16.667,1982,1983,2,0.0,0.0,0.0,0.0,0.0,0.0,0.0,0.0,0.0,R,1962-12-31,FRA,male,6,0.0,,,0.0,
Rohit Rajpal,0,1,0.0,1990,1990,1,0.0,0.0,0.0,0.0,0.0,0.0,0.0,0.0,0.0,R,,IND,male,1,0.0,,,0.0,
Mark Choy,0,2,0.0,1994,1994,1,0.0,0.0,0.0,0.0,0.0,0.0,0.0,0.0,0.0,U,1973-05-02,SIN,male,2,0.0,,,0.0,
Hichem Bramly,0,2,0.0,1993,1993,1,0.0,0.0,0.0,0.0,0.0,0.0,0.0,0.0,0.0,U,1969-01-17,TUN,male,2,0.0,,,0.0,
Alexandre Muller,1,4,20.0,2017,2021,5,20.0,26.0,498.0,311.0,198.0,86.0,82.0,28.0,57.0,U,1997-02-01,FRA,male,5,53.0,64.634,49.123,11.4,5.221
Riccardo Bellotti,0,1,0.0,2017,2017,1,4.0,0.0,94.0,71.0,39.0,9.0,14.0,3.0,9.0,R,1991-08-05,ITA,male,1,8.0,57.143,33.333,9.0,0.0
Carl Chang,0,3,0.0,1993,1997,5,16.0,19.0,201.0,90.0,65.0,48.0,33.0,13.0,26.0,R,1969-02-13,USA,male,3,20.0,60.606,50.0,8.667,9.453
Kentaro Masuda,0,5,0.0,1990,1998,9,3.0,3.0,237.0,147.0,76.0,37.0,35.0,13.0,33.0,R,1971-08-26,JPN,male,5,15.0,42.857,39.394,6.6,1.266
Bhanu Nunna,0,11,0.0,1975,1979,5,0.0,0.0,0.0,0.0,0.0,0.0,0.0,0.0,0.0,R,1954-11-13,IND,male,11,0.0,,,0.0,
Aslan Karatsev,8,11,42.105,2013,2021,9,69.0,105.0,1555.0,926.0,644.0,312.0,247.0,95.0,155.0,R,1993-09-04,RUS,male,19,187.0,75.709,61.29,8.158,6.752
Ali Hamadeh,13,7,65.0,1997,2002,6,0.0,0.0,0.0,0.0,0.0,0.0,0.0,0.0,0.0,R,1974-09-05,LIB,male,20,0.0,,,0.0,
Mario Laborde,0,1,0.0,1971,1971,1,0.0,0.0,0.0,0.0,0.0,0.0,0.0,0.0,0.0,U,1955-10-18,URU,male,1,0.0,,,0.0,
Brad Guan,8,17,32.0,1978,1982,5,0.0,0.0,0.0,0.0,0.0,0.0,0.0,0.0,0.0,R,1958-07-10,AUS,male,25,0.0,,,0.0,
Lukas Lacko,96,147,39.506,2006,2019,14,561.0,1363.0,17250.0,10133.0,7210.0,3563.0,2702.0,871.0,1510.0,R,1987-11-03,SVK,male,243,2063.0,76.351,57.682,6.214,7.901
Jared Palmer,64,72,47.059,1988,2000,13,521.0,508.0,11201.0,6792.0,4738.0,2171.0,1644.0,632.0,1012.0,R,1971-07-02,USA,male,136,1264.0,76.886,62.451,7.441,4.535
Yuichi Sugita,54,86,38.571,2007,2021,15,349.0,495.0,10512.0,6366.0,4330.0,2034.0,1596.0,597.0,1013.0,R,1988-09-18,JPN,male,140,1180.0,73.935,58.934,7.236,4.709
Juan Lugo,0,1,0.0,2019,2019,1,0.0,0.0,0.0,0.0,0.0,0.0,0.0,0.0,0.0,U,1999-09-21,VEN,male,1,0.0,,,0.0,
M Williams,0,1,0.0,1973,1973,1,0.0,0.0,0.0,0.0,0.0,0.0,0.0,0.0,0.0,U,,UNK,male,1,0.0,,,0.0,
Bobby Siska,0,1,0.0,1970,1970,1,0.0,0.0,0.0,0.0,0.0,0.0,0.0,0.0,0.0,U,1942-12-01,USA,male,1,0.0,,,0.0,
Ismail El Shafei,191,208,47.87,1968,1982,15,0.0,0.0,0.0,0.0,0.0,0.0,0.0,0.0,0.0,R,1947-11-15,EGY,male,399,0.0,,,0.0,
John Paul Fruttero,0,1,0.0,2005,2005,1,9.0,8.0,116.0,70.0,48.0,23.0,15.0,8.0,10.0,R,1981-04-30,USA,male,1,13.0,86.667,80.0,10.0,6.897
Tomas Martin Etcheverry,1,2,33.333,2021,2021,1,3.0,10.0,225.0,162.0,110.0,30.0,36.0,11.0,19.0,U,1999-07-18,ARG,male,3,28.0,77.778,57.895,6.333,4.444
Collin Altamirano,0,2,0.0,2013,2018,6,6.0,8.0,167.0,88.0,61.0,32.0,27.0,10.0,20.0,R,1995-12-07,USA,male,2,17.0,62.963,50.0,10.0,4.79
Ji Sung Nam,2,3,40.0,2013,2021,9,8.0,4.0,130.0,82.0,49.0,23.0,20.0,7.0,15.0,R,1993-08-15,KOR,male,5,12.0,60.0,46.667,3.0,3.077
Francois Matheu,0,1,0.0,1970,1970,1,0.0,0.0,0.0,0.0,0.0,0.0,0.0,0.0,0.0,R,,FRA,male,1,0.0,,,0.0,
Roberto Saad,13,29,30.952,1983,1988,6,0.0,0.0,0.0,0.0,0.0,0.0,0.0,0.0,0.0,R,1961-06-03,ARG,male,42,0.0,,,0.0,
Christian Hohnhold,0,1,0.0,1976,1976,1,0.0,0.0,0.0,0.0,0.0,0.0,0.0,0.0,0.0,U,1959-04-10,PER,male,1,0.0,,,0.0,
Jose Medrano,3,5,37.5,1990,1995,6,0.0,0.0,0.0,0.0,0.0,0.0,0.0,0.0,0.0,U,1972-10-25,BOL,male,8,0.0,,,0.0,
Ian Bidmeade,0,4,0.0,1970,1972,3,0.0,0.0,0.0,0.0,0.0,0.0,0.0,0.0,0.0,R,,AUS,male,4,0.0,,,0.0,
James Chico Hagey,14,39,26.415,1972,1978,7,0.0,0.0,0.0,0.0,0.0,0.0,0.0,0.0,0.0,R,1953-02-25,USA,male,53,0.0,,,0.0,
Anthony Marshall,0,3,0.0,2012,2013,2,0.0,0.0,0.0,0.0,0.0,0.0,0.0,0.0,0.0,U,1985-06-25,BAR,male,3,0.0,,,0.0,
George Tsivadze,0,4,0.0,2017,2019,3,9.0,7.0,281.0,177.0,99.0,46.0,38.0,32.0,50.0,U,1993-01-02,GEO,male,4,20.0,52.632,64.0,12.5,2.491
Jaidip Mukerjea,10,15,40.0,1968,1976,9,0.0,0.0,0.0,0.0,0.0,0.0,0.0,0.0,0.0,U,1942-04-21,IND,male,25,0.0,,,0.0,
Kirati Siributwong,0,1,0.0,2008,2008,1,0.0,0.0,0.0,0.0,0.0,0.0,0.0,0.0,0.0,R,1987-05-17,THA,male,1,0.0,,,0.0,
Louis Vosloo,0,2,0.0,2002,2002,1,0.0,0.0,0.0,0.0,0.0,0.0,0.0,0.0,0.0,R,1978-01-29,RSA,male,2,0.0,,,0.0,
John Farrington,4,11,26.667,1989,1999,11,0.0,0.0,0.0,0.0,0.0,0.0,0.0,0.0,0.0,R,,BAH,male,15,0.0,,,0.0,
Jonathan Canter,59,78,43.066,1982,1994,13,16.0,22.0,717.0,382.0,265.0,162.0,106.0,35.0,62.0,R,1965-06-04,USA,male,137,79.0,74.528,56.452,0.453,3.068
Otto Virtanen,1,1,50.0,2020,2020,1,12.0,15.0,190.0,116.0,78.0,38.0,26.0,16.0,24.0,U,2001-06-21,FIN,male,2,18.0,69.231,66.667,12.0,7.895
Yoshihito Nishioka,67,75,47.183,2014,2021,8,240.0,261.0,11075.0,7197.0,4574.0,2076.0,1704.0,683.0,1156.0,L,1995-09-27,JPN,male,142,1231.0,72.242,59.083,8.141,2.357
Aljoscha Thron,0,1,0.0,2005,2005,1,9.0,5.0,77.0,37.0,26.0,13.0,9.0,6.0,11.0,R,1987-06-15,GER,male,1,4.0,44.444,54.545,11.0,6.494
Abe Segal,4,9,30.769,1968,1971,4,0.0,0.0,0.0,0.0,0.0,0.0,0.0,0.0,0.0,L,1930-10-23,RSA,male,13,0.0,,,0.0,
Geoff Brown,0,1,0.0,1975,1975,1,0.0,0.0,0.0,0.0,0.0,0.0,0.0,0.0,0.0,R,,AUS,male,1,0.0,,,0.0,
Edan Leshem,3,5,37.5,2015,2020,6,16.0,16.0,397.0,240.0,157.0,86.0,63.0,15.0,33.0,U,1997-03-19,ISR,male,8,45.0,71.429,45.455,4.125,4.03
Jicham Zaatini,10,12,45.455,1997,2008,12,0.0,0.0,0.0,0.0,0.0,0.0,0.0,0.0,0.0,R,1976-06-17,LIB,male,22,0.0,,,0.0,
Cahit Atas,0,1,0.0,1976,1976,1,0.0,0.0,0.0,0.0,0.0,0.0,0.0,0.0,0.0,U,,TUR,male,1,0.0,,,0.0,
Yuri Schukin,14,21,40.0,2001,2011,11,86.0,84.0,2504.0,1536.0,1013.0,488.0,381.0,139.0,241.0,R,1979-06-26,KAZ,male,35,279.0,73.228,57.676,6.886,3.355
Hiu Tung Yu,12,16,42.857,2002,2012,11,0.0,0.0,0.0,0.0,0.0,0.0,0.0,0.0,0.0,L,1984-02-05,HKG,male,28,0.0,,,0.0,
Luca Vanni,5,18,21.739,2015,2019,5,68.0,230.0,1930.0,1105.0,818.0,412.0,302.0,86.0,148.0,R,1985-06-04,ITA,male,23,240.0,79.47,58.108,6.435,11.917
Eric Winogradsky,14,32,30.435,1985,1991,7,11.0,12.0,171.0,103.0,79.0,40.0,27.0,6.0,8.0,R,1966-04-22,FRA,male,46,25.0,92.593,75.0,0.174,7.018
Denis Matsukevitch,0,2,0.0,2007,2008,2,4.0,4.0,152.0,94.0,56.0,29.0,20.0,11.0,18.0,R,1986-03-28,RUS,male,2,13.0,65.0,61.111,9.0,2.632
Vaclav Safranek,0,3,0.0,2017,2018,2,8.0,6.0,244.0,160.0,99.0,44.0,36.0,17.0,28.0,R,1994-05-20,CZE,male,3,25.0,69.444,60.714,9.333,2.459
Milko Petkov,2,2,50.0,1992,1992,1,0.0,0.0,0.0,0.0,0.0,0.0,0.0,0.0,0.0,R,1971-08-11,BUL,male,4,0.0,,,0.0,
Shinichi Nishino,0,1,0.0,1981,1981,1,0.0,0.0,0.0,0.0,0.0,0.0,0.0,0.0,0.0,R,,JPN,male,1,0.0,,,0.0,
Tayyab Iftikhar,1,0,100.0,1975,1975,1,0.0,0.0,0.0,0.0,0.0,0.0,0.0,0.0,0.0,U,,PAK,male,1,0.0,,,0.0,
Nuno Marques,52,92,36.111,1986,2000,15,239.0,212.0,6085.0,3918.0,2498.0,1012.0,907.0,381.0,668.0,L,1970-04-09,POR,male,144,620.0,68.357,57.036,4.639,3.484
A Mcgrath,0,1,0.0,1971,1971,1,0.0,0.0,0.0,0.0,0.0,0.0,0.0,0.0,0.0,U,,AUS,male,1,0.0,,,0.0,
Mark Markov,1,1,50.0,1994,1994,1,0.0,0.0,0.0,0.0,0.0,0.0,0.0,0.0,0.0,R,1968-12-29,BUL,male,2,0.0,,,0.0,
Ashkan Shokoofi,6,5,54.545,2003,2007,5,0.0,0.0,0.0,0.0,0.0,0.0,0.0,0.0,0.0,U,1981-07-09,IRI,male,11,0.0,,,0.0,
Juan Carlos Arroyo,1,1,50.0,1971,1971,1,0.0,0.0,0.0,0.0,0.0,0.0,0.0,0.0,0.0,U,,ESP,male,2,0.0,,,0.0,
Nandan Bal,1,3,25.0,1978,1983,6,0.0,0.0,0.0,0.0,0.0,0.0,0.0,0.0,0.0,R,,IND,male,4,0.0,,,0.0,
Geoff Stubbs,1,1,50.0,1970,1970,1,0.0,0.0,0.0,0.0,0.0,0.0,0.0,0.0,0.0,U,,GBR,male,2,0.0,,,0.0,
Kelly Evernden,118,120,49.58,1980,1994,15,55.0,101.0,2196.0,1276.0,874.0,492.0,342.0,116.0,196.0,R,1961-09-21,NZL,male,238,262.0,76.608,59.184,0.824,4.599
Kelly Evernden,118,120,49.58,1980,1994,15,55.0,101.0,2196.0,1276.0,874.0,492.0,342.0,116.0,196.0,R,1962-09-21,NZL,male,238,262.0,76.608,59.184,0.824,4.599
Simone Ercoli,0,2,0.0,1983,1983,1,0.0,0.0,0.0,0.0,0.0,0.0,0.0,0.0,0.0,R,,ITA,male,2,0.0,,,0.0,
Luis Herrera,51,77,39.844,1990,1999,10,297.0,147.0,8175.0,5138.0,3316.0,1500.0,1231.0,494.0,852.0,L,1971-08-27,MEX,male,128,873.0,70.918,57.981,6.656,1.798
Borna Gojo,1,4,20.0,2018,2021,4,17.0,40.0,408.0,263.0,183.0,70.0,59.0,27.0,42.0,U,1998-02-27,CRO,male,5,44.0,74.576,64.286,8.4,9.804
Leif Johansson,15,20,42.857,1969,1976,8,0.0,0.0,0.0,0.0,0.0,0.0,0.0,0.0,0.0,R,,SWE,male,35,0.0,,,0.0,
Bernard Mitton,148,161,47.896,1971,1984,14,0.0,0.0,0.0,0.0,0.0,0.0,0.0,0.0,0.0,R,1954-11-09,RSA,male,309,0.0,,,0.0,
Rodrigo Arus,1,2,33.333,2015,2018,4,2.0,1.0,40.0,23.0,18.0,12.0,8.0,2.0,2.0,U,1995-02-20,URU,male,3,8.0,100.0,100.0,0.667,2.5
Sergei Bubka,12,15,44.444,2005,2012,8,32.0,128.0,1114.0,667.0,494.0,207.0,185.0,42.0,88.0,R,1987-02-10,UKR,male,27,139.0,75.135,47.727,3.259,11.49
Brent Haygarth,0,1,0.0,1995,1995,1,5.0,7.0,83.0,43.0,32.0,20.0,14.0,3.0,6.0,R,1967-12-27,RSA,male,1,11.0,78.571,50.0,6.0,8.434
Alan Fox,9,11,45.0,1968,1971,4,0.0,0.0,0.0,0.0,0.0,0.0,0.0,0.0,0.0,R,1939-06-25,USA,male,20,0.0,,,0.0,
Takahiro Terachi,4,8,33.333,2001,2007,7,32.0,24.0,761.0,391.0,246.0,175.0,112.0,62.0,104.0,R,1979-07-08,JPN,male,12,70.0,62.5,59.615,8.667,3.154
Eduardo Medica,2,4,33.333,1998,1999,2,25.0,10.0,464.0,271.0,162.0,87.0,66.0,32.0,61.0,R,1976-02-10,ARG,male,6,37.0,56.061,52.459,10.167,2.155
Jurg Siegrist,0,2,0.0,1968,1969,2,0.0,0.0,0.0,0.0,0.0,0.0,0.0,0.0,0.0,U,1943-05-22,SUI,male,2,0.0,,,0.0,
John Eastburn,1,4,20.0,1973,1974,2,0.0,0.0,0.0,0.0,0.0,0.0,0.0,0.0,0.0,U,,AUS,male,5,0.0,,,0.0,
David Cantrell,0,1,0.0,1970,1970,1,0.0,0.0,0.0,0.0,0.0,0.0,0.0,0.0,0.0,U,,USA,male,1,0.0,,,0.0,
D Savid,0,1,0.0,1977,1977,1,0.0,0.0,0.0,0.0,0.0,0.0,0.0,0.0,0.0,U,,YUG,male,1,0.0,,,0.0,
Miecyslav Rybarczyk,0,5,0.0,1969,1973,5,0.0,0.0,0.0,0.0,0.0,0.0,0.0,0.0,0.0,R,,POL,male,5,0.0,,,0.0,
Miecyslav Rybarczyk,0,5,0.0,1969,1973,5,0.0,0.0,0.0,0.0,0.0,0.0,0.0,0.0,0.0,R,,POL,male,5,0.0,,,0.0,
George Kallis,0,1,0.0,2008,2008,1,0.0,0.0,0.0,0.0,0.0,0.0,0.0,0.0,0.0,U,1987-09-25,CYP,male,1,0.0,,,0.0,
Diego Junqueira,11,33,25.0,2006,2012,7,81.0,44.0,2942.0,2014.0,1166.0,441.0,456.0,209.0,395.0,L,1980-12-28,ARG,male,44,270.0,59.211,52.911,8.977,1.496
Allen Belobrajdic,1,4,20.0,1996,1998,3,14.0,9.0,434.0,298.0,186.0,46.0,66.0,30.0,57.0,R,1976-09-18,AUS,male,5,39.0,59.091,52.632,11.4,2.074
Matthew Breen,0,1,0.0,2001,2001,1,3.0,5.0,155.0,81.0,60.0,39.0,23.0,15.0,19.0,R,1976-06-12,AUS,male,1,19.0,82.609,78.947,19.0,3.226
Carlos Lopez,0,1,0.0,1978,1978,1,0.0,0.0,0.0,0.0,0.0,0.0,0.0,0.0,0.0,R,,MEX,male,1,0.0,,,0.0,
Elliot Benchetrit,1,5,16.667,2018,2020,3,17.0,29.0,505.0,291.0,182.0,101.0,82.0,26.0,58.0,U,1998-10-02,FRA,male,6,50.0,60.976,44.828,9.667,5.743
Chris Garner,19,36,34.545,1988,1994,7,77.0,148.0,2633.0,1539.0,1002.0,558.0,401.0,150.0,273.0,R,1969-04-07,USA,male,55,278.0,69.327,54.945,4.964,5.621
Raoul Behr,0,7,0.0,2001,2005,5,0.0,0.0,0.0,0.0,0.0,0.0,0.0,0.0,0.0,U,1976-09-24,AHO,male,7,0.0,,,0.0,
Lionel Barthez,2,10,16.667,1989,1998,10,66.0,39.0,832.0,446.0,302.0,161.0,123.0,45.0,86.0,R,1967-05-18,FRA,male,12,82.0,66.667,52.326,7.167,4.688
David Lewis,9,20,31.034,1982,1990,9,0.0,0.0,0.0,0.0,0.0,0.0,0.0,0.0,0.0,R,1964-09-03,NZL,male,29,0.0,,,0.0,
Magnus Zeile,0,2,0.0,1989,1990,2,0.0,0.0,0.0,0.0,0.0,0.0,0.0,0.0,0.0,R,1968-08-10,SWE,male,2,0.0,,,0.0,
Peter Polansky,16,43,27.119,2006,2019,14,160.0,220.0,4097.0,2380.0,1618.0,846.0,623.0,244.0,417.0,R,1988-06-15,CAN,male,59,450.0,72.231,58.513,7.068,5.37
Milan Vopicka,0,1,0.0,1970,1970,1,0.0,0.0,0.0,0.0,0.0,0.0,0.0,0.0,0.0,R,1976-03-25,CZE,male,1,0.0,,,0.0,
Shuzo Matsuoka,126,137,47.909,1985,1998,14,511.0,1285.0,14424.0,8781.0,6489.0,2866.0,2195.0,673.0,1080.0,R,1967-11-06,JPN,male,263,1788.0,81.458,62.315,4.106,8.909
Takahiro Ittogi,0,1,0.0,2005,2005,1,2.0,1.0,43.0,31.0,14.0,1.0,7.0,5.0,11.0,R,1988-12-17,JPN,male,1,1.0,14.286,45.455,11.0,2.326
Luis Borfiga,4,18,18.182,1974,1985,12,0.0,0.0,0.0,0.0,0.0,0.0,0.0,0.0,0.0,R,1954-10-29,MON,male,22,0.0,,,0.0,
Ariez Elyaas Deen Heshaam,0,4,0.0,2010,2012,3,0.0,1.0,45.0,25.0,10.0,7.0,8.0,2.0,8.0,R,1993-12-24,MAS,male,4,2.0,25.0,25.0,2.0,2.222
Pavel Vizner,0,2,0.0,1988,1994,7,2.0,2.0,54.0,31.0,18.0,9.0,9.0,3.0,8.0,R,1970-07-15,CZE,male,2,4.0,44.444,37.5,4.0,3.704
Michael Marcin,0,1,0.0,1968,1968,1,0.0,0.0,0.0,0.0,0.0,0.0,0.0,0.0,0.0,R,,USA,male,1,0.0,,,0.0,
Stanislav Bykov,0,2,0.0,2005,2007,3,0.0,0.0,0.0,0.0,0.0,0.0,0.0,0.0,0.0,R,1988-08-16,KAZ,male,2,0.0,,,0.0,
Garth Haynes,0,1,0.0,1982,1982,1,0.0,0.0,0.0,0.0,0.0,0.0,0.0,0.0,0.0,R,,USA,male,1,0.0,,,0.0,
David Whyte,0,5,0.0,1978,1980,3,0.0,0.0,0.0,0.0,0.0,0.0,0.0,0.0,0.0,R,,AUS,male,5,0.0,,,0.0,
David Whyte,0,5,0.0,1978,1980,3,0.0,0.0,0.0,0.0,0.0,0.0,0.0,0.0,0.0,U,,AUS,male,5,0.0,,,0.0,
Jaroslav Bulant,2,8,20.0,1988,1995,8,4.0,4.0,202.0,98.0,64.0,51.0,29.0,16.0,25.0,R,1964-04-21,CZE,male,10,20.0,68.966,64.0,2.5,1.98
Saleh Bushnaq,0,1,0.0,1991,1991,1,0.0,0.0,0.0,0.0,0.0,0.0,0.0,0.0,0.0,U,1964-12-19,JOR,male,1,0.0,,,0.0,
Temur Ismailov,1,4,20.0,2013,2017,5,9.0,17.0,189.0,115.0,87.0,33.0,31.0,8.0,14.0,R,1995-01-14,UZB,male,5,25.0,80.645,57.143,2.8,8.995
Jose Acasuso,188,177,51.507,2001,2011,11,948.0,1822.0,25594.0,13876.0,10001.0,5928.0,3981.0,1370.0,2275.0,R,1982-10-20,ARG,male,365,3076.0,77.267,60.22,6.233,7.119
Stephen Myers,4,11,26.667,1971,1980,10,0.0,0.0,0.0,0.0,0.0,0.0,0.0,0.0,0.0,R,,AUS,male,15,0.0,,,0.0,
Mike De Palmer,62,73,45.926,1981,1987,7,0.0,0.0,0.0,0.0,0.0,0.0,0.0,0.0,0.0,L,1961-10-17,USA,male,135,0.0,,,0.0,
Xiao Cheng Liu,0,2,0.0,1990,1990,1,0.0,0.0,0.0,0.0,0.0,0.0,0.0,0.0,0.0,U,1969-04-15,CHN,male,2,0.0,,,0.0,
Bong Suk Kim,0,1,0.0,1980,1980,1,0.0,0.0,0.0,0.0,0.0,0.0,0.0,0.0,0.0,U,1953-07-26,KOR,male,1,0.0,,,0.0,
Furat Hammadi,0,1,0.0,1990,1990,1,0.0,0.0,0.0,0.0,0.0,0.0,0.0,0.0,0.0,U,1972-06-09,JOR,male,1,0.0,,,0.0,
Amir Hossein Badi,0,1,0.0,2018,2018,1,3.0,0.0,58.0,40.0,19.0,4.0,7.0,7.0,13.0,U,1998-12-09,IRI,male,1,1.0,14.286,53.846,13.0,0.0
Emin Agaev,0,1,0.0,2002,2002,1,4.0,3.0,44.0,23.0,13.0,6.0,7.0,1.0,6.0,R,1979-05-14,AZE,male,1,2.0,28.571,16.667,6.0,6.818
Paul Haarhuis,207,202,50.611,1988,2000,13,817.0,1423.0,26992.0,16085.0,11155.0,5457.0,4094.0,1498.0,2482.0,R,1966-02-19,NED,male,409,3110.0,75.965,60.355,6.068,5.272
Dean Martin Jr,0,5,0.0,1974,1978,5,0.0,0.0,0.0,0.0,0.0,0.0,0.0,0.0,0.0,R,,USA,male,5,0.0,,,0.0,
Luke Saville,2,6,25.0,2013,2016,4,43.0,44.0,796.0,479.0,308.0,160.0,120.0,52.0,86.0,R,1994-02-01,AUS,male,8,86.0,71.667,60.465,10.75,5.528
Jan Simbera,3,8,27.273,1973,1978,6,0.0,0.0,0.0,0.0,0.0,0.0,0.0,0.0,0.0,R,,CZE,male,11,0.0,,,0.0,
Suehiro Ito,0,1,0.0,1979,1979,1,0.0,0.0,0.0,0.0,0.0,0.0,0.0,0.0,0.0,R,,JPN,male,1,0.0,,,0.0,
Nathan Healey,6,13,31.579,2004,2007,4,111.0,156.0,1544.0,872.0,637.0,334.0,235.0,84.0,131.0,R,1980-02-27,AUS,male,19,188.0,80.0,64.122,6.895,10.104
Dominic Durand,1,1,50.0,1989,1989,1,0.0,0.0,0.0,0.0,0.0,0.0,0.0,0.0,0.0,R,,FRA,male,2,0.0,,,0.0,
M Bonner,0,1,0.0,1968,1968,1,0.0,0.0,0.0,0.0,0.0,0.0,0.0,0.0,0.0,U,,,male,1,0.0,,,0.0,
Broderick Dyke,59,100,37.107,1982,1993,12,39.0,18.0,601.0,349.0,219.0,115.0,88.0,38.0,67.0,L,1960-12-31,AUS,male,159,59.0,67.045,56.716,0.421,2.995
Juan Martin Aranguren,0,2,0.0,2006,2010,5,7.0,4.0,146.0,93.0,60.0,22.0,23.0,5.0,14.0,R,1983-10-07,ARG,male,2,14.0,60.87,35.714,7.0,2.74
Alan Ho,0,1,0.0,1973,1973,1,0.0,0.0,0.0,0.0,0.0,0.0,0.0,0.0,0.0,U,,UNK,male,1,0.0,,,0.0,
Luis Alberto Ayala,1,1,50.0,1969,1969,1,0.0,0.0,0.0,0.0,0.0,0.0,0.0,0.0,0.0,U,,CHI,male,2,0.0,,,0.0,
Rouzbeh Kamran,1,2,33.333,2007,2011,5,0.0,0.0,0.0,0.0,0.0,0.0,0.0,0.0,0.0,U,1983-09-03,IRI,male,3,0.0,,,0.0,
Mariano Hood,4,7,36.364,1998,2001,4,7.0,14.0,715.0,471.0,323.0,120.0,110.0,52.0,82.0,L,1973-08-14,ARG,male,11,80.0,72.727,63.415,7.455,1.958
Mark Merklein,10,22,31.25,1994,2004,11,67.0,82.0,1173.0,715.0,496.0,207.0,176.0,61.0,110.0,R,1972-06-28,BAH,male,32,127.0,72.159,55.455,3.438,6.991
Craig Edwards,2,7,22.222,1980,1982,3,0.0,0.0,0.0,0.0,0.0,0.0,0.0,0.0,0.0,R,1955-05-19,USA,male,9,0.0,,,0.0,
Christian Miniussi,59,82,41.844,1984,1995,12,185.0,153.0,4723.0,2777.0,1858.0,930.0,714.0,262.0,478.0,R,1967-07-05,ARG,male,141,498.0,69.748,54.812,3.39,3.239
Joachim Bjerke,0,2,0.0,2014,2014,1,0.0,0.0,0.0,0.0,0.0,0.0,0.0,0.0,0.0,R,1994-11-11,NOR,male,2,0.0,,,0.0,
Jean Francois Caujolle,73,104,41.243,1970,1982,13,0.0,0.0,0.0,0.0,0.0,0.0,0.0,0.0,0.0,L,1952-03-31,FRA,male,177,0.0,,,0.0,
Tom Brown,1,4,20.0,1970,1971,2,0.0,0.0,0.0,0.0,0.0,0.0,0.0,0.0,0.0,R,1922-09-26,USA,male,5,0.0,,,0.0,
T Hall,0,1,0.0,1980,1980,1,0.0,0.0,0.0,0.0,0.0,0.0,0.0,0.0,0.0,R,,AUS,male,1,0.0,,,0.0,
R Walker,1,1,50.0,1970,1970,1,0.0,0.0,0.0,0.0,0.0,0.0,0.0,0.0,0.0,U,,GBR,male,2,0.0,,,0.0,
Matt Lucena,0,1,0.0,1994,1994,1,4.0,2.0,67.0,45.0,33.0,8.0,10.0,2.0,4.0,R,1969-08-04,USA,male,1,8.0,80.0,50.0,4.0,2.985
Stephane Bohli,5,17,22.727,2008,2013,6,53.0,132.0,1520.0,833.0,600.0,344.0,233.0,81.0,136.0,R,1983-07-25,SUI,male,22,178.0,76.395,59.559,6.182,8.684
Jeremy Bates,111,160,40.959,1980,1996,17,396.0,308.0,7867.0,4454.0,3110.0,1564.0,1184.0,424.0,746.0,R,1962-06-19,GBR,male,271,862.0,72.804,56.836,2.753,3.915
Fred Stolle,116,87,57.143,1968,1978,11,0.0,0.0,0.0,0.0,0.0,0.0,0.0,0.0,0.0,R,1938-10-08,AUS,male,203,0.0,,,0.0,
Stephen Botfield,2,6,25.0,1986,1989,4,0.0,0.0,0.0,0.0,0.0,0.0,0.0,0.0,0.0,R,1966-04-10,GBR,male,8,0.0,,,0.0,
Gap Taik Ro,5,4,55.556,1984,1989,6,0.0,0.0,0.0,0.0,0.0,0.0,0.0,0.0,0.0,R,1964-03-05,KOR,male,9,0.0,,,0.0,
John Segal,0,1,0.0,1971,1971,1,0.0,0.0,0.0,0.0,0.0,0.0,0.0,0.0,0.0,U,,UNK,male,1,0.0,,,0.0,
Miguel Olvera,13,13,50.0,1968,1976,9,0.0,0.0,0.0,0.0,0.0,0.0,0.0,0.0,0.0,R,,ECU,male,26,0.0,,,0.0,
Norbert Mazany,1,1,50.0,1998,1998,1,0.0,0.0,0.0,0.0,0.0,0.0,0.0,0.0,0.0,R,1978-02-19,HUN,male,2,0.0,,,0.0,
Kasper Rud,0,2,0.0,1976,1976,1,0.0,0.0,0.0,0.0,0.0,0.0,0.0,0.0,0.0,U,1947-08-07,DEN,male,2,0.0,,,0.0,
Ya Nan Ma,0,1,0.0,2012,2012,1,0.0,0.0,0.0,0.0,0.0,0.0,0.0,0.0,0.0,U,1990-06-06,CHN,male,1,0.0,,,0.0,
Taso Vasiliadis,2,2,50.0,1997,1999,3,0.0,0.0,0.0,0.0,0.0,0.0,0.0,0.0,0.0,R,1974-02-16,GRE,male,4,0.0,,,0.0,
Arif Kocak,2,2,50.0,1973,1979,7,0.0,0.0,0.0,0.0,0.0,0.0,0.0,0.0,0.0,U,,TUR,male,4,0.0,,,0.0,
Robert Janecek,0,1,0.0,1989,1989,1,0.0,0.0,0.0,0.0,0.0,0.0,0.0,0.0,0.0,R,1972-06-09,CAN,male,1,0.0,,,0.0,
Carl Uwe Steeb,153,161,48.726,1986,1996,11,283.0,422.0,12576.0,7386.0,4805.0,2604.0,1891.0,706.0,1249.0,L,1967-09-01,GER,male,314,1348.0,71.285,56.525,3.978,3.356
Jimmy Casey,0,2,0.0,1969,1972,4,0.0,0.0,0.0,0.0,0.0,0.0,0.0,0.0,0.0,U,,IRL,male,2,0.0,,,0.0,
Woong Sun Jun,9,12,42.857,2004,2008,5,19.0,24.0,516.0,296.0,212.0,96.0,80.0,33.0,57.0,R,1986-06-14,KOR,male,21,56.0,70.0,57.895,2.714,4.651
A J Gould,1,1,50.0,1970,1970,1,0.0,0.0,0.0,0.0,0.0,0.0,0.0,0.0,0.0,U,,GBR,male,2,0.0,,,0.0,
Lorenzo Fargas,1,13,7.143,1976,1986,11,0.0,0.0,0.0,0.0,0.0,0.0,0.0,0.0,0.0,R,1957-10-19,ESP,male,14,0.0,,,0.0,
Gabriel Mattos,1,3,25.0,1982,1983,2,0.0,0.0,0.0,0.0,0.0,0.0,0.0,0.0,0.0,R,,BRA,male,4,0.0,,,0.0,
Gonzales Austin,1,1,50.0,2011,2011,1,0.0,0.0,0.0,0.0,0.0,0.0,0.0,0.0,0.0,L,1992-11-05,HAI,male,2,0.0,,,0.0,
Christian Hill,0,1,0.0,1994,1994,1,5.0,0.0,38.0,24.0,9.0,3.0,7.0,1.0,7.0,R,1975-06-01,USA,male,1,1.0,14.286,14.286,7.0,0.0
Ilija Bozoljac,8,17,32.0,2005,2013,9,117.0,311.0,2047.0,1131.0,870.0,442.0,327.0,112.0,175.0,R,1985-08-02,SRB,male,25,264.0,80.734,64.0,7.0,15.193
Richard Coulthard,1,1,50.0,1968,1968,1,0.0,0.0,0.0,0.0,0.0,0.0,0.0,0.0,0.0,R,,AUS,male,2,0.0,,,0.0,
Joel Ross,0,2,0.0,1972,1976,5,0.0,0.0,0.0,0.0,0.0,0.0,0.0,0.0,0.0,R,,USA,male,2,0.0,,,0.0,
Sadiq Abdullahi,3,5,37.5,1986,1989,4,0.0,0.0,0.0,0.0,0.0,0.0,0.0,0.0,0.0,R,1960-02-02,NGR,male,8,0.0,,,0.0,
Tzvetan Mihov,0,1,0.0,2010,2010,1,0.0,0.0,0.0,0.0,0.0,0.0,0.0,0.0,0.0,R,1991-02-18,BUL,male,1,0.0,,,0.0,
Grant Golden,0,1,0.0,1978,1978,1,0.0,0.0,0.0,0.0,0.0,0.0,0.0,0.0,0.0,R,1929-08-21,USA,male,1,0.0,,,0.0,
Sherwood Stewart,117,156,42.857,1968,1985,18,0.0,0.0,0.0,0.0,0.0,0.0,0.0,0.0,0.0,R,1946-06-06,USA,male,273,0.0,,,0.0,
E Torriente,0,1,0.0,1971,1971,1,0.0,0.0,0.0,0.0,0.0,0.0,0.0,0.0,0.0,U,,ESP,male,1,0.0,,,0.0,
Tomm Warneke,5,13,27.778,1980,1987,8,0.0,0.0,0.0,0.0,0.0,0.0,0.0,0.0,0.0,R,1961-10-09,USA,male,18,0.0,,,0.0,
Richard Stott,0,1,0.0,1973,1973,1,0.0,0.0,0.0,0.0,0.0,0.0,0.0,0.0,0.0,U,,UNK,male,1,0.0,,,0.0,
J Gordon,0,1,0.0,1980,1980,1,0.0,0.0,0.0,0.0,0.0,0.0,0.0,0.0,0.0,R,,AUS,male,1,0.0,,,0.0,
Vic Rollins,0,1,0.0,1969,1969,1,0.0,0.0,0.0,0.0,0.0,0.0,0.0,0.0,0.0,U,,CAN,male,1,0.0,,,0.0,
J Hill,0,1,0.0,1973,1973,1,0.0,0.0,0.0,0.0,0.0,0.0,0.0,0.0,0.0,U,,UNK,male,1,0.0,,,0.0,
Martin Aguirre,0,2,0.0,1983,1985,3,0.0,0.0,0.0,0.0,0.0,0.0,0.0,0.0,0.0,U,1967-09-07,ECU,male,2,0.0,,,0.0,
Khaled El Salawy,6,4,60.0,1990,1995,6,0.0,0.0,0.0,0.0,0.0,0.0,0.0,0.0,0.0,U,1970-05-02,EGY,male,10,0.0,,,0.0,
Christian Lindell,5,13,27.778,2010,2017,8,48.0,59.0,992.0,622.0,395.0,151.0,155.0,56.0,115.0,R,1991-11-20,SWE,male,18,96.0,61.935,48.696,6.389,5.948
Darius Florin Bragusi,0,1,0.0,2012,2012,1,0.0,0.0,0.0,0.0,0.0,0.0,0.0,0.0,0.0,U,1993-06-18,ROU,male,1,0.0,,,0.0,
Alexander Windisch,0,1,0.0,1992,1992,1,0.0,0.0,56.0,30.0,19.0,8.0,9.0,5.0,10.0,R,1968-03-25,GER,male,1,4.0,44.444,50.0,10.0,0.0
Tsuyoshi Fukui,26,20,56.522,1977,1989,13,0.0,0.0,0.0,0.0,0.0,0.0,0.0,0.0,0.0,R,1957-06-22,JPN,male,46,0.0,,,0.0,
Petru Alexandru Luncanu,0,4,0.0,2009,2012,4,8.0,0.0,163.0,98.0,58.0,28.0,21.0,17.0,26.0,L,1989-05-07,ROU,male,4,12.0,57.143,65.385,6.5,0.0
Abdullah Maqdas,9,6,60.0,2004,2015,12,0.0,0.0,0.0,0.0,0.0,0.0,0.0,0.0,0.0,U,1987-03-31,KUW,male,15,0.0,,,0.0,
Jonathan Igbinovia,0,3,0.0,2007,2007,1,0.0,0.0,0.0,0.0,0.0,0.0,0.0,0.0,0.0,R,1980-12-27,NGR,male,3,0.0,,,0.0,
Lars Jonsson,79,119,39.899,1987,1997,11,226.0,388.0,12612.0,8356.0,5200.0,2098.0,1867.0,782.0,1378.0,R,1970-06-27,SWE,male,198,1271.0,68.077,56.749,6.96,3.076
Greg Failla,1,4,20.0,1987,1990,4,0.0,0.0,0.0,0.0,0.0,0.0,0.0,0.0,0.0,R,1968-03-09,USA,male,5,0.0,,,0.0,
Tau Po,0,1,0.0,1972,1972,1,0.0,0.0,0.0,0.0,0.0,0.0,0.0,0.0,0.0,U,,HKG,male,1,0.0,,,0.0,
Mark Kratzmann,53,85,38.406,1982,1992,11,48.0,63.0,1459.0,785.0,557.0,355.0,217.0,70.0,119.0,L,1966-05-17,AUS,male,138,168.0,77.419,58.824,0.862,4.318
Cheng Fong Chang,0,1,0.0,1993,1993,1,0.0,0.0,0.0,0.0,0.0,0.0,0.0,0.0,0.0,R,,CHN,male,1,0.0,,,0.0,
Jim Boyce,0,4,0.0,1971,1976,6,0.0,0.0,0.0,0.0,0.0,0.0,0.0,0.0,0.0,U,,CAN,male,4,0.0,,,0.0,
Jim Grabb,139,158,46.801,1985,1997,13,561.0,987.0,12495.0,8185.0,5900.0,1979.0,1910.0,627.0,1028.0,R,1964-04-14,USA,male,297,1509.0,79.005,60.992,3.461,7.899
Tallon Griekspoor,3,10,23.077,2017,2021,5,28.0,69.0,1065.0,712.0,500.0,169.0,162.0,59.0,94.0,R,1996-07-02,NED,male,13,127.0,78.395,62.766,7.231,6.479
Robert Eriksson,0,1,0.0,1994,1994,1,5.0,2.0,86.0,45.0,19.0,13.0,12.0,4.0,14.0,R,1971-09-07,SWE,male,1,2.0,16.667,28.571,14.0,2.326
John Chris Lewis,2,8,20.0,1977,1980,4,0.0,0.0,0.0,0.0,0.0,0.0,0.0,0.0,0.0,R,,USA,male,10,0.0,,,0.0,
Matei Pampoulov,1,0,100.0,1981,1981,1,0.0,0.0,0.0,0.0,0.0,0.0,0.0,0.0,0.0,U,1949-04-29,BUL,male,1,0.0,,,0.0,
Gene Scott,23,28,45.098,1968,1975,8,0.0,0.0,0.0,0.0,0.0,0.0,0.0,0.0,0.0,R,1937-12-28,USA,male,51,0.0,,,0.0,
Jose Maria Gisbert,1,3,25.0,1969,1974,6,0.0,0.0,0.0,0.0,0.0,0.0,0.0,0.0,0.0,U,1945-02-07,ESP,male,4,0.0,,,0.0,
Mardy Fish,299,216,58.058,2000,2015,16,1385.0,4736.0,37908.0,20414.0,15711.0,9050.0,6042.0,1760.0,2834.0,R,1981-12-09,USA,male,515,4968.0,82.224,62.103,5.503,12.493
Lleyton Hewitt,600,256,70.093,1997,2016,20,2880.0,4986.0,64462.0,34771.0,25631.0,15641.0,10160.0,3240.0,5247.0,R,1981-02-24,AUS,male,856,8153.0,80.246,61.75,6.13,7.735
R Hayes,0,1,0.0,1970,1970,1,0.0,0.0,0.0,0.0,0.0,0.0,0.0,0.0,0.0,U,,GBR,male,1,0.0,,,0.0,
Micke Kontinen,2,6,25.0,2011,2015,5,0.0,0.0,0.0,0.0,0.0,0.0,0.0,0.0,0.0,R,1992-12-18,FIN,male,8,0.0,,,0.0,
Alexander Ofori,0,1,0.0,1997,1997,1,0.0,0.0,0.0,0.0,0.0,0.0,0.0,0.0,0.0,U,1976-11-30,GHA,male,1,0.0,,,0.0,
Richard Russell,17,30,36.17,1968,1975,8,0.0,0.0,0.0,0.0,0.0,0.0,0.0,0.0,0.0,U,1945-09-08,JAM,male,47,0.0,,,0.0,
Dennis Davis,0,1,0.0,1972,1972,1,0.0,0.0,0.0,0.0,0.0,0.0,0.0,0.0,0.0,U,,JAM,male,1,0.0,,,0.0,
Michael Fancutt,0,4,0.0,1981,1985,5,0.0,0.0,0.0,0.0,0.0,0.0,0.0,0.0,0.0,R,1961-02-20,AUS,male,4,0.0,,,0.0,
Juan Carlos Rodriguez,0,1,0.0,1969,1969,1,0.0,0.0,0.0,0.0,0.0,0.0,0.0,0.0,0.0,R,,ARG,male,1,0.0,,,0.0,
Clive Brebnor,3,6,33.333,1969,1974,6,0.0,0.0,0.0,0.0,0.0,0.0,0.0,0.0,0.0,U,,RSA,male,9,0.0,,,0.0,
Juan Rivera,0,1,0.0,1973,1973,1,0.0,0.0,0.0,0.0,0.0,0.0,0.0,0.0,0.0,R,,ARG,male,1,0.0,,,0.0,
S Fine,1,1,50.0,1980,1980,1,0.0,0.0,0.0,0.0,0.0,0.0,0.0,0.0,0.0,U,,UNK,male,2,0.0,,,0.0,
Nemanja Kontic,0,1,0.0,2009,2009,1,0.0,0.0,0.0,0.0,0.0,0.0,0.0,0.0,0.0,U,1981-03-21,MNE,male,1,0.0,,,0.0,
Mikael Torpegaard,3,5,37.5,2014,2021,8,13.0,12.0,319.0,183.0,125.0,73.0,51.0,17.0,30.0,R,1994-05-08,DEN,male,8,38.0,74.51,56.667,3.75,3.762
Kelly Jones,44,67,39.64,1984,1994,11,62.0,50.0,1520.0,995.0,645.0,231.0,222.0,107.0,174.0,R,1964-03-31,USA,male,111,155.0,69.82,61.494,1.568,3.289
Kelly Jones,44,67,39.64,1984,1994,11,62.0,50.0,1520.0,995.0,645.0,231.0,222.0,107.0,174.0,R,1964-05-31,USA,male,111,155.0,69.82,61.494,1.568,3.289
Abdulhameed Alshatti,0,1,0.0,2014,2014,1,0.0,0.0,0.0,0.0,0.0,0.0,0.0,0.0,0.0,R,1995-07-29,KUW,male,1,0.0,,,0.0,
Marc Bolle,0,1,0.0,1969,1969,1,0.0,0.0,0.0,0.0,0.0,0.0,0.0,0.0,0.0,R,1949-06-24,BEL,male,1,0.0,,,0.0,
David Caldwell,2,9,18.182,1996,2000,5,47.0,9.0,872.0,605.0,343.0,114.0,133.0,57.0,113.0,R,1974-06-13,USA,male,11,77.0,57.895,50.442,10.273,1.032
Takayoshi Shibuya,0,1,0.0,1984,1984,1,0.0,0.0,0.0,0.0,0.0,0.0,0.0,0.0,0.0,R,,JPN,male,1,0.0,,,0.0,
Nick Badenhorst,0,1,0.0,1979,1979,1,0.0,0.0,0.0,0.0,0.0,0.0,0.0,0.0,0.0,R,,RSA,male,1,0.0,,,0.0,
Pavel Baranov,1,5,16.667,1999,2000,2,0.0,0.0,0.0,0.0,0.0,0.0,0.0,0.0,0.0,R,1980-11-07,KAZ,male,6,0.0,,,0.0,
Kiyoshi Tanabe,4,11,26.667,1971,1982,12,0.0,0.0,0.0,0.0,0.0,0.0,0.0,0.0,0.0,U,1948-04-22,JPN,male,15,0.0,,,0.0,
Pavel Katliarov,0,1,0.0,2008,2008,1,0.0,0.0,0.0,0.0,0.0,0.0,0.0,0.0,0.0,R,1988-02-22,BLR,male,1,0.0,,,0.0,
R Kiesling,0,1,0.0,1976,1976,1,0.0,0.0,0.0,0.0,0.0,0.0,0.0,0.0,0.0,R,,USA,male,1,0.0,,,0.0,
Unknown Alvarez,0,1,0.0,1970,1970,1,0.0,0.0,0.0,0.0,0.0,0.0,0.0,0.0,0.0,U,,,male,1,0.0,,,0.0,
Edson Krause,1,1,50.0,1983,1983,1,0.0,0.0,0.0,0.0,0.0,0.0,0.0,0.0,0.0,R,,BRA,male,2,0.0,,,0.0,
Unknown Seymour,0,1,0.0,1970,1970,1,0.0,0.0,0.0,0.0,0.0,0.0,0.0,0.0,0.0,U,,,male,1,0.0,,,0.0,
Quinton Vega,0,2,0.0,2020,2020,1,0.0,0.0,0.0,0.0,0.0,0.0,0.0,0.0,0.0,R,1992-11-22,USA,male,2,0.0,,,0.0,
Josselin Ouanna,7,16,30.435,2008,2013,6,88.0,147.0,1941.0,1107.0,813.0,405.0,303.0,95.0,168.0,R,1986-04-14,FRA,male,23,230.0,75.908,56.548,7.304,7.573
Geoffrey Blancaneaux,0,1,0.0,2017,2017,1,9.0,3.0,72.0,39.0,21.0,12.0,11.0,5.0,12.0,R,1998-08-08,FRA,male,1,4.0,36.364,41.667,12.0,4.167
Youssef Hassan,0,2,0.0,1988,1988,1,0.0,0.0,0.0,0.0,0.0,0.0,0.0,0.0,0.0,L,,IRQ,male,2,0.0,,,0.0,
Dario Acosta,0,1,0.0,2009,2009,1,0.0,0.0,0.0,0.0,0.0,0.0,0.0,0.0,0.0,R,1987-09-09,URU,male,1,0.0,,,0.0,
Bjorn Phau,79,134,37.089,1998,2014,17,756.0,789.0,15801.0,8334.0,5669.0,3679.0,2425.0,910.0,1627.0,R,1979-10-04,GER,male,213,1708.0,70.433,55.931,7.638,4.993
Tasos Bavelas,16,19,45.714,1984,1994,11,7.0,6.0,180.0,99.0,54.0,31.0,29.0,12.0,29.0,L,1968-02-27,GRE,male,35,12.0,41.379,41.379,0.829,3.333
Lionel Eli,0,6,0.0,1991,1992,2,0.0,0.0,0.0,0.0,0.0,0.0,0.0,0.0,0.0,U,1960-08-10,BAR,male,6,0.0,,,0.0,
Ronaldo Carvalho,0,1,0.0,2004,2004,1,0.0,0.0,0.0,0.0,0.0,0.0,0.0,0.0,0.0,R,1979-02-28,BRA,male,1,0.0,,,0.0,
Lucas Gomez,3,13,18.75,2013,2019,7,33.0,15.0,653.0,398.0,235.0,103.0,107.0,37.0,88.0,U,1995-08-11,MEX,male,16,56.0,52.336,42.045,5.5,2.297
Tico Carrero,3,6,33.333,1968,1973,6,0.0,0.0,0.0,0.0,0.0,0.0,0.0,0.0,0.0,R,1948-09-04,PUR,male,9,0.0,,,0.0,
Daniel Koellerer,19,36,34.545,2003,2010,8,99.0,86.0,4003.0,2771.0,1757.0,606.0,621.0,229.0,420.0,R,1983-08-17,AUT,male,55,430.0,69.243,54.524,7.636,2.148
Grega Zemlja,42,50,45.652,2005,2017,13,211.0,517.0,5811.0,3415.0,2452.0,1164.0,887.0,336.0,542.0,R,1986-09-29,SLO,male,92,681.0,76.776,61.993,5.891,8.897
Noujeim Hakimi,0,2,0.0,1993,1993,1,0.0,0.0,0.0,0.0,0.0,0.0,0.0,0.0,0.0,U,1973-05-12,ALG,male,2,0.0,,,0.0,
Peter Lamb,1,3,25.0,1980,1981,2,0.0,0.0,0.0,0.0,0.0,0.0,0.0,0.0,0.0,R,1959-03-12,RSA,male,4,0.0,,,0.0,
Brian Teacher,252,173,59.294,1971,1986,16,0.0,0.0,0.0,0.0,0.0,0.0,0.0,0.0,0.0,R,1954-12-23,USA,male,425,0.0,,,0.0,
Kent Carlsson,160,58,73.394,1983,1989,7,0.0,0.0,0.0,0.0,0.0,0.0,0.0,0.0,0.0,R,1968-01-03,SWE,male,218,0.0,,,0.0,
Michael Llodra,177,206,46.214,2000,2014,15,1229.0,2894.0,28618.0,17745.0,13045.0,5578.0,4554.0,1387.0,2238.0,L,1980-05-18,FRA,male,383,3703.0,81.313,61.975,5.843,10.113
Wishaya Trongcharoenchaikul,11,7,61.111,2013,2020,8,56.0,131.0,1020.0,563.0,454.0,227.0,172.0,44.0,73.0,R,1995-04-08,THA,male,18,143.0,83.14,60.274,4.056,12.843
Leo Rolle,0,9,0.0,1970,1982,13,0.0,0.0,0.0,0.0,0.0,0.0,0.0,0.0,0.0,U,,UNK,male,9,0.0,,,0.0,
Carlos Alcaraz Garfia,4,3,57.143,2020,2021,2,17.0,24.0,582.0,368.0,249.0,104.0,87.0,30.0,53.0,U,2003-05-05,ESP,male,7,64.0,73.563,56.604,7.571,4.124
Francisco Cerundolo,1,3,25.0,2019,2021,3,16.0,3.0,335.0,216.0,135.0,56.0,53.0,24.0,40.0,U,1998-08-13,ARG,male,4,37.0,69.811,60.0,10.0,0.896
Basil Wheeler,1,1,50.0,1971,1971,1,0.0,0.0,0.0,0.0,0.0,0.0,0.0,0.0,0.0,U,,RSA,male,2,0.0,,,0.0,
Christo Van Rensburg,142,132,51.825,1983,1995,13,607.0,349.0,7084.0,4057.0,2892.0,1440.0,1095.0,387.0,674.0,R,1962-10-23,RSA,male,274,808.0,73.79,57.418,2.46,4.927
K Tobin,0,1,0.0,1968,1968,1,0.0,0.0,0.0,0.0,0.0,0.0,0.0,0.0,0.0,U,,AUS,male,1,0.0,,,0.0,
Usman Rahim,1,0,100.0,1989,1989,1,0.0,0.0,0.0,0.0,0.0,0.0,0.0,0.0,0.0,U,1972-09-18,PAK,male,1,0.0,,,0.0,
S Joseph,1,1,50.0,1970,1970,1,0.0,0.0,0.0,0.0,0.0,0.0,0.0,0.0,0.0,U,,GBR,male,2,0.0,,,0.0,
Walter Barahona,0,1,0.0,2001,2001,1,0.0,0.0,0.0,0.0,0.0,0.0,0.0,0.0,0.0,U,1972-02-19,GUA,male,1,0.0,,,0.0,
Sasi Kumar Mukund,0,1,0.0,2020,2020,1,4.0,5.0,71.0,41.0,29.0,13.0,10.0,8.0,11.0,R,1997-01-14,IND,male,1,7.0,70.0,72.727,11.0,7.042
Brian Marcus,1,6,14.286,1968,1974,7,0.0,0.0,0.0,0.0,0.0,0.0,0.0,0.0,0.0,R,1947-08-30,USA,male,7,0.0,,,0.0,
Andreas Fasching,0,1,0.0,2000,2000,1,2.0,0.0,59.0,45.0,28.0,5.0,9.0,2.0,5.0,U,1981-01-01,AUT,male,1,6.0,66.667,40.0,5.0,0.0
Mauricio Estivariz,1,6,14.286,2006,2010,5,0.0,0.0,0.0,0.0,0.0,0.0,0.0,0.0,0.0,U,1986-09-09,BOL,male,7,0.0,,,0.0,
William Higgins,14,32,30.435,1969,1974,6,0.0,0.0,0.0,0.0,0.0,0.0,0.0,0.0,0.0,R,1942-04-02,USA,male,46,0.0,,,0.0,
David Sanchez,87,116,42.857,1997,2005,9,466.0,477.0,15156.0,9302.0,6037.0,2786.0,2274.0,942.0,1656.0,R,1978-04-20,ESP,male,203,1560.0,68.602,56.884,8.158,3.147
Dennis Foley,2,3,40.0,1968,1972,5,0.0,0.0,0.0,0.0,0.0,0.0,0.0,0.0,0.0,U,,IRL,male,5,0.0,,,0.0,
Roland Russo,0,2,0.0,1971,1977,7,0.0,0.0,0.0,0.0,0.0,0.0,0.0,0.0,0.0,U,,AUS,male,2,0.0,,,0.0,
Paolo Bertolucci,197,133,59.697,1968,1983,16,0.0,0.0,0.0,0.0,0.0,0.0,0.0,0.0,0.0,R,1951-08-03,ITA,male,330,0.0,,,0.0,
Thomas Lynch,0,2,0.0,1972,1973,2,0.0,0.0,0.0,0.0,0.0,0.0,0.0,0.0,0.0,U,,UNK,male,2,0.0,,,0.0,
Michael Brown B395,7,4,63.636,1990,2004,15,0.0,0.0,0.0,0.0,0.0,0.0,0.0,0.0,0.0,R,1971-04-10,AUS,male,11,0.0,,,0.0,
Joseph Victorino,1,7,12.5,2002,2004,3,0.0,0.0,0.0,0.0,0.0,0.0,0.0,0.0,0.0,U,1983-11-10,PHI,male,8,0.0,,,0.0,
Markus Eriksson,5,8,38.462,2012,2019,8,22.0,28.0,721.0,479.0,304.0,114.0,104.0,45.0,77.0,R,1989-11-29,SWE,male,13,72.0,69.231,58.442,5.923,3.883
Trevor Fancutt,1,3,25.0,1968,1974,7,0.0,0.0,0.0,0.0,0.0,0.0,0.0,0.0,0.0,R,1934-07-14,RSA,male,4,0.0,,,0.0,
N Gillasby,0,1,0.0,1974,1974,1,0.0,0.0,0.0,0.0,0.0,0.0,0.0,0.0,0.0,U,,,male,1,0.0,,,0.0,
David Goffin,286,184,60.851,2011,2021,11,1572.0,2487.0,35859.0,20927.0,15006.0,7555.0,5614.0,1860.0,3104.0,R,1990-12-07,BEL,male,470,4370.0,77.841,59.923,6.604,6.935
Jean Pierre Courcol,7,5,58.333,1968,1969,2,0.0,0.0,0.0,0.0,0.0,0.0,0.0,0.0,0.0,,1944-03-18,FRA,male,12,0.0,,,0.0,
Julien Varlet,1,7,12.5,2002,2003,2,27.0,21.0,887.0,639.0,390.0,134.0,134.0,46.0,85.0,R,1977-09-08,FRA,male,8,95.0,70.896,54.118,10.625,2.368
Jose Daher,3,10,23.077,1983,1992,10,14.0,15.0,259.0,146.0,108.0,49.0,42.0,12.0,24.0,R,1966-04-20,BRA,male,13,30.0,71.429,50.0,1.846,5.792
Grant Saacks,0,1,0.0,1988,1988,1,0.0,0.0,0.0,0.0,0.0,0.0,0.0,0.0,0.0,R,,RSA,male,1,0.0,,,0.0,
Ilan Sher,1,2,33.333,1977,1983,7,0.0,0.0,0.0,0.0,0.0,0.0,0.0,0.0,0.0,R,,ISR,male,3,0.0,,,0.0,
Alexander Zalesky,0,1,0.0,1982,1982,1,0.0,0.0,0.0,0.0,0.0,0.0,0.0,0.0,0.0,U,,BOL,male,1,0.0,,,0.0,
P Rickey,0,1,0.0,1980,1980,1,0.0,0.0,0.0,0.0,0.0,0.0,0.0,0.0,0.0,R,,AUS,male,1,0.0,,,0.0,
Andy Brothers,1,0,100.0,1988,1988,1,0.0,0.0,0.0,0.0,0.0,0.0,0.0,0.0,0.0,U,1964-02-01,HKG,male,1,0.0,,,0.0,
Eddie Edwards,82,123,40.0,1973,1988,16,0.0,0.0,0.0,0.0,0.0,0.0,0.0,0.0,0.0,R,1956-07-03,RSA,male,205,0.0,,,0.0,
Asif Ismail,1,3,25.0,1994,2003,10,0.0,0.0,0.0,0.0,0.0,0.0,0.0,0.0,0.0,R,1970-09-30,IND,male,4,0.0,,,0.0,
Juan Diaz,0,1,0.0,1976,1976,1,0.0,0.0,0.0,0.0,0.0,0.0,0.0,0.0,0.0,R,,USA,male,1,0.0,,,0.0,
Amani Jumatano,0,1,0.0,1982,1982,1,0.0,0.0,0.0,0.0,0.0,0.0,0.0,0.0,0.0,R,,BUR,male,1,0.0,,,0.0,
S J Parry,0,1,0.0,1970,1970,1,0.0,0.0,0.0,0.0,0.0,0.0,0.0,0.0,0.0,U,,GBR,male,1,0.0,,,0.0,
Simone Bolelli,122,166,42.361,2006,2019,14,391.0,1123.0,21017.0,13949.0,9628.0,3738.0,3284.0,1038.0,1727.0,R,1985-10-08,ITA,male,288,2595.0,79.019,60.104,5.997,5.343
Vadim Borisov,4,4,50.0,1976,1984,9,0.0,0.0,0.0,0.0,0.0,0.0,0.0,0.0,0.0,R,,RUS,male,8,0.0,,,0.0,
Alaaddin Karagoz,8,9,47.059,1984,1991,8,0.0,0.0,0.0,0.0,0.0,0.0,0.0,0.0,0.0,R,1965-04-05,TUR,male,17,0.0,,,0.0,
Mike Urbanija,0,2,0.0,2015,2017,3,4.0,2.0,67.0,38.0,21.0,9.0,11.0,1.0,8.0,R,1989-12-26,SLO,male,2,4.0,36.364,12.5,4.0,2.985
Lasith Dissanayake,1,0,100.0,1993,1993,1,0.0,0.0,0.0,0.0,0.0,0.0,0.0,0.0,0.0,U,1975-03-11,SRI,male,1,0.0,,,0.0,
Serge Dakessian,0,1,0.0,2001,2001,1,0.0,0.0,0.0,0.0,0.0,0.0,0.0,0.0,0.0,U,1979-11-06,LIB,male,1,0.0,,,0.0,
Takao Yamamoto,0,3,0.0,1977,1978,2,0.0,0.0,0.0,0.0,0.0,0.0,0.0,0.0,0.0,R,,JPN,male,3,0.0,,,0.0,
Dave Snyder,0,1,0.0,1970,1970,1,0.0,0.0,0.0,0.0,0.0,0.0,0.0,0.0,0.0,,1934-12-13,USA,male,1,0.0,,,0.0,
Dave Snyder,0,1,0.0,1970,1970,1,0.0,0.0,0.0,0.0,0.0,0.0,0.0,0.0,0.0,U,,USA,male,1,0.0,,,0.0,
Nick Gould,0,4,0.0,1994,1998,5,21.0,18.0,429.0,229.0,172.0,84.0,64.0,14.0,30.0,R,1972-07-09,GBR,male,4,48.0,75.0,46.667,7.5,4.196
Mark Meyers,2,6,25.0,1975,1977,3,0.0,0.0,0.0,0.0,0.0,0.0,0.0,0.0,0.0,R,1953-12-05,USA,male,8,0.0,,,0.0,
Samuel Fumi,0,1,0.0,2002,2002,1,0.0,0.0,0.0,0.0,0.0,0.0,0.0,0.0,0.0,U,1981-09-28,GHA,male,1,0.0,,,0.0,
James Duckworth,28,57,32.941,2012,2021,10,310.0,795.0,8006.0,4508.0,3261.0,1745.0,1210.0,444.0,705.0,R,1992-01-21,AUS,male,85,949.0,78.43,62.979,8.294,9.93
Ted Hoehn,0,1,0.0,1969,1969,1,0.0,0.0,0.0,0.0,0.0,0.0,0.0,0.0,0.0,R,,USA,male,1,0.0,,,0.0,
Gleb Sakharov,1,3,25.0,2017,2019,3,9.0,19.0,265.0,159.0,112.0,43.0,42.0,17.0,32.0,R,1988-06-10,FRA,male,4,27.0,64.286,53.125,8.0,7.17
Fredrik Jonsson,7,27,20.588,1996,2001,6,64.0,200.0,2780.0,1638.0,1137.0,555.0,412.0,184.0,284.0,R,1977-03-28,SWE,male,34,312.0,75.728,64.789,8.353,7.194
Anis Ghorbel,0,3,0.0,2008,2011,4,0.0,0.0,0.0,0.0,0.0,0.0,0.0,0.0,0.0,R,1989-04-24,TUN,male,3,0.0,,,0.0,
Jacco Eltingh,100,119,45.662,1989,1997,9,820.0,1498.0,17106.0,10549.0,7709.0,3125.0,2585.0,857.0,1401.0,R,1970-08-29,NED,male,219,2041.0,78.956,61.171,6.397,8.757
Laird Dunlop,0,1,0.0,1985,1985,1,0.0,0.0,0.0,0.0,0.0,0.0,0.0,0.0,0.0,R,1962-06-28,CAN,male,1,0.0,,,0.0,
Benjamin Anzola,0,1,0.0,1968,1968,1,0.0,0.0,0.0,0.0,0.0,0.0,0.0,0.0,0.0,U,,UNK,male,1,0.0,,,0.0,
Steve Rogul,0,2,0.0,1980,1980,1,0.0,0.0,0.0,0.0,0.0,0.0,0.0,0.0,0.0,R,,USA,male,2,0.0,,,0.0,
Alan Mills,0,2,0.0,1968,1969,2,0.0,0.0,0.0,0.0,0.0,0.0,0.0,0.0,0.0,R,1935-11-06,GBR,male,2,0.0,,,0.0,
Slava Dosedel,190,176,51.913,1989,2001,13,899.0,841.0,27384.0,17987.0,11539.0,4577.0,4138.0,1622.0,2864.0,R,1970-08-14,CZE,male,366,2896.0,69.986,56.634,7.825,3.071
Gary Johnson,0,1,0.0,1968,1968,1,0.0,0.0,0.0,0.0,0.0,0.0,0.0,0.0,0.0,U,,USA,male,1,0.0,,,0.0,
Paris Gemouchidis,0,5,0.0,2006,2011,6,0.0,0.0,0.0,0.0,0.0,0.0,0.0,0.0,0.0,R,1988-02-12,GRE,male,5,0.0,,,0.0,
Michael Kures,10,22,31.25,1981,1989,9,0.0,0.0,0.0,0.0,0.0,0.0,0.0,0.0,0.0,R,1964-07-25,USA,male,32,0.0,,,0.0,
Gaylard Dunn,0,1,0.0,1968,1968,1,0.0,0.0,0.0,0.0,0.0,0.0,0.0,0.0,0.0,R,,AUS,male,1,0.0,,,0.0,
Radovan Svetlik,0,1,0.0,1999,1999,1,5.0,0.0,52.0,31.0,16.0,4.0,8.0,9.0,15.0,R,1974-04-12,CZE,male,1,2.0,25.0,60.0,15.0,0.0
Jack Lowe,0,1,0.0,1970,1970,1,0.0,0.0,0.0,0.0,0.0,0.0,0.0,0.0,0.0,U,,USA,male,1,0.0,,,0.0,
Alex Diaz,2,2,50.0,2015,2018,4,5.0,2.0,127.0,71.0,37.0,25.0,20.0,12.0,23.0,,1997-08-02,PUR,male,4,9.0,45.0,52.174,5.75,1.575
Matteo Berrettini,79,54,59.398,2017,2021,5,273.0,1152.0,10532.0,6518.0,5062.0,2159.0,1735.0,462.0,690.0,R,1996-04-12,ITA,male,133,1507.0,86.859,66.957,5.188,10.938
Juan Francisco Barragan,0,1,0.0,1999,1999,1,0.0,0.0,0.0,0.0,0.0,0.0,0.0,0.0,0.0,U,1982-12-27,ECU,male,1,0.0,,,0.0,
Armin Sandbichler,0,1,0.0,2006,2006,1,2.0,0.0,53.0,36.0,19.0,9.0,9.0,1.0,4.0,L,1985-01-22,AUT,male,1,6.0,66.667,25.0,4.0,0.0
Jimmy Wang,36,48,42.857,2001,2015,15,146.0,232.0,5472.0,3378.0,2199.0,1049.0,825.0,358.0,597.0,R,1985-02-08,TPE,male,84,586.0,71.03,59.966,7.107,4.24
Fouad Kamel Boudjemline,0,1,0.0,1977,1977,1,0.0,0.0,0.0,0.0,0.0,0.0,0.0,0.0,0.0,U,1953-05-20,ALG,male,1,0.0,,,0.0,
Santiago Gonzalez,9,11,45.0,2003,2012,10,30.0,27.0,586.0,349.0,238.0,95.0,91.0,35.0,68.0,R,1983-02-24,MEX,male,20,58.0,63.736,51.471,3.4,4.608
Philipp Petzschner,89,107,45.408,2003,2014,12,599.0,1378.0,15402.0,8537.0,6320.0,3421.0,2404.0,734.0,1253.0,R,1984-03-24,GER,male,196,1885.0,78.411,58.579,6.393,8.947
Jahanbakhsh Souri,2,0,100.0,1995,1995,1,0.0,0.0,0.0,0.0,0.0,0.0,0.0,0.0,0.0,U,1965-03-22,IRI,male,2,0.0,,,0.0,
Marco Seruca,0,2,0.0,1988,1988,1,0.0,0.0,0.0,0.0,0.0,0.0,0.0,0.0,0.0,R,,POR,male,2,0.0,,,0.0,
Jiu Hua Zhang,6,3,66.667,1989,1993,5,0.0,0.0,0.0,0.0,0.0,0.0,0.0,0.0,0.0,R,1969-05-14,CHN,male,9,0.0,,,0.0,
John Gardner,5,11,31.25,1968,1972,5,0.0,0.0,0.0,0.0,0.0,0.0,0.0,0.0,0.0,R,,AUS,male,16,0.0,,,0.0,
Juan Carlos Baguena,3,17,15.0,1986,1992,7,5.0,3.0,159.0,85.0,52.0,35.0,24.0,9.0,19.0,R,1967-01-07,ESP,male,20,14.0,58.333,47.368,0.95,1.887
Laslo Djere,53,59,47.321,2013,2021,9,377.0,541.0,8918.0,5358.0,3743.0,1777.0,1377.0,480.0,810.0,R,1995-06-02,SRB,male,112,1047.0,76.035,59.259,7.232,6.066
Ikbel Hanachi,0,1,0.0,1982,1982,1,0.0,0.0,0.0,0.0,0.0,0.0,0.0,0.0,0.0,U,1963-01-28,TUN,male,1,0.0,,,0.0,
Matteo Trevisan,0,1,0.0,2015,2015,1,4.0,1.0,87.0,55.0,35.0,14.0,14.0,2.0,7.0,R,1989-08-13,ITA,male,1,9.0,64.286,28.571,7.0,1.149
Anthony Navarrosa,0,1,0.0,1988,1988,1,0.0,0.0,0.0,0.0,0.0,0.0,0.0,0.0,0.0,U,1969-11-01,PHI,male,1,0.0,,,0.0,
Isaac Tetteh Quaye,1,0,100.0,1996,1996,1,0.0,0.0,0.0,0.0,0.0,0.0,0.0,0.0,0.0,U,1973-10-11,GHA,male,1,0.0,,,0.0,
Amro Ghoneim,12,20,37.5,1991,2003,13,0.0,0.0,0.0,0.0,0.0,0.0,0.0,0.0,0.0,R,1974-03-18,EGY,male,32,0.0,,,0.0,
Pekka Petersen Dyggve,2,0,100.0,1968,1968,1,0.0,0.0,0.0,0.0,0.0,0.0,0.0,0.0,0.0,U,1943-09-28,FIN,male,2,0.0,,,0.0,
Marzio Martelli,18,30,37.5,1996,2001,6,205.0,334.0,3873.0,1914.0,1450.0,874.0,549.0,227.0,371.0,R,1971-12-14,ITA,male,48,405.0,73.77,61.186,7.729,8.624
Harry Sheridan,2,4,33.333,1968,1972,5,0.0,0.0,0.0,0.0,0.0,0.0,0.0,0.0,0.0,U,,IRL,male,6,0.0,,,0.0,
Igor Chaldounov,0,1,0.0,2006,2006,1,0.0,0.0,0.0,0.0,0.0,0.0,0.0,0.0,0.0,U,1975-01-19,KAZ,male,1,0.0,,,0.0,
Thomas Oger,3,2,60.0,2010,2012,3,0.0,0.0,0.0,0.0,0.0,0.0,0.0,0.0,0.0,U,1980-03-22,MON,male,5,0.0,,,0.0,
Peter Soeters,0,1,0.0,1971,1971,1,0.0,0.0,0.0,0.0,0.0,0.0,0.0,0.0,0.0,U,,UNK,male,1,0.0,,,0.0,
Fritz Kolbinger,0,1,0.0,1970,1970,1,0.0,0.0,0.0,0.0,0.0,0.0,0.0,0.0,0.0,,,AUT,male,1,0.0,,,0.0,
Ivan Endara,5,10,33.333,2008,2018,11,6.0,21.0,254.0,164.0,120.0,41.0,39.0,10.0,17.0,U,1988-03-04,ECU,male,15,32.0,82.051,58.824,1.133,8.268
Yordan Kanev,1,4,20.0,2004,2007,4,0.0,0.0,0.0,0.0,0.0,0.0,0.0,0.0,0.0,R,1984-05-31,BUL,male,5,0.0,,,0.0,
Faisal Aidil,1,0,100.0,2006,2006,1,0.0,0.0,0.0,0.0,0.0,0.0,0.0,0.0,0.0,U,1988-07-24,INA,male,1,0.0,,,0.0,
Vladyslav Manafov,1,2,33.333,2012,2015,4,0.0,0.0,0.0,0.0,0.0,0.0,0.0,0.0,0.0,U,1993-04-22,UKR,male,3,0.0,,,0.0,
Sascha Nensel,0,2,0.0,1992,1992,1,11.0,6.0,145.0,83.0,52.0,22.0,23.0,8.0,20.0,R,1970-05-09,GER,male,2,11.0,47.826,40.0,10.0,4.138
Ken Rosewall,384,114,77.108,1968,1980,13,0.0,0.0,0.0,0.0,0.0,0.0,0.0,0.0,0.0,R,1934-11-02,AUS,male,498,0.0,,,0.0,
Tony Dawson,1,4,20.0,1968,1975,8,0.0,0.0,0.0,0.0,0.0,0.0,0.0,0.0,0.0,R,,AUS,male,5,0.0,,,0.0,
Konstantinos Mikos,0,2,0.0,2008,2008,1,0.0,0.0,0.0,0.0,0.0,0.0,0.0,0.0,0.0,R,1992-02-02,GRE,male,2,0.0,,,0.0,
Jan Zabrodsky,0,9,0.0,1971,1976,6,0.0,0.0,0.0,0.0,0.0,0.0,0.0,0.0,0.0,R,,SWE,male,9,0.0,,,0.0,
Dmitri Tomashevich,12,11,52.174,1995,2001,7,10.0,9.0,227.0,116.0,60.0,48.0,37.0,12.0,34.0,R,1974-03-06,UZB,male,23,15.0,40.541,35.294,1.478,3.965
Sherif Sabry,5,10,33.333,2006,2012,7,1.0,1.0,90.0,47.0,28.0,21.0,14.0,5.0,12.0,U,1986-08-29,EGY,male,15,7.0,50.0,41.667,0.8,1.111
Adrian Clarke,0,5,0.0,1982,1990,9,0.0,0.0,0.0,0.0,0.0,0.0,0.0,0.0,0.0,U,1956-07-12,BAR,male,5,0.0,,,0.0,
Bob Borella,1,1,50.0,2000,2000,1,0.0,0.0,0.0,0.0,0.0,0.0,0.0,0.0,0.0,R,1980-06-27,DEN,male,2,0.0,,,0.0,
Carlos Alberto Fernandes,0,2,0.0,1968,1968,1,0.0,0.0,0.0,0.0,0.0,0.0,0.0,0.0,0.0,,,BRA,male,2,0.0,,,0.0,
Frank Moser,0,2,0.0,2003,2006,4,8.0,11.0,168.0,90.0,65.0,26.0,24.0,7.0,15.0,R,1976-09-23,GER,male,2,16.0,66.667,46.667,7.5,6.548
Jay Clarke,2,6,25.0,2018,2019,2,36.0,40.0,713.0,373.0,267.0,180.0,109.0,41.0,66.0,R,1998-07-27,GBR,male,8,84.0,77.064,62.121,8.25,5.61
Giorgio Galimberti,9,18,33.333,1994,2006,13,112.0,60.0,2101.0,1194.0,762.0,416.0,306.0,133.0,235.0,R,1976-09-05,ITA,male,27,204.0,66.667,56.596,8.704,2.856
Milan Holecek,96,128,42.857,1968,1976,9,0.0,0.0,0.0,0.0,0.0,0.0,0.0,0.0,0.0,R,1943-10-23,CZE,male,224,0.0,,,0.0,
Milan Holecek,96,128,42.857,1968,1976,9,0.0,0.0,0.0,0.0,0.0,0.0,0.0,0.0,0.0,U,,CZE,male,224,0.0,,,0.0,
Salvatore Caruso,17,27,38.636,2016,2021,6,132.0,162.0,3750.0,2246.0,1491.0,736.0,564.0,231.0,386.0,R,1992-12-15,ITA,male,44,409.0,72.518,59.845,8.773,4.32
Rob Cheyne,1,1,50.0,2003,2003,1,0.0,0.0,0.0,0.0,0.0,0.0,0.0,0.0,0.0,R,1976-10-20,NZL,male,2,0.0,,,0.0,
Salvador Andres Bolanos,0,1,0.0,2014,2014,1,0.0,0.0,0.0,0.0,0.0,0.0,0.0,0.0,0.0,,1998-06-10,ESA,male,1,0.0,,,0.0,
Dusan Prchlik,0,1,0.0,1994,1994,1,3.0,0.0,58.0,43.0,25.0,5.0,8.0,5.0,9.0,R,,CZE,male,1,4.0,50.0,55.556,9.0,0.0
James Sekulov,6,16,27.273,1995,2000,6,80.0,48.0,1667.0,949.0,609.0,334.0,253.0,104.0,189.0,R,1976-10-13,AUS,male,22,168.0,66.403,55.026,8.591,2.879
Reed Cordish,0,1,0.0,1997,1997,1,11.0,1.0,96.0,59.0,35.0,16.0,13.0,8.0,14.0,L,1974-06-18,USA,male,1,7.0,53.846,57.143,14.0,1.042
Sombat Uamongkol,7,11,38.889,1981,1986,6,0.0,0.0,0.0,0.0,0.0,0.0,0.0,0.0,0.0,U,,THA,male,18,0.0,,,0.0,
Agustin Calleri,205,181,53.109,1999,2009,11,1283.0,2573.0,28676.0,15844.0,11791.0,6413.0,4488.0,1460.0,2408.0,R,1976-09-14,ARG,male,386,3540.0,78.877,60.631,6.238,8.973
Suwandi Suwandi,23,26,46.939,1993,2006,14,7.0,13.0,399.0,250.0,157.0,63.0,53.0,37.0,57.0,R,1976-08-21,INA,male,49,33.0,62.264,64.912,1.163,3.258
Antoine Beugre,1,3,25.0,1988,1988,1,0.0,0.0,0.0,0.0,0.0,0.0,0.0,0.0,0.0,U,1966-12-30,CIV,male,4,0.0,,,0.0,
Francisco Mastelli,0,7,0.0,1973,1976,4,0.0,0.0,0.0,0.0,0.0,0.0,0.0,0.0,0.0,R,,ARG,male,7,0.0,,,0.0,
Francisco Mastelli,0,7,0.0,1973,1976,4,0.0,0.0,0.0,0.0,0.0,0.0,0.0,0.0,0.0,U,1952-03-30,UNK,male,7,0.0,,,0.0,
Glenn Wilson,1,1,50.0,1994,1997,4,4.0,3.0,65.0,39.0,21.0,11.0,9.0,5.0,10.0,R,1967-08-18,NZL,male,2,4.0,44.444,50.0,5.0,4.615
Selvarajoo Selvarajoo,0,3,0.0,1984,1985,2,0.0,0.0,0.0,0.0,0.0,0.0,0.0,0.0,0.0,U,,MAS,male,3,0.0,,,0.0,
Segun Akinloye,0,2,0.0,1990,1990,1,0.0,0.0,0.0,0.0,0.0,0.0,0.0,0.0,0.0,R,1968-12-29,NGR,male,2,0.0,,,0.0,
Khalid Outaleb,9,3,75.0,1988,1990,3,0.0,0.0,0.0,0.0,0.0,0.0,0.0,0.0,0.0,R,1963-04-27,MAR,male,12,0.0,,,0.0,
Sebastian Decoud,4,4,50.0,2008,2011,4,18.0,26.0,646.0,450.0,292.0,87.0,97.0,44.0,73.0,L,1981-09-18,ARG,male,8,68.0,70.103,60.274,9.125,4.025
Mario Obando,0,1,0.0,1968,1968,1,0.0,0.0,0.0,0.0,0.0,0.0,0.0,0.0,0.0,R,,CRC,male,1,0.0,,,0.0,
Ofer Sela,1,4,20.0,1991,1995,5,14.0,21.0,314.0,175.0,117.0,63.0,50.0,18.0,35.0,R,1972-07-22,ISR,male,5,33.0,66.0,51.429,7.0,6.688
Sivagnanam Suresh,0,3,0.0,1974,1980,7,0.0,0.0,0.0,0.0,0.0,0.0,0.0,0.0,0.0,R,,SRI,male,3,0.0,,,0.0,
Josef Brabenec,2,1,66.667,1979,1981,3,0.0,0.0,0.0,0.0,0.0,0.0,0.0,0.0,0.0,R,1957-04-24,CAN,male,3,0.0,,,0.0,
Quang Huy Ngo,0,1,0.0,2014,2014,1,0.0,0.0,0.0,0.0,0.0,0.0,0.0,0.0,0.0,R,1984-03-10,VIE,male,1,0.0,,,0.0,
David Witt,15,22,40.541,1990,1998,9,168.0,278.0,2930.0,1517.0,1140.0,647.0,444.0,162.0,270.0,R,1973-06-02,USA,male,37,336.0,75.676,60.0,7.297,9.488
Benjamin Lock,8,2,80.0,2015,2020,6,3.0,14.0,210.0,137.0,90.0,36.0,33.0,12.0,22.0,R,1993-03-04,ZIM,male,10,23.0,69.697,54.545,2.2,6.667
Gary Penberthy,1,2,33.333,1968,1980,13,0.0,0.0,0.0,0.0,0.0,0.0,0.0,0.0,0.0,R,,AUS,male,3,0.0,,,0.0,
Helmut Fickentscher,0,3,0.0,1971,1974,4,0.0,0.0,0.0,0.0,0.0,0.0,0.0,0.0,0.0,U,,GER,male,3,0.0,,,0.0,
Joji Miyao,0,2,0.0,2000,2002,3,7.0,0.0,40.0,18.0,7.0,5.0,6.0,3.0,9.0,U,1981-06-15,JPN,male,2,0.0,0.0,33.333,4.5,0.0
Luiz Mattar,169,159,51.524,1986,1995,10,319.0,827.0,11620.0,6656.0,4631.0,2529.0,1767.0,671.0,1100.0,R,1963-08-18,BRA,male,328,1338.0,75.722,61.0,3.354,7.117
Nam Ju Bae,0,2,0.0,1990,1990,1,0.0,0.0,0.0,0.0,0.0,0.0,0.0,0.0,0.0,R,1965-12-05,KOR,male,2,0.0,,,0.0,
John Antonas,1,7,12.5,1975,1989,15,0.0,0.0,0.0,0.0,0.0,0.0,0.0,0.0,0.0,R,,BAH,male,8,0.0,,,0.0,
Kasparas Zemaitelis,0,1,0.0,2013,2013,1,0.0,0.0,0.0,0.0,0.0,0.0,0.0,0.0,0.0,R,1995-10-05,LTU,male,1,0.0,,,0.0,
Gerardo Miceli,0,1,0.0,1970,1970,1,0.0,0.0,0.0,0.0,0.0,0.0,0.0,0.0,0.0,U,,ARG,male,1,0.0,,,0.0,
Tom Cain,35,50,41.176,1980,1986,7,0.0,0.0,0.0,0.0,0.0,0.0,0.0,0.0,0.0,R,1958-10-11,USA,male,85,0.0,,,0.0,
Mitchell Krueger,3,9,25.0,2014,2020,7,32.0,62.0,974.0,584.0,378.0,187.0,150.0,55.0,103.0,R,1994-01-12,USA,male,12,102.0,68.0,53.398,8.583,6.366
Buff Farrow,2,4,33.333,1988,1993,6,8.0,17.0,354.0,181.0,129.0,86.0,53.0,31.0,45.0,R,1967-05-28,USA,male,6,39.0,73.585,68.889,7.5,4.802
Kepler Orellana,6,6,50.0,1998,2004,7,0.0,0.0,0.0,0.0,0.0,0.0,0.0,0.0,0.0,R,1977-10-08,VEN,male,12,0.0,,,0.0,
Nicolas Kelaidis,4,18,18.182,1972,1981,10,0.0,0.0,0.0,0.0,0.0,0.0,0.0,0.0,0.0,R,1949-10-29,GRE,male,22,0.0,,,0.0,
Franz Stauder,0,2,0.0,1997,1998,2,27.0,12.0,180.0,90.0,68.0,32.0,23.0,20.0,27.0,R,1977-05-28,GER,male,2,16.0,69.565,74.074,13.5,6.667
Donni Leaycraft,0,2,0.0,1989,1989,1,0.0,0.0,0.0,0.0,0.0,0.0,0.0,0.0,0.0,R,1968-07-18,USA,male,2,0.0,,,0.0,
Brett Hibbert,0,1,0.0,1980,1980,1,0.0,0.0,0.0,0.0,0.0,0.0,0.0,0.0,0.0,R,,NZL,male,1,0.0,,,0.0,
Chi Yuen Pang,0,2,0.0,1982,1982,1,0.0,0.0,0.0,0.0,0.0,0.0,0.0,0.0,0.0,U,1941-01-17,HKG,male,2,0.0,,,0.0,
Alexander Donski,1,1,50.0,2018,2020,3,4.0,8.0,61.0,33.0,26.0,7.0,9.0,4.0,7.0,U,1998-08-01,CAN,male,2,6.0,66.667,57.143,3.5,13.115
Jaymon Crabb,1,8,11.111,1997,2004,8,28.0,33.0,773.0,471.0,298.0,134.0,119.0,57.0,101.0,R,1978-03-06,AUS,male,9,75.0,63.025,56.436,11.222,4.269
Sebastien Grosjean,310,223,58.161,1997,2010,14,848.0,2746.0,41311.0,23012.0,16483.0,9535.0,6419.0,2159.0,3557.0,R,1978-05-29,FRA,male,533,5021.0,78.221,60.697,6.674,6.647
Ned Weld,0,2,0.0,1968,1968,1,0.0,0.0,0.0,0.0,0.0,0.0,0.0,0.0,0.0,R,,USA,male,2,0.0,,,0.0,
Ned Weld,0,2,0.0,1968,1968,1,0.0,0.0,0.0,0.0,0.0,0.0,0.0,0.0,0.0,,,USA,male,2,0.0,,,0.0,
Ned Weld,0,2,0.0,1968,1968,1,0.0,0.0,0.0,0.0,0.0,0.0,0.0,0.0,0.0,U,,USA,male,2,0.0,,,0.0,
Toru Yonezawa,4,7,36.364,1979,1987,9,0.0,0.0,0.0,0.0,0.0,0.0,0.0,0.0,0.0,R,1958-10-31,JPN,male,11,0.0,,,0.0,
Mac Clafin,0,1,0.0,1968,1968,1,0.0,0.0,0.0,0.0,0.0,0.0,0.0,0.0,0.0,R,1950-10-27,USA,male,1,0.0,,,0.0,
Saad El Ragig,0,2,0.0,1986,1986,1,0.0,0.0,0.0,0.0,0.0,0.0,0.0,0.0,0.0,U,,LBA,male,2,0.0,,,0.0,
Ricardo Herrera,0,1,0.0,1976,1976,1,0.0,0.0,0.0,0.0,0.0,0.0,0.0,0.0,0.0,R,,MEX,male,1,0.0,,,0.0,
Trey Waltke,80,118,40.404,1974,1983,10,0.0,0.0,0.0,0.0,0.0,0.0,0.0,0.0,0.0,R,1955-03-16,USA,male,198,0.0,,,0.0,
Robert Baumgartner,0,1,0.0,1980,1980,1,0.0,0.0,0.0,0.0,0.0,0.0,0.0,0.0,0.0,R,1955-03-11,GER,male,1,0.0,,,0.0,
Randall King,0,4,0.0,1976,1984,9,0.0,0.0,0.0,0.0,0.0,0.0,0.0,0.0,0.0,R,,HKG,male,4,0.0,,,0.0,
Eduardo Bengoechea,99,111,47.143,1980,1991,12,12.0,6.0,565.0,396.0,246.0,75.0,84.0,37.0,65.0,R,1959-07-02,ARG,male,210,56.0,66.667,56.923,0.31,1.062
Alexey Kedryuk,21,10,67.742,1999,2009,11,0.0,0.0,0.0,0.0,0.0,0.0,0.0,0.0,0.0,R,1980-08-08,KAZ,male,31,0.0,,,0.0,
Luis Baraldi,2,6,25.0,1972,1978,7,0.0,0.0,0.0,0.0,0.0,0.0,0.0,0.0,0.0,R,1951-10-21,MEX,male,8,0.0,,,0.0,
Jorge Brian Panta Herreros,3,2,60.0,2012,2018,7,0.0,0.0,0.0,0.0,0.0,0.0,0.0,0.0,0.0,U,1995-07-22,PER,male,5,0.0,,,0.0,
Dentry Mortimer,0,3,0.0,1998,2002,5,0.0,0.0,0.0,0.0,0.0,0.0,0.0,0.0,0.0,U,1982-06-30,BAH,male,3,0.0,,,0.0,
Derek Tarr,18,40,31.034,1981,1987,7,0.0,0.0,0.0,0.0,0.0,0.0,0.0,0.0,0.0,L,1959-09-15,USA,male,58,0.0,,,0.0,
Sang Hoon Lee,0,1,0.0,1996,1996,1,1.0,0.0,52.0,30.0,17.0,6.0,7.0,5.0,10.0,R,1972-09-20,KOR,male,1,2.0,28.571,50.0,10.0,0.0
Eleuterio Martins,0,2,0.0,1983,1985,3,0.0,0.0,0.0,0.0,0.0,0.0,0.0,0.0,0.0,R,,BRA,male,2,0.0,,,0.0,
Jose Antonio Fernandez,8,7,53.333,1982,1991,10,2.0,0.0,59.0,39.0,25.0,4.0,10.0,2.0,7.0,R,1965-01-26,CHI,male,15,5.0,50.0,28.571,0.467,0.0
Tim Sturdza,0,2,0.0,1971,1977,7,0.0,0.0,0.0,0.0,0.0,0.0,0.0,0.0,0.0,U,,SUI,male,2,0.0,,,0.0,
Branislav Galik,1,0,100.0,1995,1995,1,0.0,0.0,0.0,0.0,0.0,0.0,0.0,0.0,0.0,R,1973-10-20,SVK,male,1,0.0,,,0.0,
Neil Borwick,24,45,34.783,1986,1995,10,159.0,341.0,4578.0,2955.0,2062.0,801.0,690.0,217.0,372.0,L,1967-09-15,AUS,male,69,535.0,77.536,58.333,5.391,7.449
Tj Middleton,0,3,0.0,1991,1998,8,7.0,10.0,149.0,89.0,53.0,29.0,25.0,7.0,17.0,R,1968-05-02,USA,male,3,15.0,60.0,41.176,5.667,6.711
Henry Hank Irvine,13,23,36.111,1968,1972,5,0.0,0.0,0.0,0.0,0.0,0.0,0.0,0.0,0.0,R,1943-09-01,ZIM,male,36,0.0,,,0.0,
Luis Diaz Barriga,0,1,0.0,2011,2011,1,0.0,0.0,0.0,0.0,0.0,0.0,0.0,0.0,0.0,R,1986-04-09,MEX,male,1,0.0,,,0.0,
Bernardo Mota,11,19,36.667,1991,2004,14,20.0,36.0,1078.0,605.0,382.0,216.0,160.0,73.0,137.0,R,1971-07-14,POR,male,30,96.0,60.0,53.285,4.567,3.34
Brad Pearce,37,68,35.238,1985,1994,10,92.0,22.0,2003.0,1204.0,721.0,369.0,301.0,131.0,251.0,R,1966-03-21,USA,male,105,181.0,60.133,52.191,2.39,1.098
R Campbell,0,2,0.0,1968,1968,1,0.0,0.0,0.0,0.0,0.0,0.0,0.0,0.0,0.0,R,,AUS,male,2,0.0,,,0.0,
John Tidball,0,1,0.0,1970,1970,1,0.0,0.0,0.0,0.0,0.0,0.0,0.0,0.0,0.0,U,1946-12-21,USA,male,1,0.0,,,0.0,
Joey Rive,49,67,42.241,1985,1994,10,8.0,5.0,116.0,68.0,36.0,26.0,18.0,9.0,16.0,L,1963-07-08,USA,male,116,11.0,61.111,56.25,0.138,4.31
Michael Tauson,15,19,44.118,1985,1991,7,0.0,0.0,0.0,0.0,0.0,0.0,0.0,0.0,0.0,R,1966-06-25,DEN,male,34,0.0,,,0.0,
Hermes Gamonal,5,10,33.333,1997,2004,8,21.0,18.0,624.0,449.0,258.0,82.0,96.0,35.0,75.0,R,1977-05-31,CHI,male,15,56.0,58.333,46.667,5.0,2.885
Gordon Asciak,1,11,8.333,1987,1992,6,0.0,0.0,0.0,0.0,0.0,0.0,0.0,0.0,0.0,R,,MLT,male,12,0.0,,,0.0,
Torben Ulrich,31,83,27.193,1968,1977,10,0.0,0.0,0.0,0.0,0.0,0.0,0.0,0.0,0.0,L,1932-10-04,DEN,male,114,0.0,,,0.0,
Daniel Altmaier,5,7,41.667,2017,2020,4,35.0,76.0,1021.0,598.0,420.0,201.0,149.0,61.0,98.0,U,1998-09-12,GER,male,12,112.0,75.168,62.245,8.167,7.444
Dusan Lajovic,136,169,44.59,2010,2021,12,544.0,1144.0,23785.0,15700.0,10709.0,4225.0,3694.0,1258.0,2077.0,R,1990-06-30,SRB,male,305,2875.0,77.829,60.568,6.81,4.81
Peter Wessels,45,55,45.0,1996,2007,12,310.0,853.0,7637.0,4772.0,3551.0,1444.0,1206.0,355.0,578.0,R,1978-05-07,NED,male,100,983.0,81.509,61.419,5.78,11.169
Steve Turner,13,43,23.214,1970,1977,8,0.0,0.0,0.0,0.0,0.0,0.0,0.0,0.0,0.0,R,1946-10-17,USA,male,56,0.0,,,0.0,
Hal Gorman,0,1,0.0,1978,1978,1,0.0,0.0,0.0,0.0,0.0,0.0,0.0,0.0,0.0,U,,UNK,male,1,0.0,,,0.0,
Ben Bishop,0,6,0.0,1972,1978,7,0.0,0.0,0.0,0.0,0.0,0.0,0.0,0.0,0.0,R,,USA,male,6,0.0,,,0.0,
Ben Bishop,0,6,0.0,1972,1978,7,0.0,0.0,0.0,0.0,0.0,0.0,0.0,0.0,0.0,U,,USA,male,6,0.0,,,0.0,
Robin Drysdale,32,72,30.769,1972,1981,10,0.0,0.0,0.0,0.0,0.0,0.0,0.0,0.0,0.0,R,1952-09-18,GBR,male,104,0.0,,,0.0,
Dick Norman,26,60,30.233,1993,2009,17,500.0,796.0,7132.0,4294.0,3150.0,1358.0,1077.0,381.0,605.0,L,1971-03-01,BEL,male,86,853.0,79.201,62.975,7.035,11.161
Alberto Berasategui,272,181,60.044,1992,2001,10,1195.0,689.0,33779.0,25048.0,15802.0,4274.0,5128.0,2010.0,3448.0,R,1973-06-28,ESP,male,453,3690.0,71.958,58.295,7.611,2.04
Jacques Manset,1,2,33.333,1983,1985,3,0.0,0.0,0.0,0.0,0.0,0.0,0.0,0.0,0.0,R,1958-10-11,USA,male,3,0.0,,,0.0,
Brandon Perez,0,2,0.0,2018,2020,3,12.0,15.0,189.0,115.0,76.0,35.0,22.0,14.0,19.0,U,2000-01-14,VEN,male,2,17.0,77.273,73.684,9.5,7.937
Laurent Lokoli,0,5,0.0,2014,2017,4,25.0,53.0,554.0,315.0,221.0,112.0,88.0,28.0,52.0,R,1994-10-18,FRA,male,5,64.0,72.727,53.846,10.4,9.567
John Austin,41,63,39.423,1971,1986,16,0.0,0.0,0.0,0.0,0.0,0.0,0.0,0.0,0.0,R,1957-07-31,USA,male,104,0.0,,,0.0,
John Austin,41,63,39.423,1971,1986,16,0.0,0.0,0.0,0.0,0.0,0.0,0.0,0.0,0.0,U,1968-11-16,IRL,male,104,0.0,,,0.0,
Wesley Moodie,51,64,44.348,2002,2007,6,322.0,1113.0,8272.0,5700.0,4185.0,1319.0,1304.0,371.0,583.0,R,1979-02-14,RSA,male,115,1092.0,83.742,63.636,5.07,13.455
K Brebnor,0,1,0.0,1973,1973,1,0.0,0.0,0.0,0.0,0.0,0.0,0.0,0.0,0.0,U,,UNK,male,1,0.0,,,0.0,
Louis Hsu,0,1,0.0,1972,1972,1,0.0,0.0,0.0,0.0,0.0,0.0,0.0,0.0,0.0,U,1945-01-09,HKG,male,1,0.0,,,0.0,
Brian Hung,1,0,100.0,2009,2009,1,0.0,0.0,0.0,0.0,0.0,0.0,0.0,0.0,0.0,R,,HKG,male,1,0.0,,,0.0,
Brian Wilson,1,4,20.0,2005,2007,3,30.0,23.0,415.0,255.0,187.0,69.0,60.0,30.0,43.0,R,1982-05-23,USA,male,5,47.0,78.333,69.767,8.6,5.542
Troy Stone,0,2,0.0,2002,2002,1,0.0,0.0,0.0,0.0,0.0,0.0,0.0,0.0,0.0,U,1980-05-12,TRI,male,2,0.0,,,0.0,
Shoichi Tatsuno,0,3,0.0,1979,1986,8,0.0,0.0,0.0,0.0,0.0,0.0,0.0,0.0,0.0,R,1958-09-09,JPN,male,3,0.0,,,0.0,
Greig Rodger,7,7,50.0,1987,1991,5,0.0,0.0,0.0,0.0,0.0,0.0,0.0,0.0,0.0,U,1965-03-31,ZIM,male,14,0.0,,,0.0,
Jing Yi Li,1,1,50.0,2004,2004,1,0.0,0.0,0.0,0.0,0.0,0.0,0.0,0.0,0.0,U,1980-07-21,CHN,male,2,0.0,,,0.0,
Patrik Wennberg,0,1,0.0,1988,1988,1,0.0,0.0,0.0,0.0,0.0,0.0,0.0,0.0,0.0,R,1969-03-03,SWE,male,1,0.0,,,0.0,
Kris Goossens,10,29,25.641,1995,1997,3,189.0,106.0,2814.0,1475.0,966.0,551.0,410.0,180.0,339.0,R,1974-02-20,BEL,male,39,251.0,61.22,53.097,8.692,3.767
Mario Piuk,0,1,0.0,1971,1971,1,0.0,0.0,0.0,0.0,0.0,0.0,0.0,0.0,0.0,R,,ITA,male,1,0.0,,,0.0,
Rupert Dorey,0,1,0.0,1968,1968,1,0.0,0.0,0.0,0.0,0.0,0.0,0.0,0.0,0.0,R,,GBR,male,1,0.0,,,0.0,
Henri De Wet,0,3,0.0,1981,1985,5,0.0,0.0,0.0,0.0,0.0,0.0,0.0,0.0,0.0,R,1962-03-01,RSA,male,3,0.0,,,0.0,
David Mustard,14,31,31.111,1978,1986,9,0.0,0.0,0.0,0.0,0.0,0.0,0.0,0.0,0.0,L,1959-12-29,NZL,male,45,0.0,,,0.0,
Stanislav Vovk,0,4,0.0,2009,2012,4,3.0,1.0,123.0,73.0,40.0,25.0,18.0,7.0,15.0,R,1991-02-19,RUS,male,4,10.0,55.556,46.667,3.75,0.813
Alessandro Camarco,0,1,0.0,2004,2004,1,0.0,0.0,0.0,0.0,0.0,0.0,0.0,0.0,0.0,R,1982-04-25,BRA,male,1,0.0,,,0.0,
Lars Olander,3,5,37.5,1968,1971,4,0.0,0.0,0.0,0.0,0.0,0.0,0.0,0.0,0.0,R,,SWE,male,8,0.0,,,0.0,
Tim Pawsat,3,6,33.333,1987,1989,3,0.0,0.0,0.0,0.0,0.0,0.0,0.0,0.0,0.0,R,1963-12-10,USA,male,9,0.0,,,0.0,
Xin Yuan Yu,5,7,41.667,2004,2008,5,12.0,11.0,176.0,94.0,60.0,28.0,28.0,13.0,27.0,L,1985-02-13,CHN,male,12,14.0,50.0,48.148,2.25,6.25
Jean Claude Molinari,0,1,0.0,1968,1968,1,0.0,0.0,0.0,0.0,0.0,0.0,0.0,0.0,0.0,R,,FRA,male,1,0.0,,,0.0,
Jean Claude Molinari,0,1,0.0,1968,1968,1,0.0,0.0,0.0,0.0,0.0,0.0,0.0,0.0,0.0,,1931-08-31,FRA,male,1,0.0,,,0.0,
Jean Claude Molinari,0,1,0.0,1968,1968,1,0.0,0.0,0.0,0.0,0.0,0.0,0.0,0.0,0.0,,1931-08-28,FRA,male,1,0.0,,,0.0,
Stephen Noteboom,1,2,33.333,1995,1996,2,9.0,15.0,222.0,140.0,103.0,38.0,33.0,16.0,23.0,R,1969-07-31,NED,male,3,26.0,78.788,69.565,7.667,6.757
Michael Nugent,1,3,25.0,1984,1990,7,0.0,0.0,0.0,0.0,0.0,0.0,0.0,0.0,0.0,R,,IRL,male,4,0.0,,,0.0,
Carsten Arriens,28,33,45.902,1991,1997,7,133.0,178.0,4437.0,2553.0,1720.0,870.0,666.0,263.0,466.0,R,1969-04-11,GER,male,61,463.0,69.52,56.438,7.639,4.012
Diego Acuna,0,1,0.0,2004,2004,1,0.0,0.0,0.0,0.0,0.0,0.0,0.0,0.0,0.0,U,1981-03-20,PER,male,1,0.0,,,0.0,
Simon Stadler,6,10,37.5,2006,2011,6,27.0,43.0,1370.0,956.0,642.0,209.0,211.0,85.0,135.0,L,1983-07-20,GER,male,16,161.0,76.303,62.963,8.438,3.139
Peter Rennert,37,41,47.436,1979,1984,6,0.0,0.0,0.0,0.0,0.0,0.0,0.0,0.0,0.0,L,1958-12-26,USA,male,78,0.0,,,0.0,
Nigel Orourke,0,1,0.0,1981,1981,1,0.0,0.0,0.0,0.0,0.0,0.0,0.0,0.0,0.0,R,,CAN,male,1,0.0,,,0.0,
Nigel Orourke,0,1,0.0,1981,1981,1,0.0,0.0,0.0,0.0,0.0,0.0,0.0,0.0,0.0,U,1958-10-07,CAN,male,1,0.0,,,0.0,
Nigel Orourke,0,1,0.0,1981,1981,1,0.0,0.0,0.0,0.0,0.0,0.0,0.0,0.0,0.0,R,,CAN,male,1,0.0,,,0.0,
Yehoshua Shalem,5,7,41.667,1971,1974,4,0.0,0.0,0.0,0.0,0.0,0.0,0.0,0.0,0.0,U,1944-08-01,ISR,male,12,0.0,,,0.0,
Martin Lorenzoni,0,2,0.0,1979,1980,2,0.0,0.0,0.0,0.0,0.0,0.0,0.0,0.0,0.0,R,,ITA,male,2,0.0,,,0.0,
Ned Caswell,2,5,28.571,1988,1989,2,0.0,0.0,0.0,0.0,0.0,0.0,0.0,0.0,0.0,R,1963-12-28,USA,male,7,0.0,,,0.0,
Pieter Burki,1,1,50.0,1974,1974,1,0.0,0.0,0.0,0.0,0.0,0.0,0.0,0.0,0.0,U,,NED,male,2,0.0,,,0.0,
Diego Del Rio,0,1,0.0,1996,1996,1,1.0,5.0,57.0,31.0,21.0,11.0,9.0,2.0,6.0,R,1972-09-04,ARG,male,1,5.0,55.556,33.333,6.0,8.772
Jon Sorbo,0,1,0.0,1986,1986,1,0.0,0.0,0.0,0.0,0.0,0.0,0.0,0.0,0.0,R,1962-10-19,USA,male,1,0.0,,,0.0,
Jean Lovera,1,4,20.0,1970,1974,5,0.0,0.0,0.0,0.0,0.0,0.0,0.0,0.0,0.0,R,,FRA,male,5,0.0,,,0.0,
Lester Sack,4,3,57.143,1969,1969,1,0.0,0.0,0.0,0.0,0.0,0.0,0.0,0.0,0.0,U,,USA,male,7,0.0,,,0.0,
Howard Schoenfield,11,35,23.913,1974,1981,8,0.0,0.0,0.0,0.0,0.0,0.0,0.0,0.0,0.0,R,1957-11-15,USA,male,46,0.0,,,0.0,
Djamel Boudjemline,7,11,38.889,1979,1988,10,0.0,0.0,0.0,0.0,0.0,0.0,0.0,0.0,0.0,U,1959-09-18,ALG,male,18,0.0,,,0.0,
Colin Zeeman,0,1,0.0,1969,1969,1,0.0,0.0,0.0,0.0,0.0,0.0,0.0,0.0,0.0,U,,RSA,male,1,0.0,,,0.0,
Girts Dzelde,11,16,40.741,1989,2000,12,18.0,0.0,394.0,237.0,128.0,72.0,64.0,29.0,60.0,R,1963-07-16,LAT,male,27,33.0,51.562,48.333,2.222,0.0
John Schaefer,0,1,0.0,1969,1969,1,0.0,0.0,0.0,0.0,0.0,0.0,0.0,0.0,0.0,U,,,male,1,0.0,,,0.0,
Doug Bohaboy,0,1,0.0,2002,2002,1,0.0,3.0,42.0,29.0,14.0,7.0,8.0,1.0,5.0,R,1976-09-25,USA,male,1,4.0,50.0,20.0,5.0,7.143
Fred Berli,0,1,0.0,1968,1968,1,0.0,0.0,0.0,0.0,0.0,0.0,0.0,0.0,0.0,,,SUI,male,1,0.0,,,0.0,
Fred Berli,0,1,0.0,1968,1968,1,0.0,0.0,0.0,0.0,0.0,0.0,0.0,0.0,0.0,U,,SUI,male,1,0.0,,,0.0,
Andres Escobar,0,1,0.0,1968,1968,1,0.0,0.0,0.0,0.0,0.0,0.0,0.0,0.0,0.0,U,,UNK,male,1,0.0,,,0.0,
Roberto Aubone,4,5,44.444,1968,1977,10,0.0,0.0,0.0,0.0,0.0,0.0,0.0,0.0,0.0,U,,ARG,male,9,0.0,,,0.0,
Jerome Haehnel,7,17,29.167,2004,2009,6,75.0,94.0,1940.0,1102.0,729.0,412.0,296.0,98.0,185.0,R,1980-07-14,FRA,male,24,209.0,70.608,52.973,7.708,4.845
Stanley Matthews,10,22,31.25,1968,1973,6,0.0,0.0,0.0,0.0,0.0,0.0,0.0,0.0,0.0,R,1945-11-20,GBR,male,32,0.0,,,0.0,
Helge Koll,0,1,0.0,2001,2001,1,0.0,2.0,79.0,47.0,30.0,18.0,11.0,3.0,5.0,R,1975-05-31,NOR,male,1,9.0,81.818,60.0,5.0,2.532
Yannick Hanfmann,16,19,45.714,2017,2021,5,77.0,157.0,2823.0,1800.0,1249.0,507.0,429.0,149.0,241.0,U,1991-11-13,GER,male,35,337.0,78.555,61.826,6.886,5.561
Javier Molina,1,1,50.0,1992,1992,1,3.0,1.0,125.0,62.0,40.0,38.0,22.0,4.0,10.0,R,1970-03-14,ESP,male,2,16.0,72.727,40.0,5.0,0.8
John Alexander,444,294,60.163,1968,1985,18,0.0,0.0,0.0,0.0,0.0,0.0,0.0,0.0,0.0,R,1951-07-04,AUS,male,738,0.0,,,0.0,
Miguel Angel Lopez Jaen,1,2,33.333,2008,2008,1,5.0,18.0,295.0,191.0,129.0,42.0,43.0,12.0,26.0,R,1982-11-29,ESP,male,3,29.0,67.442,46.154,8.667,6.102
Radomir Vasek,19,31,38.0,1991,2000,10,359.0,162.0,4300.0,2476.0,1648.0,751.0,623.0,274.0,499.0,R,1972-09-23,CZE,male,50,398.0,63.884,54.91,9.98,3.767
Mihnea Ion Nastase,0,3,0.0,1987,1991,5,5.0,0.0,67.0,27.0,17.0,17.0,9.0,8.0,12.0,R,1967-02-07,ROU,male,3,5.0,55.556,66.667,4.0,0.0
Bartlomiej Dabrowski,19,16,54.286,1991,2004,14,3.0,0.0,99.0,42.0,25.0,24.0,17.0,3.0,11.0,R,1972-08-20,POL,male,35,9.0,52.941,27.273,0.314,0.0
Shamil Tarpischev,2,2,50.0,1973,1973,1,0.0,0.0,0.0,0.0,0.0,0.0,0.0,0.0,0.0,R,,RUS,male,4,0.0,,,0.0,
Shamil Tarpischev,2,2,50.0,1973,1973,1,0.0,0.0,0.0,0.0,0.0,0.0,0.0,0.0,0.0,U,1948-03-07,RUS,male,4,0.0,,,0.0,
Yashvin Shretta,0,2,0.0,1974,1974,1,0.0,0.0,0.0,0.0,0.0,0.0,0.0,0.0,0.0,U,,KEN,male,2,0.0,,,0.0,
Nigel Badza,0,1,0.0,2003,2003,1,0.0,0.0,0.0,0.0,0.0,0.0,0.0,0.0,0.0,U,1984-03-06,ZIM,male,1,0.0,,,0.0,
Xavier Avila,0,1,0.0,1993,1993,1,4.0,1.0,84.0,50.0,32.0,15.0,13.0,3.0,8.0,R,1973-12-10,ESP,male,1,8.0,61.538,37.5,8.0,1.19
Finn Christensen,2,1,66.667,1974,1978,5,0.0,0.0,0.0,0.0,0.0,0.0,0.0,0.0,0.0,U,1956-04-13,DEN,male,3,0.0,,,0.0,
Alex Calatrava,69,106,39.429,1994,2006,13,348.0,1001.0,12932.0,7642.0,5401.0,2584.0,2017.0,739.0,1233.0,R,1973-06-14,ESP,male,175,1523.0,75.508,59.935,7.046,7.74
Patrick Ciorcila,0,1,0.0,2014,2014,1,0.0,0.0,69.0,45.0,25.0,15.0,11.0,4.0,8.0,R,1996-09-20,ROU,male,1,7.0,63.636,50.0,8.0,0.0
Andre Van Der Merwe A,0,2,0.0,1972,1977,6,0.0,0.0,0.0,0.0,0.0,0.0,0.0,0.0,0.0,U,,RSA,male,2,0.0,,,0.0,
Adolfo Gonzalez,3,2,60.0,1977,1981,5,0.0,0.0,0.0,0.0,0.0,0.0,0.0,0.0,0.0,R,,MEX,male,5,0.0,,,0.0,
Ignacio Garcia,1,4,20.0,2016,2020,5,11.0,2.0,193.0,134.0,76.0,35.0,29.0,12.0,21.0,,,PUR,male,5,20.0,68.966,57.143,4.2,1.036
Christophe Bosio,0,8,0.0,1995,2001,7,0.0,0.0,0.0,0.0,0.0,0.0,0.0,0.0,0.0,R,1977-04-11,FRA,male,8,0.0,,,0.0,
Martin Valenti,0,1,0.0,1985,1985,1,0.0,0.0,0.0,0.0,0.0,0.0,0.0,0.0,0.0,R,,ESP,male,1,0.0,,,0.0,
Will Bull,0,1,0.0,1989,1989,1,0.0,0.0,0.0,0.0,0.0,0.0,0.0,0.0,0.0,R,1972-07-01,USA,male,1,0.0,,,0.0,
Gianni Ocleppo,77,105,42.308,1975,1987,13,0.0,0.0,0.0,0.0,0.0,0.0,0.0,0.0,0.0,R,1957-04-06,ITA,male,182,0.0,,,0.0,
Kenichi Kiyomiya,0,1,0.0,1988,1988,1,0.0,0.0,0.0,0.0,0.0,0.0,0.0,0.0,0.0,R,,JPN,male,1,0.0,,,0.0,
Kenichi Kiyomiya,0,1,0.0,1988,1988,1,0.0,0.0,0.0,0.0,0.0,0.0,0.0,0.0,0.0,U,1967-11-01,JPN,male,1,0.0,,,0.0,
Tarek El Sakka,14,7,66.667,1978,1985,8,0.0,0.0,0.0,0.0,0.0,0.0,0.0,0.0,0.0,R,1962-10-11,EGY,male,21,0.0,,,0.0,
Norberto Herrero,1,4,20.0,1968,1972,5,0.0,0.0,0.0,0.0,0.0,0.0,0.0,0.0,0.0,U,,UNK,male,5,0.0,,,0.0,
Alvaro Jordan,21,12,63.636,1984,1992,9,0.0,0.0,0.0,0.0,0.0,0.0,0.0,0.0,0.0,R,1962-01-08,COL,male,33,0.0,,,0.0,
David Collins,0,1,0.0,1972,1972,1,0.0,0.0,0.0,0.0,0.0,0.0,0.0,0.0,0.0,R,,GBR,male,1,0.0,,,0.0,
Paul Scholtz,0,1,0.0,1972,1972,1,0.0,0.0,0.0,0.0,0.0,0.0,0.0,0.0,0.0,R,,USA,male,1,0.0,,,0.0,
Brayden Schnur,4,14,22.222,2014,2020,7,65.0,145.0,1603.0,1054.0,731.0,250.0,236.0,102.0,159.0,R,1995-07-04,CAN,male,18,179.0,75.847,64.151,8.833,9.046
Pantelis Moschoutis,0,2,0.0,1994,1999,6,2.0,0.0,85.0,61.0,35.0,7.0,10.0,10.0,15.0,R,1974-12-06,GRE,male,2,5.0,50.0,66.667,7.5,0.0
Thomas Blake,2,5,28.571,1999,2003,5,17.0,35.0,461.0,309.0,207.0,70.0,72.0,34.0,55.0,R,1976-12-29,USA,male,7,51.0,70.833,61.818,7.857,7.592
Edouardo Prada,0,1,0.0,1968,1968,1,0.0,0.0,0.0,0.0,0.0,0.0,0.0,0.0,0.0,U,,ARG,male,1,0.0,,,0.0,
Nick Fulwood,5,13,27.778,1984,1989,6,0.0,0.0,0.0,0.0,0.0,0.0,0.0,0.0,0.0,R,1963-10-02,GBR,male,18,0.0,,,0.0,
Richard Evans,0,1,0.0,1969,1969,1,0.0,0.0,0.0,0.0,0.0,0.0,0.0,0.0,0.0,U,1950-07-08,USA,male,1,0.0,,,0.0,
Wing Luen Wong,10,8,55.556,1997,2007,11,8.0,3.0,98.0,51.0,27.0,17.0,15.0,2.0,11.0,U,1981-03-21,HKG,male,18,6.0,40.0,18.182,0.611,3.061
Johan Van Herck,40,61,39.604,1995,1999,5,323.0,334.0,6893.0,3865.0,2624.0,1454.0,1031.0,367.0,660.0,R,1974-05-24,BEL,male,101,738.0,71.581,55.606,6.535,4.845
Francesco Piccari,0,2,0.0,2008,2009,2,1.0,2.0,95.0,56.0,28.0,18.0,17.0,6.0,15.0,R,1979-09-07,ITA,male,2,8.0,47.059,40.0,7.5,2.105
David Ferrer,731,368,66.515,2002,2019,18,2749.0,2858.0,81390.0,51265.0,35143.0,15802.0,12774.0,4282.0,7148.0,R,1982-04-02,ESP,male,1099,9908.0,77.564,59.905,6.504,3.511
Pere Riba,24,63,27.586,2007,2016,10,259.0,413.0,6351.0,3508.0,2338.0,1338.0,972.0,375.0,683.0,R,1988-04-07,ESP,male,87,664.0,68.313,54.905,7.851,6.503
Gregoire Rafaitin,4,10,28.571,1979,1983,5,0.0,0.0,0.0,0.0,0.0,0.0,0.0,0.0,0.0,R,1957-09-26,FRA,male,14,0.0,,,0.0,
R Watts,0,1,0.0,1971,1971,1,0.0,0.0,0.0,0.0,0.0,0.0,0.0,0.0,0.0,U,,AUS,male,1,0.0,,,0.0,
Sacha Thoma,0,1,0.0,2000,2000,1,0.0,0.0,0.0,0.0,0.0,0.0,0.0,0.0,0.0,U,1978-11-23,LUX,male,1,0.0,,,0.0,
Andreas Bjerrehus,0,1,0.0,2016,2016,1,2.0,0.0,52.0,28.0,8.0,6.0,10.0,3.0,12.0,U,1992-06-04,DEN,male,1,1.0,10.0,25.0,12.0,0.0
Aqeel Khan,28,38,42.424,1998,2020,23,39.0,60.0,816.0,436.0,331.0,178.0,120.0,64.0,89.0,R,1980-01-30,PAK,male,66,95.0,79.167,71.91,1.348,7.353
Mustapha Dislam,1,3,25.0,1979,1981,3,0.0,0.0,0.0,0.0,0.0,0.0,0.0,0.0,0.0,U,1957-02-19,MAR,male,4,0.0,,,0.0,
J Sacks,0,1,0.0,1969,1969,1,0.0,0.0,0.0,0.0,0.0,0.0,0.0,0.0,0.0,U,,RSA,male,1,0.0,,,0.0,
John Doran,5,5,50.0,1998,2003,6,0.0,0.0,0.0,0.0,0.0,0.0,0.0,0.0,0.0,R,1978-05-16,IRL,male,10,0.0,,,0.0,
Richard Hillage,0,1,0.0,1973,1973,1,0.0,0.0,0.0,0.0,0.0,0.0,0.0,0.0,0.0,U,,UNK,male,1,0.0,,,0.0,
Wisnu Adi Nugroho,1,5,16.667,2012,2013,2,0.0,0.0,0.0,0.0,0.0,0.0,0.0,0.0,0.0,U,1994-03-21,INA,male,6,0.0,,,0.0,
Rogerio Dutra Silva,30,65,31.579,2007,2019,13,272.0,292.0,6828.0,4157.0,2763.0,1301.0,1049.0,397.0,711.0,R,1984-02-03,BRA,male,95,735.0,70.067,55.837,7.484,4.277
J Tobin,0,1,0.0,1976,1976,1,0.0,0.0,0.0,0.0,0.0,0.0,0.0,0.0,0.0,U,,IRI,male,1,0.0,,,0.0,
Bjorn Rehnquist,4,11,26.667,1996,2009,14,48.0,23.0,887.0,528.0,320.0,162.0,135.0,64.0,119.0,R,1978-01-05,SWE,male,15,80.0,59.259,53.782,7.933,2.593
Brian Shi,0,1,0.0,2020,2020,1,2.0,5.0,68.0,38.0,22.0,14.0,11.0,4.0,9.0,U,2000-02-24,USA,male,1,6.0,54.545,44.444,9.0,7.353
Rares Cuzdriorean,0,5,0.0,2010,2013,4,0.0,0.0,0.0,0.0,0.0,0.0,0.0,0.0,0.0,U,1986-07-31,CYP,male,5,0.0,,,0.0,
John Barrett,5,13,27.778,1968,1971,4,0.0,0.0,0.0,0.0,0.0,0.0,0.0,0.0,0.0,L,1931-04-17,GBR,male,18,0.0,,,0.0,
Shigeyuki Nishio,9,11,45.0,1978,1985,8,0.0,0.0,0.0,0.0,0.0,0.0,0.0,0.0,0.0,R,1954-05-23,JPN,male,20,0.0,,,0.0,
Tommy Robredo,520,342,60.325,1999,2019,21,1954.0,3104.0,65497.0,42454.0,29451.0,11963.0,10284.0,3434.0,5650.0,R,1982-05-01,ESP,male,862,8068.0,78.452,60.779,6.555,4.739
Francisco Gonzalez,91,140,39.394,1975,1989,15,0.0,0.0,0.0,0.0,0.0,0.0,0.0,0.0,0.0,R,1955-11-19,PAR,male,231,0.0,,,0.0,
Roberto Alvarez,0,1,0.0,1992,1992,1,4.0,0.0,68.0,45.0,21.0,10.0,10.0,4.0,9.0,R,1971-02-23,ARG,male,1,5.0,50.0,44.444,9.0,0.0
Peter Ledbetter,0,9,0.0,1968,1977,10,0.0,0.0,0.0,0.0,0.0,0.0,0.0,0.0,0.0,U,,UNK,male,9,0.0,,,0.0,
Bowen Ouyang,0,1,0.0,2014,2014,1,5.0,8.0,95.0,52.0,37.0,21.0,14.0,7.0,10.0,L,1992-05-19,CHN,male,1,11.0,78.571,70.0,10.0,8.421
Oscar Blacutt,2,2,50.0,1989,1990,2,0.0,0.0,0.0,0.0,0.0,0.0,0.0,0.0,0.0,U,1969-06-08,BOL,male,4,0.0,,,0.0,
Eyal Ran,15,35,30.0,1990,2000,11,96.0,125.0,2870.0,1624.0,1061.0,600.0,432.0,172.0,307.0,R,1972-11-21,ISR,male,50,297.0,68.75,56.026,6.14,4.355
Jim Sheperd,0,1,0.0,1968,1968,1,0.0,0.0,0.0,0.0,0.0,0.0,0.0,0.0,0.0,U,,USA,male,1,0.0,,,0.0,
Martin Schaffl,0,3,0.0,1989,1993,5,2.0,2.0,131.0,74.0,39.0,29.0,22.0,8.0,18.0,R,1969-12-13,AUT,male,3,12.0,54.545,44.444,6.0,1.527
Bill Drake,0,1,0.0,1974,1974,1,0.0,0.0,0.0,0.0,0.0,0.0,0.0,0.0,0.0,R,,USA,male,1,0.0,,,0.0,
Ingo Buding,32,34,48.485,1968,1971,4,0.0,0.0,0.0,0.0,0.0,0.0,0.0,0.0,0.0,R,1942-01-09,GER,male,66,0.0,,,0.0,
Peter Nyborg,2,8,20.0,1989,1998,10,22.0,41.0,434.0,272.0,199.0,71.0,66.0,21.0,34.0,R,1969-12-12,SWE,male,10,53.0,80.303,61.765,3.4,9.447
Max Purcell,1,3,25.0,2018,2021,4,5.0,23.0,291.0,186.0,124.0,52.0,44.0,12.0,23.0,U,1998-04-03,AUS,male,4,33.0,75.0,52.174,5.75,7.904
Fernando Demattei,0,1,0.0,1970,1970,1,0.0,0.0,0.0,0.0,0.0,0.0,0.0,0.0,0.0,U,,ARG,male,1,0.0,,,0.0,
Khaled Al Haji,0,2,0.0,1998,1998,1,0.0,0.0,0.0,0.0,0.0,0.0,0.0,0.0,0.0,U,1980-01-04,QAT,male,2,0.0,,,0.0,
Borna Coric,163,142,53.443,2013,2021,9,671.0,1793.0,23728.0,14770.0,10637.0,4734.0,3728.0,1159.0,1863.0,R,1996-11-14,CRO,male,305,3024.0,81.116,62.211,6.108,7.556
Javier Marti,2,11,15.385,2010,2013,4,38.0,32.0,997.0,630.0,376.0,173.0,150.0,51.0,111.0,R,1992-01-11,ESP,male,13,90.0,60.0,45.946,8.538,3.21
Marcel Freeman,48,76,38.71,1980,1988,9,0.0,0.0,0.0,0.0,0.0,0.0,0.0,0.0,0.0,R,1960-03-30,USA,male,124,0.0,,,0.0,
Borut Urh,6,6,50.0,1995,1999,5,13.0,1.0,256.0,169.0,97.0,39.0,41.0,15.0,34.0,R,1974-07-28,SLO,male,12,22.0,53.659,44.118,2.833,0.391
Larry Moody,0,1,0.0,1973,1973,1,0.0,0.0,0.0,0.0,0.0,0.0,0.0,0.0,0.0,R,,USA,male,1,0.0,,,0.0,
Bill Behrens,2,4,33.333,1995,1996,2,14.0,17.0,503.0,326.0,209.0,85.0,76.0,36.0,61.0,R,1970-06-26,USA,male,6,51.0,67.105,59.016,10.167,3.38
Jose Zunino,0,2,0.0,2006,2006,1,0.0,0.0,0.0,0.0,0.0,0.0,0.0,0.0,0.0,R,1987-01-29,ECU,male,2,0.0,,,0.0,
Ian Peter Budge,0,2,0.0,1989,1990,2,0.0,0.0,0.0,0.0,0.0,0.0,0.0,0.0,0.0,R,,AUS,male,2,0.0,,,0.0,
Faisal Rahman,1,4,20.0,1989,1990,2,0.0,0.0,0.0,0.0,0.0,0.0,0.0,0.0,0.0,U,1969-04-21,BAN,male,5,0.0,,,0.0,
Andres Alarcon,1,1,50.0,1990,1990,1,0.0,0.0,0.0,0.0,0.0,0.0,0.0,0.0,0.0,R,,ECU,male,2,0.0,,,0.0,
Theodoros Angelinos,1,3,25.0,2011,2014,4,0.0,0.0,0.0,0.0,0.0,0.0,0.0,0.0,0.0,U,1984-05-29,GRE,male,4,0.0,,,0.0,
Navdeep Singh,0,1,0.0,2007,2007,1,1.0,3.0,78.0,56.0,35.0,15.0,11.0,3.0,5.0,R,1986-02-21,IND,male,1,9.0,81.818,60.0,5.0,3.846
Eugenio Rossi,1,4,20.0,1986,1989,4,0.0,0.0,0.0,0.0,0.0,0.0,0.0,0.0,0.0,R,1969-11-10,ITA,male,5,0.0,,,0.0,
Tian C Viljoen,4,6,40.0,1981,1983,3,0.0,0.0,0.0,0.0,0.0,0.0,0.0,0.0,0.0,R,1961-10-04,RSA,male,10,0.0,,,0.0,
Tian C Viljoen,4,6,40.0,1981,1983,3,0.0,0.0,0.0,0.0,0.0,0.0,0.0,0.0,0.0,R,1961-04-10,RSA,male,10,0.0,,,0.0,
Jamie Delgado,11,33,25.0,1997,2006,10,167.0,202.0,3418.0,1848.0,1300.0,713.0,516.0,202.0,352.0,R,1977-03-21,GBR,male,44,366.0,70.93,57.386,8.0,5.91
Duane Williams,0,1,0.0,1996,1996,1,0.0,0.0,0.0,0.0,0.0,0.0,0.0,0.0,0.0,U,1979-04-14,BAR,male,1,0.0,,,0.0,
Noel Phillips,6,15,28.571,1977,1979,3,0.0,0.0,0.0,0.0,0.0,0.0,0.0,0.0,0.0,R,1950-03-28,AUS,male,21,0.0,,,0.0,
Kunio Tsukamoto,1,1,50.0,1981,1981,1,0.0,0.0,0.0,0.0,0.0,0.0,0.0,0.0,0.0,R,,JPN,male,2,0.0,,,0.0,
Harold Hunt,0,2,0.0,1968,1969,2,0.0,0.0,0.0,0.0,0.0,0.0,0.0,0.0,0.0,R,,AUS,male,2,0.0,,,0.0,
Marcel Granollers,203,250,44.812,2006,2019,14,1045.0,1832.0,33832.0,20684.0,14214.0,6489.0,5313.0,1809.0,3183.0,R,1986-04-12,ESP,male,453,3939.0,74.139,56.833,7.026,5.415
Hadiman Hadiman,0,1,0.0,1982,1982,1,0.0,0.0,0.0,0.0,0.0,0.0,0.0,0.0,0.0,U,1950-11-29,INA,male,1,0.0,,,0.0,
Michael Grant,15,29,34.091,1974,1981,8,0.0,0.0,0.0,0.0,0.0,0.0,0.0,0.0,0.0,R,1956-02-03,USA,male,44,0.0,,,0.0,
Vladimir Obradovic,0,1,0.0,2002,2002,1,0.0,0.0,0.0,0.0,0.0,0.0,0.0,0.0,0.0,R,1981-02-04,SRB,male,1,0.0,,,0.0,
B Morgan,0,1,0.0,1970,1970,1,0.0,0.0,0.0,0.0,0.0,0.0,0.0,0.0,0.0,U,,GBR,male,1,0.0,,,0.0,
Mel Baleson,0,6,0.0,1968,1970,3,0.0,0.0,0.0,0.0,0.0,0.0,0.0,0.0,0.0,U,,RSA,male,6,0.0,,,0.0,
Mel Baleson,0,6,0.0,1968,1970,3,0.0,0.0,0.0,0.0,0.0,0.0,0.0,0.0,0.0,U,,RSA,male,6,0.0,,,0.0,
David Agung Susanto,4,10,28.571,2010,2020,11,12.0,7.0,151.0,113.0,71.0,15.0,19.0,16.0,22.0,U,1991-07-21,INA,male,14,13.0,68.421,72.727,1.571,4.636
Vicente Solves,0,4,0.0,1988,1991,4,5.0,0.0,90.0,53.0,27.0,16.0,15.0,2.0,10.0,R,1969-02-08,ESP,male,4,7.0,46.667,20.0,2.5,0.0
Peter Burwash,4,16,20.0,1968,1973,6,0.0,0.0,0.0,0.0,0.0,0.0,0.0,0.0,0.0,R,1945-02-10,CAN,male,20,0.0,,,0.0,
N L Reevell,0,1,0.0,1970,1970,1,0.0,0.0,0.0,0.0,0.0,0.0,0.0,0.0,0.0,U,,GBR,male,1,0.0,,,0.0,
Gianluca Mager,8,12,40.0,2017,2021,5,66.0,127.0,1865.0,1197.0,834.0,330.0,247.0,128.0,189.0,R,1994-12-01,ITA,male,20,186.0,75.304,67.725,9.45,6.81
Arne Thoms,16,25,39.024,1988,1997,10,255.0,210.0,3115.0,1800.0,1318.0,574.0,459.0,150.0,263.0,R,1971-01-01,GER,male,41,346.0,75.381,57.034,6.415,6.742
Vladimir Petrovic,0,1,0.0,1970,1970,1,0.0,0.0,0.0,0.0,0.0,0.0,0.0,0.0,0.0,,1929-05-11,YUG,male,1,0.0,,,0.0,
Anders Haseth,3,4,42.857,1990,1994,5,0.0,0.0,0.0,0.0,0.0,0.0,0.0,0.0,0.0,U,1968-09-14,NOR,male,7,0.0,,,0.0,
Paschoal Penetta,1,1,50.0,1983,1983,1,0.0,0.0,0.0,0.0,0.0,0.0,0.0,0.0,0.0,R,,BRA,male,2,0.0,,,0.0,
Kenny Thorne,9,33,21.429,1989,1996,8,138.0,151.0,2893.0,1792.0,1226.0,485.0,432.0,167.0,293.0,R,1966-01-24,USA,male,42,306.0,70.833,56.997,6.976,5.219
Mark Lyndon,1,1,50.0,1973,1973,1,0.0,0.0,0.0,0.0,0.0,0.0,0.0,0.0,0.0,U,,UNK,male,2,0.0,,,0.0,
Matias Boeker,1,4,20.0,2002,2005,4,16.0,21.0,290.0,181.0,124.0,52.0,49.0,14.0,28.0,R,1980-12-11,USA,male,5,35.0,71.429,50.0,5.6,7.241
A Sapire,0,1,0.0,1969,1969,1,0.0,0.0,0.0,0.0,0.0,0.0,0.0,0.0,0.0,U,,RSA,male,1,0.0,,,0.0,
George Cosac,1,6,14.286,1989,1995,7,6.0,2.0,81.0,44.0,34.0,13.0,10.0,6.0,9.0,R,1968-01-26,ROU,male,7,7.0,70.0,66.667,1.286,2.469
Yong Ho Chung,0,2,0.0,1971,1971,1,0.0,0.0,0.0,0.0,0.0,0.0,0.0,0.0,0.0,U,1943-12-14,KOR,male,2,0.0,,,0.0,
Luka Gregorc,8,10,44.444,2004,2010,7,74.0,99.0,1016.0,620.0,446.0,176.0,153.0,48.0,83.0,R,1984-02-14,SLO,male,18,118.0,77.124,57.831,4.611,9.744
Marco Morales,0,1,0.0,1983,1983,1,0.0,0.0,0.0,0.0,0.0,0.0,0.0,0.0,0.0,R,,CHI,male,1,0.0,,,0.0,
Kenneth Carlsen,210,235,47.191,1992,2007,16,1366.0,3050.0,33240.0,19347.0,14403.0,6914.0,5094.0,1693.0,2682.0,L,1973-04-17,DEN,male,445,4105.0,80.585,63.125,6.027,9.176
Lester Brown,0,1,0.0,1971,1971,1,0.0,0.0,0.0,0.0,0.0,0.0,0.0,0.0,0.0,U,,USA,male,1,0.0,,,0.0,
Robert Crames,0,1,0.0,1983,1983,1,0.0,0.0,0.0,0.0,0.0,0.0,0.0,0.0,0.0,R,1960-06-21,USA,male,1,0.0,,,0.0,
Wahib Maknieh,0,1,0.0,2006,2006,1,0.0,0.0,0.0,0.0,0.0,0.0,0.0,0.0,0.0,U,1986-07-18,LIB,male,1,0.0,,,0.0,
Mario Tabares,16,17,48.485,1987,1994,8,0.0,0.0,0.0,0.0,0.0,0.0,0.0,0.0,0.0,R,1965-07-22,CUB,male,33,0.0,,,0.0,
Gd Jones,7,1,87.5,2005,2009,5,0.0,0.0,0.0,0.0,0.0,0.0,0.0,0.0,0.0,R,1986-04-01,NZL,male,8,0.0,,,0.0,
Cristian Rodriguez,1,0,100.0,2018,2018,1,3.0,2.0,50.0,32.0,24.0,11.0,8.0,3.0,3.0,R,1990-06-24,COL,male,1,8.0,100.0,100.0,3.0,4.0
Regis Brunet,1,5,16.667,1976,1981,6,0.0,0.0,0.0,0.0,0.0,0.0,0.0,0.0,0.0,R,1956-05-31,FRA,male,6,0.0,,,0.0,
Danie Visser,86,118,42.157,1981,1991,11,4.0,6.0,163.0,104.0,64.0,31.0,23.0,16.0,21.0,L,1961-07-26,RSA,male,204,18.0,78.261,76.19,0.103,3.681
Robert Mckinley,22,32,40.741,1968,1973,6,0.0,0.0,0.0,0.0,0.0,0.0,0.0,0.0,0.0,R,1950-08-05,USA,male,54,0.0,,,0.0,
Bill Light,0,1,0.0,1971,1971,1,0.0,0.0,0.0,0.0,0.0,0.0,0.0,0.0,0.0,U,,USA,male,1,0.0,,,0.0,
Sven Koehler,0,3,0.0,1995,1995,1,0.0,0.0,0.0,0.0,0.0,0.0,0.0,0.0,0.0,R,1975-01-16,HKG,male,3,0.0,,,0.0,
Carlos Behar,1,3,25.0,1979,1981,3,0.0,0.0,0.0,0.0,0.0,0.0,0.0,0.0,0.0,R,,COL,male,4,0.0,,,0.0,
Juan Martinez,0,1,0.0,1968,1968,1,0.0,0.0,0.0,0.0,0.0,0.0,0.0,0.0,0.0,U,1984-05-24,VEN,male,1,0.0,,,0.0,
Dong Wook Song,9,10,47.368,1983,1989,7,0.0,0.0,0.0,0.0,0.0,0.0,0.0,0.0,0.0,L,1962-08-20,KOR,male,19,0.0,,,0.0,
Lefteris Alexiou,1,3,25.0,2002,2007,6,0.0,0.0,0.0,0.0,0.0,0.0,0.0,0.0,0.0,R,1982-06-03,GRE,male,4,0.0,,,0.0,
Yassir Kilani,0,1,0.0,2018,2018,1,3.0,0.0,45.0,27.0,13.0,7.0,7.0,1.0,6.0,R,2000-08-10,MAR,male,1,2.0,28.571,16.667,6.0,0.0
Doug Flach,25,42,37.313,1988,1998,11,240.0,180.0,5056.0,2877.0,1882.0,1017.0,748.0,293.0,538.0,R,1970-08-10,USA,male,67,503.0,67.246,54.461,8.03,3.56
Young Min Kwon,0,3,0.0,1989,1989,1,0.0,0.0,0.0,0.0,0.0,0.0,0.0,0.0,0.0,R,1964-11-24,KOR,male,3,0.0,,,0.0,
Bill Csipkay,0,4,0.0,1982,1983,2,0.0,0.0,0.0,0.0,0.0,0.0,0.0,0.0,0.0,R,,USA,male,4,0.0,,,0.0,
Karsten Schulz,1,1,50.0,1985,1985,1,0.0,0.0,0.0,0.0,0.0,0.0,0.0,0.0,0.0,R,1962-06-09,GER,male,2,0.0,,,0.0,
Bryan Burrell,0,2,0.0,1968,1969,2,0.0,0.0,0.0,0.0,0.0,0.0,0.0,0.0,0.0,U,,UNK,male,2,0.0,,,0.0,
Waldemar Rogowski,3,9,25.0,1983,1986,4,0.0,0.0,0.0,0.0,0.0,0.0,0.0,0.0,0.0,R,,POL,male,12,0.0,,,0.0,
Tim Wilkison,250,226,52.521,1977,1993,17,9.0,0.0,60.0,41.0,22.0,6.0,8.0,1.0,6.0,L,1959-11-23,USA,male,476,3.0,37.5,16.667,0.013,0.0
Tim Wilkison,250,226,52.521,1977,1993,17,9.0,0.0,60.0,41.0,22.0,6.0,8.0,1.0,6.0,L,1959-11-21,USA,male,476,3.0,37.5,16.667,0.013,0.0
Richard Ashby,8,10,44.444,1990,1996,7,0.0,0.0,0.0,0.0,0.0,0.0,0.0,0.0,0.0,R,1965-01-14,USA,male,18,0.0,,,0.0,
Lamar Roemer,0,1,0.0,1970,1970,1,0.0,0.0,0.0,0.0,0.0,0.0,0.0,0.0,0.0,,,USA,male,1,0.0,,,0.0,
Lamar Roemer,0,1,0.0,1970,1970,1,0.0,0.0,0.0,0.0,0.0,0.0,0.0,0.0,0.0,U,1946-04-01,USA,male,1,0.0,,,0.0,
Tomasz Iwanski,6,3,66.667,1989,1991,3,0.0,0.0,0.0,0.0,0.0,0.0,0.0,0.0,0.0,R,1968-12-05,POL,male,9,0.0,,,0.0,
Christopher Lawson,0,3,0.0,2009,2009,1,0.0,0.0,0.0,0.0,0.0,0.0,0.0,0.0,0.0,U,1989-06-06,JAM,male,3,0.0,,,0.0,
Ricky Morea,1,1,50.0,1968,1968,1,0.0,0.0,0.0,0.0,0.0,0.0,0.0,0.0,0.0,,1924-04-11,ARG,male,2,0.0,,,0.0,
Karl Fichtel,1,4,20.0,1968,1973,6,0.0,0.0,0.0,0.0,0.0,0.0,0.0,0.0,0.0,U,,GER,male,5,0.0,,,0.0,
Dave Harmon,1,3,25.0,1969,1969,1,0.0,0.0,0.0,0.0,0.0,0.0,0.0,0.0,0.0,U,,USA,male,4,0.0,,,0.0,
Sascha Kloer,0,1,0.0,2009,2009,1,4.0,2.0,93.0,61.0,38.0,16.0,11.0,8.0,10.0,R,1985-08-16,GER,male,1,9.0,81.818,80.0,10.0,2.151
Lennart Bergelin,0,2,0.0,1971,1974,4,0.0,0.0,0.0,0.0,0.0,0.0,0.0,0.0,0.0,,1925-06-10,SWE,male,2,0.0,,,0.0,
James Ward,24,60,28.571,2007,2019,13,213.0,462.0,5605.0,3389.0,2381.0,1083.0,870.0,304.0,513.0,R,1987-02-09,GBR,male,84,661.0,75.977,59.259,6.107,8.243
Petar Jelenic,1,1,50.0,2010,2010,1,4.0,10.0,154.0,90.0,68.0,25.0,22.0,5.0,9.0,R,1987-06-13,CRO,male,2,18.0,81.818,55.556,4.5,6.494
Peter Mockler,0,2,0.0,1968,1968,1,0.0,0.0,0.0,0.0,0.0,0.0,0.0,0.0,0.0,R,,IRL,male,2,0.0,,,0.0,
Yoshiya Hamano,0,1,0.0,1981,1981,1,0.0,0.0,0.0,0.0,0.0,0.0,0.0,0.0,0.0,R,,JPN,male,1,0.0,,,0.0,
Nikola Pilic,192,138,58.182,1968,1978,11,0.0,0.0,0.0,0.0,0.0,0.0,0.0,0.0,0.0,L,1939-08-27,CRO,male,330,0.0,,,0.0,
Tracy Delatte,0,6,0.0,1979,1982,4,0.0,0.0,0.0,0.0,0.0,0.0,0.0,0.0,0.0,R,1956-12-22,USA,male,6,0.0,,,0.0,
Lloyd Bourne,60,76,44.118,1979,1987,9,0.0,0.0,0.0,0.0,0.0,0.0,0.0,0.0,0.0,R,1958-10-18,USA,male,136,0.0,,,0.0,
Rainer Kuhlmey,0,1,0.0,1971,1971,1,0.0,0.0,0.0,0.0,0.0,0.0,0.0,0.0,0.0,R,,GER,male,1,0.0,,,0.0,
Adam Hornby,0,3,0.0,2016,2017,2,15.0,4.0,167.0,109.0,48.0,17.0,28.0,12.0,33.0,,,BAR,male,3,7.0,25.0,36.364,11.0,2.395
Agustin Velotti,0,4,0.0,2010,2017,8,5.0,15.0,262.0,139.0,86.0,56.0,38.0,20.0,34.0,R,1992-05-24,ARG,male,4,24.0,63.158,58.824,8.5,5.725
Facundo Bagnis,22,48,31.429,2011,2021,11,255.0,301.0,5389.0,3292.0,2211.0,1038.0,829.0,325.0,551.0,L,1990-02-27,ARG,male,70,603.0,72.738,58.984,7.871,5.585
Joel Bailey,6,23,20.69,1976,1987,12,0.0,0.0,0.0,0.0,0.0,0.0,0.0,0.0,0.0,R,1951-04-25,USA,male,29,0.0,,,0.0,
Robin Kern,0,3,0.0,2011,2013,3,15.0,10.0,213.0,115.0,76.0,47.0,33.0,16.0,28.0,R,1993-10-03,GER,male,3,21.0,63.636,57.143,9.333,4.695
Aymen Ibrahim Al Ashwak,0,9,0.0,1989,1993,5,0.0,0.0,0.0,0.0,0.0,0.0,0.0,0.0,0.0,U,1970-06-17,KUW,male,9,0.0,,,0.0,
David Hall,0,1,0.0,1977,1977,1,0.0,0.0,0.0,0.0,0.0,0.0,0.0,0.0,0.0,R,,USA,male,1,0.0,,,0.0,
Frederick Ted Schroeder,1,2,33.333,1972,1972,1,0.0,0.0,0.0,0.0,0.0,0.0,0.0,0.0,0.0,R,1921-07-20,USA,male,3,0.0,,,0.0,
Bastian Trinker,1,2,33.333,2015,2015,1,10.0,9.0,197.0,126.0,84.0,29.0,31.0,12.0,23.0,R,1990-05-11,AUT,male,3,20.0,64.516,52.174,7.667,4.569
Andre Van Der Merwe B,0,3,0.0,1969,1972,4,0.0,0.0,0.0,0.0,0.0,0.0,0.0,0.0,0.0,R,1980-08-15,RSA,male,3,0.0,,,0.0,
Tony Jonsson,2,8,20.0,1983,1986,4,0.0,0.0,0.0,0.0,0.0,0.0,0.0,0.0,0.0,R,,NOR,male,10,0.0,,,0.0,
Romeo Rafon,3,4,42.857,1974,1983,10,0.0,0.0,0.0,0.0,0.0,0.0,0.0,0.0,0.0,R,,PHI,male,7,0.0,,,0.0,
Jeff Klaparda,5,9,35.714,1984,1989,6,0.0,0.0,0.0,0.0,0.0,0.0,0.0,0.0,0.0,R,1963-11-07,USA,male,14,0.0,,,0.0,
Danylo Kalenichenko,0,1,0.0,2016,2016,1,1.0,1.0,54.0,20.0,13.0,14.0,8.0,1.0,5.0,U,1994-02-02,UKR,male,1,4.0,50.0,20.0,5.0,1.852
Glen Holroyd,4,15,21.053,1980,1982,3,0.0,0.0,0.0,0.0,0.0,0.0,0.0,0.0,0.0,R,1954-09-25,USA,male,19,0.0,,,0.0,
Eric Rosenfeld,0,1,0.0,1984,1984,1,0.0,0.0,0.0,0.0,0.0,0.0,0.0,0.0,0.0,R,1965-05-28,USA,male,1,0.0,,,0.0,
Devin Mullings,6,8,42.857,2002,2009,8,3.0,0.0,53.0,38.0,18.0,5.0,7.0,7.0,12.0,L,1985-10-04,BAH,male,14,2.0,28.571,58.333,0.857,0.0
Steven Downs,4,8,33.333,1994,1997,4,20.0,23.0,426.0,260.0,158.0,80.0,62.0,23.0,43.0,R,1975-09-08,NZL,male,12,42.0,67.742,53.488,3.583,5.399
Peter Bothwell,1,1,50.0,2018,2018,1,9.0,2.0,137.0,77.0,54.0,23.0,21.0,9.0,18.0,R,1995-09-28,IRL,male,2,12.0,57.143,50.0,9.0,1.46
P Coyle,0,1,0.0,1969,1969,1,0.0,0.0,0.0,0.0,0.0,0.0,0.0,0.0,0.0,U,,IRL,male,1,0.0,,,0.0,
Kittipong Wachiramanowong,13,19,40.625,2007,2017,11,16.0,48.0,735.0,449.0,296.0,154.0,119.0,34.0,67.0,R,1990-06-25,THA,male,32,86.0,72.269,50.746,2.094,6.531
Meir Wertheimer,6,1,85.714,1974,1977,4,0.0,0.0,0.0,0.0,0.0,0.0,0.0,0.0,0.0,U,1955-11-03,ISR,male,7,0.0,,,0.0,
Mario Radic,2,4,33.333,2001,2003,3,26.0,26.0,445.0,230.0,153.0,103.0,66.0,26.0,45.0,R,1982-01-14,CRO,male,6,47.0,71.212,57.778,7.5,5.843
Peter Rigg,2,1,66.667,1968,1968,1,0.0,0.0,0.0,0.0,0.0,0.0,0.0,0.0,0.0,U,,AUS,male,3,0.0,,,0.0,
Michihisa Onoda,0,4,0.0,2000,2002,3,12.0,21.0,286.0,173.0,110.0,48.0,42.0,15.0,32.0,R,1978-01-31,JPN,male,4,25.0,59.524,46.875,8.0,7.343
Martin Koek,0,1,0.0,1972,1972,1,0.0,0.0,0.0,0.0,0.0,0.0,0.0,0.0,0.0,R,,NED,male,1,0.0,,,0.0,
Drew Gitlin,31,38,44.928,1981,1985,5,0.0,0.0,0.0,0.0,0.0,0.0,0.0,0.0,0.0,R,1958-05-26,USA,male,69,0.0,,,0.0,
Genius Chidzikwe,3,15,16.667,1996,2006,11,0.0,0.0,0.0,0.0,0.0,0.0,0.0,0.0,0.0,R,1979-08-03,ZIM,male,18,0.0,,,0.0,
Chang Hong Ni,0,1,0.0,1979,1979,1,0.0,0.0,0.0,0.0,0.0,0.0,0.0,0.0,0.0,R,,CHN,male,1,0.0,,,0.0,
Thomaz Bellucci,203,217,48.333,2008,2021,14,1247.0,2336.0,31391.0,18228.0,12855.0,6738.0,4887.0,1639.0,2773.0,L,1987-12-30,BRA,male,420,3753.0,76.796,59.106,6.602,7.442
Nicolas Meister,0,1,0.0,2012,2012,1,4.0,2.0,74.0,42.0,23.0,14.0,9.0,8.0,13.0,U,1989-05-15,USA,male,1,4.0,44.444,61.538,13.0,2.703
Timofey Skatov,0,1,0.0,2020,2020,1,4.0,0.0,47.0,36.0,13.0,4.0,7.0,6.0,12.0,R,2001-01-21,RUS,male,1,1.0,14.286,50.0,12.0,0.0
Simon Larose,8,18,30.769,1999,2004,6,39.0,71.0,967.0,568.0,367.0,188.0,143.0,67.0,116.0,R,1978-06-28,CAN,male,26,94.0,65.734,57.759,4.462,7.342
Adam Moundir,1,1,50.0,2019,2020,2,0.0,0.0,0.0,0.0,0.0,0.0,0.0,0.0,0.0,U,1995-04-26,SUI,male,2,0.0,,,0.0,
Peter Elter,86,111,43.655,1976,1986,11,0.0,0.0,0.0,0.0,0.0,0.0,0.0,0.0,0.0,R,1958-06-10,GER,male,197,0.0,,,0.0,
Horia Tecau,0,3,0.0,2005,2008,4,10.0,8.0,53.0,21.0,18.0,11.0,9.0,5.0,9.0,R,1985-01-19,ROU,male,3,5.0,55.556,55.556,3.0,15.094
Mark Keil,3,7,30.0,1988,1994,7,59.0,44.0,889.0,543.0,381.0,135.0,122.0,46.0,82.0,R,1967-06-03,USA,male,10,86.0,70.492,56.098,8.2,4.949
Noriyuki Washida,0,1,0.0,1981,1981,1,0.0,0.0,0.0,0.0,0.0,0.0,0.0,0.0,0.0,R,,JPN,male,1,0.0,,,0.0,
Juan Carlos Ferrero,462,248,65.07,1999,2012,14,1524.0,2677.0,53804.0,34536.0,23813.0,10452.0,8436.0,2872.0,4593.0,R,1980-02-12,ESP,male,710,6715.0,79.599,62.53,6.469,4.975
Uriel Oquendo Sr,0,2,0.0,1969,1970,2,0.0,0.0,0.0,0.0,0.0,0.0,0.0,0.0,0.0,U,,COL,male,2,0.0,,,0.0,
Bernard Paul,3,14,17.647,1968,1975,8,0.0,0.0,0.0,0.0,0.0,0.0,0.0,0.0,0.0,R,,FRA,male,17,0.0,,,0.0,
Puriwat Chatpatcharoen,0,2,0.0,2016,2016,1,15.0,21.0,231.0,128.0,94.0,46.0,40.0,17.0,30.0,U,1995-08-03,THA,male,2,27.0,67.5,56.667,15.0,9.091
Jose Santiago,0,1,0.0,1977,1977,1,0.0,0.0,0.0,0.0,0.0,0.0,0.0,0.0,0.0,R,,POR,male,1,0.0,,,0.0,
Marc Kimmich,0,3,0.0,2005,2006,2,13.0,14.0,264.0,145.0,98.0,51.0,40.0,14.0,30.0,R,1983-01-21,AUS,male,3,24.0,60.0,46.667,10.0,5.303
Leeh Bienkowski,3,6,33.333,1983,1987,5,0.0,0.0,0.0,0.0,0.0,0.0,0.0,0.0,0.0,R,1964-08-20,POL,male,9,0.0,,,0.0,
David Adams,6,18,25.0,1991,1997,7,73.0,63.0,1504.0,753.0,522.0,332.0,228.0,82.0,160.0,R,1970-01-05,RSA,male,24,150.0,65.789,51.25,6.667,4.189
Treat Conrad Huey,8,6,57.143,2009,2015,7,0.0,0.0,0.0,0.0,0.0,0.0,0.0,0.0,0.0,L,1985-08-28,PHI,male,14,0.0,,,0.0,
Adrian Graimprey,0,2,0.0,1994,1994,1,0.0,0.0,0.0,0.0,0.0,0.0,0.0,0.0,0.0,R,1965-11-17,LUX,male,2,0.0,,,0.0,
Terry Rocavert,33,55,37.5,1975,1980,6,0.0,0.0,0.0,0.0,0.0,0.0,0.0,0.0,0.0,R,1955-10-21,AUS,male,88,0.0,,,0.0,
Tony Mmoh,17,27,38.636,1978,1988,11,0.0,0.0,0.0,0.0,0.0,0.0,0.0,0.0,0.0,R,1958-06-14,NGR,male,44,0.0,,,0.0,
C Munoz,4,5,44.444,1973,1980,8,0.0,0.0,0.0,0.0,0.0,0.0,0.0,0.0,0.0,R,,CRC,male,9,0.0,,,0.0,
Dimitri Muzyka,1,1,50.0,1995,1995,1,0.0,0.0,0.0,0.0,0.0,0.0,0.0,0.0,0.0,R,,UKR,male,2,0.0,,,0.0,
D Perensby,0,1,0.0,1976,1976,1,0.0,0.0,0.0,0.0,0.0,0.0,0.0,0.0,0.0,R,,SWE,male,1,0.0,,,0.0,
Antony Dupuis,80,120,40.0,1996,2007,12,540.0,1413.0,15804.0,9322.0,6687.0,3318.0,2416.0,866.0,1384.0,R,1973-02-24,FRA,male,200,1898.0,78.56,62.572,6.92,8.941
Vaja Uzakov,0,6,0.0,2007,2011,5,0.0,0.0,0.0,0.0,0.0,0.0,0.0,0.0,0.0,R,1988-06-04,UZB,male,6,0.0,,,0.0,
Jarkko Nieminen,389,336,53.655,1999,2016,18,1436.0,2088.0,53575.0,35084.0,23711.0,9297.0,8258.0,2981.0,4952.0,L,1981-07-23,FIN,male,725,6287.0,76.132,60.198,6.83,3.897
Keishiro Yanagi,0,6,0.0,1969,1974,6,0.0,0.0,0.0,0.0,0.0,0.0,0.0,0.0,0.0,R,1941-02-24,JPN,male,6,0.0,,,0.0,
Mikhail Filima,2,1,66.667,2004,2005,2,0.0,0.0,0.0,0.0,0.0,0.0,0.0,0.0,0.0,U,1982-11-17,UKR,male,3,0.0,,,0.0,
Sjeng Schalken,263,240,52.286,1994,2005,12,1697.0,1795.0,37884.0,23491.0,16237.0,7142.0,5819.0,2031.0,3425.0,R,1976-09-08,NED,male,503,4425.0,76.044,59.299,6.809,4.738
Adel Lahdhiri,0,4,0.0,1993,1993,1,0.0,0.0,0.0,0.0,0.0,0.0,0.0,0.0,0.0,U,1973-02-27,TUN,male,4,0.0,,,0.0,
Tilen Zitnik,0,1,0.0,2017,2017,1,6.0,2.0,57.0,32.0,23.0,9.0,9.0,0.0,3.0,U,1991-07-02,SLO,male,1,6.0,66.667,0.0,3.0,3.509
Peter Carter,3,15,16.667,1972,1989,18,0.0,0.0,0.0,0.0,0.0,0.0,0.0,0.0,0.0,R,1964-08-09,AUS,male,18,0.0,,,0.0,
Christopher Eubanks,4,14,22.222,2015,2021,7,83.0,173.0,1527.0,997.0,739.0,254.0,241.0,70.0,120.0,R,1996-05-05,USA,male,18,191.0,79.253,58.333,6.667,11.329
Marc Fornell Mestres,0,1,0.0,2007,2007,1,1.0,0.0,100.0,51.0,28.0,22.0,15.0,7.0,16.0,R,1982-01-26,ESP,male,1,6.0,40.0,43.75,16.0,0.0
Julian Saborio,0,3,0.0,2015,2020,6,0.0,0.0,0.0,0.0,0.0,0.0,0.0,0.0,0.0,U,1996-11-02,CRC,male,3,0.0,,,0.0,
Tony Graham,18,38,32.143,1977,1982,6,0.0,0.0,0.0,0.0,0.0,0.0,0.0,0.0,0.0,R,1956-10-29,USA,male,56,0.0,,,0.0,
Dave Bohrnstedt,0,4,0.0,1970,1977,8,0.0,0.0,0.0,0.0,0.0,0.0,0.0,0.0,0.0,R,,USA,male,4,0.0,,,0.0,
Darren Cahill,118,103,53.394,1984,1994,11,81.0,91.0,2305.0,1388.0,969.0,442.0,350.0,122.0,204.0,R,1965-10-02,AUS,male,221,268.0,76.571,59.804,0.923,3.948
Aldin Setkic,8,7,53.333,2010,2017,8,15.0,10.0,232.0,151.0,84.0,38.0,30.0,22.0,35.0,R,1987-12-21,BIH,male,15,17.0,56.667,62.857,2.333,4.31
Ryuso Tsujino,0,7,0.0,1992,1995,4,20.0,13.0,371.0,214.0,135.0,70.0,55.0,21.0,42.0,R,1969-02-24,JPN,male,7,34.0,61.818,50.0,6.0,3.504
Zan Guerry,32,58,35.556,1968,1982,15,0.0,0.0,0.0,0.0,0.0,0.0,0.0,0.0,0.0,R,1949-02-12,USA,male,90,0.0,,,0.0,
Olav Abrahamsen,0,2,0.0,1976,1976,1,0.0,0.0,0.0,0.0,0.0,0.0,0.0,0.0,0.0,U,1958-02-02,NOR,male,2,0.0,,,0.0,
Osamu Ishiguro,0,4,0.0,1971,1974,4,0.0,0.0,0.0,0.0,0.0,0.0,0.0,0.0,0.0,R,,JPN,male,4,0.0,,,0.0,
Ilie Nastase,668,225,74.804,1968,1985,18,0.0,0.0,0.0,0.0,0.0,0.0,0.0,0.0,0.0,R,1946-07-19,ROU,male,893,0.0,,,0.0,
Rod Laver,333,75,81.618,1968,1979,12,0.0,0.0,0.0,0.0,0.0,0.0,0.0,0.0,0.0,L,1938-08-09,AUS,male,408,0.0,,,0.0,
Graham Stilwell,66,114,36.667,1968,1975,8,0.0,0.0,0.0,0.0,0.0,0.0,0.0,0.0,0.0,R,1945-11-15,GBR,male,180,0.0,,,0.0,
Tres Cushing,1,1,50.0,1980,1980,1,0.0,0.0,0.0,0.0,0.0,0.0,0.0,0.0,0.0,R,1960-12-25,USA,male,2,0.0,,,0.0,
Andrei Dirzu,5,13,27.778,1978,1986,9,0.0,0.0,0.0,0.0,0.0,0.0,0.0,0.0,0.0,R,,ROU,male,18,0.0,,,0.0,
Miguel Angel Este,1,1,50.0,2015,2016,2,6.0,1.0,65.0,45.0,33.0,7.0,9.0,2.0,4.0,U,1998-11-11,VEN,male,2,7.0,77.778,50.0,2.0,1.538
Manuel Ruiz,0,2,0.0,1973,1976,4,0.0,0.0,0.0,0.0,0.0,0.0,0.0,0.0,0.0,R,,MEX,male,2,0.0,,,0.0,
Leonardo Kirche,1,0,100.0,2004,2004,1,0.0,0.0,0.0,0.0,0.0,0.0,0.0,0.0,0.0,R,1985-01-04,BRA,male,1,0.0,,,0.0,
Marco Alciati,3,7,30.0,1979,1981,3,0.0,0.0,0.0,0.0,0.0,0.0,0.0,0.0,0.0,R,,ITA,male,10,0.0,,,0.0,
Juan Nunez,10,18,35.714,1979,1981,3,0.0,0.0,0.0,0.0,0.0,0.0,0.0,0.0,0.0,R,1956-09-23,CHI,male,28,0.0,,,0.0,
Bruce Steel,0,1,0.0,1991,1991,1,5.0,6.0,50.0,25.0,18.0,10.0,8.0,1.0,4.0,R,,USA,male,1,5.0,62.5,25.0,4.0,12.0
Jin So Lee,0,1,0.0,1990,1990,1,0.0,0.0,0.0,0.0,0.0,0.0,0.0,0.0,0.0,R,,KOR,male,1,0.0,,,0.0,
Steven Wright,0,1,0.0,1975,1975,1,0.0,0.0,0.0,0.0,0.0,0.0,0.0,0.0,0.0,R,,AUS,male,1,0.0,,,0.0,
Tung Yi Kho,2,1,66.667,1991,1991,1,0.0,0.0,0.0,0.0,0.0,0.0,0.0,0.0,0.0,R,1972-01-19,SIN,male,3,0.0,,,0.0,
S Sullivan,1,1,50.0,1976,1976,1,0.0,0.0,0.0,0.0,0.0,0.0,0.0,0.0,0.0,U,,RSA,male,2,0.0,,,0.0,
Garry Slater,0,3,0.0,1975,1977,3,0.0,0.0,0.0,0.0,0.0,0.0,0.0,0.0,0.0,R,,NZL,male,3,0.0,,,0.0,
Ricardo Acuna,67,102,39.645,1978,1989,12,0.0,0.0,0.0,0.0,0.0,0.0,0.0,0.0,0.0,R,1958-01-13,CHI,male,169,0.0,,,0.0,
Fabio Maggi,2,4,33.333,1996,1998,3,9.0,3.0,414.0,296.0,170.0,60.0,64.0,16.0,40.0,R,1975-01-30,ITA,male,6,40.0,62.5,40.0,6.667,0.725
David Schneider,30,78,27.778,1974,1983,10,0.0,0.0,0.0,0.0,0.0,0.0,0.0,0.0,0.0,R,1955-05-17,USA,male,108,0.0,,,0.0,
Ryan Blake,0,1,0.0,1994,1994,1,1.0,3.0,81.0,51.0,30.0,12.0,12.0,5.0,11.0,R,1966-02-04,USA,male,1,6.0,50.0,45.455,11.0,3.704
Tobias Svantesson,10,20,33.333,1987,1989,3,0.0,0.0,0.0,0.0,0.0,0.0,0.0,0.0,0.0,R,1963-04-01,SWE,male,30,0.0,,,0.0,
Arthur Carrington,0,2,0.0,1972,1973,2,0.0,0.0,0.0,0.0,0.0,0.0,0.0,0.0,0.0,R,,USA,male,2,0.0,,,0.0,
Ian Baudinet,0,1,0.0,1971,1971,1,0.0,0.0,0.0,0.0,0.0,0.0,0.0,0.0,0.0,U,,NZL,male,1,0.0,,,0.0,
Marcos Giron,14,19,42.424,2014,2021,8,76.0,169.0,2881.0,1762.0,1224.0,556.0,433.0,165.0,267.0,R,1993-07-24,USA,male,33,331.0,76.443,61.798,8.091,5.866
Patrick Platzer,0,1,0.0,1970,1970,1,0.0,0.0,0.0,0.0,0.0,0.0,0.0,0.0,0.0,R,,AUT,male,1,0.0,,,0.0,
B Kelly,0,1,0.0,1968,1968,1,0.0,0.0,0.0,0.0,0.0,0.0,0.0,0.0,0.0,U,,,male,1,0.0,,,0.0,
Lance Lumsden,0,12,0.0,1968,1970,3,0.0,0.0,0.0,0.0,0.0,0.0,0.0,0.0,0.0,R,,JAM,male,12,0.0,,,0.0,
Ivan Mikysa,0,1,0.0,1970,1970,1,0.0,0.0,0.0,0.0,0.0,0.0,0.0,0.0,0.0,U,,USA,male,1,0.0,,,0.0,
Antonio Del Rosario,1,0,100.0,1984,1984,1,0.0,0.0,0.0,0.0,0.0,0.0,0.0,0.0,0.0,U,,PHI,male,1,0.0,,,0.0,
Eugenio Munoz,3,1,75.0,1974,1974,1,0.0,0.0,0.0,0.0,0.0,0.0,0.0,0.0,0.0,R,,ESP,male,4,0.0,,,0.0,
Hugo Dellien,22,31,41.509,2010,2021,12,80.0,87.0,3255.0,2374.0,1467.0,410.0,490.0,245.0,408.0,R,1993-06-16,BOL,male,53,327.0,66.735,60.049,7.698,2.673
Adrian Garcia,13,27,32.5,2000,2008,9,101.0,89.0,2329.0,1390.0,927.0,471.0,354.0,138.0,240.0,R,1978-05-25,CHI,male,40,252.0,71.186,57.5,6.0,3.821
Unknown Braschi,0,1,0.0,1970,1970,1,0.0,0.0,0.0,0.0,0.0,0.0,0.0,0.0,0.0,U,,,male,1,0.0,,,0.0,
Bogdan Borza,1,0,100.0,2018,2018,1,1.0,7.0,52.0,35.0,29.0,8.0,9.0,4.0,5.0,L,1997-04-05,ROU,male,1,8.0,88.889,80.0,5.0,13.462
Erik Van Dillen,121,151,44.485,1968,1982,15,0.0,0.0,0.0,0.0,0.0,0.0,0.0,0.0,0.0,R,1951-02-21,USA,male,272,0.0,,,0.0,
Ka Vhei Kam,1,0,100.0,1990,1990,1,0.0,0.0,0.0,0.0,0.0,0.0,0.0,0.0,0.0,U,1971-06-23,MAS,male,1,0.0,,,0.0,
John Millman,88,106,45.361,2010,2021,12,392.0,859.0,16390.0,10127.0,6944.0,3297.0,2545.0,857.0,1446.0,R,1989-06-14,AUS,male,194,1956.0,76.857,59.267,7.454,5.241
Nicolas Escude,144,108,57.143,1993,2004,12,836.0,1527.0,19430.0,10949.0,7927.0,4249.0,3003.0,1005.0,1680.0,R,1976-04-03,FRA,male,252,2328.0,77.522,59.821,6.667,7.859
Stefano Pescosolido,102,137,42.678,1988,2004,17,933.0,889.0,17250.0,8971.0,6337.0,3896.0,2586.0,932.0,1663.0,R,1971-06-13,ITA,male,239,1855.0,71.732,56.043,6.958,5.154
Jonas Froberg,1,1,50.0,2000,2000,1,5.0,10.0,140.0,85.0,66.0,21.0,23.0,7.0,12.0,U,1981-04-11,SWE,male,2,18.0,78.261,58.333,6.0,7.143
Hussain Al Ashwak,2,3,40.0,2001,2002,2,0.0,0.0,0.0,0.0,0.0,0.0,0.0,0.0,0.0,U,1976-08-17,KUW,male,5,0.0,,,0.0,
Finn Dag Jagge,1,2,33.333,1969,1973,5,0.0,0.0,0.0,0.0,0.0,0.0,0.0,0.0,0.0,U,1936-05-04,NOR,male,3,0.0,,,0.0,
Craig A Miller,21,45,31.818,1979,1988,10,0.0,0.0,0.0,0.0,0.0,0.0,0.0,0.0,0.0,R,1962-10-18,AUS,male,66,0.0,,,0.0,
Jim Bentley,0,1,0.0,1969,1969,1,0.0,0.0,0.0,0.0,0.0,0.0,0.0,0.0,0.0,U,,CAN,male,1,0.0,,,0.0,
Michael Oberleitner,0,1,0.0,1985,1985,1,0.0,0.0,0.0,0.0,0.0,0.0,0.0,0.0,0.0,R,1966-07-17,AUT,male,1,0.0,,,0.0,
Asim Shafik,6,8,42.857,1997,2006,10,0.0,0.0,0.0,0.0,0.0,0.0,0.0,0.0,0.0,U,1975-12-21,PAK,male,14,0.0,,,0.0,
Armistead Neely,16,34,32.0,1968,1977,10,0.0,0.0,0.0,0.0,0.0,0.0,0.0,0.0,0.0,R,1947-03-19,USA,male,50,0.0,,,0.0,
Mohamed Safwat,8,20,28.571,2010,2020,11,54.0,96.0,1676.0,1055.0,720.0,304.0,260.0,97.0,164.0,R,1990-09-19,EGY,male,28,193.0,74.231,59.146,5.857,5.728
Yenesi Allen,0,1,0.0,1976,1976,1,0.0,0.0,0.0,0.0,0.0,0.0,0.0,0.0,0.0,R,,NIG,male,1,0.0,,,0.0,
Ricki Osterthun,56,71,44.094,1984,1990,7,0.0,0.0,0.0,0.0,0.0,0.0,0.0,0.0,0.0,R,1964-05-02,GER,male,127,0.0,,,0.0,
Juan Avendano,40,77,34.188,1980,1990,11,0.0,0.0,0.0,0.0,0.0,0.0,0.0,0.0,0.0,R,1961-01-29,ESP,male,117,0.0,,,0.0,
Hector Romani,2,7,22.222,1969,1977,9,0.0,0.0,0.0,0.0,0.0,0.0,0.0,0.0,0.0,U,,UNK,male,9,0.0,,,0.0,
Christian Saceanu,54,91,37.241,1985,1994,10,305.0,240.0,5081.0,3149.0,2199.0,863.0,772.0,291.0,500.0,R,1968-07-08,GER,male,145,563.0,72.927,58.2,3.448,4.723
Guillermo Rivas,8,26,23.529,1984,1990,7,0.0,0.0,0.0,0.0,0.0,0.0,0.0,0.0,0.0,R,1964-02-09,ARG,male,34,0.0,,,0.0,
Hassan Soudani,0,1,0.0,1985,1985,1,0.0,0.0,0.0,0.0,0.0,0.0,0.0,0.0,0.0,U,1963-01-29,TUN,male,1,0.0,,,0.0,
Richard Pancho Gonzales,102,40,71.831,1968,1973,6,0.0,0.0,0.0,0.0,0.0,0.0,0.0,0.0,0.0,R,1928-05-09,USA,male,142,0.0,,,0.0,
Rodrigo Navarro,1,1,50.0,1991,1991,1,0.0,0.0,0.0,0.0,0.0,0.0,0.0,0.0,0.0,R,1974-01-22,BOL,male,2,0.0,,,0.0,
Fabrice Santoro,422,389,52.035,1989,2010,22,1790.0,2279.0,59670.0,34468.0,23029.0,12780.0,9002.0,3636.0,6088.0,R,1972-12-09,FRA,male,811,6550.0,72.762,59.724,7.507,3.819
Yong Il Yoon,13,16,44.828,1993,2001,9,37.0,38.0,1090.0,619.0,410.0,231.0,160.0,65.0,109.0,R,1973-09-23,KOR,male,29,116.0,72.5,59.633,3.759,3.486
Alastair Gray,0,1,0.0,2019,2019,1,3.0,6.0,59.0,31.0,20.0,13.0,9.0,3.0,6.0,R,1998-06-22,GBR,male,1,6.0,66.667,50.0,6.0,10.169
Patrick Osnua,0,1,0.0,1999,1999,1,3.0,3.0,62.0,35.0,24.0,9.0,8.0,2.0,5.0,R,1973-12-06,USA,male,1,5.0,62.5,40.0,5.0,4.839
Alejandro Cortes,24,36,40.0,1979,1983,5,0.0,0.0,0.0,0.0,0.0,0.0,0.0,0.0,0.0,R,1955-07-14,COL,male,60,0.0,,,0.0,
Kush Bhardwaj,2,5,28.571,1987,1991,5,0.0,0.0,0.0,0.0,0.0,0.0,0.0,0.0,0.0,R,,KEN,male,7,0.0,,,0.0,
Yannick Maden,9,17,34.615,2016,2020,5,42.0,59.0,2258.0,1441.0,915.0,419.0,334.0,133.0,227.0,U,1989-10-28,GER,male,26,240.0,71.856,58.59,8.731,2.613
Sandeep Kirtane,0,1,0.0,1996,1996,1,2.0,0.0,47.0,26.0,17.0,6.0,7.0,3.0,7.0,R,1973-10-27,IND,male,1,3.0,42.857,42.857,7.0,0.0
Francois Van Der Merwe,3,3,50.0,1971,1974,4,0.0,0.0,0.0,0.0,0.0,0.0,0.0,0.0,0.0,R,,RSA,male,6,0.0,,,0.0,
Guy Fritz,0,2,0.0,1971,1978,8,0.0,0.0,0.0,0.0,0.0,0.0,0.0,0.0,0.0,R,,USA,male,2,0.0,,,0.0,
Pablo Arraya,177,174,50.427,1980,1992,13,85.0,109.0,2534.0,1541.0,999.0,470.0,381.0,147.0,266.0,R,1961-10-21,PER,male,351,262.0,68.766,55.263,0.758,4.301
Clint Bowles,0,1,0.0,2008,2008,1,1.0,0.0,60.0,42.0,22.0,6.0,9.0,4.0,10.0,L,1988-11-16,USA,male,1,3.0,33.333,40.0,10.0,0.0
Olivier Sajous,4,5,44.444,2004,2013,10,0.0,0.0,0.0,0.0,0.0,0.0,0.0,0.0,0.0,R,1987-02-04,HAI,male,9,0.0,,,0.0,
Peter Thrupp,0,1,0.0,1985,1985,1,0.0,0.0,0.0,0.0,0.0,0.0,0.0,0.0,0.0,R,1963-12-23,AUS,male,1,0.0,,,0.0,
German Lopez,32,44,42.105,1988,1997,10,145.0,422.0,4487.0,2349.0,1741.0,1048.0,681.0,252.0,405.0,R,1971-12-29,ESP,male,76,528.0,77.533,62.222,5.329,9.405
Raviv Weidenfeld,3,6,33.333,1987,1997,11,27.0,10.0,322.0,181.0,128.0,66.0,53.0,16.0,34.0,R,1970-10-12,ISR,male,9,35.0,66.038,47.059,3.778,3.106
Juan Carlos Ramirez,4,9,30.769,2005,2014,10,0.0,0.0,0.0,0.0,0.0,0.0,0.0,0.0,0.0,R,1988-11-25,PAR,male,13,0.0,,,0.0,
Daniel Dutra Da Silva,0,1,0.0,2009,2009,1,3.0,0.0,72.0,38.0,24.0,16.0,10.0,5.0,9.0,L,1988-07-05,BRA,male,1,6.0,60.0,55.556,9.0,0.0
Mohammed Rahizam Abdul Rahim,0,1,0.0,1992,1992,1,0.0,0.0,0.0,0.0,0.0,0.0,0.0,0.0,0.0,U,1966-08-20,MAS,male,1,0.0,,,0.0,
R D J Lee,0,1,0.0,1970,1970,1,0.0,0.0,0.0,0.0,0.0,0.0,0.0,0.0,0.0,U,,GBR,male,1,0.0,,,0.0,
Tung Lin Wu,2,1,66.667,2019,2020,2,4.0,11.0,168.0,103.0,70.0,34.0,25.0,12.0,16.0,R,1998-05-12,TPE,male,3,21.0,84.0,75.0,5.333,6.548
Martin Hipp,1,1,50.0,1985,1985,1,0.0,0.0,0.0,0.0,0.0,0.0,0.0,0.0,0.0,R,1966-03-18,GER,male,2,0.0,,,0.0,
Tim Gullikson,200,150,57.143,1975,1986,12,0.0,0.0,0.0,0.0,0.0,0.0,0.0,0.0,0.0,R,1951-09-08,USA,male,350,0.0,,,0.0,
Ron Holmberg,21,32,39.623,1968,1972,5,0.0,0.0,0.0,0.0,0.0,0.0,0.0,0.0,0.0,R,1938-01-27,USA,male,53,0.0,,,0.0,
Lajos Levai,1,2,33.333,1977,1977,1,0.0,0.0,0.0,0.0,0.0,0.0,0.0,0.0,0.0,R,1952-02-07,YUG,male,3,0.0,,,0.0,
Nerman Fatic,2,3,40.0,2013,2019,7,7.0,11.0,122.0,72.0,48.0,27.0,21.0,5.0,10.0,U,1994-10-24,BIH,male,5,16.0,76.19,50.0,2.0,9.016
Mark Dickson,97,88,52.432,1981,1988,8,0.0,0.0,0.0,0.0,0.0,0.0,0.0,0.0,0.0,R,1959-12-08,USA,male,185,0.0,,,0.0,
Todd Martin,360,201,64.171,1990,2004,15,1751.0,5020.0,45876.0,28345.0,21445.0,8938.0,7046.0,2057.0,3218.0,R,1970-07-08,USA,male,561,5885.0,83.523,63.922,5.736,10.943
Dick Johnson,0,3,0.0,1971,1972,2,0.0,0.0,0.0,0.0,0.0,0.0,0.0,0.0,0.0,U,,USA,male,3,0.0,,,0.0,
William Blaze,0,1,0.0,1981,1981,1,0.0,0.0,0.0,0.0,0.0,0.0,0.0,0.0,0.0,R,,USA,male,1,0.0,,,0.0,
Roy Sprengelmeyer,0,5,0.0,1969,1971,3,0.0,0.0,0.0,0.0,0.0,0.0,0.0,0.0,0.0,U,,USA,male,5,0.0,,,0.0,
Egor Gerasimov,43,27,61.429,2013,2021,9,204.0,531.0,5007.0,3267.0,2382.0,873.0,783.0,213.0,357.0,R,1992-11-11,BLR,male,70,639.0,81.609,59.664,5.1,10.605
Scott Willinsky,1,6,14.286,2004,2006,3,0.0,0.0,0.0,0.0,0.0,0.0,0.0,0.0,0.0,R,1974-12-17,JAM,male,7,0.0,,,0.0,
Rill Baxter,0,1,0.0,1985,1985,1,0.0,0.0,0.0,0.0,0.0,0.0,0.0,0.0,0.0,R,1962-10-26,USA,male,1,0.0,,,0.0,
Nam Hoang Ly,1,3,25.0,2016,2020,5,8.0,6.0,220.0,131.0,78.0,39.0,33.0,12.0,26.0,R,1997-02-25,VIE,male,4,19.0,57.576,46.154,6.5,2.727
Terence Nugent,0,2,0.0,2005,2005,1,0.0,0.0,0.0,0.0,0.0,0.0,0.0,0.0,0.0,R,1986-03-01,CIV,male,2,0.0,,,0.0,
Ali Madani,1,5,16.667,1977,1979,3,0.0,0.0,0.0,0.0,0.0,0.0,0.0,0.0,0.0,R,,IRI,male,6,0.0,,,0.0,
Randy Nixon,1,10,9.091,1982,1986,5,0.0,0.0,0.0,0.0,0.0,0.0,0.0,0.0,0.0,R,1960-11-05,USA,male,11,0.0,,,0.0,
A Simcox,0,1,0.0,1980,1980,1,0.0,0.0,0.0,0.0,0.0,0.0,0.0,0.0,0.0,U,,UNK,male,1,0.0,,,0.0,
Jaime Fillol,422,281,60.028,1968,1983,16,0.0,0.0,0.0,0.0,0.0,0.0,0.0,0.0,0.0,R,1946-06-03,CHI,male,703,0.0,,,0.0,
Jaime Fillol,422,281,60.028,1968,1983,16,0.0,0.0,0.0,0.0,0.0,0.0,0.0,0.0,0.0,R,1976-11-03,CHI,male,703,0.0,,,0.0,
Toshihide Matsui,3,2,60.0,2005,2007,3,17.0,12.0,328.0,222.0,139.0,43.0,42.0,26.0,41.0,R,1978-04-19,JPN,male,5,27.0,64.286,63.415,8.2,3.659
Artem Sitak,6,5,54.545,2011,2017,7,4.0,6.0,116.0,55.0,35.0,26.0,16.0,10.0,17.0,R,1986-02-08,NZL,male,11,9.0,56.25,58.824,1.545,5.172
Jose Garcia Requena,2,0,100.0,1981,1981,1,0.0,0.0,0.0,0.0,0.0,0.0,0.0,0.0,0.0,U,1955-07-23,ESP,male,2,0.0,,,0.0,
Bernard Balleret,14,23,37.838,1972,1991,20,0.0,0.0,0.0,0.0,0.0,0.0,0.0,0.0,0.0,R,1954-05-11,MON,male,37,0.0,,,0.0,
Allen Quay,0,1,0.0,1968,1968,1,0.0,0.0,0.0,0.0,0.0,0.0,0.0,0.0,0.0,R,,USA,male,1,0.0,,,0.0,
Dick Stockton,254,175,59.207,1968,1984,17,0.0,0.0,0.0,0.0,0.0,0.0,0.0,0.0,0.0,R,1951-02-18,USA,male,429,0.0,,,0.0,
Daniel Garza,15,11,57.692,2006,2015,10,11.0,5.0,258.0,168.0,100.0,40.0,39.0,16.0,31.0,R,1985-04-08,MEX,male,26,24.0,61.538,51.613,1.192,1.938
Edgar Schurmann,1,1,50.0,1980,1980,1,0.0,0.0,0.0,0.0,0.0,0.0,0.0,0.0,0.0,R,,SUI,male,2,0.0,,,0.0,
Doug Burke,14,12,53.846,1987,1994,8,0.0,0.0,0.0,0.0,0.0,0.0,0.0,0.0,0.0,R,1963-07-25,JAM,male,26,0.0,,,0.0,
Mahmoud Ezz,0,1,0.0,2008,2008,1,0.0,0.0,0.0,0.0,0.0,0.0,0.0,0.0,0.0,R,1987-06-25,EGY,male,1,0.0,,,0.0,
Simon Robinson,0,1,0.0,1986,1986,1,0.0,0.0,0.0,0.0,0.0,0.0,0.0,0.0,0.0,R,,NZL,male,1,0.0,,,0.0,
Butch Seewagen,40,60,40.0,1968,1981,14,0.0,0.0,0.0,0.0,0.0,0.0,0.0,0.0,0.0,R,1946-06-13,USA,male,100,0.0,,,0.0,
Sanchai Ratiwatana,3,5,37.5,2004,2010,7,0.0,0.0,0.0,0.0,0.0,0.0,0.0,0.0,0.0,R,1982-01-23,THA,male,8,0.0,,,0.0,
J Jetson,0,1,0.0,1970,1970,1,0.0,0.0,0.0,0.0,0.0,0.0,0.0,0.0,0.0,U,,AUS,male,1,0.0,,,0.0,
Sergio Gutierrez Ferrol,2,2,50.0,2011,2012,2,13.0,29.0,245.0,121.0,94.0,51.0,39.0,12.0,23.0,R,1989-03-05,ESP,male,4,28.0,71.795,52.174,5.75,11.837
Mark Turpin,1,10,9.091,1978,1980,3,0.0,0.0,0.0,0.0,0.0,0.0,0.0,0.0,0.0,R,1957-02-04,USA,male,11,0.0,,,0.0,
Mark Turpin,1,10,9.091,1978,1980,3,0.0,0.0,0.0,0.0,0.0,0.0,0.0,0.0,0.0,R,1957-01-04,USA,male,11,0.0,,,0.0,
Sebti Bounaib,0,2,0.0,1975,1976,2,0.0,0.0,0.0,0.0,0.0,0.0,0.0,0.0,0.0,U,1949-12-13,ALG,male,2,0.0,,,0.0,
Andres Schneiter,0,1,0.0,1998,1998,1,3.0,2.0,54.0,34.0,17.0,7.0,7.0,10.0,15.0,R,1976-04-08,ARG,male,1,2.0,28.571,66.667,15.0,3.704
Mikael Ymer,21,26,44.681,2015,2021,7,158.0,120.0,3669.0,2428.0,1552.0,594.0,550.0,216.0,382.0,R,1998-09-09,SWE,male,47,384.0,69.818,56.545,8.128,3.271
Karol Beck,56,109,33.939,2002,2012,11,697.0,960.0,12544.0,6759.0,4851.0,2668.0,1938.0,712.0,1261.0,R,1982-04-03,SVK,male,165,1389.0,71.672,56.463,7.642,7.653
Eric Sherbeck,3,4,42.857,1981,1983,3,0.0,0.0,0.0,0.0,0.0,0.0,0.0,0.0,0.0,R,1957-08-07,USA,male,7,0.0,,,0.0,
Carlo Zugarelli,0,1,0.0,1972,1972,1,0.0,0.0,0.0,0.0,0.0,0.0,0.0,0.0,0.0,R,,ITA,male,1,0.0,,,0.0,
Juan Carlos Bianchi,0,2,0.0,1989,1989,1,0.0,0.0,0.0,0.0,0.0,0.0,0.0,0.0,0.0,R,1970-01-22,VEN,male,2,0.0,,,0.0,
Reza Nakhai,0,2,0.0,1997,1997,1,0.0,0.0,0.0,0.0,0.0,0.0,0.0,0.0,0.0,R,1974-04-12,IRI,male,2,0.0,,,0.0,
Daniel King Turner,15,13,53.571,2005,2013,9,23.0,28.0,421.0,245.0,165.0,65.0,62.0,28.0,53.0,R,1984-05-15,NZL,male,28,37.0,59.677,52.83,1.893,6.651
Tony Ortiz,0,1,0.0,1970,1970,1,0.0,0.0,0.0,0.0,0.0,0.0,0.0,0.0,0.0,U,,USA,male,1,0.0,,,0.0,
Hong Chung,0,2,0.0,2011,2016,6,5.0,1.0,83.0,57.0,41.0,14.0,14.0,6.0,9.0,L,1993-05-16,KOR,male,2,11.0,78.571,66.667,4.5,1.205
Shanker Krishnan,0,2,0.0,1978,1979,2,0.0,0.0,0.0,0.0,0.0,0.0,0.0,0.0,0.0,R,,IND,male,2,0.0,,,0.0,
Steve Messmer,0,1,0.0,1974,1974,1,0.0,0.0,0.0,0.0,0.0,0.0,0.0,0.0,0.0,R,,USA,male,1,0.0,,,0.0,
Pat Cash,192,120,61.538,1981,1997,17,184.0,252.0,3949.0,2247.0,1602.0,817.0,576.0,211.0,349.0,R,1965-05-27,AUS,male,312,438.0,76.042,60.458,1.119,6.381
Quentin Halys,6,23,20.69,2015,2021,7,221.0,340.0,2963.0,1768.0,1304.0,520.0,441.0,172.0,273.0,R,1996-10-26,FRA,male,29,340.0,77.098,63.004,9.414,11.475
Ron Barnes,0,2,0.0,1970,1971,2,0.0,0.0,0.0,0.0,0.0,0.0,0.0,0.0,0.0,U,,BRA,male,2,0.0,,,0.0,
Matti Timonen,2,12,14.286,1972,1982,11,0.0,0.0,0.0,0.0,0.0,0.0,0.0,0.0,0.0,R,,FIN,male,14,0.0,,,0.0,
Tigran Martirosyan,0,1,0.0,2001,2001,1,0.0,0.0,0.0,0.0,0.0,0.0,0.0,0.0,0.0,R,1983-07-12,ARM,male,1,0.0,,,0.0,
Dan Birchmore,1,7,12.5,1971,1974,4,0.0,0.0,0.0,0.0,0.0,0.0,0.0,0.0,0.0,R,,USA,male,8,0.0,,,0.0,
Marcio Carlsson,5,9,35.714,1995,1999,5,33.0,22.0,965.0,628.0,360.0,161.0,141.0,84.0,142.0,R,1975-01-24,BRA,male,14,83.0,58.865,59.155,10.143,2.28
David Seigel,0,1,0.0,1973,1973,1,0.0,0.0,0.0,0.0,0.0,0.0,0.0,0.0,0.0,R,,USA,male,1,0.0,,,0.0,
Victor Baluda,0,1,0.0,2014,2014,1,2.0,4.0,70.0,44.0,26.0,14.0,9.0,5.0,8.0,R,1992-09-30,RUS,male,1,6.0,66.667,62.5,8.0,5.714
Hicham Arazi,192,197,49.357,1993,2005,13,748.0,1394.0,28704.0,16443.0,11239.0,6175.0,4378.0,1632.0,2768.0,L,1973-10-19,MAR,male,389,3242.0,74.052,58.96,7.116,4.856
Tom Spinks,0,1,0.0,1999,1999,1,14.0,13.0,184.0,101.0,79.0,31.0,22.0,11.0,16.0,R,1976-11-07,GBR,male,1,17.0,77.273,68.75,16.0,7.065
Tom Spinks,0,1,0.0,1999,1999,1,14.0,13.0,184.0,101.0,79.0,31.0,22.0,11.0,16.0,R,1975-07-11,GBR,male,1,17.0,77.273,68.75,16.0,7.065
Craig Wittus,16,33,32.653,1981,1984,4,0.0,0.0,0.0,0.0,0.0,0.0,0.0,0.0,0.0,R,1957-02-24,USA,male,49,0.0,,,0.0,
Mikael Stadling,0,2,0.0,1992,1994,3,8.0,8.0,196.0,115.0,81.0,37.0,29.0,13.0,19.0,L,1966-08-10,SWE,male,2,23.0,79.31,68.421,9.5,4.082
Markus Hantschk,26,41,38.806,1998,2004,7,162.0,274.0,5101.0,2946.0,2014.0,1050.0,775.0,310.0,525.0,R,1977-11-19,GER,male,67,560.0,72.258,59.048,7.836,5.371
Vladimir Margalitadze,0,4,0.0,1997,1998,2,0.0,0.0,0.0,0.0,0.0,0.0,0.0,0.0,0.0,U,1976-12-18,GEO,male,4,0.0,,,0.0,
Hao Lu,3,3,50.0,2004,2005,2,8.0,2.0,145.0,93.0,58.0,25.0,22.0,9.0,16.0,R,1984-01-30,CHN,male,6,15.0,68.182,56.25,2.667,1.379
Joshua Goodall,1,9,10.0,2005,2009,5,41.0,84.0,763.0,401.0,309.0,170.0,119.0,29.0,57.0,R,1985-10-17,GBR,male,10,91.0,76.471,50.877,5.7,11.009
Karol Kucera,236,209,53.034,1991,2005,15,1931.0,1913.0,31636.0,17551.0,12293.0,6709.0,4841.0,1671.0,3026.0,R,1974-03-04,SVK,male,445,3486.0,72.01,55.221,6.8,6.047
P Michau,0,1,0.0,1969,1969,1,0.0,0.0,0.0,0.0,0.0,0.0,0.0,0.0,0.0,U,,RSA,male,1,0.0,,,0.0,
Carl Turich,0,3,0.0,1988,1989,2,0.0,0.0,0.0,0.0,0.0,0.0,0.0,0.0,0.0,R,1969-01-01,AUS,male,3,0.0,,,0.0,
Ari Fahresi,1,0,100.0,2019,2019,1,0.0,0.0,0.0,0.0,0.0,0.0,0.0,0.0,0.0,U,,INA,male,1,0.0,,,0.0,
Kevin Curren,225,164,57.841,1978,1993,16,192.0,389.0,4127.0,2012.0,1527.0,1061.0,630.0,196.0,334.0,R,1958-03-02,USA,male,389,492.0,78.095,58.683,0.859,9.426
Filip Urban,1,3,25.0,2003,2005,3,6.0,5.0,138.0,78.0,54.0,23.0,20.0,6.0,14.0,R,1982-03-23,POL,male,4,12.0,60.0,42.857,3.5,3.623
Juan Sebastian Cabal,7,4,63.636,2008,2014,7,11.0,12.0,193.0,129.0,83.0,34.0,28.0,6.0,13.0,R,1986-04-25,COL,male,11,21.0,75.0,46.154,1.182,6.218
Noel Jensen,0,2,0.0,1977,1978,2,0.0,0.0,0.0,0.0,0.0,0.0,0.0,0.0,0.0,R,,AUS,male,2,0.0,,,0.0,
Keith Watson,0,1,0.0,1971,1971,1,0.0,0.0,0.0,0.0,0.0,0.0,0.0,0.0,0.0,U,,USA,male,1,0.0,,,0.0,
Toby Mitchell,0,2,0.0,1997,1999,3,7.0,4.0,206.0,148.0,79.0,21.0,27.0,15.0,28.0,R,1976-08-20,AUS,male,2,14.0,51.852,53.571,14.0,1.942
Augustin Gensse,1,3,25.0,2007,2011,5,7.0,5.0,425.0,303.0,192.0,56.0,58.0,24.0,39.0,R,1983-08-10,FRA,male,4,43.0,74.138,61.538,9.75,1.176
Clay Iles,2,3,40.0,1968,1973,6,0.0,0.0,0.0,0.0,0.0,0.0,0.0,0.0,0.0,R,1942-12-07,GBR,male,5,0.0,,,0.0,
Fernando Soler,3,6,33.333,1981,1984,4,0.0,0.0,0.0,0.0,0.0,0.0,0.0,0.0,0.0,R,1961-03-27,ESP,male,9,0.0,,,0.0,
Carlos Kirmayr,135,150,47.368,1971,1987,17,0.0,0.0,0.0,0.0,0.0,0.0,0.0,0.0,0.0,R,1950-09-23,BRA,male,285,0.0,,,0.0,
Rogier Wassen,4,13,23.529,1995,2004,10,68.0,56.0,1042.0,571.0,358.0,223.0,162.0,62.0,123.0,R,1976-08-09,NED,male,17,101.0,62.346,50.407,7.235,5.374
Jeremy Smith,0,1,0.0,1971,1971,1,0.0,0.0,0.0,0.0,0.0,0.0,0.0,0.0,0.0,U,,RSA,male,1,0.0,,,0.0,
Dave George,0,1,0.0,1970,1970,1,0.0,0.0,0.0,0.0,0.0,0.0,0.0,0.0,0.0,U,1946-12-15,USA,male,1,0.0,,,0.0,
Ken Hiskins,0,1,0.0,1974,1974,1,0.0,0.0,0.0,0.0,0.0,0.0,0.0,0.0,0.0,U,,AUS,male,1,0.0,,,0.0,
Ricardo Mello,60,90,40.0,2001,2013,13,334.0,344.0,10072.0,6373.0,4123.0,1875.0,1561.0,594.0,1047.0,L,1980-12-21,BRA,male,150,1108.0,70.98,56.734,6.98,3.415
Carlos Drada,1,1,50.0,1996,2000,5,8.0,3.0,93.0,61.0,45.0,10.0,14.0,9.0,12.0,L,1975-02-09,COL,male,2,11.0,78.571,75.0,6.0,3.226
Charles Buzz Strode,7,20,25.926,1977,1985,9,0.0,0.0,0.0,0.0,0.0,0.0,0.0,0.0,0.0,R,1957-09-05,USA,male,27,0.0,,,0.0,
Piero Toci,10,25,28.571,1968,1976,9,0.0,0.0,0.0,0.0,0.0,0.0,0.0,0.0,0.0,R,,ITA,male,35,0.0,,,0.0,
Piero Toci,10,25,28.571,1968,1976,9,0.0,0.0,0.0,0.0,0.0,0.0,0.0,0.0,0.0,U,1949-06-29,ITA,male,35,0.0,,,0.0,
Brad Drewett,158,195,44.759,1975,1990,16,0.0,0.0,0.0,0.0,0.0,0.0,0.0,0.0,0.0,L,1958-07-19,AUS,male,353,0.0,,,0.0,
Tom Gullikson,165,160,50.769,1976,1987,12,0.0,0.0,0.0,0.0,0.0,0.0,0.0,0.0,0.0,L,1951-09-08,USA,male,325,0.0,,,0.0,
Patrik Rosenholm,2,3,40.0,2012,2017,6,13.0,27.0,456.0,281.0,201.0,90.0,74.0,24.0,42.0,R,1988-03-05,SWE,male,5,56.0,75.676,57.143,8.4,5.921
Jukka Narakka,0,1,0.0,1975,1975,1,0.0,0.0,0.0,0.0,0.0,0.0,0.0,0.0,0.0,U,,FIN,male,1,0.0,,,0.0,
Kerlin Leon Zamora,0,2,0.0,2000,2000,1,0.0,0.0,0.0,0.0,0.0,0.0,0.0,0.0,0.0,U,1980-10-09,CUB,male,2,0.0,,,0.0,
Jad Ballout,0,2,0.0,2015,2018,4,0.0,0.0,0.0,0.0,0.0,0.0,0.0,0.0,0.0,U,1996-09-22,TPE,male,2,0.0,,,0.0,
Ifthekar Sardar,1,9,10.0,1986,1991,6,0.0,0.0,0.0,0.0,0.0,0.0,0.0,0.0,0.0,U,1962-10-10,BAN,male,10,0.0,,,0.0,
O Worley,0,1,0.0,1968,1968,1,0.0,0.0,0.0,0.0,0.0,0.0,0.0,0.0,0.0,R,,AUS,male,1,0.0,,,0.0,
U Michod,0,1,0.0,1970,1970,1,0.0,0.0,0.0,0.0,0.0,0.0,0.0,0.0,0.0,U,,UNK,male,1,0.0,,,0.0,
Murphy Jensen,0,5,0.0,1992,1998,7,24.0,11.0,252.0,130.0,68.0,45.0,40.0,16.0,41.0,L,1968-10-30,USA,male,5,15.0,37.5,39.024,8.2,4.365
Etsuo Uchiyama,0,5,0.0,1978,1981,4,0.0,0.0,0.0,0.0,0.0,0.0,0.0,0.0,0.0,R,,JPN,male,5,0.0,,,0.0,
Samir El Khoury,0,2,0.0,1972,1972,1,0.0,0.0,0.0,0.0,0.0,0.0,0.0,0.0,0.0,U,1931-06-23,LIB,male,2,0.0,,,0.0,
Raymond Pascale,0,1,0.0,1977,1977,1,0.0,0.0,0.0,0.0,0.0,0.0,0.0,0.0,0.0,R,,USA,male,1,0.0,,,0.0,
Thomas Kromann,1,3,25.0,2008,2013,6,0.0,0.0,0.0,0.0,0.0,0.0,0.0,0.0,0.0,L,1987-06-01,DEN,male,4,0.0,,,0.0,
Anthony Jackie Tang,1,0,100.0,2018,2018,1,4.0,6.0,81.0,41.0,29.0,22.0,11.0,4.0,7.0,U,1998-11-26,HKG,male,1,8.0,72.727,57.143,7.0,7.407
Rok Jarc,2,1,66.667,2005,2006,2,0.0,0.0,0.0,0.0,0.0,0.0,0.0,0.0,0.0,R,1985-07-20,SLO,male,3,0.0,,,0.0,
Calvin Hemery,2,8,20.0,2015,2018,4,57.0,57.0,716.0,432.0,283.0,116.0,109.0,36.0,73.0,R,1995-01-28,FRA,male,10,72.0,66.055,49.315,7.3,7.961
Justin Gimelstob,103,165,38.433,1995,2007,13,1178.0,1793.0,21458.0,12339.0,8957.0,4236.0,3277.0,1107.0,1888.0,R,1977-01-26,USA,male,268,2496.0,76.167,58.633,7.045,8.356
Milan Tajenar,1,2,33.333,1969,1970,2,0.0,0.0,0.0,0.0,0.0,0.0,0.0,0.0,0.0,U,,CZE,male,3,0.0,,,0.0,
Filippo Messori,2,4,33.333,1996,1997,2,9.0,10.0,375.0,173.0,114.0,96.0,57.0,19.0,41.0,R,1973-11-12,ITA,male,6,35.0,61.404,46.341,6.833,2.667
Orest Tereshchuk,8,5,61.538,1999,2005,7,0.0,0.0,0.0,0.0,0.0,0.0,0.0,0.0,0.0,R,1981-08-18,UKR,male,13,0.0,,,0.0,
Alexandr Dolgopolov,220,203,52.009,2006,2018,13,1135.0,3147.0,31597.0,17237.0,12852.0,7364.0,4999.0,1537.0,2565.0,R,1988-11-07,UKR,male,423,3971.0,79.436,59.922,6.064,9.96
Fred Mcnair Iii,0,1,0.0,1969,1969,1,0.0,0.0,0.0,0.0,0.0,0.0,0.0,0.0,0.0,U,,USA,male,1,0.0,,,0.0,
Fabrizio Matteoli,0,2,0.0,1968,1971,4,0.0,0.0,0.0,0.0,0.0,0.0,0.0,0.0,0.0,U,,ITA,male,2,0.0,,,0.0,
Oscar Posada,1,1,50.0,2000,2001,2,0.0,0.0,0.0,0.0,0.0,0.0,0.0,0.0,0.0,R,1983-09-12,VEN,male,2,0.0,,,0.0,
Adam Pavlasek,6,9,40.0,2016,2018,3,49.0,103.0,1311.0,806.0,558.0,232.0,202.0,75.0,130.0,R,1994-10-08,CZE,male,15,147.0,72.772,57.692,8.667,7.857
Yassine Idmbarek,5,5,50.0,2011,2015,5,13.0,0.0,173.0,115.0,55.0,26.0,19.0,14.0,25.0,U,1986-12-07,MAR,male,10,8.0,42.105,56.0,2.5,0.0
Michael Quintero,8,4,66.667,2000,2007,8,1.0,1.0,60.0,35.0,21.0,11.0,10.0,4.0,8.0,R,1980-07-11,COL,male,12,6.0,60.0,50.0,0.667,1.667
Ivo Minar,35,66,34.653,2004,2012,9,232.0,515.0,7485.0,4397.0,3024.0,1548.0,1149.0,382.0,680.0,R,1984-05-21,CZE,male,101,851.0,74.064,56.176,6.733,6.88
Dennis Ralston,84,61,57.931,1968,1980,13,0.0,0.0,0.0,0.0,0.0,0.0,0.0,0.0,0.0,R,1942-07-27,USA,male,145,0.0,,,0.0,
Reginald Willems,1,1,50.0,2000,2000,1,1.0,5.0,92.0,61.0,43.0,14.0,17.0,0.0,5.0,R,1977-09-06,BEL,male,2,12.0,70.588,0.0,2.5,5.435
Jurgen Fassbender,136,133,50.558,1968,1980,13,0.0,0.0,0.0,0.0,0.0,0.0,0.0,0.0,0.0,R,1948-05-28,GER,male,269,0.0,,,0.0,
Jean Louis Haillet,44,81,35.2,1972,1983,12,0.0,0.0,0.0,0.0,0.0,0.0,0.0,0.0,0.0,R,1954-05-07,FRA,male,125,0.0,,,0.0,
Ernesto Vazquez Barreira,0,3,0.0,1971,1976,6,0.0,0.0,0.0,0.0,0.0,0.0,0.0,0.0,0.0,U,1953-11-05,ESP,male,3,0.0,,,0.0,
Bernd Karbacher,133,146,47.67,1991,2000,10,811.0,1454.0,22359.0,12056.0,8517.0,5004.0,3336.0,1274.0,2167.0,R,1968-04-03,GER,male,279,2443.0,73.231,58.791,7.767,6.503
Ognian Kolev,1,3,25.0,2014,2014,1,0.0,0.0,0.0,0.0,0.0,0.0,0.0,0.0,0.0,L,1979-06-07,BUL,male,4,0.0,,,0.0,
Frank Salazar,0,1,0.0,1975,1975,1,0.0,0.0,0.0,0.0,0.0,0.0,0.0,0.0,0.0,R,1972-01-28,USA,male,1,0.0,,,0.0,
Tadeusz Nowicki,22,23,48.889,1968,1981,14,0.0,0.0,0.0,0.0,0.0,0.0,0.0,0.0,0.0,R,,POL,male,45,0.0,,,0.0,
Janos Benyik,9,19,32.143,1973,1983,11,0.0,0.0,0.0,0.0,0.0,0.0,0.0,0.0,0.0,R,,HUN,male,28,0.0,,,0.0,
Janos Benyik,9,19,32.143,1973,1983,11,0.0,0.0,0.0,0.0,0.0,0.0,0.0,0.0,0.0,U,1951-06-04,HUN,male,28,0.0,,,0.0,
Bill Lefgron,0,1,0.0,1972,1972,1,0.0,0.0,0.0,0.0,0.0,0.0,0.0,0.0,0.0,U,,UNK,male,1,0.0,,,0.0,
Teymuraz Gabashvili,111,193,36.513,2004,2017,14,1186.0,1326.0,23693.0,13574.0,9497.0,4886.0,3602.0,1407.0,2342.0,R,1985-05-23,RUS,male,304,2667.0,74.042,60.077,7.704,5.597
Marko Tkalec,23,8,74.194,1998,2008,11,3.0,7.0,94.0,39.0,27.0,25.0,15.0,3.0,8.0,R,1977-03-17,SLO,male,31,10.0,66.667,37.5,0.258,7.447
Gerardo Wortelboer,0,1,0.0,1968,1968,1,0.0,0.0,0.0,0.0,0.0,0.0,0.0,0.0,0.0,U,,ARG,male,1,0.0,,,0.0,
Nick Van Der Meer,0,1,0.0,2004,2004,1,2.0,1.0,53.0,29.0,15.0,12.0,8.0,4.0,8.0,U,1985-01-18,NED,male,1,4.0,50.0,50.0,8.0,1.887
Selim Rana,0,2,0.0,1974,1974,1,0.0,0.0,0.0,0.0,0.0,0.0,0.0,0.0,0.0,U,,KEN,male,2,0.0,,,0.0,
Alejandro Mendoza,0,1,0.0,2018,2018,1,0.0,0.0,0.0,0.0,0.0,0.0,0.0,0.0,0.0,R,1990-02-02,BOL,male,1,0.0,,,0.0,
Errol Kilov,1,1,50.0,1971,1971,1,0.0,0.0,0.0,0.0,0.0,0.0,0.0,0.0,0.0,U,,RSA,male,2,0.0,,,0.0,
Kent Kinnear,7,19,26.923,1988,1997,10,57.0,94.0,1367.0,825.0,571.0,248.0,198.0,101.0,155.0,R,1966-11-30,USA,male,26,144.0,72.727,65.161,5.962,6.876
Andres Molteni,0,2,0.0,2012,2015,4,3.0,1.0,75.0,43.0,21.0,10.0,14.0,4.0,13.0,R,1988-03-15,ARG,male,2,5.0,35.714,30.769,6.5,1.333
Geoff Roberts,0,1,0.0,1970,1970,1,0.0,0.0,0.0,0.0,0.0,0.0,0.0,0.0,0.0,U,,GBR,male,1,0.0,,,0.0,
Ali Ismaeel,0,2,0.0,2007,2008,2,0.0,0.0,0.0,0.0,0.0,0.0,0.0,0.0,0.0,U,1988-01-01,KUW,male,2,0.0,,,0.0,
Rudy Foo,0,4,0.0,1981,1989,9,0.0,0.0,0.0,0.0,0.0,0.0,0.0,0.0,0.0,U,1964-01-03,MAS,male,4,0.0,,,0.0,
Issa Khodai,0,2,0.0,1973,1976,4,0.0,0.0,0.0,0.0,0.0,0.0,0.0,0.0,0.0,U,,IRI,male,2,0.0,,,0.0,
Walter Trusendi,0,1,0.0,2012,2012,1,5.0,4.0,75.0,52.0,31.0,7.0,10.0,5.0,10.0,U,1985-01-03,ITA,male,1,5.0,50.0,50.0,10.0,5.333
Othman Al Anazi,2,3,40.0,1994,1997,4,0.0,0.0,0.0,0.0,0.0,0.0,0.0,0.0,0.0,U,1971-07-30,KSA,male,5,0.0,,,0.0,
Stephan Rhode,1,1,50.0,1992,1992,1,7.0,7.0,114.0,75.0,55.0,16.0,20.0,6.0,10.0,R,1968-10-05,GER,male,2,16.0,80.0,60.0,5.0,6.14
Holger Osinski,0,1,0.0,1973,1973,1,0.0,0.0,0.0,0.0,0.0,0.0,0.0,0.0,0.0,U,,,male,1,0.0,,,0.0,
Harel Levy,60,94,38.961,1998,2010,13,236.0,481.0,8951.0,5205.0,3577.0,1790.0,1375.0,541.0,918.0,R,1978-08-05,ISR,male,154,998.0,72.582,58.932,5.961,5.374
Juan Luis Tati Rascon,1,8,11.111,1990,2004,15,25.0,24.0,482.0,293.0,204.0,77.0,78.0,26.0,52.0,R,1971-03-02,ESP,male,9,52.0,66.667,50.0,5.778,4.979
Jc Aragone,0,4,0.0,2017,2021,5,8.0,14.0,269.0,169.0,97.0,44.0,39.0,16.0,31.0,R,1995-06-28,USA,male,4,24.0,61.538,51.613,7.75,5.204
David Segal,2,2,50.0,1970,1974,5,0.0,0.0,0.0,0.0,0.0,0.0,0.0,0.0,0.0,U,,USA,male,4,0.0,,,0.0,
Mashiska Washington,5,11,31.25,1995,2005,11,34.0,35.0,1075.0,716.0,431.0,176.0,166.0,72.0,131.0,R,1974-12-19,USA,male,16,107.0,64.458,54.962,8.188,3.256
John B Hillebrand,0,1,0.0,1971,1971,1,0.0,0.0,0.0,0.0,0.0,0.0,0.0,0.0,0.0,,1939-09-15,AUS,male,1,0.0,,,0.0,
Doug Smith,1,1,50.0,1968,1968,1,0.0,0.0,0.0,0.0,0.0,0.0,0.0,0.0,0.0,U,,AUS,male,2,0.0,,,0.0,
Steve Stefanki,0,1,0.0,1973,1973,1,0.0,0.0,0.0,0.0,0.0,0.0,0.0,0.0,0.0,U,1950-09-25,USA,male,1,0.0,,,0.0,
Jack Acheson,0,1,0.0,1970,1970,1,0.0,0.0,0.0,0.0,0.0,0.0,0.0,0.0,0.0,U,,USA,male,1,0.0,,,0.0,
Jean Michel Durango,1,1,50.0,2007,2007,1,0.0,0.0,0.0,0.0,0.0,0.0,0.0,0.0,0.0,R,1988-01-22,ECU,male,2,0.0,,,0.0,
Alen Avidzba,1,1,50.0,2019,2019,1,8.0,12.0,139.0,78.0,55.0,25.0,21.0,10.0,18.0,R,2000-02-24,RUS,male,2,13.0,61.905,55.556,9.0,8.633
Roberto Chavez,3,13,18.75,1973,1978,6,0.0,0.0,0.0,0.0,0.0,0.0,0.0,0.0,0.0,R,,MEX,male,16,0.0,,,0.0,
Paul Cranis,0,2,0.0,1968,1968,1,0.0,0.0,0.0,0.0,0.0,0.0,0.0,0.0,0.0,R,,USA,male,2,0.0,,,0.0,
Ola Hellgren,0,1,0.0,1978,1978,1,0.0,0.0,0.0,0.0,0.0,0.0,0.0,0.0,0.0,R,,SWE,male,1,0.0,,,0.0,
Stan Myerson,1,2,33.333,1970,1971,2,0.0,0.0,0.0,0.0,0.0,0.0,0.0,0.0,0.0,U,,RSA,male,3,0.0,,,0.0,
Zulfiqar Ahmed,2,3,40.0,1994,1996,3,0.0,0.0,0.0,0.0,0.0,0.0,0.0,0.0,0.0,U,1956-02-01,KSA,male,5,0.0,,,0.0,
Roberto Ortega Olmedo,0,1,0.0,2016,2016,1,2.0,3.0,60.0,31.0,21.0,17.0,9.0,7.0,9.0,U,1991-04-14,ESP,male,1,7.0,77.778,77.778,9.0,5.0
Mario Rincon,4,20,16.667,1987,1998,12,28.0,22.0,577.0,401.0,243.0,80.0,90.0,30.0,66.0,R,1967-12-03,COL,male,24,54.0,60.0,45.455,2.75,3.813
Xavier Malisse,273,258,51.412,1998,2013,16,1158.0,3481.0,39198.0,22172.0,16195.0,8657.0,6241.0,1999.0,3374.0,R,1980-07-19,BEL,male,531,4866.0,77.968,59.247,6.354,8.881
Mark Vines,7,20,25.926,1981,1983,3,0.0,0.0,0.0,0.0,0.0,0.0,0.0,0.0,0.0,L,1957-02-23,USA,male,27,0.0,,,0.0,
R E Williams,0,1,0.0,1970,1970,1,0.0,0.0,0.0,0.0,0.0,0.0,0.0,0.0,0.0,U,,GBR,male,1,0.0,,,0.0,
Luis Patino,3,5,37.5,2016,2018,3,20.0,32.0,724.0,443.0,282.0,138.0,104.0,51.0,84.0,R,1993-10-06,MEX,male,8,71.0,68.269,60.714,10.5,4.42
Desmond Mckenzey,0,1,0.0,1968,1968,1,0.0,0.0,0.0,0.0,0.0,0.0,0.0,0.0,0.0,U,1946-12-28,ZIM,male,1,0.0,,,0.0,
Jose Antonio Pepe Conde,3,8,27.273,1990,1993,4,19.0,16.0,578.0,366.0,221.0,91.0,88.0,45.0,84.0,R,1970-03-11,ESP,male,11,49.0,55.682,53.571,7.636,2.768
Ken Kelleher,0,1,0.0,1973,1973,1,0.0,0.0,0.0,0.0,0.0,0.0,0.0,0.0,0.0,U,,IRL,male,1,0.0,,,0.0,
Stefano Travaglia,22,31,41.509,2014,2021,8,207.0,441.0,4758.0,2591.0,1917.0,1050.0,725.0,224.0,390.0,U,1991-12-18,ITA,male,53,559.0,77.103,57.436,7.358,9.269
Ramiro Gonzalo Benavides Saravia,2,2,50.0,1976,1982,7,0.0,0.0,0.0,0.0,0.0,0.0,0.0,0.0,0.0,U,1947-01-30,BOL,male,4,0.0,,,0.0,
Jocelyn Robichaud,1,3,25.0,1996,1999,4,18.0,11.0,182.0,93.0,56.0,26.0,26.0,20.0,36.0,R,1978-04-08,CAN,male,4,10.0,38.462,55.556,9.0,6.044
Christopher Sylvan,3,6,33.333,1977,1978,2,0.0,0.0,0.0,0.0,0.0,0.0,0.0,0.0,0.0,R,1955-03-18,USA,male,9,0.0,,,0.0,
Abdelkader Madani,0,1,0.0,1976,1976,1,0.0,0.0,0.0,0.0,0.0,0.0,0.0,0.0,0.0,U,,ALG,male,1,0.0,,,0.0,
Dusan Kulhaj,0,1,0.0,1982,1982,1,0.0,0.0,0.0,0.0,0.0,0.0,0.0,0.0,0.0,R,,CZE,male,1,0.0,,,0.0,
Jad Ayoub,1,0,100.0,2001,2001,1,0.0,0.0,0.0,0.0,0.0,0.0,0.0,0.0,0.0,U,1983-05-25,LIB,male,1,0.0,,,0.0,
Norman Holmes,25,49,33.784,1971,1976,6,0.0,0.0,0.0,0.0,0.0,0.0,0.0,0.0,0.0,R,1949-10-05,USA,male,74,0.0,,,0.0,
Leonardo Olguin,0,1,0.0,2002,2002,1,3.0,2.0,79.0,56.0,33.0,9.0,13.0,2.0,8.0,R,1975-12-01,ARG,male,1,7.0,53.846,25.0,8.0,2.532
Leonardo Olguin,0,1,0.0,2002,2002,1,3.0,2.0,79.0,56.0,33.0,9.0,13.0,2.0,8.0,U,1975-10-08,ARG,male,1,7.0,53.846,25.0,8.0,2.532
Lorenzo Soriano,0,6,0.0,1971,1982,12,0.0,0.0,0.0,0.0,0.0,0.0,0.0,0.0,0.0,R,,ARG,male,6,0.0,,,0.0,
B Johnson,0,1,0.0,1970,1970,1,0.0,0.0,0.0,0.0,0.0,0.0,0.0,0.0,0.0,U,,,male,1,0.0,,,0.0,
Stuart Bale,3,13,18.75,1983,1987,5,0.0,0.0,0.0,0.0,0.0,0.0,0.0,0.0,0.0,L,1964-01-21,GBR,male,16,0.0,,,0.0,
Bill Lofgren,4,20,16.667,1973,1978,6,0.0,0.0,0.0,0.0,0.0,0.0,0.0,0.0,0.0,R,1948-07-31,USA,male,24,0.0,,,0.0,
Peter Torebko,0,2,0.0,2011,2019,9,7.0,12.0,213.0,126.0,83.0,47.0,34.0,7.0,16.0,R,1988-02-10,GER,male,2,25.0,73.529,43.75,8.0,5.634
Andreas Lesch,1,3,25.0,1988,1990,3,0.0,0.0,0.0,0.0,0.0,0.0,0.0,0.0,0.0,L,1966-01-04,GER,male,4,0.0,,,0.0,
JL Cue,0,1,0.0,1971,1971,1,0.0,0.0,0.0,0.0,0.0,0.0,0.0,0.0,0.0,U,,ESP,male,1,0.0,,,0.0,
Luis Ayala,15,18,45.455,1968,1982,15,0.0,0.0,0.0,0.0,0.0,0.0,0.0,0.0,0.0,R,1932-09-18,CHI,male,33,0.0,,,0.0,
Markus Rackl,7,13,35.0,1988,1989,2,0.0,0.0,0.0,0.0,0.0,0.0,0.0,0.0,0.0,L,1969-03-03,GER,male,20,0.0,,,0.0,
U Futternecht,0,1,0.0,1970,1970,1,0.0,0.0,0.0,0.0,0.0,0.0,0.0,0.0,0.0,U,,UNK,male,1,0.0,,,0.0,
Patricio Rodriguez Chi,20,42,32.258,1968,1978,11,0.0,0.0,0.0,0.0,0.0,0.0,0.0,0.0,0.0,R,1938-12-20,CHI,male,62,0.0,,,0.0,
A Webb,0,1,0.0,1970,1970,1,0.0,0.0,0.0,0.0,0.0,0.0,0.0,0.0,0.0,U,,GBR,male,1,0.0,,,0.0,
Eugenius Cariovas,0,2,0.0,1997,1997,1,0.0,0.0,0.0,0.0,0.0,0.0,0.0,0.0,0.0,R,1980-03-09,LTU,male,2,0.0,,,0.0,
Antonio Solana,1,1,50.0,1971,1971,1,0.0,0.0,0.0,0.0,0.0,0.0,0.0,0.0,0.0,U,,ESP,male,2,0.0,,,0.0,
Vivek Shokeen,0,2,0.0,2007,2007,1,0.0,0.0,0.0,0.0,0.0,0.0,0.0,0.0,0.0,R,1987-07-31,IND,male,2,0.0,,,0.0,
Zeljko Krajan,9,27,25.0,1997,2005,9,104.0,95.0,2382.0,1443.0,918.0,414.0,367.0,131.0,270.0,R,1979-02-03,CRO,male,36,228.0,62.125,48.519,7.5,3.988
Bar Tzuf Botzer,0,4,0.0,2014,2015,2,0.0,0.0,0.0,0.0,0.0,0.0,0.0,0.0,0.0,R,1994-03-02,ISR,male,4,0.0,,,0.0,
Rejean Genois,13,22,37.143,1972,1983,12,0.0,0.0,0.0,0.0,0.0,0.0,0.0,0.0,0.0,R,1952-12-30,CAN,male,35,0.0,,,0.0,
Ted Farnsworth,0,1,0.0,1984,1984,1,0.0,0.0,0.0,0.0,0.0,0.0,0.0,0.0,0.0,R,1962-07-30,USA,male,1,0.0,,,0.0,
Bojan Vujic,2,2,50.0,1996,1997,2,0.0,0.0,0.0,0.0,0.0,0.0,0.0,0.0,0.0,R,1974-06-06,BIH,male,4,0.0,,,0.0,
Jesus Francisco Felix,2,3,40.0,2006,2010,5,0.0,0.0,0.0,0.0,0.0,0.0,0.0,0.0,0.0,U,1980-04-09,DOM,male,5,0.0,,,0.0,
Arthur Ashe,449,156,74.215,1968,1979,12,0.0,0.0,0.0,0.0,0.0,0.0,0.0,0.0,0.0,R,1943-07-10,USA,male,605,0.0,,,0.0,
Luis Javier Cuellar Contreras,0,1,0.0,2007,2007,1,0.0,0.0,0.0,0.0,0.0,0.0,0.0,0.0,0.0,U,1988-02-10,CUB,male,1,0.0,,,0.0,
Ernie Ewert,19,29,39.583,1972,1981,10,0.0,0.0,0.0,0.0,0.0,0.0,0.0,0.0,0.0,R,1954-06-05,AUS,male,48,0.0,,,0.0,
Carlos Feldstedt,0,4,0.0,1973,1975,3,0.0,0.0,0.0,0.0,0.0,0.0,0.0,0.0,0.0,R,,CHI,male,4,0.0,,,0.0,
Luis Perez Chete,6,6,50.0,1995,2002,8,0.0,0.0,0.0,0.0,0.0,0.0,0.0,0.0,0.0,U,1970-10-22,GUA,male,12,0.0,,,0.0,
Jun Kamiwazumi,60,85,41.379,1968,1984,17,0.0,0.0,0.0,0.0,0.0,0.0,0.0,0.0,0.0,R,1947-10-01,JPN,male,145,0.0,,,0.0,
Kasper Warming,1,0,100.0,2002,2002,1,0.0,0.0,0.0,0.0,0.0,0.0,0.0,0.0,0.0,R,1976-02-15,DEN,male,1,0.0,,,0.0,
Victor Sendin,1,2,33.333,1996,1996,1,7.0,0.0,200.0,136.0,67.0,31.0,30.0,12.0,28.0,R,1975-07-01,ESP,male,3,14.0,46.667,42.857,9.333,0.0
Alfredo Vaz Pinto,3,11,21.429,1968,1973,6,0.0,0.0,0.0,0.0,0.0,0.0,0.0,0.0,0.0,U,1939-04-02,POR,male,14,0.0,,,0.0,
Rodrigo Crespo Piedra,0,1,0.0,2020,2020,1,0.0,0.0,0.0,0.0,0.0,0.0,0.0,0.0,0.0,U,2001-05-31,CRC,male,1,0.0,,,0.0,
Hugo Gaston,3,5,37.5,2018,2021,4,17.0,19.0,924.0,541.0,338.0,192.0,130.0,77.0,117.0,U,2000-09-26,FRA,male,8,90.0,69.231,65.812,14.625,2.056
Joel Hoffman,0,1,0.0,1982,1982,1,0.0,0.0,0.0,0.0,0.0,0.0,0.0,0.0,0.0,R,1958-10-14,USA,male,1,0.0,,,0.0,
Eric Quigley,0,1,0.0,2015,2015,1,3.0,6.0,59.0,33.0,24.0,15.0,10.0,2.0,4.0,U,1989-01-30,USA,male,1,8.0,80.0,50.0,4.0,10.169
Liam Caruana,0,4,0.0,2018,2018,1,9.0,21.0,249.0,153.0,112.0,41.0,39.0,14.0,25.0,U,1998-01-22,USA,male,4,28.0,71.795,56.0,6.25,8.434
Richard Lewis,62,100,38.272,1973,1984,12,0.0,0.0,0.0,0.0,0.0,0.0,0.0,0.0,0.0,L,1954-12-06,GBR,male,162,0.0,,,0.0,
Frank Schmitz,1,1,50.0,1970,1970,1,0.0,0.0,0.0,0.0,0.0,0.0,0.0,0.0,0.0,R,,GER,male,2,0.0,,,0.0,
John Marinov,0,2,0.0,1988,1989,2,0.0,0.0,0.0,0.0,0.0,0.0,0.0,0.0,0.0,R,,AUS,male,2,0.0,,,0.0,
Billy Nealon,1,11,8.333,1980,1985,6,0.0,0.0,0.0,0.0,0.0,0.0,0.0,0.0,0.0,L,1960-11-11,USA,male,12,0.0,,,0.0,
Vicente Castano,0,1,0.0,1975,1975,1,0.0,0.0,0.0,0.0,0.0,0.0,0.0,0.0,0.0,R,,ESP,male,1,0.0,,,0.0,
Andrew Sznajder,45,64,41.284,1986,1995,10,115.0,118.0,2246.0,1302.0,857.0,436.0,341.0,137.0,242.0,R,1967-05-25,CAN,male,109,236.0,69.208,56.612,2.22,5.254
Colin Dowdeswell,108,154,41.221,1973,1986,14,0.0,0.0,0.0,0.0,0.0,0.0,0.0,0.0,0.0,R,1955-05-12,GBR,male,262,0.0,,,0.0,
Marvin Moeller,0,1,0.0,2016,2016,1,2.0,2.0,49.0,28.0,15.0,7.0,7.0,7.0,11.0,U,1999-01-18,GER,male,1,3.0,42.857,63.636,11.0,4.082
Robert Maud,70,86,44.872,1968,1975,8,0.0,0.0,0.0,0.0,0.0,0.0,0.0,0.0,0.0,R,1946-08-12,RSA,male,156,0.0,,,0.0,
Sandro Ehrat,1,4,20.0,2012,2020,9,3.0,21.0,325.0,179.0,128.0,72.0,52.0,11.0,24.0,R,1991-04-18,SUI,male,5,39.0,75.0,45.833,4.8,6.462
Petros Chrysochos,1,4,20.0,2013,2017,5,4.0,5.0,43.0,26.0,19.0,6.0,8.0,2.0,5.0,R,1996-04-08,CYP,male,5,5.0,62.5,40.0,1.0,11.628
Charles Merzbacher,0,1,0.0,1989,1989,1,0.0,0.0,0.0,0.0,0.0,0.0,0.0,0.0,0.0,R,1965-01-31,USA,male,1,0.0,,,0.0,
Duilio Beretta,8,9,47.059,2011,2018,8,1.0,2.0,42.0,27.0,21.0,12.0,8.0,2.0,2.0,R,1992-02-25,PER,male,17,8.0,100.0,100.0,0.118,4.762
Jong Woong Yoon,0,1,0.0,1994,1994,1,0.0,0.0,54.0,33.0,15.0,10.0,8.0,6.0,10.0,R,1974-01-24,KOR,male,1,4.0,50.0,60.0,10.0,0.0
Hans Goransson,0,2,0.0,1975,1977,3,0.0,0.0,0.0,0.0,0.0,0.0,0.0,0.0,0.0,R,,SWE,male,2,0.0,,,0.0,
Jeff Morrison,32,58,35.556,1999,2006,8,353.0,702.0,6783.0,3917.0,2856.0,1369.0,1030.0,344.0,576.0,R,1979-02-04,USA,male,90,798.0,77.476,59.722,6.4,10.349
Gian Marco Moroni,1,1,50.0,2019,2019,1,5.0,4.0,113.0,71.0,52.0,22.0,18.0,5.0,7.0,U,1998-02-13,ITA,male,2,16.0,88.889,71.429,3.5,3.54
L B Taylor,1,1,50.0,1970,1970,1,0.0,0.0,0.0,0.0,0.0,0.0,0.0,0.0,0.0,U,,GBR,male,2,0.0,,,0.0,
Fred Kangwa,4,4,50.0,1990,1992,3,0.0,0.0,0.0,0.0,0.0,0.0,0.0,0.0,0.0,U,1962-11-16,ZAM,male,8,0.0,,,0.0,
Fernando Verdasco,543,416,56.621,2002,2020,19,3743.0,5192.0,75587.0,50743.0,35929.0,12682.0,11938.0,3942.0,6275.0,L,1983-11-15,ESP,male,959,9605.0,80.457,62.821,6.543,6.869
Michal Lewandowski,1,1,50.0,1968,1968,1,0.0,0.0,0.0,0.0,0.0,0.0,0.0,0.0,0.0,L,,POL,male,2,0.0,,,0.0,
Steve Tidball,1,5,16.667,1968,1973,6,0.0,0.0,0.0,0.0,0.0,0.0,0.0,0.0,0.0,R,,USA,male,6,0.0,,,0.0,
Alejandro Aramburu Acuna,12,14,46.154,1989,1999,11,0.0,0.0,0.0,0.0,0.0,0.0,0.0,0.0,0.0,R,1969-02-14,PER,male,26,0.0,,,0.0,
Jean Max Mangones,0,2,0.0,1999,1999,1,0.0,0.0,0.0,0.0,0.0,0.0,0.0,0.0,0.0,U,1975-10-29,HAI,male,2,0.0,,,0.0,
Andreas Fikas,4,1,80.0,1991,1992,2,2.0,1.0,40.0,26.0,12.0,5.0,7.0,0.0,4.0,R,,GRE,male,5,3.0,42.857,0.0,0.8,2.5
Richard Krajicek,332,174,65.613,1991,2003,13,1770.0,5893.0,39898.0,23078.0,18709.0,8567.0,6267.0,1539.0,2383.0,R,1971-12-06,NED,male,506,5423.0,86.533,64.582,4.709,14.77
Chak Lam Coleman Wong,0,1,0.0,2019,2019,1,0.0,0.0,0.0,0.0,0.0,0.0,0.0,0.0,0.0,U,2004-06-06,HKG,male,1,0.0,,,0.0,
A M Thomas,0,1,0.0,1970,1970,1,0.0,0.0,0.0,0.0,0.0,0.0,0.0,0.0,0.0,U,,GBR,male,1,0.0,,,0.0,
Francisco Yim Kim,0,1,0.0,2016,2016,1,4.0,2.0,46.0,27.0,14.0,4.0,6.0,8.0,13.0,R,1994-10-09,PAR,male,1,1.0,16.667,61.538,13.0,4.348
Adrien Viviani,0,1,0.0,1969,1969,1,0.0,0.0,0.0,0.0,0.0,0.0,0.0,0.0,0.0,U,,MON,male,1,0.0,,,0.0,
David Felgate,1,4,20.0,1988,1988,1,0.0,0.0,0.0,0.0,0.0,0.0,0.0,0.0,0.0,R,1964-03-19,GBR,male,5,0.0,,,0.0,
Ted Gorski,0,1,0.0,1973,1973,1,0.0,0.0,0.0,0.0,0.0,0.0,0.0,0.0,0.0,U,,UNK,male,1,0.0,,,0.0,
Theo Du Plessis,0,1,0.0,1971,1971,1,0.0,0.0,0.0,0.0,0.0,0.0,0.0,0.0,0.0,U,,RSA,male,1,0.0,,,0.0,
Ze Zhang,18,39,31.579,2009,2019,11,159.0,167.0,2767.0,1784.0,1174.0,448.0,428.0,174.0,300.0,R,1990-07-04,CHN,male,57,302.0,70.561,58.0,5.263,6.035
Oscar Escribano,0,4,0.0,1968,1971,4,0.0,0.0,0.0,0.0,0.0,0.0,0.0,0.0,0.0,U,1939-03-28,ARG,male,4,0.0,,,0.0,
U Kreuzhuber,0,1,0.0,1970,1970,1,0.0,0.0,0.0,0.0,0.0,0.0,0.0,0.0,0.0,U,,UNK,male,1,0.0,,,0.0,
Eric Prodon,1,19,5.0,2000,2012,13,57.0,68.0,1608.0,962.0,590.0,303.0,240.0,117.0,203.0,R,1981-06-27,FRA,male,20,154.0,64.167,57.635,10.15,4.229
Pablo Gonzalez,6,12,33.333,2000,2006,7,5.0,3.0,87.0,55.0,33.0,16.0,10.0,8.0,10.0,R,1982-07-02,COL,male,18,8.0,80.0,80.0,0.556,3.448
Lex Hester,1,0,100.0,1971,1971,1,0.0,0.0,0.0,0.0,0.0,0.0,0.0,0.0,0.0,U,,USA,male,1,0.0,,,0.0,
Eric Deblicker,62,86,41.892,1971,1982,12,0.0,0.0,0.0,0.0,0.0,0.0,0.0,0.0,0.0,R,1952-04-17,FRA,male,148,0.0,,,0.0,
Tomas Tenconi,1,2,33.333,2003,2005,3,14.0,8.0,252.0,151.0,97.0,44.0,32.0,15.0,26.0,R,1980-09-03,ITA,male,3,21.0,65.625,57.692,8.667,3.175
Graeme Notman,0,2,0.0,1970,1975,6,0.0,0.0,0.0,0.0,0.0,0.0,0.0,0.0,0.0,U,1949-09-26,GBR,male,2,0.0,,,0.0,
John Brown,7,14,33.333,1968,1983,16,0.0,0.0,0.0,0.0,0.0,0.0,0.0,0.0,0.0,R,1940-07-12,AUS,male,21,0.0,,,0.0,
John Brown,7,14,33.333,1968,1983,16,0.0,0.0,0.0,0.0,0.0,0.0,0.0,0.0,0.0,,,GBR,male,21,0.0,,,0.0,
Luke Smith,2,5,28.571,1997,2001,5,38.0,36.0,510.0,284.0,187.0,102.0,73.0,20.0,44.0,R,1976-10-25,AUS,male,7,49.0,67.123,45.455,6.286,7.059
Alessandro De Minicis,9,16,36.0,1985,1990,6,0.0,0.0,0.0,0.0,0.0,0.0,0.0,0.0,0.0,R,1963-08-04,ITA,male,25,0.0,,,0.0,
James Turner,2,7,22.222,1986,1990,5,0.0,0.0,0.0,0.0,0.0,0.0,0.0,0.0,0.0,R,1965-07-02,GBR,male,9,0.0,,,0.0,
Michael Hickey,6,14,30.0,1968,1978,11,0.0,0.0,0.0,0.0,0.0,0.0,0.0,0.0,0.0,R,,IRL,male,20,0.0,,,0.0,
M Patterson,0,1,0.0,1968,1968,1,0.0,0.0,0.0,0.0,0.0,0.0,0.0,0.0,0.0,U,,,male,1,0.0,,,0.0,
Sean Karam,1,2,33.333,1997,2002,6,0.0,0.0,0.0,0.0,0.0,0.0,0.0,0.0,0.0,R,1969-08-24,AUS,male,3,0.0,,,0.0,
Bernd Kube,1,5,16.667,1968,1970,3,0.0,0.0,0.0,0.0,0.0,0.0,0.0,0.0,0.0,U,,GER,male,6,0.0,,,0.0,
Herkko Pollanen,1,1,50.0,2013,2013,1,0.0,0.0,0.0,0.0,0.0,0.0,0.0,0.0,0.0,R,1994-07-21,FIN,male,2,0.0,,,0.0,
Mike Baroch,0,1,0.0,1987,1987,1,0.0,0.0,0.0,0.0,0.0,0.0,0.0,0.0,0.0,R,1966-06-01,AUS,male,1,0.0,,,0.0,
Gustavo Luza,1,4,20.0,1985,1989,5,0.0,0.0,0.0,0.0,0.0,0.0,0.0,0.0,0.0,R,1962-10-11,ARG,male,5,0.0,,,0.0,
Simone Vagnozzi,4,7,36.364,2004,2011,8,22.0,5.0,634.0,463.0,256.0,87.0,101.0,32.0,76.0,R,1983-05-30,ITA,male,11,57.0,56.436,42.105,6.909,0.789
Thomas Hogstedt,58,116,33.333,1979,1994,16,145.0,146.0,2652.0,1364.0,920.0,594.0,403.0,158.0,292.0,R,1963-09-21,SWE,male,174,269.0,66.749,54.11,1.678,5.505
Fernando Perez Pascal,2,4,33.333,1983,1984,2,0.0,0.0,0.0,0.0,0.0,0.0,0.0,0.0,0.0,R,,MEX,male,6,0.0,,,0.0,
Mark Schembri,0,4,0.0,1996,1996,1,0.0,0.0,0.0,0.0,0.0,0.0,0.0,0.0,0.0,U,1975-02-15,MLT,male,4,0.0,,,0.0,
Pavel Kotov,0,2,0.0,2020,2021,2,3.0,6.0,158.0,93.0,60.0,26.0,23.0,17.0,26.0,U,1998-11-18,RUS,male,2,14.0,60.87,65.385,13.0,3.797
Mate Pavic,3,11,21.429,2011,2017,7,28.0,65.0,828.0,523.0,347.0,138.0,120.0,41.0,73.0,L,1993-07-04,CRO,male,14,88.0,73.333,56.164,5.214,7.85
Roman Recarte,3,4,42.857,2007,2011,5,0.0,0.0,0.0,0.0,0.0,0.0,0.0,0.0,0.0,U,1987-06-07,VEN,male,7,0.0,,,0.0,
David Martin,0,1,0.0,2007,2007,1,6.0,2.0,69.0,38.0,22.0,9.0,8.0,9.0,15.0,L,1981-02-22,USA,male,1,2.0,25.0,60.0,15.0,2.899
Ignacio Garcia Atance,1,1,50.0,1971,1971,1,0.0,0.0,0.0,0.0,0.0,0.0,0.0,0.0,0.0,U,,ESP,male,2,0.0,,,0.0,
Syd Ball,79,132,37.441,1968,1982,15,0.0,0.0,0.0,0.0,0.0,0.0,0.0,0.0,0.0,R,1950-01-24,AUS,male,211,0.0,,,0.0,
Raul Ramirez,460,205,69.173,1970,1983,14,0.0,0.0,0.0,0.0,0.0,0.0,0.0,0.0,0.0,R,1953-06-20,MEX,male,665,0.0,,,0.0,
Mehdi Ben Ismail,0,1,0.0,1988,1988,1,0.0,0.0,0.0,0.0,0.0,0.0,0.0,0.0,0.0,U,1972-03-08,TUN,male,1,0.0,,,0.0,
Michel Saade,0,1,0.0,2018,2018,1,1.0,0.0,32.0,21.0,6.0,2.0,6.0,2.0,8.0,U,1998-09-29,LIB,male,1,0.0,0.0,25.0,8.0,0.0
Bulent Altinkaya,0,2,0.0,1982,1982,1,0.0,0.0,0.0,0.0,0.0,0.0,0.0,0.0,0.0,U,1953-01-29,TUR,male,2,0.0,,,0.0,
Toshiro Sakai,32,38,45.714,1968,1985,18,0.0,0.0,0.0,0.0,0.0,0.0,0.0,0.0,0.0,R,1947-11-23,JPN,male,70,0.0,,,0.0,
Steve Siegel,0,5,0.0,1972,1974,3,0.0,0.0,0.0,0.0,0.0,0.0,0.0,0.0,0.0,R,1948-09-04,USA,male,5,0.0,,,0.0,
Mikhail Elgin,0,2,0.0,2012,2013,2,3.0,4.0,105.0,50.0,25.0,18.0,16.0,8.0,19.0,R,1981-10-14,RUS,male,2,5.0,31.25,42.105,9.5,3.81
Sergei Yaroshenko,4,3,57.143,2002,2005,4,0.0,0.0,0.0,0.0,0.0,0.0,0.0,0.0,0.0,R,1977-04-06,UKR,male,7,0.0,,,0.0,
Pierre Bouteyre,2,3,40.0,1991,1996,6,33.0,20.0,491.0,302.0,220.0,57.0,72.0,24.0,50.0,R,1971-09-07,FRA,male,5,46.0,63.889,48.0,10.0,4.073
Don Bitler,0,1,0.0,1970,1970,1,0.0,0.0,0.0,0.0,0.0,0.0,0.0,0.0,0.0,U,,USA,male,1,0.0,,,0.0,
Andrey Kumantsov,0,2,0.0,2011,2012,2,2.0,4.0,93.0,62.0,36.0,10.0,15.0,6.0,14.0,R,1986-08-04,RUS,male,2,7.0,46.667,42.857,7.0,4.301
El Hadj Diedhiou,0,2,0.0,1994,1994,1,0.0,0.0,0.0,0.0,0.0,0.0,0.0,0.0,0.0,U,1971-10-02,SEN,male,2,0.0,,,0.0,
Alexander Bury,2,1,66.667,2010,2012,3,0.0,0.0,0.0,0.0,0.0,0.0,0.0,0.0,0.0,R,1987-09-14,BLR,male,3,0.0,,,0.0,
Francois Pierson,0,1,0.0,1969,1969,1,0.0,0.0,0.0,0.0,0.0,0.0,0.0,0.0,0.0,R,,FRA,male,1,0.0,,,0.0,
Julian Olave,0,1,0.0,1971,1971,1,0.0,0.0,0.0,0.0,0.0,0.0,0.0,0.0,0.0,U,,ESP,male,1,0.0,,,0.0,
Fitriadi M Rifqi,0,1,0.0,2019,2019,1,0.0,0.0,0.0,0.0,0.0,0.0,0.0,0.0,0.0,U,1999-01-23,INA,male,1,0.0,,,0.0,
A Macdonald,1,1,50.0,1973,1973,1,0.0,0.0,0.0,0.0,0.0,0.0,0.0,0.0,0.0,R,,AUS,male,2,0.0,,,0.0,
A Macdonald,1,1,50.0,1973,1973,1,0.0,0.0,0.0,0.0,0.0,0.0,0.0,0.0,0.0,R,,AUS,male,2,0.0,,,0.0,
Sid Ali Akkal,0,1,0.0,2009,2009,1,0.0,0.0,0.0,0.0,0.0,0.0,0.0,0.0,0.0,U,1974-05-02,ALG,male,1,0.0,,,0.0,
Koji Watanabe,7,16,30.435,1968,1972,5,0.0,0.0,0.0,0.0,0.0,0.0,0.0,0.0,0.0,R,,JPN,male,23,0.0,,,0.0,
Edgardo Massa,8,16,33.333,2002,2006,5,72.0,72.0,1840.0,1078.0,723.0,385.0,279.0,122.0,199.0,R,1981-03-22,ARG,male,24,202.0,72.401,61.307,8.292,3.913
D Morgan,0,1,0.0,1971,1971,1,0.0,0.0,0.0,0.0,0.0,0.0,0.0,0.0,0.0,U,,AUS,male,1,0.0,,,0.0,
Alvaro Pena,1,2,33.333,1968,1968,1,0.0,0.0,0.0,0.0,0.0,0.0,0.0,0.0,0.0,U,,COL,male,3,0.0,,,0.0,
Denys Molchanov,2,2,50.0,2012,2013,2,0.0,0.0,0.0,0.0,0.0,0.0,0.0,0.0,0.0,R,1987-05-16,UKR,male,4,0.0,,,0.0,
Guillermo Canas,248,183,57.541,1996,2009,14,1230.0,2051.0,32461.0,18797.0,13368.0,6982.0,5087.0,1742.0,2910.0,R,1977-11-25,ARG,male,431,3919.0,77.04,59.863,6.752,6.318
Greg Jones,1,6,14.286,2008,2013,6,20.0,52.0,543.0,330.0,223.0,104.0,85.0,44.0,69.0,R,1989-01-31,AUS,male,7,60.0,70.588,63.768,9.857,9.576
Leonzio Collas,0,1,0.0,1968,1968,1,0.0,0.0,0.0,0.0,0.0,0.0,0.0,0.0,0.0,U,,USA,male,1,0.0,,,0.0,
Arnaud Clement,277,287,49.113,1997,2012,16,1544.0,2744.0,44078.0,25063.0,17623.0,9505.0,6776.0,2391.0,4042.0,R,1977-12-17,FRA,male,564,5125.0,75.635,59.154,7.167,6.225
Peter Palandjian,1,3,25.0,1987,1988,2,0.0,0.0,0.0,0.0,0.0,0.0,0.0,0.0,0.0,R,1964-02-12,USA,male,4,0.0,,,0.0,
Bob Bardsley,0,1,0.0,1969,1969,1,0.0,0.0,0.0,0.0,0.0,0.0,0.0,0.0,0.0,U,,CAN,male,1,0.0,,,0.0,
Bruce Manson,94,120,43.925,1973,1985,13,0.0,0.0,0.0,0.0,0.0,0.0,0.0,0.0,0.0,L,1956-03-20,USA,male,214,0.0,,,0.0,
Sebastien Lareau,82,121,40.394,1989,2001,13,811.0,1076.0,14423.0,8587.0,6088.0,2656.0,2138.0,833.0,1376.0,R,1973-04-27,CAN,male,203,1595.0,74.602,60.538,6.778,7.46
Joe Bouquin,0,2,0.0,1970,1975,6,0.0,0.0,0.0,0.0,0.0,0.0,0.0,0.0,0.0,R,,USA,male,2,0.0,,,0.0,
Donald Johnson,7,16,30.435,1993,1999,7,100.0,69.0,1846.0,1116.0,765.0,348.0,278.0,93.0,164.0,L,1968-09-09,USA,male,23,207.0,74.46,56.707,7.13,3.738
Jerry De Witts,0,1,0.0,1969,1969,1,0.0,0.0,0.0,0.0,0.0,0.0,0.0,0.0,0.0,R,,USA,male,1,0.0,,,0.0,
Rick Leach,15,44,25.424,1985,1994,10,19.0,33.0,748.0,466.0,319.0,128.0,114.0,46.0,79.0,L,1964-12-28,USA,male,59,81.0,71.053,58.228,1.339,4.412
Pruchya Isarow,9,5,64.286,2013,2016,4,32.0,64.0,528.0,284.0,217.0,136.0,87.0,16.0,30.0,R,1995-10-16,THA,male,14,73.0,83.908,53.333,2.143,12.121
John Laffnie De Jager,0,3,0.0,1989,1992,4,13.0,5.0,178.0,96.0,69.0,29.0,28.0,4.0,15.0,R,1973-03-17,RSA,male,3,17.0,60.714,26.667,5.0,2.809
Marco Armellini,4,3,57.143,1980,1987,8,0.0,0.0,0.0,0.0,0.0,0.0,0.0,0.0,0.0,R,1960-08-17,ITA,male,7,0.0,,,0.0,
Jorge Lozano,21,45,31.818,1981,1993,13,5.0,1.0,57.0,20.0,14.0,14.0,10.0,2.0,7.0,R,1963-05-17,MEX,male,66,5.0,50.0,28.571,0.106,1.754
Brent Larkham,4,8,33.333,1994,1995,2,47.0,54.0,945.0,563.0,367.0,164.0,138.0,65.0,112.0,R,1972-01-08,AUS,male,12,91.0,65.942,58.036,9.333,5.714
Nicklas Kroon,42,54,43.75,1986,1992,7,66.0,50.0,1715.0,975.0,631.0,353.0,249.0,108.0,191.0,R,1966-02-05,SWE,male,96,166.0,66.667,56.545,1.99,2.915
Unknown Daniele,0,1,0.0,1971,1971,1,0.0,0.0,0.0,0.0,0.0,0.0,0.0,0.0,0.0,U,,ITA,male,1,0.0,,,0.0,
Oliver Gross,49,77,38.889,1993,2003,11,490.0,406.0,9540.0,5492.0,3695.0,1839.0,1420.0,568.0,1012.0,R,1973-06-17,GER,male,126,976.0,68.732,56.126,8.032,4.256
Thomas Fabbiano,27,59,31.395,2008,2020,13,275.0,173.0,7409.0,4833.0,3142.0,1265.0,1131.0,424.0,744.0,R,1989-05-26,ITA,male,86,811.0,71.706,56.989,8.651,2.335
Gerald Mandl,4,7,36.364,1990,1998,9,26.0,39.0,490.0,264.0,201.0,111.0,72.0,21.0,34.0,L,1970-11-12,AUT,male,11,59.0,81.944,61.765,3.091,7.959
Radim Zitko,0,2,0.0,2001,2005,5,14.0,2.0,166.0,111.0,73.0,21.0,23.0,16.0,24.0,R,1978-12-08,CZE,male,2,15.0,65.217,66.667,12.0,1.205
Ashley Cooper,1,2,33.333,1968,1973,6,0.0,0.0,0.0,0.0,0.0,0.0,0.0,0.0,0.0,R,1936-09-15,AUS,male,3,0.0,,,0.0,
Johan Ortegren,1,2,33.333,1999,2000,2,4.0,10.0,186.0,102.0,69.0,36.0,29.0,16.0,26.0,R,1978-03-22,SWE,male,3,19.0,65.517,61.538,8.667,5.376
Terry Suyderhoud,0,1,0.0,1976,1976,1,0.0,0.0,0.0,0.0,0.0,0.0,0.0,0.0,0.0,R,,GER,male,1,0.0,,,0.0,
Gerard Toulon,2,6,25.0,1977,1981,5,0.0,0.0,0.0,0.0,0.0,0.0,0.0,0.0,0.0,R,1954-09-24,FRA,male,8,0.0,,,0.0,
Martin Garcia,0,3,0.0,2000,2002,3,17.0,3.0,160.0,97.0,65.0,26.0,26.0,16.0,25.0,R,1977-05-02,ARG,male,3,17.0,65.385,64.0,8.333,1.875
Christopher Kas,0,2,0.0,2009,2013,5,0.0,0.0,0.0,0.0,0.0,0.0,0.0,0.0,0.0,R,1980-06-13,GER,male,2,0.0,,,0.0,
Terry Moor,182,153,54.328,1973,1987,15,0.0,0.0,0.0,0.0,0.0,0.0,0.0,0.0,0.0,L,1952-04-23,USA,male,335,0.0,,,0.0,
Evan King,1,4,20.0,2009,2018,10,14.0,7.0,396.0,249.0,158.0,81.0,62.0,18.0,35.0,L,1992-03-25,USA,male,5,45.0,72.581,51.429,7.0,1.768
Stanley Pasarell,3,7,30.0,1968,1974,7,0.0,0.0,0.0,0.0,0.0,0.0,0.0,0.0,0.0,R,1948-02-11,USA,male,10,0.0,,,0.0,
Aleksandr Nedovyesov,6,26,18.75,2005,2017,13,51.0,151.0,2354.0,1557.0,1032.0,380.0,370.0,115.0,220.0,R,1987-02-15,KAZ,male,32,265.0,71.622,52.273,6.875,6.415
Chris Johnstone,30,54,35.714,1979,1984,6,0.0,0.0,0.0,0.0,0.0,0.0,0.0,0.0,0.0,R,1960-10-12,AUS,male,84,0.0,,,0.0,
R Vasselin,0,1,0.0,1977,1977,1,0.0,0.0,0.0,0.0,0.0,0.0,0.0,0.0,0.0,U,,FRA,male,1,0.0,,,0.0,
Cecil Pedlow,1,1,50.0,1968,1968,1,0.0,0.0,0.0,0.0,0.0,0.0,0.0,0.0,0.0,U,,IRL,male,2,0.0,,,0.0,
Herbert Browne,0,1,0.0,1970,1970,1,0.0,0.0,0.0,0.0,0.0,0.0,0.0,0.0,0.0,U,,USA,male,1,0.0,,,0.0,
Benjamin Hassan,8,1,88.889,2018,2020,3,18.0,26.0,438.0,235.0,176.0,124.0,76.0,15.0,23.0,U,1995-02-04,GER,male,9,68.0,89.474,65.217,2.556,5.936
Dan Cassidy,34,64,34.694,1969,1990,22,0.0,0.0,0.0,0.0,0.0,0.0,0.0,0.0,0.0,R,1961-04-29,USA,male,98,0.0,,,0.0,
Talal Ouahabi,0,5,0.0,1999,2011,13,3.0,3.0,155.0,100.0,50.0,28.0,20.0,11.0,20.0,R,1978-01-08,MAR,male,5,11.0,55.0,55.0,4.0,1.935
Byron Bertram,71,102,41.04,1969,1980,12,0.0,0.0,0.0,0.0,0.0,0.0,0.0,0.0,0.0,R,1952-10-29,RSA,male,173,0.0,,,0.0,
Jairo Velasco,121,157,43.525,1968,1983,16,0.0,0.0,0.0,0.0,0.0,0.0,0.0,0.0,0.0,R,1947-05-09,ESP,male,278,0.0,,,0.0,
Anton Ivanov,0,1,0.0,1969,1969,1,0.0,0.0,0.0,0.0,0.0,0.0,0.0,0.0,0.0,R,1970-01-18,UZB,male,1,0.0,,,0.0,
Richard Whichello,0,2,0.0,1988,1988,1,0.0,0.0,0.0,0.0,0.0,0.0,0.0,0.0,0.0,L,1967-05-27,GBR,male,2,0.0,,,0.0,
Victor Caballero,0,1,0.0,1988,1988,1,0.0,0.0,0.0,0.0,0.0,0.0,0.0,0.0,0.0,R,,PAR,male,1,0.0,,,0.0,
Geoff Griffiths,0,1,0.0,1973,1973,1,0.0,0.0,0.0,0.0,0.0,0.0,0.0,0.0,0.0,U,,UNK,male,1,0.0,,,0.0,
Markus Zoecke,54,81,40.0,1989,1995,7,302.0,812.0,8730.0,5609.0,4054.0,1551.0,1332.0,433.0,692.0,R,1968-05-10,GER,male,135,1073.0,80.556,62.572,5.126,9.301
David Nainkin,24,42,36.364,1992,1999,8,349.0,178.0,4888.0,2901.0,1884.0,870.0,724.0,297.0,549.0,R,1970-09-20,RSA,male,66,472.0,65.193,54.098,8.318,3.642
John Van Nostrand,2,3,40.0,1983,1984,2,0.0,0.0,0.0,0.0,0.0,0.0,0.0,0.0,0.0,R,1961-07-17,USA,male,5,0.0,,,0.0,
Joseph Russell,2,1,66.667,1990,1990,1,0.0,0.0,0.0,0.0,0.0,0.0,0.0,0.0,0.0,R,1961-11-22,USA,male,3,0.0,,,0.0,
Anthony Ryan,0,1,0.0,1973,1973,1,0.0,0.0,0.0,0.0,0.0,0.0,0.0,0.0,0.0,R,,AUS,male,1,0.0,,,0.0,
Takanobu Fujii,0,1,0.0,1981,1981,1,0.0,0.0,0.0,0.0,0.0,0.0,0.0,0.0,0.0,R,,JPN,male,1,0.0,,,0.0,
Edouard Roger Vasselin,84,124,40.385,2004,2016,13,509.0,887.0,17174.0,11133.0,7720.0,2992.0,2648.0,878.0,1477.0,R,1983-11-28,FRA,male,208,2049.0,77.379,59.445,7.101,5.165
Miguel Soares,1,5,16.667,1981,1984,4,0.0,0.0,0.0,0.0,0.0,0.0,0.0,0.0,0.0,R,,POR,male,6,0.0,,,0.0,
Ashok Amritraj,3,20,13.043,1974,1979,6,0.0,0.0,0.0,0.0,0.0,0.0,0.0,0.0,0.0,R,1957-02-22,IND,male,23,0.0,,,0.0,
Paul Jubb,0,2,0.0,2019,2019,1,6.0,4.0,159.0,88.0,56.0,27.0,24.0,6.0,18.0,R,1999-10-31,GBR,male,2,12.0,50.0,33.333,9.0,2.516
Egan Adams,5,22,18.519,1981,1985,5,0.0,0.0,0.0,0.0,0.0,0.0,0.0,0.0,0.0,R,1959-06-15,USA,male,27,0.0,,,0.0,
Shahin Khaledan,4,6,40.0,2011,2018,8,10.0,2.0,175.0,102.0,65.0,34.0,26.0,9.0,17.0,R,1990-06-07,IRI,male,10,18.0,69.231,52.941,1.7,1.143
Robert Bedard,0,1,0.0,1970,1970,1,0.0,0.0,0.0,0.0,0.0,0.0,0.0,0.0,0.0,U,,CAN,male,1,0.0,,,0.0,
Giovani Samaha,0,1,0.0,2015,2015,1,0.0,0.0,0.0,0.0,0.0,0.0,0.0,0.0,0.0,L,1994-07-14,LIB,male,1,0.0,,,0.0,
Paul Henri Mathieu,257,294,46.642,2000,2017,18,1687.0,2577.0,42071.0,23195.0,16604.0,9712.0,6492.0,2142.0,3580.0,R,1982-01-12,FRA,male,551,5054.0,77.85,59.832,6.497,6.125
B Niemand,0,1,0.0,1969,1969,1,0.0,0.0,0.0,0.0,0.0,0.0,0.0,0.0,0.0,U,,RSA,male,1,0.0,,,0.0,
Dick Dell,26,78,25.0,1968,1979,12,0.0,0.0,0.0,0.0,0.0,0.0,0.0,0.0,0.0,R,1947-09-29,USA,male,104,0.0,,,0.0,
Dick Dell,26,78,25.0,1968,1979,12,0.0,0.0,0.0,0.0,0.0,0.0,0.0,0.0,0.0,U,1947-12-29,UNK,male,104,0.0,,,0.0,
Alejandro Tabilo,3,3,50.0,2020,2020,1,13.0,34.0,524.0,339.0,239.0,104.0,86.0,23.0,38.0,L,1997-06-02,CHI,male,6,71.0,82.558,60.526,6.333,6.489
Haroon Ismail,24,49,32.877,1978,1988,11,0.0,0.0,0.0,0.0,0.0,0.0,0.0,0.0,0.0,R,1955-02-27,ZIM,male,73,0.0,,,0.0,
Unknown Orasz,0,1,0.0,1970,1970,1,0.0,0.0,0.0,0.0,0.0,0.0,0.0,0.0,0.0,U,,,male,1,0.0,,,0.0,
Thomas Schiessling,4,9,30.769,1996,2004,9,37.0,17.0,915.0,535.0,330.0,201.0,146.0,47.0,95.0,R,1974-11-01,AUT,male,13,98.0,67.123,49.474,7.308,1.858
Tomas Rodriguez Sanchez,1,0,100.0,1988,1988,1,0.0,0.0,0.0,0.0,0.0,0.0,0.0,0.0,0.0,U,,CUB,male,1,0.0,,,0.0,
Hans Priller,0,2,0.0,1988,1989,2,0.0,0.0,0.0,0.0,0.0,0.0,0.0,0.0,0.0,R,,AUT,male,2,0.0,,,0.0,
Sever Dron,2,9,18.182,1968,1971,4,0.0,0.0,0.0,0.0,0.0,0.0,0.0,0.0,0.0,R,,ROU,male,11,0.0,,,0.0,
Thies Roepcke,0,3,0.0,1973,1976,4,0.0,0.0,0.0,0.0,0.0,0.0,0.0,0.0,0.0,R,,GER,male,3,0.0,,,0.0,
Rodney Crowley,0,1,0.0,1983,1983,1,0.0,0.0,0.0,0.0,0.0,0.0,0.0,0.0,0.0,R,1958-09-22,USA,male,1,0.0,,,0.0,
John Maginley,1,3,25.0,1986,1991,6,0.0,0.0,0.0,0.0,0.0,0.0,0.0,0.0,0.0,U,1960-01-13,CAR,male,4,0.0,,,0.0,
Allen Morris,0,3,0.0,1970,1971,2,0.0,0.0,0.0,0.0,0.0,0.0,0.0,0.0,0.0,U,,UNK,male,3,0.0,,,0.0,
Rod Brent,3,4,42.857,1968,1971,4,0.0,0.0,0.0,0.0,0.0,0.0,0.0,0.0,0.0,R,,AUS,male,7,0.0,,,0.0,
Noah Rubin,8,20,28.571,2014,2021,8,86.0,105.0,2424.0,1474.0,979.0,498.0,367.0,141.0,239.0,R,1996-02-21,USA,male,28,269.0,73.297,58.996,8.536,4.332
Jon Erik Ross,0,6,0.0,1969,1972,4,0.0,0.0,0.0,0.0,0.0,0.0,0.0,0.0,0.0,U,1943-09-07,NOR,male,6,0.0,,,0.0,
David Prinosil,113,169,40.071,1992,2004,13,1434.0,1754.0,22210.0,11450.0,8420.0,4930.0,3314.0,1238.0,2118.0,R,1973-03-09,GER,male,282,2434.0,73.446,58.451,7.511,7.897
Linh Giang Trinh,1,1,50.0,2014,2020,7,0.0,0.0,0.0,0.0,0.0,0.0,0.0,0.0,0.0,,1997-08-03,VIE,male,2,0.0,,,0.0,
Dzmitry Zhyrmont,6,10,37.5,2012,2018,7,14.0,16.0,319.0,175.0,121.0,61.0,46.0,26.0,41.0,U,1989-03-01,BLR,male,16,31.0,67.391,63.415,2.562,5.016
Gene Hamilton,0,1,0.0,1970,1970,1,0.0,0.0,0.0,0.0,0.0,0.0,0.0,0.0,0.0,R,,USA,male,1,0.0,,,0.0,
Damar Johnson,1,2,33.333,2005,2009,5,0.0,0.0,0.0,0.0,0.0,0.0,0.0,0.0,0.0,U,1984-01-23,JAM,male,3,0.0,,,0.0,
Federico Camacho,0,3,0.0,1999,2001,3,0.0,0.0,0.0,0.0,0.0,0.0,0.0,0.0,0.0,U,1979-08-28,CRC,male,3,0.0,,,0.0,
Albert Viviani,2,3,40.0,1983,1985,3,0.0,0.0,0.0,0.0,0.0,0.0,0.0,0.0,0.0,U,,MON,male,5,0.0,,,0.0,
Feliciano Lopez,488,446,52.248,1998,2021,24,3093.0,9571.0,75473.0,44211.0,33663.0,16138.0,11871.0,3649.0,5557.0,L,1981-09-20,ESP,male,934,9963.0,83.927,65.665,5.95,12.681
William Koo,0,1,0.0,1973,1973,1,0.0,0.0,0.0,0.0,0.0,0.0,0.0,0.0,0.0,U,,HKG,male,1,0.0,,,0.0,
Alberto Mancini,146,119,55.094,1987,1994,8,248.0,337.0,9162.0,5752.0,3859.0,1741.0,1391.0,536.0,891.0,R,1969-05-20,ARG,male,265,1036.0,74.479,60.157,3.362,3.678
Clemens Trimmel,1,6,14.286,1995,2000,6,33.0,19.0,547.0,315.0,202.0,108.0,83.0,41.0,70.0,R,1978-06-08,AUT,male,7,54.0,65.06,58.571,10.0,3.473
Yasir Khan,0,9,0.0,2007,2016,10,11.0,8.0,170.0,98.0,55.0,30.0,24.0,15.0,28.0,R,1989-04-20,PAK,male,9,11.0,45.833,53.571,3.111,4.706
Vittorio Magnelli,0,3,0.0,1979,1981,3,0.0,0.0,0.0,0.0,0.0,0.0,0.0,0.0,0.0,R,,ITA,male,3,0.0,,,0.0,
Denis Gremelmayr,32,58,35.556,2002,2012,11,235.0,352.0,6641.0,3807.0,2514.0,1389.0,1012.0,429.0,731.0,L,1981-08-16,GER,male,90,710.0,70.158,58.687,8.122,5.3
Ron Myers,0,1,0.0,1974,1974,1,0.0,0.0,0.0,0.0,0.0,0.0,0.0,0.0,0.0,U,,USA,male,1,0.0,,,0.0,
Andrzej Licis,1,2,33.333,1969,1969,1,0.0,0.0,0.0,0.0,0.0,0.0,0.0,0.0,0.0,R,,POL,male,3,0.0,,,0.0,
Jia Ping Xia,20,10,66.667,1989,1997,9,10.0,0.0,150.0,86.0,57.0,21.0,19.0,9.0,17.0,R,1969-03-01,CHN,male,30,11.0,57.895,52.941,0.567,0.0
D Turner,1,3,25.0,1971,1980,10,0.0,0.0,0.0,0.0,0.0,0.0,0.0,0.0,0.0,R,,AUS,male,4,0.0,,,0.0,
Lyuben Petrov,0,6,0.0,1981,1984,4,0.0,0.0,0.0,0.0,0.0,0.0,0.0,0.0,0.0,R,1951-12-14,BUL,male,6,0.0,,,0.0,
Christopher Rungkat,19,12,61.29,2007,2020,14,4.0,11.0,123.0,74.0,53.0,31.0,21.0,8.0,10.0,R,1990-01-14,INA,male,31,19.0,90.476,80.0,0.323,8.943
Christophe Pognon,0,1,0.0,2000,2000,1,0.0,0.0,0.0,0.0,0.0,0.0,0.0,0.0,0.0,R,1977-10-11,BEN,male,1,0.0,,,0.0,
Brian Cheney,1,6,14.286,1968,1974,7,0.0,0.0,0.0,0.0,0.0,0.0,0.0,0.0,0.0,R,,USA,male,7,0.0,,,0.0,
Mikelis Libietis,1,5,16.667,2011,2016,6,19.0,27.0,258.0,153.0,101.0,45.0,36.0,23.0,35.0,U,1992-07-09,LAT,male,6,24.0,66.667,65.714,5.833,10.465
Minhtuan Pham,0,2,0.0,2016,2016,1,18.0,4.0,158.0,83.0,54.0,31.0,26.0,2.0,13.0,R,1993-10-19,VIE,male,2,15.0,57.692,15.385,6.5,2.532
S G Laing,0,1,0.0,1970,1970,1,0.0,0.0,0.0,0.0,0.0,0.0,0.0,0.0,0.0,U,,GBR,male,1,0.0,,,0.0,
Peng Sun,8,12,40.0,2003,2008,6,26.0,11.0,486.0,290.0,195.0,94.0,70.0,32.0,51.0,R,1983-10-19,CHN,male,20,51.0,72.857,62.745,2.55,2.263
Karel Demuynck,2,3,40.0,1985,1988,4,0.0,0.0,0.0,0.0,0.0,0.0,0.0,0.0,0.0,R,,BEL,male,5,0.0,,,0.0,
John Stoddart,1,1,50.0,1982,1982,1,0.0,0.0,0.0,0.0,0.0,0.0,0.0,0.0,0.0,R,,AUS,male,2,0.0,,,0.0,
Janne Ojala,0,2,0.0,2003,2004,2,0.0,0.0,0.0,0.0,0.0,0.0,0.0,0.0,0.0,R,1977-09-07,FIN,male,2,0.0,,,0.0,
Shintaro Mochizuki,0,1,0.0,2021,2021,1,3.0,1.0,40.0,23.0,8.0,6.0,8.0,3.0,9.0,U,2003-06-02,JPN,male,1,2.0,25.0,33.333,9.0,2.5
Sebastian Moreno,0,2,0.0,2010,2010,1,0.0,0.0,0.0,0.0,0.0,0.0,0.0,0.0,0.0,R,1992-02-06,ESA,male,2,0.0,,,0.0,
Peter Macdonald,0,1,0.0,1981,1981,1,0.0,0.0,0.0,0.0,0.0,0.0,0.0,0.0,0.0,R,,AUS,male,1,0.0,,,0.0,
Peter Macdonald,0,1,0.0,1981,1981,1,0.0,0.0,0.0,0.0,0.0,0.0,0.0,0.0,0.0,R,,AUS,male,1,0.0,,,0.0,
P Finn,0,1,0.0,1974,1974,1,0.0,0.0,0.0,0.0,0.0,0.0,0.0,0.0,0.0,U,,,male,1,0.0,,,0.0,
Hugo Varela,1,5,16.667,1970,1978,9,0.0,0.0,0.0,0.0,0.0,0.0,0.0,0.0,0.0,R,,ARG,male,6,0.0,,,0.0,
Hugo Varela,1,5,16.667,1970,1978,9,0.0,0.0,0.0,0.0,0.0,0.0,0.0,0.0,0.0,U,,UNK,male,6,0.0,,,0.0,
C Wijono,1,1,50.0,1970,1970,1,0.0,0.0,0.0,0.0,0.0,0.0,0.0,0.0,0.0,U,,INA,male,2,0.0,,,0.0,
David Sherwood,1,3,25.0,2005,2005,1,10.0,12.0,169.0,86.0,62.0,46.0,28.0,7.0,13.0,R,1980-05-06,GBR,male,4,22.0,78.571,53.846,3.25,7.101
Terje Larsen,0,3,0.0,1973,1977,5,0.0,0.0,0.0,0.0,0.0,0.0,0.0,0.0,0.0,L,,SWE,male,3,0.0,,,0.0,
Dmitry Popko,4,4,50.0,2017,2020,4,10.0,32.0,713.0,476.0,314.0,126.0,104.0,41.0,66.0,R,1996-10-24,KAZ,male,8,79.0,75.962,62.121,8.25,4.488
Ashley Naumann,0,2,0.0,1993,1995,3,15.0,9.0,303.0,186.0,122.0,39.0,38.0,21.0,34.0,R,1970-07-02,AUS,male,2,25.0,65.789,61.765,17.0,2.97
Kristian Mitrovski,1,1,50.0,1999,1999,1,0.0,0.0,0.0,0.0,0.0,0.0,0.0,0.0,0.0,U,1982-11-02,MKD,male,2,0.0,,,0.0,
Carl Soderlund,1,1,50.0,2016,2016,1,5.0,3.0,139.0,83.0,53.0,24.0,23.0,7.0,17.0,R,1997-06-03,SWE,male,2,13.0,56.522,41.176,8.5,2.158
Karan Rastogi,1,8,11.111,2004,2011,8,11.0,0.0,284.0,187.0,104.0,43.0,44.0,24.0,45.0,R,1986-10-08,IND,male,9,23.0,52.273,53.333,5.0,0.0
Audun Jensen,2,1,66.667,1988,1988,1,0.0,0.0,0.0,0.0,0.0,0.0,0.0,0.0,0.0,R,1966-07-22,NOR,male,3,0.0,,,0.0,
Richard Taylor,0,2,0.0,1990,1990,1,0.0,0.0,0.0,0.0,0.0,0.0,0.0,0.0,0.0,U,1968-03-24,BAR,male,2,0.0,,,0.0,
Valerio Boccito,0,2,0.0,1989,1989,1,0.0,0.0,0.0,0.0,0.0,0.0,0.0,0.0,0.0,U,1966-01-15,VEN,male,2,0.0,,,0.0,
Abdul Rahman Shehab,1,3,25.0,1989,1989,1,0.0,0.0,0.0,0.0,0.0,0.0,0.0,0.0,0.0,R,1971-03-21,BRN,male,4,0.0,,,0.0,
Conny Falk,0,1,0.0,1988,1988,1,0.0,0.0,0.0,0.0,0.0,0.0,0.0,0.0,0.0,R,1966-11-30,SWE,male,1,0.0,,,0.0,
Jeremy Bond,0,1,0.0,1973,1973,1,0.0,0.0,0.0,0.0,0.0,0.0,0.0,0.0,0.0,U,,UNK,male,1,0.0,,,0.0,
Marin Draganja,0,1,0.0,2016,2016,1,5.0,6.0,61.0,29.0,22.0,13.0,10.0,5.0,8.0,R,1991-05-13,CRO,male,1,7.0,70.0,62.5,8.0,9.836
Juan Antonio Marin,80,120,40.0,1996,2007,12,479.0,369.0,13920.0,7896.0,5041.0,2871.0,2078.0,901.0,1617.0,R,1975-03-02,CRC,male,200,1362.0,65.544,55.72,8.085,2.651
Gregoire Barrere,11,23,32.353,2016,2021,6,114.0,204.0,3094.0,1951.0,1315.0,546.0,474.0,164.0,299.0,R,1994-02-16,FRA,male,34,339.0,71.519,54.849,8.794,6.593
Manuel Sanchez,5,6,45.455,2011,2020,10,32.0,22.0,392.0,236.0,158.0,71.0,61.0,22.0,41.0,R,1991-01-05,MEX,male,11,42.0,68.852,53.659,3.727,5.612
Michael Robertson,22,43,33.846,1982,1991,10,0.0,0.0,0.0,0.0,0.0,0.0,0.0,0.0,0.0,R,1963-07-02,USA,male,65,0.0,,,0.0,
Toni Androic,0,2,0.0,2015,2015,1,5.0,3.0,150.0,76.0,45.0,35.0,22.0,7.0,16.0,R,1991-12-28,CRO,male,2,13.0,59.091,43.75,8.0,2.0
Axel Pretzsch,11,25,30.556,1998,2002,5,168.0,155.0,2687.0,1475.0,1004.0,542.0,404.0,176.0,309.0,R,1976-06-16,GER,male,36,271.0,67.079,56.958,8.583,5.769
Yew Ming Si,5,9,35.714,2002,2010,9,1.0,1.0,35.0,25.0,9.0,1.0,7.0,0.0,6.0,U,1979-08-24,MAS,male,14,1.0,14.286,0.0,0.429,2.857
David Kass,0,1,0.0,1988,1988,1,0.0,0.0,0.0,0.0,0.0,0.0,0.0,0.0,0.0,R,1970-06-16,USA,male,1,0.0,,,0.0,
Facundo Diaz Acosta,0,1,0.0,2020,2020,1,8.0,5.0,80.0,48.0,32.0,13.0,13.0,7.0,11.0,U,2000-12-15,ARG,male,1,9.0,69.231,63.636,11.0,6.25
Teza Simunyola,0,2,0.0,1992,1992,1,0.0,0.0,0.0,0.0,0.0,0.0,0.0,0.0,0.0,U,1970-12-09,ZAM,male,2,0.0,,,0.0,
Alex Kim,8,26,23.529,1997,2004,8,105.0,71.0,2897.0,1854.0,1161.0,521.0,435.0,163.0,299.0,R,1978-12-20,USA,male,34,299.0,68.736,54.515,8.794,2.451
Luca Gasparini,0,1,0.0,1985,1985,1,0.0,0.0,0.0,0.0,0.0,0.0,0.0,0.0,0.0,R,,ITA,male,1,0.0,,,0.0,
Ryan Sweeting,35,57,38.043,2005,2013,9,423.0,390.0,7039.0,4450.0,2976.0,1209.0,1057.0,454.0,761.0,R,1987-07-14,USA,male,92,750.0,70.956,59.658,8.272,5.541
Rocky Royer,1,11,8.333,1980,1984,5,0.0,0.0,0.0,0.0,0.0,0.0,0.0,0.0,0.0,R,1958-06-27,USA,male,12,0.0,,,0.0,
Christophe Casa,15,35,30.0,1974,1984,11,0.0,0.0,0.0,0.0,0.0,0.0,0.0,0.0,0.0,R,1957-05-30,FRA,male,50,0.0,,,0.0,
Thierry Stevaux,1,12,7.692,1977,1982,6,0.0,0.0,0.0,0.0,0.0,0.0,0.0,0.0,0.0,R,,BEL,male,13,0.0,,,0.0,
Kamel Harrad,0,5,0.0,1983,1985,3,0.0,0.0,0.0,0.0,0.0,0.0,0.0,0.0,0.0,U,1961-07-14,ALG,male,5,0.0,,,0.0,
Salvador Colvee,2,2,50.0,1991,1991,1,0.0,0.0,0.0,0.0,0.0,0.0,0.0,0.0,0.0,U,1968-04-19,VEN,male,4,0.0,,,0.0,
Joseph Oyebog,0,1,0.0,1990,1990,1,0.0,0.0,0.0,0.0,0.0,0.0,0.0,0.0,0.0,U,1971-08-13,CMR,male,1,0.0,,,0.0,
Bill Shivar,0,2,0.0,1973,1981,9,0.0,0.0,0.0,0.0,0.0,0.0,0.0,0.0,0.0,R,,USA,male,2,0.0,,,0.0,
Jean Van Rensburg,0,1,0.0,1980,1980,1,0.0,0.0,0.0,0.0,0.0,0.0,0.0,0.0,0.0,R,,RSA,male,1,0.0,,,0.0,
Markus Nagel,0,1,0.0,1976,1976,1,0.0,0.0,0.0,0.0,0.0,0.0,0.0,0.0,0.0,R,,GER,male,1,0.0,,,0.0,
Andrey Dernovskiy,1,7,12.5,2000,2002,3,0.0,0.0,0.0,0.0,0.0,0.0,0.0,0.0,0.0,U,1982-05-23,UKR,male,8,0.0,,,0.0,
Constantinos Ioannides,0,1,0.0,2014,2014,1,0.0,0.0,0.0,0.0,0.0,0.0,0.0,0.0,0.0,,1995-06-07,CYP,male,1,0.0,,,0.0,
Pavlos Mamasis,0,1,0.0,1978,1978,1,0.0,0.0,0.0,0.0,0.0,0.0,0.0,0.0,0.0,U,,GRE,male,1,0.0,,,0.0,
Dave Randall,8,11,42.105,1992,1994,3,63.0,102.0,1711.0,976.0,672.0,328.0,250.0,102.0,176.0,R,1967-05-08,USA,male,19,176.0,70.4,57.955,9.263,5.961
Lucas Pouille,132,109,54.772,2013,2021,9,897.0,1877.0,20894.0,11763.0,8645.0,4699.0,3209.0,1064.0,1685.0,R,1994-02-23,FRA,male,241,2588.0,80.648,63.145,6.992,8.983
Tomislav Brkic,3,8,27.273,2011,2019,9,5.0,19.0,288.0,188.0,143.0,46.0,46.0,11.0,19.0,R,1990-03-09,BIH,male,11,38.0,82.609,57.895,1.727,6.597
Roger Dowdeswell,10,27,27.027,1969,1978,10,0.0,0.0,0.0,0.0,0.0,0.0,0.0,0.0,0.0,R,1944-02-16,ZIM,male,37,0.0,,,0.0,
Andras Lanyi,5,7,41.667,1987,1990,4,0.0,0.0,0.0,0.0,0.0,0.0,0.0,0.0,0.0,R,1969-11-26,HUN,male,12,0.0,,,0.0,
Fernando Dalla Fontana,11,28,28.205,1973,1981,9,0.0,0.0,0.0,0.0,0.0,0.0,0.0,0.0,0.0,R,,ARG,male,39,0.0,,,0.0,
Petr Strobl,2,3,40.0,1968,1970,3,0.0,0.0,0.0,0.0,0.0,0.0,0.0,0.0,0.0,R,,CZE,male,5,0.0,,,0.0,
Aniceto Alvarez,0,2,0.0,1976,1977,2,0.0,0.0,0.0,0.0,0.0,0.0,0.0,0.0,0.0,R,,ESP,male,2,0.0,,,0.0,
Guillermo Alcaide,0,1,0.0,2010,2010,1,6.0,11.0,98.0,60.0,45.0,16.0,15.0,4.0,7.0,R,1986-05-27,ESP,male,1,12.0,80.0,57.143,7.0,11.224
Zhizhen Zhang,5,7,41.667,2015,2019,5,19.0,77.0,868.0,529.0,375.0,170.0,132.0,49.0,74.0,U,1996-10-16,CHN,male,12,107.0,81.061,66.216,6.167,8.871
Pender Murphy,8,16,33.333,1982,1983,2,0.0,0.0,0.0,0.0,0.0,0.0,0.0,0.0,0.0,R,1959-03-19,USA,male,24,0.0,,,0.0,
Peter Moraing,4,15,21.053,1985,1993,9,27.0,22.0,339.0,191.0,143.0,62.0,45.0,11.0,21.0,R,1961-09-13,GER,male,19,35.0,77.778,52.381,1.105,6.49
Trevor Little,2,6,25.0,1974,1977,4,0.0,0.0,0.0,0.0,0.0,0.0,0.0,0.0,0.0,R,,AUS,male,8,0.0,,,0.0,
Barry Geraghty,0,2,0.0,1969,1969,1,0.0,0.0,0.0,0.0,0.0,0.0,0.0,0.0,0.0,U,,AUS,male,2,0.0,,,0.0,
Luiz Flor,0,1,0.0,1968,1968,1,0.0,0.0,0.0,0.0,0.0,0.0,0.0,0.0,0.0,U,,UNK,male,1,0.0,,,0.0,
Mait Kunnap,1,5,16.667,2000,2007,8,0.0,0.0,0.0,0.0,0.0,0.0,0.0,0.0,0.0,R,1982-09-23,EST,male,6,0.0,,,0.0,
Harry Fritz,2,5,28.571,1977,1982,6,0.0,0.0,0.0,0.0,0.0,0.0,0.0,0.0,0.0,R,1951-02-19,CAN,male,7,0.0,,,0.0,
Anoosha Shahgholi,5,12,29.412,1999,2017,19,2.0,1.0,76.0,59.0,33.0,5.0,11.0,7.0,13.0,U,1981-11-10,IRI,male,17,5.0,45.455,53.846,0.765,1.316
Franco Roncadelli,0,2,0.0,2020,2020,1,2.0,0.0,90.0,62.0,31.0,7.0,16.0,5.0,16.0,U,2000-02-06,URU,male,2,5.0,31.25,31.25,8.0,0.0
Atet Wijono,4,13,23.529,1970,1981,12,0.0,0.0,0.0,0.0,0.0,0.0,0.0,0.0,0.0,R,1951-03-11,INA,male,17,0.0,,,0.0,
Atet Wijono,4,13,23.529,1970,1981,12,0.0,0.0,0.0,0.0,0.0,0.0,0.0,0.0,0.0,U,1951-03-11,INA,male,17,0.0,,,0.0,
Ugo Biagianti,0,1,0.0,1988,1988,1,0.0,0.0,0.0,0.0,0.0,0.0,0.0,0.0,0.0,L,1967-08-29,ITA,male,1,0.0,,,0.0,
Bo Holmstrom,2,7,22.222,1970,1976,7,0.0,0.0,0.0,0.0,0.0,0.0,0.0,0.0,0.0,R,,SWE,male,9,0.0,,,0.0,
Filip Krajcik,0,4,0.0,1979,1981,3,0.0,0.0,0.0,0.0,0.0,0.0,0.0,0.0,0.0,R,1955-07-23,AUT,male,4,0.0,,,0.0,
Rolandas Murashka,4,2,66.667,1995,2000,6,0.0,0.0,0.0,0.0,0.0,0.0,0.0,0.0,0.0,R,1975-03-02,LTU,male,6,0.0,,,0.0,
James Mcgee,6,8,42.857,2009,2016,8,19.0,8.0,269.0,146.0,95.0,56.0,40.0,20.0,34.0,R,1987-06-10,IRL,male,14,26.0,65.0,58.824,2.429,2.974
Denis Golovanov,0,2,0.0,2002,2003,2,9.0,8.0,177.0,92.0,67.0,33.0,25.0,16.0,24.0,L,1979-03-27,RUS,male,2,17.0,68.0,66.667,12.0,4.52
Jason Stoltenberg,292,241,54.784,1987,2001,15,1498.0,2267.0,33072.0,18881.0,13808.0,6882.0,5039.0,1743.0,2883.0,R,1970-04-04,AUS,male,533,3899.0,77.376,60.458,5.409,6.855
Ryan Russell,8,4,66.667,2004,2007,4,0.0,0.0,0.0,0.0,0.0,0.0,0.0,0.0,0.0,L,1983-07-06,JAM,male,12,0.0,,,0.0,
Salahaddine Adbib,0,1,0.0,1992,1992,1,0.0,0.0,0.0,0.0,0.0,0.0,0.0,0.0,0.0,R,,MAR,male,1,0.0,,,0.0,
Pedro Braga,0,1,0.0,2004,2004,1,1.0,4.0,53.0,32.0,18.0,7.0,9.0,1.0,6.0,R,1975-02-27,BRA,male,1,4.0,44.444,16.667,6.0,7.547
Sasa Hirszon,7,22,24.138,1990,1998,9,40.0,36.0,908.0,492.0,301.0,177.0,141.0,54.0,118.0,R,1972-07-14,CRO,male,29,77.0,54.61,45.763,4.069,3.965
Michal Gawlowski,1,1,50.0,1999,1999,1,0.0,0.0,0.0,0.0,0.0,0.0,0.0,0.0,0.0,R,1975-07-28,POL,male,2,0.0,,,0.0,
Ron Lehrner,0,2,0.0,1973,1973,1,0.0,0.0,0.0,0.0,0.0,0.0,0.0,0.0,0.0,U,1952-08-20,ISR,male,2,0.0,,,0.0,
Tetsu Kuramitsu,1,10,9.091,1976,1986,11,0.0,0.0,0.0,0.0,0.0,0.0,0.0,0.0,0.0,R,,JPN,male,11,0.0,,,0.0,
Tom Lee,0,1,0.0,1979,1979,1,0.0,0.0,0.0,0.0,0.0,0.0,0.0,0.0,0.0,R,,USA,male,1,0.0,,,0.0,
Alexander Lehnhoff,1,7,12.5,1995,1998,4,0.0,0.0,0.0,0.0,0.0,0.0,0.0,0.0,0.0,U,1977-02-04,GUA,male,8,0.0,,,0.0,
T L Darcy,0,1,0.0,1970,1970,1,0.0,0.0,0.0,0.0,0.0,0.0,0.0,0.0,0.0,U,,GBR,male,1,0.0,,,0.0,
Bobby Odasz,0,1,0.0,1969,1969,1,0.0,0.0,0.0,0.0,0.0,0.0,0.0,0.0,0.0,U,,,male,1,0.0,,,0.0,
Tucker Vorster,5,2,71.429,2015,2016,2,6.0,15.0,291.0,186.0,138.0,71.0,52.0,11.0,14.0,U,1988-09-03,RSA,male,7,49.0,94.231,78.571,2.0,5.155
Asaf Raja,0,1,0.0,1992,1992,1,0.0,0.0,0.0,0.0,0.0,0.0,0.0,0.0,0.0,U,1973-11-15,PAK,male,1,0.0,,,0.0,
John Sullivan,1,2,33.333,1991,1994,4,17.0,21.0,342.0,208.0,137.0,71.0,48.0,22.0,35.0,R,1966-12-22,USA,male,3,35.0,72.917,62.857,11.667,6.14
Frank Sebaratnam,2,4,33.333,1983,1987,5,0.0,0.0,0.0,0.0,0.0,0.0,0.0,0.0,0.0,U,1954-08-19,SRI,male,6,0.0,,,0.0,
U Hamza,0,1,0.0,1970,1970,1,0.0,0.0,0.0,0.0,0.0,0.0,0.0,0.0,0.0,U,,UNK,male,1,0.0,,,0.0,
Henry Ladyman,0,1,0.0,1968,1968,1,0.0,0.0,0.0,0.0,0.0,0.0,0.0,0.0,0.0,R,,AUS,male,1,0.0,,,0.0,
William Brown,14,48,22.581,1968,1977,10,0.0,0.0,0.0,0.0,0.0,0.0,0.0,0.0,0.0,R,1945-01-14,USA,male,62,0.0,,,0.0,
William Brown,14,48,22.581,1968,1977,10,0.0,0.0,0.0,0.0,0.0,0.0,0.0,0.0,0.0,U,,IRL,male,62,0.0,,,0.0,
Ulises Blanch,0,1,0.0,2020,2020,1,5.0,13.0,159.0,87.0,61.0,39.0,25.0,11.0,16.0,R,1998-03-25,USA,male,1,20.0,80.0,68.75,16.0,8.176
Tomer Zimmerman,0,1,0.0,1984,1984,1,0.0,0.0,0.0,0.0,0.0,0.0,0.0,0.0,0.0,R,1966-12-27,ISR,male,1,0.0,,,0.0,
Luis David Martinez,7,9,43.75,2009,2020,12,17.0,19.0,479.0,305.0,215.0,104.0,79.0,21.0,34.0,U,1989-05-12,VEN,male,16,66.0,83.544,61.765,2.125,3.967
Zachary Svajda,0,1,0.0,2019,2019,1,3.0,2.0,183.0,134.0,76.0,27.0,26.0,11.0,20.0,U,2002-11-29,USA,male,1,17.0,65.385,55.0,20.0,1.093
Gary Rose,0,2,0.0,1970,1971,2,0.0,0.0,0.0,0.0,0.0,0.0,0.0,0.0,0.0,R,1945-08-03,USA,male,2,0.0,,,0.0,
Josh Goodall,0,6,0.0,2009,2012,4,13.0,38.0,307.0,183.0,139.0,65.0,47.0,23.0,29.0,R,1985-10-17,GBR,male,6,41.0,87.234,79.31,4.833,12.378
Massimo Dellacqua,1,5,16.667,2003,2008,6,29.0,62.0,470.0,267.0,204.0,89.0,71.0,16.0,31.0,R,1979-09-06,ITA,male,6,56.0,78.873,51.613,5.167,13.191
Andrei Pavel,246,235,51.143,1991,2009,19,915.0,2096.0,34912.0,22669.0,15531.0,6039.0,5358.0,1840.0,3123.0,R,1974-01-27,ROU,male,481,4075.0,76.054,58.918,6.493,6.004
Alexander Kudryavtsev,5,15,25.0,2007,2016,10,51.0,126.0,1689.0,886.0,649.0,410.0,263.0,67.0,125.0,R,1985-10-26,RUS,male,20,205.0,77.947,53.6,6.25,7.46
J Logan,0,1,0.0,1974,1974,1,0.0,0.0,0.0,0.0,0.0,0.0,0.0,0.0,0.0,U,,USA,male,1,0.0,,,0.0,
Jim Thomas,0,3,0.0,1999,2001,3,6.0,7.0,154.0,88.0,50.0,32.0,25.0,8.0,20.0,R,1974-09-24,USA,male,3,13.0,52.0,40.0,6.667,4.545
Chiradip Mukerjea,1,3,25.0,1974,1975,2,0.0,0.0,0.0,0.0,0.0,0.0,0.0,0.0,0.0,U,,IND,male,4,0.0,,,0.0,
Bill Monan,1,3,25.0,1969,1972,4,0.0,0.0,0.0,0.0,0.0,0.0,0.0,0.0,0.0,U,,USA,male,4,0.0,,,0.0,
Thierry Guardiola,12,41,22.642,1990,2000,11,91.0,153.0,4265.0,2356.0,1552.0,910.0,632.0,273.0,478.0,R,1971-08-07,FRA,male,53,427.0,67.563,57.113,9.019,3.587
Jacques Grandjean,0,3,0.0,1982,1983,2,0.0,0.0,0.0,0.0,0.0,0.0,0.0,0.0,0.0,R,,BEL,male,3,0.0,,,0.0,
Allan Wall,0,1,0.0,1968,1968,1,0.0,0.0,0.0,0.0,0.0,0.0,0.0,0.0,0.0,U,1946-05-17,AUS,male,1,0.0,,,0.0,
Boris Bachert,0,1,0.0,1998,1998,1,8.0,8.0,102.0,55.0,39.0,22.0,11.0,13.0,15.0,R,1981-04-16,GER,male,1,9.0,81.818,86.667,15.0,7.843
John Ross,25,48,34.247,1971,1991,21,3.0,7.0,112.0,63.0,44.0,29.0,16.0,11.0,13.0,R,1964-02-29,USA,male,73,14.0,87.5,84.615,0.178,6.25
Armando Vieira,0,1,0.0,1970,1970,1,0.0,0.0,0.0,0.0,0.0,0.0,0.0,0.0,0.0,,1925-04-11,BRA,male,1,0.0,,,0.0,
Shovon Jamaly,5,9,35.714,1986,1991,6,0.0,0.0,0.0,0.0,0.0,0.0,0.0,0.0,0.0,U,1968-01-18,BAN,male,14,0.0,,,0.0,
Joe Osadca,0,1,0.0,1969,1969,1,0.0,0.0,0.0,0.0,0.0,0.0,0.0,0.0,0.0,U,,CAN,male,1,0.0,,,0.0,
Matthew Ebden,76,124,38.0,2010,2021,12,933.0,1152.0,15242.0,9299.0,6577.0,2714.0,2369.0,827.0,1451.0,R,1987-11-26,AUS,male,200,1745.0,73.66,56.995,7.255,7.558
Petros Tsitsipas,2,0,100.0,2020,2020,1,0.0,0.0,0.0,0.0,0.0,0.0,0.0,0.0,0.0,U,2000-07-27,GRE,male,2,0.0,,,0.0,
Pancho Walthall,8,17,32.0,1969,1979,11,0.0,0.0,0.0,0.0,0.0,0.0,0.0,0.0,0.0,R,1950-02-16,USA,male,25,0.0,,,0.0,
Andrei Medvedev,274,171,61.573,1991,2001,11,1486.0,2301.0,35220.0,20314.0,14475.0,7291.0,5304.0,1863.0,3114.0,R,1974-08-31,UKR,male,445,4053.0,76.414,59.827,6.998,6.533
Greg Muller,0,1,0.0,1971,1971,1,0.0,0.0,0.0,0.0,0.0,0.0,0.0,0.0,0.0,R,,RSA,male,1,0.0,,,0.0,
Juan Albert Viloca Puig,48,77,38.4,1992,2001,10,350.0,387.0,9479.0,5698.0,3846.0,1809.0,1452.0,598.0,1013.0,R,1973-01-17,ESP,male,125,1037.0,71.419,59.033,8.104,4.083
Lionel Kemajou,1,4,20.0,1989,1991,3,0.0,0.0,0.0,0.0,0.0,0.0,0.0,0.0,0.0,U,1970-07-04,CMR,male,5,0.0,,,0.0,
Chris Ellis,0,1,0.0,1977,1977,1,0.0,0.0,0.0,0.0,0.0,0.0,0.0,0.0,0.0,R,,AUS,male,1,0.0,,,0.0,
Andrew Castle,22,52,29.73,1986,1992,7,39.0,40.0,845.0,518.0,353.0,147.0,127.0,48.0,85.0,R,1963-11-15,GBR,male,74,90.0,70.866,56.471,1.149,4.734
Robert Farah,4,9,30.769,2011,2014,4,24.0,57.0,731.0,440.0,284.0,143.0,113.0,54.0,92.0,R,1987-01-20,COL,male,13,75.0,66.372,58.696,7.077,7.798
Rafael Nadal,1014,204,83.251,2002,2021,20,1878.0,3678.0,85851.0,58587.0,42283.0,15667.0,14082.0,3919.0,5893.0,L,1986-06-03,ESP,male,1218,12108.0,85.982,66.503,4.838,4.284
Marcus Sarstrand,1,3,25.0,1997,2003,7,13.0,18.0,290.0,153.0,100.0,57.0,45.0,13.0,32.0,R,1978-07-24,SWE,male,4,26.0,57.778,40.625,8.0,6.207
Carl Axel Hageskog,2,2,50.0,1979,1982,4,0.0,0.0,0.0,0.0,0.0,0.0,0.0,0.0,0.0,R,,SWE,male,4,0.0,,,0.0,
Alexander Waske,25,60,29.412,2002,2007,6,372.0,840.0,7078.0,4300.0,3138.0,1405.0,1090.0,330.0,542.0,R,1975-03-31,GER,male,85,878.0,80.55,60.886,6.376,11.868
Geoff Martinez,0,1,0.0,1980,1980,1,0.0,0.0,0.0,0.0,0.0,0.0,0.0,0.0,0.0,R,1956-02-13,USA,male,1,0.0,,,0.0,
Ray Kelly,2,9,18.182,1976,1981,6,0.0,0.0,0.0,0.0,0.0,0.0,0.0,0.0,0.0,R,,AUS,male,11,0.0,,,0.0,
Jack Mingjie Lin,0,1,0.0,2019,2019,1,2.0,0.0,60.0,36.0,20.0,9.0,8.0,5.0,9.0,U,1999-04-15,CAN,male,1,4.0,50.0,55.556,9.0,0.0
Julien Cagnina,0,1,0.0,2018,2018,1,2.0,4.0,67.0,45.0,31.0,9.0,10.0,10.0,13.0,R,1994-06-04,BEL,male,1,7.0,70.0,76.923,13.0,5.97
Mansour Bahrami,26,47,35.616,1973,1997,25,4.0,8.0,152.0,93.0,61.0,25.0,24.0,11.0,20.0,R,1956-04-26,IRI,male,73,15.0,62.5,55.0,0.274,5.263
David Szintai,0,1,0.0,2019,2019,1,3.0,7.0,82.0,46.0,33.0,20.0,10.0,4.0,5.0,U,1997-06-09,HUN,male,1,9.0,90.0,80.0,5.0,8.537
Robinson Ureta,3,5,37.5,1987,1989,3,0.0,0.0,0.0,0.0,0.0,0.0,0.0,0.0,0.0,R,1963-03-10,CHI,male,8,0.0,,,0.0,
Flavio Cipolla,36,66,35.294,2006,2013,8,365.0,82.0,7486.0,5160.0,3053.0,1046.0,1107.0,532.0,964.0,R,1983-10-20,ITA,male,102,675.0,60.976,55.187,9.451,1.095
Abdullah Al Mahmeed,0,1,0.0,1993,1993,1,0.0,0.0,0.0,0.0,0.0,0.0,0.0,0.0,0.0,U,1974-03-06,KUW,male,1,0.0,,,0.0,
Kjell Johansson,108,123,46.753,1969,1982,14,0.0,0.0,0.0,0.0,0.0,0.0,0.0,0.0,0.0,R,1951-02-12,SWE,male,231,0.0,,,0.0,
Haruhiko Matsunaga,0,1,0.0,1981,1981,1,0.0,0.0,0.0,0.0,0.0,0.0,0.0,0.0,0.0,R,,JPN,male,1,0.0,,,0.0,
Toby Crabel,0,1,0.0,1980,1980,1,0.0,0.0,0.0,0.0,0.0,0.0,0.0,0.0,0.0,R,,USA,male,1,0.0,,,0.0,
Bernard Frost,1,0,100.0,1990,1990,1,0.0,0.0,0.0,0.0,0.0,0.0,0.0,0.0,0.0,U,1966-06-22,BAR,male,1,0.0,,,0.0,
Juan Sebastian Langton,3,9,25.0,2005,2012,8,0.0,0.0,0.0,0.0,0.0,0.0,0.0,0.0,0.0,R,1983-06-24,SAM,male,12,0.0,,,0.0,
Luis Riba,0,2,0.0,1971,1972,2,0.0,0.0,0.0,0.0,0.0,0.0,0.0,0.0,0.0,R,,ESP,male,2,0.0,,,0.0,
Nikola Soear,1,1,50.0,1975,1975,1,0.0,0.0,0.0,0.0,0.0,0.0,0.0,0.0,0.0,R,,YUG,male,2,0.0,,,0.0,
Stephen Avoyer,0,1,0.0,1968,1968,1,0.0,0.0,0.0,0.0,0.0,0.0,0.0,0.0,0.0,U,1948-04-28,USA,male,1,0.0,,,0.0,
Guido Andreozzi,11,25,30.556,2012,2019,8,171.0,146.0,2978.0,1806.0,1237.0,537.0,443.0,196.0,320.0,R,1991-08-05,ARG,male,36,319.0,72.009,61.25,8.889,4.903
Darren Kirk,0,1,0.0,1988,1988,1,0.0,0.0,0.0,0.0,0.0,0.0,0.0,0.0,0.0,R,1968-07-23,GBR,male,1,0.0,,,0.0,
Darren Kirk,0,1,0.0,1988,1988,1,0.0,0.0,0.0,0.0,0.0,0.0,0.0,0.0,0.0,U,1969-07-23,GBR,male,1,0.0,,,0.0,
Alexandros Jakupovic,5,10,33.333,2002,2014,13,0.0,0.0,0.0,0.0,0.0,0.0,0.0,0.0,0.0,R,1981-12-14,GRE,male,15,0.0,,,0.0,
Daniel Brands,59,93,38.816,2007,2019,13,447.0,1335.0,12166.0,8014.0,5826.0,2127.0,1918.0,572.0,920.0,R,1987-07-17,GER,male,152,1570.0,81.856,62.174,6.053,10.973
Martin Carlstein,0,3,0.0,1969,1974,6,0.0,0.0,0.0,0.0,0.0,0.0,0.0,0.0,0.0,U,,SWE,male,3,0.0,,,0.0,
Kaya Saydas,0,2,0.0,1987,1987,1,0.0,0.0,0.0,0.0,0.0,0.0,0.0,0.0,0.0,U,1962-07-31,TUR,male,2,0.0,,,0.0,
Bobby Blair,0,2,0.0,1986,1986,1,0.0,0.0,0.0,0.0,0.0,0.0,0.0,0.0,0.0,R,1964-10-24,USA,male,2,0.0,,,0.0,
Ismar Gorcic,1,2,33.333,2010,2010,1,0.0,0.0,0.0,0.0,0.0,0.0,0.0,0.0,0.0,R,1983-05-22,BIH,male,3,0.0,,,0.0,
A Moscoso,0,1,0.0,1980,1980,1,0.0,0.0,0.0,0.0,0.0,0.0,0.0,0.0,0.0,R,,CRC,male,1,0.0,,,0.0,
Ralph Geiger,0,2,0.0,1971,1971,1,0.0,0.0,0.0,0.0,0.0,0.0,0.0,0.0,0.0,U,,GER,male,2,0.0,,,0.0,
Juan Pablo Guzman,6,17,26.087,2002,2007,6,65.0,70.0,1605.0,968.0,662.0,302.0,247.0,92.0,156.0,L,1981-01-29,ARG,male,23,183.0,74.089,58.974,6.783,4.361
Hazem Naw,1,1,50.0,2020,2020,1,0.0,0.0,0.0,0.0,0.0,0.0,0.0,0.0,0.0,R,2000-01-01,UNK,male,2,0.0,,,0.0,
Tom Diederich,0,1,0.0,2016,2016,1,5.0,6.0,64.0,34.0,23.0,16.0,9.0,6.0,8.0,L,1992-12-08,LUX,male,1,7.0,77.778,75.0,8.0,9.375
Quentin Pretorius,1,5,16.667,1969,1972,4,0.0,0.0,0.0,0.0,0.0,0.0,0.0,0.0,0.0,U,1944-07-27,RSA,male,6,0.0,,,0.0,
Rene Hanak,0,1,0.0,1990,1990,1,0.0,0.0,0.0,0.0,0.0,0.0,0.0,0.0,0.0,R,1973-05-04,CZE,male,1,0.0,,,0.0,
Ognen Nikolovski,0,4,0.0,1996,1999,4,0.0,0.0,0.0,0.0,0.0,0.0,0.0,0.0,0.0,U,1974-04-02,MKD,male,4,0.0,,,0.0,
Sandor Noszaly,24,47,33.803,1989,1996,8,256.0,249.0,3780.0,2465.0,1632.0,552.0,555.0,218.0,394.0,R,1972-03-16,HUN,male,71,379.0,68.288,55.33,5.549,6.587
Iurie Gorban,0,1,0.0,2001,2001,1,0.0,0.0,0.0,0.0,0.0,0.0,0.0,0.0,0.0,R,1976-06-21,MDA,male,1,0.0,,,0.0,
Peter Bastiansen,21,13,61.765,1972,1987,16,0.0,0.0,0.0,0.0,0.0,0.0,0.0,0.0,0.0,R,1962-05-03,DEN,male,34,0.0,,,0.0,
Chaim Arlozorov,1,5,16.667,1979,1981,3,0.0,0.0,0.0,0.0,0.0,0.0,0.0,0.0,0.0,R,1957-03-12,ISR,male,6,0.0,,,0.0,
Steven Diez,2,8,20.0,2010,2020,11,33.0,18.0,673.0,422.0,265.0,115.0,102.0,37.0,72.0,R,1991-03-17,CAN,male,10,67.0,65.686,51.389,7.2,2.675
Siu Fai Kelvin Lam,1,0,100.0,2010,2010,1,0.0,0.0,0.0,0.0,0.0,0.0,0.0,0.0,0.0,R,1994-01-06,HKG,male,1,0.0,,,0.0,
Ali Kadhim,2,2,50.0,1989,1990,2,0.0,0.0,0.0,0.0,0.0,0.0,0.0,0.0,0.0,U,,IRQ,male,4,0.0,,,0.0,
Praful Ghatage,0,1,0.0,1973,1973,1,0.0,0.0,0.0,0.0,0.0,0.0,0.0,0.0,0.0,U,,UNK,male,1,0.0,,,0.0,
Gabriel Silberstein,11,14,44.0,1994,1997,4,24.0,29.0,681.0,420.0,281.0,119.0,107.0,47.0,81.0,R,1974-10-17,CHI,male,25,73.0,68.224,58.025,3.24,4.258
Giuseppe Belli,0,1,0.0,1971,1971,1,0.0,0.0,0.0,0.0,0.0,0.0,0.0,0.0,0.0,U,,ITA,male,1,0.0,,,0.0,
P Gorostiaga,0,3,0.0,1974,1976,3,0.0,0.0,0.0,0.0,0.0,0.0,0.0,0.0,0.0,U,,ARG,male,3,0.0,,,0.0,
Junjo Kawamuri,0,2,0.0,1968,1971,4,0.0,0.0,0.0,0.0,0.0,0.0,0.0,0.0,0.0,U,,JPN,male,2,0.0,,,0.0,
Frederic Fontang,27,55,32.927,1989,1997,9,146.0,75.0,6116.0,3993.0,2346.0,954.0,891.0,387.0,746.0,R,1970-03-18,FRA,male,82,532.0,59.708,51.877,9.098,1.226
Tomas Machac,1,3,25.0,2020,2021,2,9.0,24.0,479.0,316.0,203.0,85.0,68.0,31.0,46.0,R,2000-10-13,CZE,male,4,53.0,77.941,67.391,11.5,5.01
A Trenkle,0,1,0.0,1978,1978,1,0.0,0.0,0.0,0.0,0.0,0.0,0.0,0.0,0.0,U,,GER,male,1,0.0,,,0.0,
Matthew Behrmann,0,1,0.0,2003,2003,1,4.0,1.0,45.0,22.0,11.0,8.0,7.0,3.0,8.0,R,1980-08-03,USA,male,1,2.0,28.571,37.5,8.0,2.222
Pedro Rodrigues,0,1,0.0,1972,1972,1,0.0,0.0,0.0,0.0,0.0,0.0,0.0,0.0,0.0,U,,BRA,male,1,0.0,,,0.0,
Bengt Aberg,0,3,0.0,1971,1974,4,0.0,0.0,0.0,0.0,0.0,0.0,0.0,0.0,0.0,R,,SWE,male,3,0.0,,,0.0,
Sultan Aman Azman,1,1,50.0,1968,1968,1,0.0,0.0,0.0,0.0,0.0,0.0,0.0,0.0,0.0,U,,MAS,male,2,0.0,,,0.0,
Juan Gisbert,162,127,56.055,1968,1976,9,0.0,0.0,0.0,0.0,0.0,0.0,0.0,0.0,0.0,R,1942-04-05,ESP,male,289,0.0,,,0.0,
Ranjeet Virali Murugesan,0,2,0.0,2013,2013,1,0.0,0.0,0.0,0.0,0.0,0.0,0.0,0.0,0.0,U,1985-09-30,IND,male,2,0.0,,,0.0,
David Borelli,0,1,0.0,1970,1970,1,0.0,0.0,0.0,0.0,0.0,0.0,0.0,0.0,0.0,U,1951-02-04,USA,male,1,0.0,,,0.0,
Nobuya Tamura,1,5,16.667,1978,1981,4,0.0,0.0,0.0,0.0,0.0,0.0,0.0,0.0,0.0,R,,JPN,male,6,0.0,,,0.0,
Wei You,8,6,57.143,1984,1988,5,0.0,0.0,0.0,0.0,0.0,0.0,0.0,0.0,0.0,U,1962-11-07,CHN,male,14,0.0,,,0.0,
Bruno Rosa,0,1,0.0,2004,2004,1,0.0,0.0,0.0,0.0,0.0,0.0,0.0,0.0,0.0,R,1986-02-14,BRA,male,1,0.0,,,0.0,
Hassan Al Mousa,0,1,0.0,2009,2009,1,0.0,0.0,0.0,0.0,0.0,0.0,0.0,0.0,0.0,U,1990-03-08,KUW,male,1,0.0,,,0.0,
Murad Inoyatov,3,9,25.0,2003,2012,10,0.0,0.0,0.0,0.0,0.0,0.0,0.0,0.0,0.0,R,1984-11-13,UZB,male,12,0.0,,,0.0,
Ke Qin Ma,4,3,57.143,1984,1988,5,0.0,0.0,0.0,0.0,0.0,0.0,0.0,0.0,0.0,R,,CHN,male,7,0.0,,,0.0,
Vitas Gerulaitis,339,136,71.368,1971,1985,15,0.0,0.0,0.0,0.0,0.0,0.0,0.0,0.0,0.0,R,1954-07-26,USA,male,475,0.0,,,0.0,
Marko Tepavac,0,1,0.0,2017,2017,1,1.0,6.0,70.0,37.0,23.0,15.0,11.0,2.0,6.0,R,1994-04-05,SRB,male,1,7.0,63.636,33.333,6.0,8.571
Dawood Sayed Hashim,0,1,0.0,2015,2015,1,0.0,0.0,0.0,0.0,0.0,0.0,0.0,0.0,0.0,L,1996-07-06,KUW,male,1,0.0,,,0.0,
Piet Norval,4,12,25.0,1987,1998,12,30.0,36.0,365.0,183.0,139.0,75.0,55.0,24.0,41.0,R,1970-04-07,RSA,male,16,38.0,69.091,58.537,2.562,9.863
Charles Irie,0,1,0.0,2005,2005,1,0.0,0.0,0.0,0.0,0.0,0.0,0.0,0.0,0.0,R,1985-07-07,CIV,male,1,0.0,,,0.0,
Ken Fletcher,7,5,58.333,1968,1969,2,0.0,0.0,0.0,0.0,0.0,0.0,0.0,0.0,0.0,R,1940-06-15,AUS,male,12,0.0,,,0.0,
Philip Johnson,8,14,36.364,1987,1990,4,0.0,0.0,0.0,0.0,0.0,0.0,0.0,0.0,0.0,R,1964-09-11,USA,male,22,0.0,,,0.0,
Mark Koevermans,67,72,48.201,1988,1993,6,128.0,231.0,4986.0,2822.0,1898.0,1032.0,778.0,287.0,521.0,R,1968-02-03,NED,male,139,544.0,69.923,55.086,3.748,4.633
Germain Gigounon,0,1,0.0,2015,2015,1,3.0,1.0,67.0,30.0,16.0,13.0,12.0,0.0,7.0,R,1989-04-20,BEL,male,1,5.0,41.667,0.0,7.0,1.493
Andres Gomez,472,221,68.11,1979,1995,17,212.0,350.0,5115.0,2861.0,2021.0,1056.0,750.0,304.0,501.0,L,1960-02-27,ECU,male,693,553.0,73.733,60.679,0.723,6.843
Gordon Forbes,0,6,0.0,1968,1971,4,0.0,0.0,0.0,0.0,0.0,0.0,0.0,0.0,0.0,R,1934-02-21,RSA,male,6,0.0,,,0.0,
Andrei Merinov,3,8,27.273,1991,1997,7,36.0,14.0,815.0,512.0,295.0,142.0,122.0,50.0,97.0,L,1971-06-23,RUS,male,11,75.0,61.475,51.546,8.818,1.718
Tim Trigueiro,0,1,0.0,1986,1986,1,0.0,0.0,0.0,0.0,0.0,0.0,0.0,0.0,0.0,R,1967-01-16,USA,male,1,0.0,,,0.0,
Hyeong Keun Song,0,3,0.0,1992,1999,8,2.0,0.0,64.0,52.0,27.0,2.0,8.0,6.0,11.0,R,1974-09-16,KOR,male,3,3.0,37.5,54.545,3.667,0.0
Glenn Layendecker,63,83,43.151,1984,1992,9,70.0,104.0,1602.0,975.0,679.0,311.0,244.0,99.0,155.0,L,1961-05-09,USA,male,146,188.0,77.049,63.871,1.062,6.492
Zura Tkemaladze,0,1,0.0,2020,2020,1,0.0,0.0,0.0,0.0,0.0,0.0,0.0,0.0,0.0,U,2000-06-04,GEO,male,1,0.0,,,0.0,
Lawrence Tere,0,4,0.0,1998,1998,1,0.0,0.0,0.0,0.0,0.0,0.0,0.0,0.0,0.0,U,1980-02-25,PNG,male,4,0.0,,,0.0,
Mark Shires,0,1,0.0,1975,1975,1,0.0,0.0,0.0,0.0,0.0,0.0,0.0,0.0,0.0,R,,USA,male,1,0.0,,,0.0,
T Allen,1,0,100.0,1974,1974,1,0.0,0.0,0.0,0.0,0.0,0.0,0.0,0.0,0.0,U,,GBR,male,1,0.0,,,0.0,
Robert Bettauer,1,5,16.667,1977,1979,3,0.0,0.0,0.0,0.0,0.0,0.0,0.0,0.0,0.0,R,1956-05-02,CAN,male,6,0.0,,,0.0,
Ivan Dodig,118,140,45.736,2008,2017,10,806.0,2051.0,19565.0,11476.0,8319.0,3996.0,3044.0,1019.0,1699.0,R,1985-01-02,CRO,male,258,2364.0,77.661,59.976,6.585,10.483
Richard Kasten,0,1,0.0,1971,1971,1,0.0,0.0,0.0,0.0,0.0,0.0,0.0,0.0,0.0,U,,UNK,male,1,0.0,,,0.0,
S Viljoen,1,1,50.0,1983,1983,1,0.0,0.0,0.0,0.0,0.0,0.0,0.0,0.0,0.0,R,,RSA,male,2,0.0,,,0.0,
Aymen Abou Jaber,0,2,0.0,1990,1990,1,0.0,0.0,0.0,0.0,0.0,0.0,0.0,0.0,0.0,U,1970-05-18,JOR,male,2,0.0,,,0.0,
Bill Brown,1,2,33.333,1969,1974,6,0.0,0.0,0.0,0.0,0.0,0.0,0.0,0.0,0.0,U,,USA,male,3,0.0,,,0.0,
Ivan Keskinov,8,7,53.333,1989,1994,6,0.0,0.0,0.0,0.0,0.0,0.0,0.0,0.0,0.0,R,1970-05-22,BUL,male,15,0.0,,,0.0,
Carlos Chabalgoity,2,2,50.0,1982,1983,2,0.0,0.0,0.0,0.0,0.0,0.0,0.0,0.0,0.0,R,1965-02-02,BRA,male,4,0.0,,,0.0,
Scott Draper,101,121,45.495,1995,2005,11,629.0,1456.0,18831.0,10632.0,7703.0,4195.0,2867.0,991.0,1617.0,L,1974-06-05,AUS,male,222,2241.0,78.165,61.286,7.284,7.732
Ponkaphan Phisaimongket,1,0,100.0,1981,1981,1,0.0,0.0,0.0,0.0,0.0,0.0,0.0,0.0,0.0,U,,THA,male,1,0.0,,,0.0,
Piero Demichelli,0,1,0.0,2004,2004,1,0.0,0.0,0.0,0.0,0.0,0.0,0.0,0.0,0.0,L,1979-07-16,PER,male,1,0.0,,,0.0,
Rashid Malik,10,8,55.556,1984,1992,9,0.0,0.0,0.0,0.0,0.0,0.0,0.0,0.0,0.0,R,1963-02-02,PAK,male,18,0.0,,,0.0,
Martin Spottl,2,3,40.0,1999,2000,2,13.0,32.0,395.0,167.0,130.0,124.0,61.0,22.0,32.0,R,1975-11-23,AUT,male,5,51.0,83.607,68.75,6.4,8.101
Eric Wilborts,8,9,47.059,1981,1983,3,0.0,0.0,0.0,0.0,0.0,0.0,0.0,0.0,0.0,R,1964-06-20,NED,male,17,0.0,,,0.0,
Graham Silberman,0,1,0.0,1976,1976,1,0.0,0.0,0.0,0.0,0.0,0.0,0.0,0.0,0.0,U,1956-04-22,RSA,male,1,0.0,,,0.0,
Carlos Taborga,0,1,0.0,2012,2012,1,0.0,0.0,0.0,0.0,0.0,0.0,0.0,0.0,0.0,R,1991-04-03,BOL,male,1,0.0,,,0.0,
Kim Warwick,223,207,51.86,1970,1988,19,0.0,0.0,0.0,0.0,0.0,0.0,0.0,0.0,0.0,R,1952-04-08,AUS,male,430,0.0,,,0.0,
David Tate,0,2,0.0,1971,1973,3,0.0,0.0,0.0,0.0,0.0,0.0,0.0,0.0,0.0,U,,CAR,male,2,0.0,,,0.0,
Eric Fromm,46,70,39.655,1979,1987,9,0.0,0.0,0.0,0.0,0.0,0.0,0.0,0.0,0.0,R,1958-06-27,USA,male,116,0.0,,,0.0,
Philip Holton,2,1,66.667,1968,1968,1,0.0,0.0,0.0,0.0,0.0,0.0,0.0,0.0,0.0,U,,AUS,male,3,0.0,,,0.0,
Cyril Rudman,1,2,33.333,1970,1971,2,0.0,0.0,0.0,0.0,0.0,0.0,0.0,0.0,0.0,R,,RSA,male,3,0.0,,,0.0,
Inam Ul Haq,0,1,0.0,1981,1981,1,0.0,0.0,0.0,0.0,0.0,0.0,0.0,0.0,0.0,U,1958-11-19,PAK,male,1,0.0,,,0.0,
Unknown Doherty,0,1,0.0,1968,1968,1,0.0,0.0,0.0,0.0,0.0,0.0,0.0,0.0,0.0,U,,,male,1,0.0,,,0.0,
Mustafa Azkara,2,2,50.0,2000,2001,2,0.0,0.0,0.0,0.0,0.0,0.0,0.0,0.0,0.0,R,1970-12-19,TUR,male,4,0.0,,,0.0,
Najdo Abou Hassoun,1,1,50.0,1973,1973,1,0.0,0.0,0.0,0.0,0.0,0.0,0.0,0.0,0.0,U,,LIB,male,2,0.0,,,0.0,
Dale Houston,2,3,40.0,1984,1984,1,0.0,0.0,0.0,0.0,0.0,0.0,0.0,0.0,0.0,R,1961-11-15,AUS,male,5,0.0,,,0.0,
Tom Frisher,0,1,0.0,1979,1979,1,0.0,0.0,0.0,0.0,0.0,0.0,0.0,0.0,0.0,R,,ISR,male,1,0.0,,,0.0,
Mehdi Ziadi,0,9,0.0,2004,2013,10,16.0,23.0,296.0,152.0,89.0,65.0,47.0,12.0,36.0,R,1986-09-20,MAR,male,9,23.0,48.936,33.333,4.0,7.77
Tommy Haas,534,326,62.093,1996,2017,22,3101.0,5578.0,63713.0,37311.0,27692.0,13767.0,10101.0,3045.0,4894.0,R,1978-04-03,GER,male,860,8252.0,81.695,62.219,5.691,8.755
Goran Popov,0,1,0.0,1996,1996,1,0.0,0.0,0.0,0.0,0.0,0.0,0.0,0.0,0.0,U,1970-12-10,MKD,male,1,0.0,,,0.0,
Ryler Deheart,1,4,20.0,2008,2010,3,15.0,38.0,483.0,291.0,199.0,98.0,75.0,27.0,44.0,L,1984-01-03,USA,male,5,58.0,77.333,61.364,8.8,7.867
Jaime Subirats,0,2,0.0,1968,1968,1,0.0,0.0,0.0,0.0,0.0,0.0,0.0,0.0,0.0,U,,MEX,male,2,0.0,,,0.0,
Sebastien De Chaunac,11,21,34.375,2001,2009,9,121.0,179.0,2742.0,1496.0,1017.0,606.0,410.0,156.0,274.0,R,1977-10-07,FRA,male,32,292.0,71.22,56.934,8.562,6.528
Darian King,21,16,56.757,2012,2020,9,48.0,28.0,1375.0,890.0,543.0,230.0,203.0,91.0,162.0,R,1992-04-26,BAR,male,37,132.0,65.025,56.173,4.378,2.036
Amir Hadad,6,8,42.857,1998,2005,8,7.0,23.0,546.0,334.0,223.0,102.0,80.0,45.0,70.0,R,1978-02-17,ISR,male,14,55.0,68.75,64.286,5.0,4.212
Horacio De La Pena,188,174,51.934,1984,1994,11,134.0,125.0,7608.0,5280.0,3195.0,1148.0,1152.0,457.0,842.0,L,1966-08-01,ARG,male,362,767.0,66.58,54.276,2.326,1.643
John Lucas,0,2,0.0,1973,1973,1,0.0,0.0,0.0,0.0,0.0,0.0,0.0,0.0,0.0,R,1954-10-31,USA,male,2,0.0,,,0.0,
Jonathan Stark,113,135,45.565,1988,2001,14,919.0,2156.0,19416.0,11490.0,8737.0,3873.0,2982.0,867.0,1416.0,R,1971-04-03,USA,male,248,2433.0,81.59,61.229,5.71,11.104
Anatol Navrotchi,0,1,0.0,1981,1981,1,0.0,0.0,0.0,0.0,0.0,0.0,0.0,0.0,0.0,U,1949-06-01,LUX,male,1,0.0,,,0.0,
Yuval Karutzi,0,1,0.0,1990,1990,1,0.0,0.0,0.0,0.0,0.0,0.0,0.0,0.0,0.0,R,1970-02-21,ISR,male,1,0.0,,,0.0,
Konstantin Pugaev,6,0,100.0,1981,1982,2,0.0,0.0,0.0,0.0,0.0,0.0,0.0,0.0,0.0,U,1955-06-27,URS,male,6,0.0,,,0.0,
Denis Galea,0,2,0.0,1986,1986,1,0.0,0.0,0.0,0.0,0.0,0.0,0.0,0.0,0.0,U,1963-02-22,MLT,male,2,0.0,,,0.0,
Paul Wekesa,25,37,40.323,1986,1995,10,85.0,79.0,1492.0,907.0,627.0,261.0,233.0,65.0,131.0,R,1967-07-02,KEN,male,62,167.0,71.674,49.618,2.113,5.295
Franz Luna Lavidalie,0,2,0.0,2019,2020,2,0.0,0.0,0.0,0.0,0.0,0.0,0.0,0.0,0.0,R,1997-10-05,GUA,male,2,0.0,,,0.0,
Kelvin Belcher,3,8,27.273,1984,1985,2,0.0,0.0,0.0,0.0,0.0,0.0,0.0,0.0,0.0,R,1961-09-20,USA,male,11,0.0,,,0.0,
Elwyn Mccabe,0,5,0.0,1970,1975,6,0.0,0.0,0.0,0.0,0.0,0.0,0.0,0.0,0.0,U,,UNK,male,5,0.0,,,0.0,
Lothar Lanz,0,3,0.0,1968,1971,4,0.0,0.0,0.0,0.0,0.0,0.0,0.0,0.0,0.0,U,,GER,male,3,0.0,,,0.0,
Bassel Rahmy,1,0,100.0,1993,1993,1,0.0,0.0,0.0,0.0,0.0,0.0,0.0,0.0,0.0,U,1972-05-07,EGY,male,1,0.0,,,0.0,
Adrian Bodmer,0,2,0.0,2018,2018,1,6.0,10.0,200.0,109.0,73.0,49.0,26.0,15.0,22.0,U,1995-03-06,SUI,male,2,19.0,73.077,68.182,11.0,5.0
Aissa Benchakroun,1,0,100.0,2020,2020,1,0.0,0.0,0.0,0.0,0.0,0.0,0.0,0.0,0.0,U,,MAR,male,1,0.0,,,0.0,
Hatem Mcdadi,0,5,0.0,1984,1987,4,0.0,0.0,0.0,0.0,0.0,0.0,0.0,0.0,0.0,R,1964-01-10,CAN,male,5,0.0,,,0.0,
Ferenc Zentai,1,3,25.0,1985,1985,1,0.0,0.0,0.0,0.0,0.0,0.0,0.0,0.0,0.0,U,1963-03-21,HUN,male,4,0.0,,,0.0,
Harsh Mankad,6,10,37.5,2000,2005,6,13.0,7.0,280.0,175.0,119.0,50.0,41.0,15.0,26.0,R,1979-11-10,IND,male,16,30.0,73.171,57.692,1.625,2.5
Samer Mourad,0,6,0.0,1989,1991,3,0.0,0.0,0.0,0.0,0.0,0.0,0.0,0.0,0.0,U,1958-06-23,SYR,male,6,0.0,,,0.0,
Osuma Nakamura,0,3,0.0,1978,1979,2,0.0,0.0,0.0,0.0,0.0,0.0,0.0,0.0,0.0,R,,JPN,male,3,0.0,,,0.0,
Sandor Martinez Breijo,4,9,30.769,1998,2007,10,0.0,0.0,0.0,0.0,0.0,0.0,0.0,0.0,0.0,R,1981-03-21,CUB,male,13,0.0,,,0.0,
Valentin Dimov,0,2,0.0,2009,2010,2,0.0,0.0,0.0,0.0,0.0,0.0,0.0,0.0,0.0,R,1989-03-12,BUL,male,2,0.0,,,0.0,
Joshua Eagle,2,9,18.182,1993,2001,9,29.0,20.0,765.0,511.0,308.0,118.0,115.0,37.0,80.0,R,1973-05-10,AUS,male,11,72.0,62.609,46.25,7.273,2.614
Teimuraz Kakoulia,23,26,46.939,1970,1977,8,0.0,0.0,0.0,0.0,0.0,0.0,0.0,0.0,0.0,R,,RUS,male,49,0.0,,,0.0,
Marcelo Grassi,0,1,0.0,1983,1983,1,0.0,0.0,0.0,0.0,0.0,0.0,0.0,0.0,0.0,R,,ITA,male,1,0.0,,,0.0,
Ken Weatherley,0,3,0.0,1970,1972,3,0.0,0.0,0.0,0.0,0.0,0.0,0.0,0.0,0.0,R,1947-11-24,GBR,male,3,0.0,,,0.0,
Patrick Beraud,0,1,0.0,1968,1968,1,0.0,0.0,0.0,0.0,0.0,0.0,0.0,0.0,0.0,,1948-12-14,FRA,male,1,0.0,,,0.0,
Roberto Gratz,0,2,0.0,1973,1977,5,0.0,0.0,0.0,0.0,0.0,0.0,0.0,0.0,0.0,U,,ARG,male,2,0.0,,,0.0,
Alan Frost,0,1,0.0,1968,1968,1,0.0,0.0,0.0,0.0,0.0,0.0,0.0,0.0,0.0,R,,AUS,male,1,0.0,,,0.0,
Tawfik Al Ibrahim,0,1,0.0,1991,1991,1,0.0,0.0,0.0,0.0,0.0,0.0,0.0,0.0,0.0,U,1976-07-01,KSA,male,1,0.0,,,0.0,
Fazaluddin Syed,4,5,44.444,1999,2001,3,1.0,7.0,57.0,27.0,17.0,17.0,9.0,3.0,6.0,R,1974-10-18,IND,male,9,6.0,66.667,50.0,0.667,12.281
Aisam Ul Haq Qureshi,39,32,54.93,1998,2020,23,100.0,279.0,1808.0,1112.0,880.0,345.0,288.0,74.0,113.0,R,1980-03-17,PAK,male,71,249.0,86.458,65.487,1.592,15.431
Ken Barton,1,5,16.667,1980,1982,3,0.0,0.0,0.0,0.0,0.0,0.0,0.0,0.0,0.0,R,,AUS,male,6,0.0,,,0.0,
Raimonds Sproga,1,2,33.333,1997,2000,4,0.0,0.0,0.0,0.0,0.0,0.0,0.0,0.0,0.0,R,1981-07-12,LAT,male,3,0.0,,,0.0,
Alberto Paris,1,4,20.0,1987,1993,7,0.0,0.0,0.0,0.0,0.0,0.0,0.0,0.0,0.0,R,1965-04-05,LUX,male,5,0.0,,,0.0,
Andre Zietsmann,2,7,22.222,1970,1980,11,0.0,0.0,0.0,0.0,0.0,0.0,0.0,0.0,0.0,R,1952-08-19,RSA,male,9,0.0,,,0.0,
Fernando Luna,174,164,51.479,1977,1991,15,1.0,1.0,268.0,229.0,118.0,15.0,37.0,18.0,37.0,R,1958-04-24,ESP,male,338,18.0,48.649,48.649,0.109,0.373
Derek Farren,0,2,0.0,1992,1992,1,0.0,0.0,0.0,0.0,0.0,0.0,0.0,0.0,0.0,R,1970-06-02,IRL,male,2,0.0,,,0.0,
Walid Jallali,4,3,57.143,2003,2008,6,0.0,0.0,0.0,0.0,0.0,0.0,0.0,0.0,0.0,R,1978-06-30,TUN,male,7,0.0,,,0.0,
Ulf Eriksson,8,17,32.0,1974,1979,6,0.0,0.0,0.0,0.0,0.0,0.0,0.0,0.0,0.0,R,,SWE,male,25,0.0,,,0.0,
Randy Druz,0,2,0.0,1983,1983,1,0.0,0.0,0.0,0.0,0.0,0.0,0.0,0.0,0.0,R,1958-02-26,USA,male,2,0.0,,,0.0,
Chung Hsing Liu,10,10,50.0,1984,1991,8,0.0,0.0,0.0,0.0,0.0,0.0,0.0,0.0,0.0,R,1964-08-30,TPE,male,20,0.0,,,0.0,
Nutthanon Kadchapanan,1,0,100.0,2014,2014,1,0.0,0.0,0.0,0.0,0.0,0.0,0.0,0.0,0.0,R,1993-06-07,THA,male,1,0.0,,,0.0,
Ramon Funtera,0,1,0.0,1974,1974,1,0.0,0.0,0.0,0.0,0.0,0.0,0.0,0.0,0.0,U,,PHI,male,1,0.0,,,0.0,
Marcos Klensch,0,2,0.0,1983,1983,1,0.0,0.0,0.0,0.0,0.0,0.0,0.0,0.0,0.0,U,,LUX,male,2,0.0,,,0.0,
Kristian Pless,47,79,37.302,1999,2012,14,409.0,690.0,9055.0,5524.0,3853.0,1788.0,1416.0,500.0,827.0,R,1981-02-09,DEN,male,126,1089.0,76.907,60.459,6.563,7.62
Enrique Olivares,1,0,100.0,2012,2012,1,0.0,0.0,0.0,0.0,0.0,0.0,0.0,0.0,0.0,R,1987-01-21,VEN,male,1,0.0,,,0.0,
Richard Hawkes,4,15,21.053,1968,1977,10,0.0,0.0,0.0,0.0,0.0,0.0,0.0,0.0,0.0,R,,NZL,male,19,0.0,,,0.0,
G Silberman,0,1,0.0,1974,1974,1,0.0,0.0,0.0,0.0,0.0,0.0,0.0,0.0,0.0,U,,RSA,male,1,0.0,,,0.0,
P Arndt,0,1,0.0,1971,1971,1,0.0,0.0,0.0,0.0,0.0,0.0,0.0,0.0,0.0,U,,AUS,male,1,0.0,,,0.0,
Andrei Ciumac,0,1,0.0,2015,2015,1,0.0,0.0,0.0,0.0,0.0,0.0,0.0,0.0,0.0,L,1985-09-10,MDA,male,1,0.0,,,0.0,
Sandor Kiss,1,5,16.667,1984,1984,1,0.0,0.0,0.0,0.0,0.0,0.0,0.0,0.0,0.0,R,,HUN,male,6,0.0,,,0.0,
Mark Bailey,14,10,58.333,1983,1991,9,0.0,0.0,0.0,0.0,0.0,0.0,0.0,0.0,0.0,R,,HKG,male,24,0.0,,,0.0,
Alvin Gardiner,27,82,24.771,1968,1981,14,0.0,0.0,0.0,0.0,0.0,0.0,0.0,0.0,0.0,R,1951-02-11,AUS,male,109,0.0,,,0.0,
Noel Holland,0,1,0.0,1971,1971,1,0.0,0.0,0.0,0.0,0.0,0.0,0.0,0.0,0.0,,1940-04-08,AUS,male,1,0.0,,,0.0,
Noel Holland,0,1,0.0,1971,1971,1,0.0,0.0,0.0,0.0,0.0,0.0,0.0,0.0,0.0,U,,AUS,male,1,0.0,,,0.0,
Matija Zgaga,1,0,100.0,2002,2002,1,0.0,0.0,0.0,0.0,0.0,0.0,0.0,0.0,0.0,L,1983-04-30,SLO,male,1,0.0,,,0.0,
Federico Coria,11,13,45.833,2018,2021,4,45.0,56.0,1991.0,1369.0,837.0,301.0,293.0,154.0,254.0,R,1992-03-09,ARG,male,24,193.0,65.87,60.63,10.583,2.813
Nick Van Rosberg,1,5,16.667,2007,2011,5,0.0,0.0,0.0,0.0,0.0,0.0,0.0,0.0,0.0,R,1987-11-06,AHO,male,6,0.0,,,0.0,
Sebastian Arcila,1,2,33.333,2016,2018,3,7.0,1.0,229.0,168.0,99.0,27.0,36.0,9.0,24.0,,,PUR,male,3,21.0,58.333,37.5,8.0,0.437
Trevor Spracklin,0,1,0.0,2002,2002,1,7.0,3.0,45.0,20.0,16.0,4.0,6.0,6.0,10.0,R,1977-12-17,USA,male,1,2.0,33.333,60.0,10.0,6.667
Ouassel Hared,0,4,0.0,1996,2009,14,0.0,0.0,0.0,0.0,0.0,0.0,0.0,0.0,0.0,R,1973-08-30,ALG,male,4,0.0,,,0.0,
Rasmus Norby,1,3,25.0,2003,2008,6,7.0,4.0,108.0,57.0,39.0,22.0,14.0,6.0,10.0,R,1982-09-10,DEN,male,4,10.0,71.429,60.0,2.5,3.704
Frank Parker,0,2,0.0,1968,1971,4,0.0,0.0,0.0,0.0,0.0,0.0,0.0,0.0,0.0,R,1916-01-31,USA,male,2,0.0,,,0.0,
Hitoshi Shirato,4,8,33.333,1981,1987,7,0.0,0.0,0.0,0.0,0.0,0.0,0.0,0.0,0.0,R,1958-10-19,JPN,male,12,0.0,,,0.0,
Kristof Vliegen,84,117,41.791,2002,2010,9,420.0,1046.0,14064.0,8569.0,5922.0,2740.0,2205.0,727.0,1296.0,R,1982-06-22,BEL,male,201,1636.0,74.195,56.096,6.448,7.437
Michael Probst,0,1,0.0,1973,1973,1,0.0,0.0,0.0,0.0,0.0,0.0,0.0,0.0,0.0,U,,,male,1,0.0,,,0.0,
Juan Sebastian Vivanco,0,1,0.0,2011,2011,1,0.0,0.0,0.0,0.0,0.0,0.0,0.0,0.0,0.0,R,1990-04-14,ECU,male,1,0.0,,,0.0,
Soteris Hadjistyllis,0,1,0.0,2013,2013,1,0.0,0.0,0.0,0.0,0.0,0.0,0.0,0.0,0.0,R,1992-04-24,CYP,male,1,0.0,,,0.0,
Rayno Seegers,5,16,23.81,1969,1974,6,0.0,0.0,0.0,0.0,0.0,0.0,0.0,0.0,0.0,R,1952-02-29,RSA,male,21,0.0,,,0.0,
Danilo Marcelino,23,47,32.857,1983,1993,11,101.0,128.0,2624.0,1490.0,1016.0,537.0,391.0,149.0,259.0,R,1966-03-08,BRA,male,70,281.0,71.867,57.529,3.7,4.878
B Moreau,1,2,33.333,1969,1969,1,0.0,0.0,0.0,0.0,0.0,0.0,0.0,0.0,0.0,U,,FRA,male,3,0.0,,,0.0,
Mark Wilson,0,1,0.0,1974,1974,1,0.0,0.0,0.0,0.0,0.0,0.0,0.0,0.0,0.0,U,,GBR,male,1,0.0,,,0.0,
Dermot Sweeney,2,3,40.0,1991,1992,2,0.0,0.0,0.0,0.0,0.0,0.0,0.0,0.0,0.0,R,,ZAM,male,5,0.0,,,0.0,
Tommy Ho,26,54,32.5,1988,1998,11,209.0,290.0,5464.0,3249.0,2244.0,1092.0,823.0,290.0,498.0,L,1973-06-17,USA,male,80,615.0,74.727,58.233,6.225,5.307
Francisco Ferrer,1,2,33.333,1981,1982,2,0.0,0.0,0.0,0.0,0.0,0.0,0.0,0.0,0.0,R,,ESP,male,3,0.0,,,0.0,
Roy Emerson,147,87,62.821,1968,1983,16,0.0,0.0,0.0,0.0,0.0,0.0,0.0,0.0,0.0,R,1936-11-03,AUS,male,234,0.0,,,0.0,
Markus Kerner,0,1,0.0,2013,2013,1,0.0,0.0,0.0,0.0,0.0,0.0,0.0,0.0,0.0,R,1994-11-22,EST,male,1,0.0,,,0.0,
Yasutaka Uchiyama,9,19,32.143,2013,2021,9,51.0,193.0,1970.0,1224.0,892.0,377.0,317.0,97.0,161.0,R,1992-08-05,JPN,male,28,253.0,79.811,60.248,5.75,9.797
Ion Tiriac,175,152,53.517,1968,1979,12,0.0,0.0,0.0,0.0,0.0,0.0,0.0,0.0,0.0,R,1939-05-09,ROU,male,327,0.0,,,0.0,
Jeremie Malan,0,1,0.0,1971,1971,1,0.0,0.0,0.0,0.0,0.0,0.0,0.0,0.0,0.0,U,,RSA,male,1,0.0,,,0.0,
Fabrizio Fanucci,1,5,16.667,1978,1981,4,0.0,0.0,0.0,0.0,0.0,0.0,0.0,0.0,0.0,R,,ITA,male,6,0.0,,,0.0,
Unknown Rios,0,1,0.0,1970,1970,1,0.0,0.0,0.0,0.0,0.0,0.0,0.0,0.0,0.0,U,,,male,1,0.0,,,0.0,
Andrew Jarrett,14,35,28.571,1977,1983,7,0.0,0.0,0.0,0.0,0.0,0.0,0.0,0.0,0.0,R,1958-01-09,GBR,male,49,0.0,,,0.0,
Bastian Knittel,1,4,20.0,2010,2013,4,43.0,15.0,429.0,261.0,176.0,65.0,62.0,35.0,55.0,L,1983-08-08,GER,male,5,42.0,67.742,63.636,11.0,3.497
Orville Adams,0,4,0.0,1990,1991,2,0.0,0.0,0.0,0.0,0.0,0.0,0.0,0.0,0.0,U,1961-06-27,TRI,male,4,0.0,,,0.0,
Gary Kesl,0,1,0.0,1968,1968,1,0.0,0.0,0.0,0.0,0.0,0.0,0.0,0.0,0.0,U,,USA,male,1,0.0,,,0.0,
Hector Moretti,0,2,0.0,1999,2000,2,5.0,1.0,150.0,109.0,53.0,16.0,25.0,15.0,29.0,R,1973-01-27,ARG,male,2,11.0,44.0,51.724,14.5,0.667
Rolando Ruel,0,3,0.0,2000,2003,4,0.0,0.0,0.0,0.0,0.0,0.0,0.0,0.0,0.0,U,1978-02-27,PHI,male,3,0.0,,,0.0,
Reilly Opelka,49,48,50.515,2016,2021,6,325.0,1900.0,8367.0,5263.0,4214.0,1697.0,1349.0,273.0,400.0,R,1997-08-28,USA,male,97,1222.0,90.586,68.25,4.124,22.708
Ramayah Ramachandran,5,12,29.412,1991,1995,5,2.0,0.0,58.0,34.0,6.0,7.0,12.0,2.0,13.0,R,1970-09-10,MAS,male,17,1.0,8.333,15.385,0.765,0.0
Alexander Bublik,44,44,50.0,2016,2021,6,582.0,1064.0,7298.0,4252.0,3196.0,1379.0,1134.0,374.0,618.0,R,1997-06-17,KAZ,male,88,890.0,78.483,60.518,7.023,14.579
Brian Benson,1,1,50.0,1980,1980,1,0.0,0.0,0.0,0.0,0.0,0.0,0.0,0.0,0.0,R,,AUS,male,2,0.0,,,0.0,
Craig Boynton,0,1,0.0,1988,1988,1,0.0,0.0,0.0,0.0,0.0,0.0,0.0,0.0,0.0,R,1964-06-19,USA,male,1,0.0,,,0.0,
Fredrik Aarum,0,3,0.0,2002,2003,2,0.0,0.0,0.0,0.0,0.0,0.0,0.0,0.0,0.0,U,1983-03-06,NOR,male,3,0.0,,,0.0,
Ariel Behar,1,4,20.0,2009,2014,6,0.0,0.0,0.0,0.0,0.0,0.0,0.0,0.0,0.0,R,1989-11-12,URU,male,5,0.0,,,0.0,
Vladimir Ivanov,5,4,55.556,2010,2020,11,0.0,0.0,0.0,0.0,0.0,0.0,0.0,0.0,0.0,R,1987-04-10,EST,male,9,0.0,,,0.0,
Michael Leong,11,10,52.381,2005,2012,8,0.0,0.0,0.0,0.0,0.0,0.0,0.0,0.0,0.0,R,1986-03-18,SOL,male,21,0.0,,,0.0,
Eric Amend,3,2,60.0,1984,1988,5,0.0,0.0,0.0,0.0,0.0,0.0,0.0,0.0,0.0,R,1965-11-17,USA,male,5,0.0,,,0.0,
Giordano Maioli,5,4,55.556,1968,1972,5,0.0,0.0,0.0,0.0,0.0,0.0,0.0,0.0,0.0,R,,ITA,male,9,0.0,,,0.0,
Prima Simpatiaji,9,11,45.0,2003,2009,7,0.0,0.0,0.0,0.0,0.0,0.0,0.0,0.0,0.0,R,1981-10-16,INA,male,20,0.0,,,0.0,
Hubertus Hoyt,2,14,12.5,1976,1979,4,0.0,0.0,0.0,0.0,0.0,0.0,0.0,0.0,0.0,R,1955-11-03,USA,male,16,0.0,,,0.0,
Petr Kralert,2,4,33.333,1998,2001,4,30.0,18.0,384.0,238.0,147.0,61.0,60.0,27.0,53.0,R,1979-10-20,CZE,male,6,34.0,56.667,50.943,8.833,4.688
Ramiro Benavides,44,99,30.769,1970,1983,14,0.0,0.0,0.0,0.0,0.0,0.0,0.0,0.0,0.0,R,1948-01-30,BOL,male,143,0.0,,,0.0,
Sean Cole,0,1,0.0,1993,1993,1,6.0,1.0,121.0,68.0,44.0,17.0,18.0,6.0,13.0,R,1966-06-02,GBR,male,1,11.0,61.111,46.154,13.0,0.826
Timo Fleischfresser,0,1,0.0,2000,2000,1,1.0,0.0,51.0,21.0,9.0,11.0,7.0,2.0,8.0,U,1979-03-23,GER,male,1,1.0,14.286,25.0,8.0,0.0
Peter Jackson,5,8,38.462,1969,1973,5,0.0,0.0,0.0,0.0,0.0,0.0,0.0,0.0,0.0,U,1934-09-22,IRL,male,13,0.0,,,0.0,
Maurizio Capello,0,2,0.0,1996,1996,1,0.0,0.0,0.0,0.0,0.0,0.0,0.0,0.0,0.0,U,1978-12-04,MLT,male,2,0.0,,,0.0,
Antonio Padovani,0,1,0.0,1988,1988,1,0.0,0.0,0.0,0.0,0.0,0.0,0.0,0.0,0.0,R,1967-01-01,ITA,male,1,0.0,,,0.0,
Fotis Vazeos,3,2,60.0,1982,1986,5,0.0,0.0,0.0,0.0,0.0,0.0,0.0,0.0,0.0,R,1962-03-28,GRE,male,5,0.0,,,0.0,
Reginald Bennett,1,1,50.0,1974,1974,1,0.0,0.0,0.0,0.0,0.0,0.0,0.0,0.0,0.0,U,1937-08-18,GBR,male,2,0.0,,,0.0,
Mark Chigaazira,0,1,0.0,2018,2018,1,3.0,0.0,47.0,30.0,20.0,7.0,9.0,0.0,3.0,R,1998-04-29,ZIM,male,1,6.0,66.667,0.0,3.0,0.0
Axel Finnberg,1,4,20.0,1991,1994,4,18.0,19.0,362.0,169.0,127.0,103.0,57.0,10.0,21.0,R,1971-04-05,GER,male,5,46.0,80.702,47.619,4.2,5.249
Andrea Gaudenzi,210,211,49.881,1990,2003,14,1345.0,934.0,30150.0,18654.0,12410.0,5526.0,4577.0,1732.0,3030.0,R,1973-07-30,ITA,male,421,3279.0,71.641,57.162,7.197,3.098
Jose Imaz Ruiz,3,6,33.333,1995,1998,4,6.0,9.0,727.0,589.0,361.0,71.0,112.0,48.0,84.0,R,1974-05-30,ESP,male,9,76.0,67.857,57.143,9.333,1.238
Ion Moldovan,4,11,26.667,1996,2003,8,23.0,24.0,986.0,652.0,410.0,172.0,151.0,63.0,112.0,R,1978-01-17,ROU,male,15,102.0,67.55,56.25,7.467,2.434
Yu Jr Wang,7,15,31.818,1999,2006,8,16.0,11.0,372.0,253.0,158.0,46.0,51.0,21.0,41.0,L,1981-08-01,CHN,male,22,31.0,60.784,51.22,1.864,2.957
Michael Davies,0,1,0.0,1968,1968,1,0.0,0.0,0.0,0.0,0.0,0.0,0.0,0.0,0.0,R,1936-01-09,GBR,male,1,0.0,,,0.0,
Nicolas Barrientos,0,3,0.0,2013,2015,3,13.0,2.0,233.0,158.0,105.0,39.0,38.0,10.0,18.0,R,1987-04-24,COL,male,3,30.0,78.947,55.556,6.0,0.858
E Neemati,0,1,0.0,1976,1976,1,0.0,0.0,0.0,0.0,0.0,0.0,0.0,0.0,0.0,U,,IRI,male,1,0.0,,,0.0,
Chris Kachel,29,75,27.885,1972,1980,9,0.0,0.0,0.0,0.0,0.0,0.0,0.0,0.0,0.0,R,1955-06-19,AUS,male,104,0.0,,,0.0,
Julien Benneteau,258,285,47.514,2002,2018,17,1804.0,3169.0,42758.0,27485.0,19084.0,7435.0,6660.0,2208.0,3785.0,R,1981-12-20,FRA,male,543,5083.0,76.321,58.336,6.971,7.411
Irakli Labadze,48,79,37.795,1999,2009,11,650.0,532.0,8712.0,5317.0,3589.0,1559.0,1319.0,564.0,950.0,L,1981-06-09,GEO,male,127,933.0,70.735,59.368,7.48,6.107
Robin Soderling,288,166,63.436,2001,2011,11,1294.0,3608.0,33064.0,20140.0,15217.0,6663.0,5323.0,1505.0,2381.0,R,1984-08-14,SWE,male,454,4447.0,83.543,63.209,5.244,10.912
Jimmy Arias,272,197,57.996,1980,1998,19,205.0,136.0,5375.0,3712.0,2345.0,817.0,816.0,341.0,589.0,R,1964-08-16,USA,male,469,568.0,69.608,57.895,1.256,2.53
Shu Wah Liu,0,1,0.0,1984,1984,1,0.0,0.0,0.0,0.0,0.0,0.0,0.0,0.0,0.0,R,,CHN,male,1,0.0,,,0.0,
Cesar Kist,6,15,28.571,1982,1989,8,0.0,0.0,0.0,0.0,0.0,0.0,0.0,0.0,0.0,R,1964-10-22,BRA,male,21,0.0,,,0.0,
Ian Crookenden,5,16,23.81,1968,1976,9,0.0,0.0,0.0,0.0,0.0,0.0,0.0,0.0,0.0,R,,NZL,male,21,0.0,,,0.0,
Asif Karim,0,2,0.0,1988,1988,1,0.0,0.0,0.0,0.0,0.0,0.0,0.0,0.0,0.0,R,,KEN,male,2,0.0,,,0.0,
Dimitri Sturdza,7,23,23.333,1968,1976,9,0.0,0.0,0.0,0.0,0.0,0.0,0.0,0.0,0.0,R,1938-11-10,SUI,male,30,0.0,,,0.0,
K Lonsdale,0,1,0.0,1968,1968,1,0.0,0.0,0.0,0.0,0.0,0.0,0.0,0.0,0.0,U,,,male,1,0.0,,,0.0,
Chuck Saacke,0,1,0.0,1971,1971,1,0.0,0.0,0.0,0.0,0.0,0.0,0.0,0.0,0.0,U,,USA,male,1,0.0,,,0.0,
Felix Morey,0,1,0.0,1973,1973,1,0.0,0.0,0.0,0.0,0.0,0.0,0.0,0.0,0.0,U,,ESP,male,1,0.0,,,0.0,
William Durham,6,14,30.0,1971,1975,5,0.0,0.0,0.0,0.0,0.0,0.0,0.0,0.0,0.0,R,,AUS,male,20,0.0,,,0.0,
Mark Philippoussis,284,185,60.554,1994,2006,13,2273.0,5950.0,37227.0,21439.0,17139.0,7874.0,5788.0,1509.0,2378.0,R,1976-11-07,AUS,male,469,4919.0,84.986,63.457,5.07,15.983
Bruno Soares,2,0,100.0,2005,2011,7,0.0,0.0,0.0,0.0,0.0,0.0,0.0,0.0,0.0,R,1982-02-27,BRA,male,2,0.0,,,0.0,
Ola Kristiansson,1,3,25.0,1990,1994,5,3.0,3.0,236.0,129.0,82.0,48.0,35.0,16.0,29.0,R,1971-09-23,SWE,male,4,22.0,62.857,55.172,7.25,1.271
Mark Ozer,0,1,0.0,1990,1990,1,0.0,0.0,0.0,0.0,0.0,0.0,0.0,0.0,0.0,R,1964-06-16,USA,male,1,0.0,,,0.0,
Eugene Mccabe,0,2,0.0,1974,1974,1,0.0,0.0,0.0,0.0,0.0,0.0,0.0,0.0,0.0,U,,AUS,male,2,0.0,,,0.0,
Vladimir Gabrichidze,6,6,50.0,1991,1997,7,9.0,20.0,558.0,270.0,173.0,131.0,87.0,36.0,71.0,R,1968-05-16,GEO,male,12,52.0,59.77,50.704,5.917,3.584
Jan Apell,38,57,40.0,1989,1998,10,263.0,418.0,7219.0,4443.0,3068.0,1367.0,1089.0,370.0,638.0,L,1969-11-04,SWE,male,95,821.0,75.39,57.994,6.716,5.79
Giorgio Bologna,0,2,0.0,1968,1969,2,0.0,0.0,0.0,0.0,0.0,0.0,0.0,0.0,0.0,U,,ITA,male,2,0.0,,,0.0,
Brandon Nakashima,3,2,60.0,2020,2020,1,12.0,34.0,466.0,283.0,204.0,108.0,71.0,18.0,27.0,U,2001-08-03,USA,male,5,62.0,87.324,66.667,5.4,7.296
Rocky Maguire,0,1,0.0,1979,1979,1,0.0,0.0,0.0,0.0,0.0,0.0,0.0,0.0,0.0,R,1955-10-27,USA,male,1,0.0,,,0.0,
Marc Rosset,308,283,52.115,1988,2004,17,2684.0,4261.0,38784.0,21764.0,16873.0,7992.0,5971.0,1855.0,3019.0,R,1970-11-07,SUI,male,591,4807.0,80.506,61.444,5.108,10.986
Rob Wallace,0,1,0.0,1973,1973,1,0.0,0.0,0.0,0.0,0.0,0.0,0.0,0.0,0.0,R,,GBR,male,1,0.0,,,0.0,
Omar Laimina,9,8,52.941,1972,1983,12,0.0,0.0,0.0,0.0,0.0,0.0,0.0,0.0,0.0,R,,MAR,male,17,0.0,,,0.0,
Julian Alonso,50,62,44.643,1996,2000,5,546.0,465.0,8588.0,4742.0,3208.0,1840.0,1290.0,500.0,878.0,R,1977-08-02,ESP,male,112,912.0,70.698,56.948,7.839,5.415
Julian Alonso,50,62,44.643,1996,2000,5,546.0,465.0,8588.0,4742.0,3208.0,1840.0,1290.0,500.0,878.0,R,1977-08-02,ESP,male,112,912.0,70.698,56.948,7.839,5.415
Deon Joubert,35,63,35.714,1971,1984,14,0.0,0.0,0.0,0.0,0.0,0.0,0.0,0.0,0.0,L,1958-06-19,RSA,male,98,0.0,,,0.0,
Deon Joubert,35,63,35.714,1971,1984,14,0.0,0.0,0.0,0.0,0.0,0.0,0.0,0.0,0.0,L,1953-06-19,RSA,male,98,0.0,,,0.0,
Witold Meres,1,1,50.0,1982,1982,1,0.0,0.0,0.0,0.0,0.0,0.0,0.0,0.0,0.0,U,1950-04-12,POL,male,2,0.0,,,0.0,
J Fairchild,0,1,0.0,1976,1976,1,0.0,0.0,0.0,0.0,0.0,0.0,0.0,0.0,0.0,R,,AUS,male,1,0.0,,,0.0,
Marco Consolini,1,4,20.0,1971,1979,9,0.0,0.0,0.0,0.0,0.0,0.0,0.0,0.0,0.0,R,,ITA,male,5,0.0,,,0.0,
Marco Consolini,1,4,20.0,1971,1979,9,0.0,0.0,0.0,0.0,0.0,0.0,0.0,0.0,0.0,U,1953-07-30,ITA,male,5,0.0,,,0.0,
Y Wang,1,0,100.0,2000,2000,1,0.0,0.0,0.0,0.0,0.0,0.0,0.0,0.0,0.0,,,CHN,male,1,0.0,,,0.0,
Rob Kilderry,1,1,50.0,1968,1968,1,0.0,0.0,0.0,0.0,0.0,0.0,0.0,0.0,0.0,,,AUS,male,2,0.0,,,0.0,
Rob Kilderry,1,1,50.0,1968,1968,1,0.0,0.0,0.0,0.0,0.0,0.0,0.0,0.0,0.0,U,,AUS,male,2,0.0,,,0.0,
Tom Christensen,3,12,20.0,1968,1976,9,0.0,0.0,0.0,0.0,0.0,0.0,0.0,0.0,0.0,R,,DEN,male,15,0.0,,,0.0,
Doug Tough,0,1,0.0,1969,1969,1,0.0,0.0,0.0,0.0,0.0,0.0,0.0,0.0,0.0,U,,CAN,male,1,0.0,,,0.0,
Axel Michon,1,1,50.0,2014,2014,1,6.0,5.0,231.0,160.0,90.0,30.0,35.0,22.0,38.0,L,1990-12-16,FRA,male,2,19.0,54.286,57.895,19.0,2.165
Gerry Waldron,0,3,0.0,1968,1972,5,0.0,0.0,0.0,0.0,0.0,0.0,0.0,0.0,0.0,U,,IRL,male,3,0.0,,,0.0,
Dominik Koepfer,13,16,44.828,2017,2021,5,95.0,131.0,2510.0,1550.0,1053.0,452.0,385.0,162.0,264.0,L,1994-04-29,GER,male,29,283.0,73.506,61.364,9.103,5.219
Bret Garnett,7,18,28.0,1988,1993,6,40.0,63.0,1008.0,591.0,389.0,198.0,150.0,73.0,114.0,R,1967-07-02,USA,male,25,109.0,72.667,64.035,4.56,6.25
Na Sulistyono,1,1,50.0,1986,1986,1,0.0,0.0,0.0,0.0,0.0,0.0,0.0,0.0,0.0,R,1964-11-27,INA,male,2,0.0,,,0.0,
Oscar Hernandez,65,125,34.211,2003,2010,8,467.0,455.0,14083.0,9172.0,5899.0,2334.0,2131.0,859.0,1501.0,R,1978-04-10,ESP,male,190,1489.0,69.873,57.229,7.9,3.231
Michael Sell,6,16,27.273,1993,2000,8,41.0,35.0,1667.0,1008.0,596.0,295.0,248.0,103.0,208.0,R,1972-08-23,USA,male,22,143.0,57.661,49.519,9.455,2.1
Herbert Loerke,0,1,0.0,1973,1973,1,0.0,0.0,0.0,0.0,0.0,0.0,0.0,0.0,0.0,U,,GER,male,1,0.0,,,0.0,
Aki Rahunen,22,35,38.596,1990,1992,3,54.0,14.0,1323.0,785.0,464.0,242.0,205.0,80.0,169.0,R,1971-12-24,FIN,male,57,116.0,56.585,47.337,2.965,1.058
Gene Mayer,211,106,66.562,1973,1986,14,0.0,0.0,0.0,0.0,0.0,0.0,0.0,0.0,0.0,R,1956-04-11,USA,male,317,0.0,,,0.0,
Philip Riise Hansen,0,1,0.0,2007,2007,1,0.0,0.0,0.0,0.0,0.0,0.0,0.0,0.0,0.0,U,1982-05-10,NOR,male,1,0.0,,,0.0,
Arthur Konan,1,0,100.0,1999,1999,1,0.0,0.0,0.0,0.0,0.0,0.0,0.0,0.0,0.0,U,1981-05-31,CIV,male,1,0.0,,,0.0,
Marcelo Ingaramo,33,50,39.759,1984,1994,11,9.0,2.0,385.0,257.0,155.0,69.0,56.0,23.0,40.0,L,1962-10-13,ARG,male,83,39.0,69.643,57.5,0.482,0.519
Gisle Pedersen Jentoft,0,1,0.0,1982,1982,1,0.0,0.0,0.0,0.0,0.0,0.0,0.0,0.0,0.0,U,,NOR,male,1,0.0,,,0.0,
Derek Pollock,0,2,0.0,1968,1971,4,0.0,0.0,0.0,0.0,0.0,0.0,0.0,0.0,0.0,U,,IRL,male,2,0.0,,,0.0,
Tony Bowles,0,1,0.0,1971,1971,1,0.0,0.0,0.0,0.0,0.0,0.0,0.0,0.0,0.0,U,,UNK,male,1,0.0,,,0.0,
Takao Suzuki,36,42,46.154,1995,2009,15,147.0,489.0,4617.0,2933.0,2096.0,883.0,707.0,232.0,374.0,R,1976-09-20,JPN,male,78,565.0,79.915,62.032,4.795,10.591
Thierry Quintin,0,3,0.0,1973,1975,3,0.0,0.0,0.0,0.0,0.0,0.0,0.0,0.0,0.0,R,,ARG,male,3,0.0,,,0.0,
Kiyoshi Miyanami,0,1,0.0,1981,1981,1,0.0,0.0,0.0,0.0,0.0,0.0,0.0,0.0,0.0,R,,JPN,male,1,0.0,,,0.0,
Evgeny Donskoy,54,111,32.727,2008,2020,13,376.0,800.0,12956.0,7589.0,5313.0,2676.0,1979.0,743.0,1207.0,R,1990-05-09,RUS,male,165,1515.0,76.554,61.558,7.315,6.175
Markus Zillner,5,9,35.714,1988,1996,9,32.0,3.0,984.0,764.0,448.0,102.0,147.0,68.0,121.0,L,1970-03-19,GER,male,14,94.0,63.946,56.198,8.643,0.305
Francisco Truchi,2,5,28.571,1968,1972,5,0.0,0.0,0.0,0.0,0.0,0.0,0.0,0.0,0.0,U,1943-01-18,MON,male,7,0.0,,,0.0,
Yuan Xiong Hui,0,1,0.0,1997,1997,1,0.0,0.0,0.0,0.0,0.0,0.0,0.0,0.0,0.0,U,1981-06-21,SIN,male,1,0.0,,,0.0,
Maxime Hamou,0,3,0.0,2015,2017,3,8.0,9.0,301.0,196.0,124.0,47.0,41.0,22.0,37.0,R,1995-06-08,FRA,male,3,26.0,63.415,59.459,12.333,2.99
Takeshi Omono,0,1,0.0,1987,1987,1,0.0,0.0,0.0,0.0,0.0,0.0,0.0,0.0,0.0,R,,JPN,male,1,0.0,,,0.0,
Jan Pisecky,7,10,41.176,1973,1975,3,0.0,0.0,0.0,0.0,0.0,0.0,0.0,0.0,0.0,R,,CZE,male,17,0.0,,,0.0,
Jan Pisecky,7,10,41.176,1973,1975,3,0.0,0.0,0.0,0.0,0.0,0.0,0.0,0.0,0.0,U,1951-05-15,TCH,male,17,0.0,,,0.0,
Pavol Cervenak,7,5,58.333,2007,2012,6,40.0,24.0,644.0,363.0,240.0,133.0,99.0,48.0,79.0,R,1987-07-01,SVK,male,12,68.0,68.687,60.759,6.583,3.727
Aljaz Bedene,122,139,46.743,2010,2021,12,736.0,2155.0,20374.0,11599.0,8591.0,4292.0,3198.0,1007.0,1715.0,R,1989-07-18,SLO,male,261,2490.0,77.861,58.717,6.571,10.577
John Cooper,67,64,51.145,1969,1975,7,0.0,0.0,0.0,0.0,0.0,0.0,0.0,0.0,0.0,R,1946-11-04,AUS,male,131,0.0,,,0.0,
Maurizio Aracri,1,1,50.0,1971,1971,1,0.0,0.0,0.0,0.0,0.0,0.0,0.0,0.0,0.0,U,1952-01-09,ITA,male,2,0.0,,,0.0,
Maurizio Aracri,1,1,50.0,1971,1971,1,0.0,0.0,0.0,0.0,0.0,0.0,0.0,0.0,0.0,U,,ITA,male,2,0.0,,,0.0,
Antonio Martinez,1,1,50.0,1971,1971,1,0.0,0.0,0.0,0.0,0.0,0.0,0.0,0.0,0.0,U,,ESP,male,2,0.0,,,0.0,
Patrik Fredriksson,8,23,25.806,1995,1998,4,177.0,109.0,2293.0,1215.0,830.0,448.0,345.0,114.0,235.0,R,1973-05-16,SWE,male,31,224.0,64.928,48.511,7.581,4.754
Marcelo Demoliner,1,1,50.0,2015,2015,1,6.0,9.0,130.0,83.0,63.0,24.0,21.0,3.0,6.0,R,1989-01-18,BRA,male,2,18.0,85.714,50.0,3.0,6.923
Luis Haddock,1,1,50.0,2004,2004,1,0.0,0.0,0.0,0.0,0.0,0.0,0.0,0.0,0.0,U,1982-02-11,PUR,male,2,0.0,,,0.0,
Taras Demyanekno,0,1,0.0,2001,2001,1,0.0,0.0,0.0,0.0,0.0,0.0,0.0,0.0,0.0,U,1983-06-19,UKR,male,1,0.0,,,0.0,
Photos Kallias,1,10,9.091,2006,2009,4,0.0,0.0,0.0,0.0,0.0,0.0,0.0,0.0,0.0,L,1984-03-06,CYP,male,11,0.0,,,0.0,
Carlos Junquet,0,3,0.0,1968,1972,5,0.0,0.0,0.0,0.0,0.0,0.0,0.0,0.0,0.0,U,,UNK,male,3,0.0,,,0.0,
Romain Radwan,0,1,0.0,2011,2011,1,0.0,0.0,0.0,0.0,0.0,0.0,0.0,0.0,0.0,L,1982-06-03,SYR,male,1,0.0,,,0.0,
Libor Nemecek,11,20,35.484,1989,1998,10,27.0,6.0,1323.0,1102.0,632.0,105.0,198.0,88.0,162.0,R,1968-10-26,CZE,male,31,124.0,62.626,54.321,5.226,0.454
Andreas Seppi,375,395,48.701,2003,2021,19,2033.0,3645.0,59923.0,34846.0,24542.0,12567.0,9292.0,3255.0,5474.0,R,1984-02-21,ITA,male,770,7073.0,76.119,59.463,7.109,6.083
Felipe Meligeni Rodrigues Alves,0,1,0.0,2020,2020,1,1.0,3.0,77.0,60.0,33.0,10.0,12.0,4.0,8.0,R,1998-02-19,BRA,male,1,8.0,66.667,50.0,8.0,3.896
Marcelo Arevalo,21,17,55.263,2007,2020,14,31.0,40.0,765.0,475.0,340.0,163.0,128.0,32.0,55.0,R,1990-10-17,ESA,male,38,105.0,82.031,58.182,1.447,5.229
Tom Karp,0,3,0.0,1968,1973,6,0.0,0.0,0.0,0.0,0.0,0.0,0.0,0.0,0.0,R,1946-10-13,USA,male,3,0.0,,,0.0,
Gaurav Misra,2,4,33.333,1969,1973,5,0.0,0.0,0.0,0.0,0.0,0.0,0.0,0.0,0.0,R,,IND,male,6,0.0,,,0.0,
Morris Skip Strode,11,18,37.931,1981,1983,3,0.0,0.0,0.0,0.0,0.0,0.0,0.0,0.0,0.0,R,1960-06-05,USA,male,29,0.0,,,0.0,
U Thomas,0,1,0.0,1973,1973,1,0.0,0.0,0.0,0.0,0.0,0.0,0.0,0.0,0.0,U,,UNK,male,1,0.0,,,0.0,
Trevor Baker,1,1,50.0,1968,1968,1,0.0,0.0,0.0,0.0,0.0,0.0,0.0,0.0,0.0,U,,AUS,male,2,0.0,,,0.0,
Chun Hsin Tseng,3,3,50.0,2018,2020,3,13.0,15.0,349.0,205.0,147.0,71.0,51.0,24.0,35.0,R,2001-08-08,TPE,male,6,40.0,78.431,68.571,5.833,4.298
U Hoigshoidt,0,1,0.0,1981,1981,1,0.0,0.0,0.0,0.0,0.0,0.0,0.0,0.0,0.0,R,,UNK,male,1,0.0,,,0.0,
Ranjan Wattegedera,0,1,0.0,1971,1971,1,0.0,0.0,0.0,0.0,0.0,0.0,0.0,0.0,0.0,U,,SRI,male,1,0.0,,,0.0,
Dean Botha,2,1,66.667,1989,1989,1,0.0,0.0,0.0,0.0,0.0,0.0,0.0,0.0,0.0,R,1964-03-30,RSA,male,3,0.0,,,0.0,
Julien Chauvin,0,1,0.0,1997,1997,1,3.0,1.0,52.0,29.0,14.0,9.0,8.0,3.0,9.0,R,1975-04-17,FRA,male,1,2.0,25.0,33.333,9.0,1.923
Takanyi Garanganga,4,7,36.364,2015,2019,5,20.0,33.0,457.0,280.0,184.0,79.0,71.0,23.0,43.0,R,1990-09-06,ZIM,male,11,51.0,71.831,53.488,3.909,7.221
Epaminondas Argyriou,0,1,0.0,1970,1970,1,0.0,0.0,0.0,0.0,0.0,0.0,0.0,0.0,0.0,U,1944-01-01,GRE,male,1,0.0,,,0.0,
Lito Alvarez,42,107,28.188,1968,1981,14,0.0,0.0,0.0,0.0,0.0,0.0,0.0,0.0,0.0,R,1947-12-05,ARG,male,149,0.0,,,0.0,
Oded Yaacov,0,1,0.0,1984,1984,1,0.0,0.0,0.0,0.0,0.0,0.0,0.0,0.0,0.0,R,,ISR,male,1,0.0,,,0.0,
Rhett Purcell,1,0,100.0,2019,2019,1,0.0,0.0,0.0,0.0,0.0,0.0,0.0,0.0,0.0,R,1996-02-06,GBR,male,1,0.0,,,0.0,
Florent Serra,122,164,42.657,2002,2014,13,578.0,1071.0,23401.0,14347.0,9660.0,4525.0,3514.0,1361.0,2266.0,R,1981-02-28,FRA,male,286,2609.0,74.246,60.062,7.923,4.577
Gonzalo Nunez,0,5,0.0,1975,1982,8,0.0,0.0,0.0,0.0,0.0,0.0,0.0,0.0,0.0,R,1954-07-21,USA,male,5,0.0,,,0.0,
Sergio Gomez Barrio,0,2,0.0,1993,1997,5,12.0,7.0,96.0,43.0,28.0,13.0,16.0,3.0,14.0,R,1970-10-16,ESP,male,2,5.0,31.25,21.429,7.0,7.292
William Mason,1,2,33.333,1971,1971,1,0.0,0.0,0.0,0.0,0.0,0.0,0.0,0.0,0.0,U,1979-05-25,AUS,male,3,0.0,,,0.0,
Ali Al Zubaidi,0,2,0.0,1988,1988,1,0.0,0.0,0.0,0.0,0.0,0.0,0.0,0.0,0.0,U,,IRQ,male,2,0.0,,,0.0,
Terry Bennett,0,1,0.0,1969,1969,1,0.0,0.0,0.0,0.0,0.0,0.0,0.0,0.0,0.0,R,,USA,male,1,0.0,,,0.0,
Galo Blanco,122,171,41.638,1994,2006,13,868.0,1294.0,22448.0,12458.0,8545.0,4920.0,3374.0,1344.0,2268.0,R,1976-10-08,ESP,male,293,2450.0,72.614,59.259,7.741,5.764
Ricardo Schlachter,0,1,0.0,1998,1998,1,1.0,0.0,49.0,25.0,10.0,9.0,7.0,8.0,14.0,R,1977-07-07,BRA,male,1,1.0,14.286,57.143,14.0,0.0
David Miketa,0,5,0.0,1995,2000,6,49.0,7.0,471.0,237.0,146.0,100.0,70.0,26.0,58.0,R,1975-06-04,CZE,male,5,38.0,54.286,44.828,11.6,1.486
R Gray,0,1,0.0,1970,1970,1,0.0,0.0,0.0,0.0,0.0,0.0,0.0,0.0,0.0,U,,RSA,male,1,0.0,,,0.0,
Si Bruce Li,1,0,100.0,1999,1999,1,0.0,0.0,0.0,0.0,0.0,0.0,0.0,0.0,0.0,R,1976-04-29,CHN,male,1,0.0,,,0.0,
Don Candy,0,1,0.0,1969,1969,1,0.0,0.0,0.0,0.0,0.0,0.0,0.0,0.0,0.0,,1929-03-31,AUS,male,1,0.0,,,0.0,
Don Candy,0,1,0.0,1969,1969,1,0.0,0.0,0.0,0.0,0.0,0.0,0.0,0.0,0.0,U,,AUS,male,1,0.0,,,0.0,
Dennis Van Scheppingen,41,64,39.048,1992,2007,16,439.0,373.0,7930.0,4628.0,3241.0,1542.0,1195.0,430.0,757.0,R,1975-07-05,NED,male,105,868.0,72.636,56.803,7.21,4.704
Otto Oberparleiter,0,1,0.0,1983,1983,1,0.0,0.0,0.0,0.0,0.0,0.0,0.0,0.0,0.0,R,,AUT,male,1,0.0,,,0.0,
Leonardo Mayer,180,197,47.745,2008,2020,13,1290.0,2329.0,29354.0,17904.0,13153.0,6019.0,4661.0,1373.0,2220.0,R,1987-05-15,ARG,male,377,3814.0,81.828,61.847,5.889,7.934
Rene Ruzic,0,1,0.0,1969,1969,1,0.0,0.0,0.0,0.0,0.0,0.0,0.0,0.0,0.0,U,1919-02-25,MON,male,1,0.0,,,0.0,
Jimmy Taker,1,2,33.333,1984,1990,7,0.0,0.0,0.0,0.0,0.0,0.0,0.0,0.0,0.0,U,1962-04-30,BAR,male,3,0.0,,,0.0,
Peter Pokorny,10,34,22.727,1968,1976,9,0.0,0.0,0.0,0.0,0.0,0.0,0.0,0.0,0.0,R,,AUT,male,44,0.0,,,0.0,
Mario Brenner,0,1,0.0,1971,1971,1,0.0,0.0,0.0,0.0,0.0,0.0,0.0,0.0,0.0,U,,GER,male,1,0.0,,,0.0,
Adam Jaya,0,6,0.0,2000,2009,10,0.0,0.0,0.0,0.0,0.0,0.0,0.0,0.0,0.0,U,1985-01-10,MAS,male,6,0.0,,,0.0,
Luc Ondobo,0,2,0.0,1991,1991,1,0.0,0.0,0.0,0.0,0.0,0.0,0.0,0.0,0.0,U,1972-11-10,CMR,male,2,0.0,,,0.0,
Norbert Oduor,1,4,20.0,1989,1992,4,0.0,0.0,0.0,0.0,0.0,0.0,0.0,0.0,0.0,U,1964-04-30,KEN,male,5,0.0,,,0.0,
Michael Chang,547,256,68.12,1987,2003,17,1314.0,2733.0,51717.0,28924.0,20657.0,11891.0,7987.0,2593.0,4324.0,R,1972-02-22,USA,male,803,6256.0,78.327,59.968,5.385,5.285
Tom Fontana,0,1,0.0,1976,1976,1,0.0,0.0,0.0,0.0,0.0,0.0,0.0,0.0,0.0,R,1963-12-19,USA,male,1,0.0,,,0.0,
Filip Veger,0,1,0.0,2013,2013,1,1.0,1.0,62.0,46.0,24.0,11.0,9.0,8.0,11.0,R,1994-12-21,CRO,male,1,6.0,66.667,72.727,11.0,1.613
Jean Julien Rojer,13,1,92.857,2001,2007,7,0.0,0.0,0.0,0.0,0.0,0.0,0.0,0.0,0.0,R,1981-08-25,AHO,male,14,0.0,,,0.0,
Attila Korpas,28,41,40.58,1968,1976,9,0.0,0.0,0.0,0.0,0.0,0.0,0.0,0.0,0.0,R,,GER,male,69,0.0,,,0.0,
Attila Korpas,28,41,40.58,1968,1976,9,0.0,0.0,0.0,0.0,0.0,0.0,0.0,0.0,0.0,U,1945-09-01,HUN,male,69,0.0,,,0.0,
Andrew Ilie,88,112,44.0,1995,2003,9,662.0,919.0,16474.0,8904.0,6145.0,3762.0,2458.0,957.0,1599.0,R,1976-04-18,AUS,male,200,1816.0,73.881,59.85,7.995,5.578
Dennis Hayes,0,1,0.0,1971,1971,1,0.0,0.0,0.0,0.0,0.0,0.0,0.0,0.0,0.0,U,,RSA,male,1,0.0,,,0.0,
L Turner,0,1,0.0,1971,1971,1,0.0,0.0,0.0,0.0,0.0,0.0,0.0,0.0,0.0,U,,IRL,male,1,0.0,,,0.0,
Henry Bunis,24,51,32.0,1969,1978,10,0.0,0.0,0.0,0.0,0.0,0.0,0.0,0.0,0.0,R,1953-03-27,USA,male,75,0.0,,,0.0,
Nimish Desai,0,1,0.0,1976,1976,1,0.0,0.0,0.0,0.0,0.0,0.0,0.0,0.0,0.0,U,,IND,male,1,0.0,,,0.0,
Radoslav Lukaev,3,3,50.0,2002,2005,4,9.0,12.0,146.0,66.0,50.0,32.0,19.0,11.0,16.0,R,1982-04-24,BUL,male,6,14.0,73.684,68.75,2.667,8.219
Emad Abou Hamdeh,1,9,10.0,1991,1993,3,0.0,0.0,0.0,0.0,0.0,0.0,0.0,0.0,0.0,U,1969-11-30,JOR,male,10,0.0,,,0.0,
Adrian Forberg Skogeng,0,1,0.0,2010,2010,1,0.0,0.0,0.0,0.0,0.0,0.0,0.0,0.0,0.0,U,1990-08-09,NOR,male,1,0.0,,,0.0,
Wayne Cowley,0,4,0.0,1974,1975,2,0.0,0.0,0.0,0.0,0.0,0.0,0.0,0.0,0.0,R,,AUS,male,4,0.0,,,0.0,
Alain Brichant,1,5,16.667,1980,1986,7,0.0,0.0,0.0,0.0,0.0,0.0,0.0,0.0,0.0,R,,BEL,male,6,0.0,,,0.0,
Toshihisa Tsuchihashi,7,11,38.889,1985,1992,8,4.0,0.0,101.0,72.0,36.0,12.0,17.0,6.0,15.0,R,1966-10-18,JPN,male,18,8.0,47.059,40.0,0.833,0.0
Henry Hank Kamakana,0,1,0.0,1973,1973,1,0.0,0.0,0.0,0.0,0.0,0.0,0.0,0.0,0.0,R,1942-09-22,USA,male,1,0.0,,,0.0,
D Sullivan,2,1,66.667,1977,1977,1,0.0,0.0,0.0,0.0,0.0,0.0,0.0,0.0,0.0,U,,RSA,male,3,0.0,,,0.0,
Thomas Furst,1,2,33.333,1973,1980,8,0.0,0.0,0.0,0.0,0.0,0.0,0.0,0.0,0.0,R,,GER,male,3,0.0,,,0.0,
Manuel Diaz,2,3,40.0,1979,1981,3,0.0,0.0,0.0,0.0,0.0,0.0,0.0,0.0,0.0,R,,USA,male,5,0.0,,,0.0,
Richard Leach,3,4,42.857,1968,1969,2,0.0,0.0,0.0,0.0,0.0,0.0,0.0,0.0,0.0,R,1940-03-06,USA,male,7,0.0,,,0.0,
Sean Sorensen,17,24,41.463,1977,1987,11,0.0,0.0,0.0,0.0,0.0,0.0,0.0,0.0,0.0,R,1955-11-12,IRL,male,41,0.0,,,0.0,
Francisco Roig,59,90,39.597,1987,1999,13,287.0,225.0,8598.0,5008.0,3161.0,1684.0,1315.0,508.0,972.0,R,1968-04-01,ESP,male,149,851.0,64.715,52.263,6.523,2.617
Billy Yap,0,2,0.0,1968,1968,1,0.0,0.0,0.0,0.0,0.0,0.0,0.0,0.0,0.0,U,,MAS,male,2,0.0,,,0.0,
Alex Kurucz,2,11,15.385,1968,1974,7,0.0,0.0,0.0,0.0,0.0,0.0,0.0,0.0,0.0,R,,GER,male,13,0.0,,,0.0,
Albano Olivetti,5,9,35.714,2012,2016,5,85.0,264.0,1228.0,703.0,565.0,258.0,196.0,62.0,94.0,R,1991-11-24,FRA,male,14,164.0,83.673,65.957,6.714,21.498
Thomas Johansson,289,257,52.93,1994,2008,15,1501.0,4173.0,41962.0,22382.0,16874.0,9841.0,6475.0,2135.0,3450.0,R,1975-03-24,SWE,male,546,5160.0,79.691,61.884,6.319,9.945
Ricardo Omana,0,1,0.0,1998,1998,1,0.0,0.0,0.0,0.0,0.0,0.0,0.0,0.0,0.0,R,1976-06-25,VEN,male,1,0.0,,,0.0,
B L Jones,0,1,0.0,1970,1970,1,0.0,0.0,0.0,0.0,0.0,0.0,0.0,0.0,0.0,U,,GBR,male,1,0.0,,,0.0,
Roger Guedes,5,14,26.316,1977,1983,7,0.0,0.0,0.0,0.0,0.0,0.0,0.0,0.0,0.0,R,1953-11-03,BRA,male,19,0.0,,,0.0,
Patrice Dominguez,153,143,51.689,1968,1981,14,0.0,0.0,0.0,0.0,0.0,0.0,0.0,0.0,0.0,L,1950-01-12,FRA,male,296,0.0,,,0.0,
Jaroslav Navratil,31,55,36.047,1981,1988,8,0.0,0.0,0.0,0.0,0.0,0.0,0.0,0.0,0.0,R,1957-07-24,CZE,male,86,0.0,,,0.0,
Bobby Kokavec,1,5,16.667,1994,1999,6,28.0,21.0,289.0,169.0,117.0,42.0,42.0,22.0,37.0,R,1976-05-17,CAN,male,6,27.0,64.286,59.459,6.167,7.266
Arsenije Zlatanovic,0,1,0.0,2009,2009,1,2.0,7.0,67.0,36.0,22.0,13.0,11.0,2.0,7.0,R,1989-12-04,SRB,male,1,6.0,54.545,28.571,7.0,10.448
Wayne Odesnik,41,60,40.594,2004,2014,11,275.0,518.0,8325.0,5152.0,3439.0,1596.0,1281.0,518.0,865.0,L,1985-11-21,USA,male,101,934.0,72.912,59.884,8.564,6.222
Igor Sijsling,49,89,35.507,2006,2016,11,329.0,956.0,10236.0,6031.0,4415.0,2046.0,1614.0,485.0,838.0,R,1987-08-18,NED,male,138,1261.0,78.129,57.876,6.072,9.34
George Rudman,3,8,27.273,1971,1981,11,0.0,0.0,0.0,0.0,0.0,0.0,0.0,0.0,0.0,R,,RSA,male,11,0.0,,,0.0,
Fabio Fognini,369,319,53.634,2005,2021,17,2635.0,2206.0,53576.0,31631.0,21397.0,10605.0,8163.0,3013.0,5296.0,R,1987-05-24,ITA,male,688,5880.0,72.032,56.892,7.698,4.118
Kj Hippensteel,1,3,25.0,2004,2004,1,18.0,14.0,309.0,205.0,137.0,36.0,46.0,16.0,32.0,L,1980-05-08,USA,male,4,30.0,65.217,50.0,8.0,4.531
Tony Bardsley,5,17,22.727,1969,1975,7,0.0,0.0,0.0,0.0,0.0,0.0,0.0,0.0,0.0,R,1945-02-09,CAN,male,22,0.0,,,0.0,
Tony Bardsley,5,17,22.727,1969,1975,7,0.0,0.0,0.0,0.0,0.0,0.0,0.0,0.0,0.0,R,1945-02-09,CAN,male,22,0.0,,,0.0,
Franklin Robbins,5,20,20.0,1968,1973,6,0.0,0.0,0.0,0.0,0.0,0.0,0.0,0.0,0.0,R,1950-06-13,USA,male,25,0.0,,,0.0,
Christian Ruud,121,139,46.538,1989,2001,13,635.0,576.0,16763.0,9914.0,6416.0,3265.0,2521.0,989.0,1788.0,R,1972-08-24,NOR,male,260,1722.0,68.306,55.313,6.877,3.436
Vernon Lewis,4,4,50.0,1991,1992,2,0.0,0.0,0.0,0.0,0.0,0.0,0.0,0.0,0.0,U,1965-10-30,ECA,male,8,0.0,,,0.0,
Mahader Hassan,1,6,14.286,1984,1987,4,0.0,0.0,0.0,0.0,0.0,0.0,0.0,0.0,0.0,U,1957-01-26,SIN,male,7,0.0,,,0.0,
Ettore Rossetti,0,1,0.0,1990,1990,1,0.0,0.0,0.0,0.0,0.0,0.0,0.0,0.0,0.0,R,,ITA,male,1,0.0,,,0.0,
Kossi Loglo,1,2,33.333,1999,1999,1,0.0,0.0,0.0,0.0,0.0,0.0,0.0,0.0,0.0,U,1979-07-25,TOG,male,3,0.0,,,0.0,
A Jammond,0,1,0.0,1969,1969,1,0.0,0.0,0.0,0.0,0.0,0.0,0.0,0.0,0.0,U,,AUS,male,1,0.0,,,0.0,
Bruno Britez,0,1,0.0,2016,2016,1,9.0,2.0,138.0,85.0,58.0,26.0,21.0,5.0,11.0,,1998-05-23,PAR,male,1,15.0,71.429,45.455,11.0,1.449
Alex Corretja,429,260,62.264,1992,2005,14,1541.0,2407.0,52594.0,30271.0,21007.0,11633.0,8115.0,2860.0,4754.0,R,1974-04-11,ESP,male,689,6221.0,76.661,60.16,6.9,4.577
Antoine Breikeh,0,1,0.0,2006,2006,1,0.0,0.0,0.0,0.0,0.0,0.0,0.0,0.0,0.0,U,1988-09-19,LIB,male,1,0.0,,,0.0,
Konstantin Kravchuk,9,27,25.0,2010,2017,8,92.0,238.0,2448.0,1524.0,1105.0,435.0,380.0,142.0,231.0,R,1985-02-23,RUS,male,36,291.0,76.579,61.472,6.417,9.722
Davide Sanguinetti,153,220,41.019,1994,2007,14,889.0,1926.0,28957.0,16234.0,11359.0,6044.0,4351.0,1647.0,2820.0,R,1972-08-25,ITA,male,373,3178.0,73.041,58.404,7.56,6.651
Danny Sapsford,17,24,41.463,1990,1999,10,98.0,78.0,2547.0,1375.0,915.0,578.0,388.0,144.0,264.0,R,1969-04-03,GBR,male,41,268.0,69.072,54.545,6.439,3.062
Bernard Tomic,186,185,50.135,2009,2021,13,618.0,2781.0,29592.0,19618.0,13948.0,4975.0,4539.0,1531.0,2407.0,R,1992-10-21,AUS,male,371,3663.0,80.701,63.606,6.488,9.398
Mark Conti,0,1,0.0,1969,1969,1,0.0,0.0,0.0,0.0,0.0,0.0,0.0,0.0,0.0,U,,,male,1,0.0,,,0.0,
Paul Vojtischek,20,33,37.736,1985,1991,7,1.0,1.0,132.0,94.0,52.0,17.0,20.0,8.0,17.0,R,1963-06-13,GER,male,53,11.0,55.0,47.059,0.321,0.758
Yahiya Doumbia,34,29,53.968,1984,1998,15,13.0,20.0,350.0,203.0,144.0,72.0,53.0,17.0,27.0,R,1963-08-25,SEN,male,63,43.0,81.132,62.963,0.429,5.714
Andrei Luzgin,1,0,100.0,2001,2001,1,0.0,0.0,0.0,0.0,0.0,0.0,0.0,0.0,0.0,U,1973-02-02,EST,male,1,0.0,,,0.0,
Peter Gray,0,1,0.0,1969,1969,1,0.0,0.0,0.0,0.0,0.0,0.0,0.0,0.0,0.0,U,,RSA,male,1,0.0,,,0.0,
Hugo Grenier,1,1,50.0,2021,2021,1,3.0,8.0,69.0,51.0,37.0,8.0,11.0,5.0,7.0,U,1996-03-23,FRA,male,2,9.0,81.818,71.429,3.5,11.594
Nick Saviano,125,150,45.455,1973,1984,12,0.0,0.0,0.0,0.0,0.0,0.0,0.0,0.0,0.0,L,1956-06-05,USA,male,275,0.0,,,0.0,
Alan Koth,0,1,0.0,1970,1970,1,0.0,0.0,0.0,0.0,0.0,0.0,0.0,0.0,0.0,U,,,male,1,0.0,,,0.0,
Joaquin Loyo Mayo,77,108,41.622,1968,1978,11,0.0,0.0,0.0,0.0,0.0,0.0,0.0,0.0,0.0,R,1945-08-16,MEX,male,185,0.0,,,0.0,
Martin Fischer,5,20,20.0,2006,2015,10,52.0,59.0,1827.0,1063.0,668.0,390.0,275.0,105.0,193.0,R,1986-07-21,AUT,male,25,187.0,68.0,54.404,7.72,3.229
Alex Llompart,6,5,54.545,2011,2015,5,0.0,0.0,0.0,0.0,0.0,0.0,0.0,0.0,0.0,R,1990-05-11,PUR,male,11,0.0,,,0.0,
Shai Puni,0,3,0.0,1979,1984,6,0.0,0.0,0.0,0.0,0.0,0.0,0.0,0.0,0.0,R,,ISR,male,3,0.0,,,0.0,
Will Farah Lebar,0,2,0.0,2004,2004,1,0.0,0.0,0.0,0.0,0.0,0.0,0.0,0.0,0.0,U,1977-07-10,LIB,male,2,0.0,,,0.0,
Peit Hein Boekel,0,1,0.0,2002,2002,1,0.0,0.0,0.0,0.0,0.0,0.0,0.0,0.0,0.0,U,1975-09-28,AHO,male,1,0.0,,,0.0,
Naratorn Srichaphan,13,14,48.148,1991,2002,12,0.0,0.0,0.0,0.0,0.0,0.0,0.0,0.0,0.0,R,1972-08-05,THA,male,27,0.0,,,0.0,
Marc Abdulnour,3,4,42.857,2011,2013,3,0.0,0.0,0.0,0.0,0.0,0.0,0.0,0.0,0.0,R,1988-08-11,SYR,male,7,0.0,,,0.0,
Clinton Marsh,1,5,16.667,1992,1995,4,24.0,1.0,360.0,246.0,140.0,31.0,55.0,38.0,69.0,R,1972-01-19,RSA,male,6,24.0,43.636,55.072,11.5,0.278
Billy Knight,0,1,0.0,1968,1968,1,0.0,0.0,0.0,0.0,0.0,0.0,0.0,0.0,0.0,L,1935-11-12,GBR,male,1,0.0,,,0.0,
Jonathan Mridha,1,1,50.0,2018,2018,1,7.0,18.0,218.0,128.0,98.0,50.0,35.0,6.0,12.0,R,1995-04-08,SWE,male,2,29.0,82.857,50.0,6.0,8.257
Patrick Hombergen,32,44,42.105,1968,1979,12,0.0,0.0,0.0,0.0,0.0,0.0,0.0,0.0,0.0,R,1946-09-08,BEL,male,76,0.0,,,0.0,
James Blake,361,249,59.18,1998,2013,16,1617.0,3411.0,46638.0,26989.0,19590.0,10040.0,7227.0,2329.0,3800.0,R,1979-12-28,USA,male,610,5756.0,79.646,61.289,6.23,7.314
Bryan Shelton,99,127,43.805,1989,1997,9,1044.0,1707.0,16493.0,9536.0,7147.0,3399.0,2496.0,815.0,1296.0,R,1965-12-22,USA,male,226,2015.0,80.729,62.886,5.735,10.35
Eddie Cruz,2,11,15.385,1968,1976,9,0.0,0.0,0.0,0.0,0.0,0.0,0.0,0.0,0.0,R,,PHI,male,13,0.0,,,0.0,
Zack Fleishman,7,17,29.167,2001,2008,8,87.0,138.0,1783.0,969.0,676.0,392.0,278.0,93.0,172.0,R,1980-03-17,USA,male,24,199.0,71.583,54.07,7.167,7.74
David Katcharava,1,0,100.0,1997,1997,1,0.0,0.0,0.0,0.0,0.0,0.0,0.0,0.0,0.0,R,,RUS,male,1,0.0,,,0.0,
Sunny Liu,1,2,33.333,1989,1990,2,0.0,0.0,0.0,0.0,0.0,0.0,0.0,0.0,0.0,U,1969-03-07,SIN,male,3,0.0,,,0.0,
Anthony Niland,0,1,0.0,1971,1971,1,0.0,0.0,0.0,0.0,0.0,0.0,0.0,0.0,0.0,U,,UNK,male,1,0.0,,,0.0,
Novak Djokovic,946,188,83.422,2004,2021,18,2508.0,5957.0,84141.0,54655.0,40261.0,16359.0,13663.0,3638.0,5569.0,R,1987-05-22,SRB,male,1134,11732.0,85.867,65.326,4.911,7.08
Massimo Zampieri,1,2,33.333,1985,1985,1,0.0,0.0,0.0,0.0,0.0,0.0,0.0,0.0,0.0,R,1964-11-06,ITA,male,3,0.0,,,0.0,
Luciano Cuneo,1,0,100.0,1982,1982,1,0.0,0.0,0.0,0.0,0.0,0.0,0.0,0.0,0.0,U,1960-10-20,PER,male,1,0.0,,,0.0,
Michiel Schapers,132,147,47.312,1982,1993,12,175.0,222.0,4520.0,3056.0,2140.0,720.0,702.0,215.0,363.0,R,1959-10-11,NED,male,279,554.0,78.917,59.229,1.301,4.912
Frank Saloman,1,3,25.0,1968,1969,2,0.0,0.0,0.0,0.0,0.0,0.0,0.0,0.0,0.0,U,1942-12-10,RHO,male,4,0.0,,,0.0,
Johan Settergren,2,4,33.333,2001,2004,4,17.0,18.0,382.0,224.0,145.0,67.0,56.0,24.0,44.0,R,1978-04-22,SWE,male,6,36.0,64.286,54.545,7.333,4.712
Nikola Milojevic,4,4,50.0,2014,2020,7,30.0,27.0,615.0,356.0,252.0,122.0,104.0,29.0,58.0,U,1995-06-19,SRB,male,8,75.0,72.115,50.0,7.25,4.39
Kristian Capalik,3,5,37.5,2000,2002,3,21.0,38.0,581.0,335.0,240.0,113.0,92.0,29.0,54.0,R,1978-10-03,USA,male,8,67.0,72.826,53.704,6.75,6.54
Tripp Phillips,0,1,0.0,2004,2004,1,0.0,1.0,53.0,33.0,16.0,5.0,7.0,4.0,10.0,R,1977-08-26,USA,male,1,1.0,14.286,40.0,10.0,1.887
Martin Cuevas,4,16,20.0,2010,2020,11,13.0,32.0,391.0,236.0,163.0,72.0,56.0,30.0,45.0,R,1992-01-14,URU,male,20,41.0,73.214,66.667,2.25,8.184
Laurent Bram,2,12,14.286,2005,2013,9,0.0,0.0,0.0,0.0,0.0,0.0,0.0,0.0,0.0,R,1984-03-31,LUX,male,14,0.0,,,0.0,
Federico Browne,11,20,35.484,1994,2004,11,71.0,96.0,2028.0,1226.0,809.0,368.0,309.0,119.0,217.0,R,1976-04-07,ARG,male,31,211.0,68.285,54.839,7.0,4.734
Dennis Novak,22,34,39.286,2013,2021,9,160.0,262.0,4770.0,3056.0,2061.0,855.0,731.0,249.0,435.0,R,1993-08-28,AUT,male,56,545.0,74.555,57.241,7.768,5.493
Viktor Filipenko,0,3,0.0,2013,2013,1,0.0,0.0,0.0,0.0,0.0,0.0,0.0,0.0,0.0,U,1991-09-25,HUN,male,3,0.0,,,0.0,
Ian Bersin,0,1,0.0,1979,1979,1,0.0,0.0,0.0,0.0,0.0,0.0,0.0,0.0,0.0,R,,AUS,male,1,0.0,,,0.0,
Otis Smith,0,1,0.0,1988,1988,1,0.0,0.0,0.0,0.0,0.0,0.0,0.0,0.0,0.0,L,1965-12-08,USA,male,1,0.0,,,0.0,
John Mulvey,0,4,0.0,1968,1973,6,0.0,0.0,0.0,0.0,0.0,0.0,0.0,0.0,0.0,U,,IRL,male,4,0.0,,,0.0,
Bruno Chimenti,0,1,0.0,1971,1971,1,0.0,0.0,0.0,0.0,0.0,0.0,0.0,0.0,0.0,U,,ITA,male,1,0.0,,,0.0,
Ingo Neumuller,0,1,0.0,2003,2003,1,1.0,0.0,54.0,22.0,9.0,16.0,8.0,4.0,9.0,R,1979-03-30,AUT,male,1,3.0,37.5,44.444,9.0,0.0
Todor Enev,7,12,36.842,1999,2011,13,0.0,0.0,0.0,0.0,0.0,0.0,0.0,0.0,0.0,R,1982-02-08,BUL,male,19,0.0,,,0.0,
Garth Thomson,2,2,50.0,1990,1991,2,0.0,0.0,0.0,0.0,0.0,0.0,0.0,0.0,0.0,U,1968-06-24,ZIM,male,4,0.0,,,0.0,
Martin Klizan,144,155,48.161,2007,2020,14,997.0,1285.0,22220.0,12947.0,8924.0,4595.0,3380.0,1326.0,2177.0,L,1989-07-11,SVK,male,299,2529.0,74.822,60.91,7.281,5.783
Filip Cristian Jianu,1,0,100.0,2019,2019,1,0.0,0.0,0.0,0.0,0.0,0.0,0.0,0.0,0.0,U,2001-09-18,ROU,male,1,0.0,,,0.0,
Aziz Avganov,0,1,0.0,2003,2003,1,0.0,0.0,0.0,0.0,0.0,0.0,0.0,0.0,0.0,U,1983-08-26,TJK,male,1,0.0,,,0.0,
C Whittle,0,1,0.0,1974,1974,1,0.0,0.0,0.0,0.0,0.0,0.0,0.0,0.0,0.0,U,,,male,1,0.0,,,0.0,
Xin Gao,0,1,0.0,2014,2014,1,5.0,6.0,87.0,43.0,30.0,23.0,14.0,4.0,8.0,U,1994-05-12,CHN,male,1,10.0,71.429,50.0,8.0,6.897
Myron Franks,0,2,0.0,1968,1969,2,0.0,0.0,0.0,0.0,0.0,0.0,0.0,0.0,0.0,R,1936-12-23,USA,male,2,0.0,,,0.0,
Bengt Lundstedt,0,1,0.0,1975,1975,1,0.0,0.0,0.0,0.0,0.0,0.0,0.0,0.0,0.0,R,,SWE,male,1,0.0,,,0.0,
Shahar Perkiss,44,53,45.361,1980,1992,13,0.0,6.0,168.0,76.0,55.0,39.0,21.0,13.0,20.0,R,1962-10-14,ISR,male,97,14.0,66.667,65.0,0.206,3.571
Butch Kirkorian,0,1,0.0,1970,1970,1,0.0,0.0,0.0,0.0,0.0,0.0,0.0,0.0,0.0,U,,USA,male,1,0.0,,,0.0,
Eero Vasa,0,1,0.0,2016,2016,1,0.0,5.0,84.0,60.0,36.0,13.0,12.0,6.0,9.0,R,1997-02-01,FIN,male,1,9.0,75.0,66.667,9.0,5.952
Adam Anderson,0,2,0.0,1988,1989,2,0.0,0.0,0.0,0.0,0.0,0.0,0.0,0.0,0.0,R,1969-12-21,AUS,male,2,0.0,,,0.0,
Nigel Sears,0,1,0.0,1981,1981,1,0.0,0.0,0.0,0.0,0.0,0.0,0.0,0.0,0.0,R,1957-04-04,GBR,male,1,0.0,,,0.0,
Tanakorn Srichaphan,22,18,55.0,1985,1997,13,0.0,0.0,0.0,0.0,0.0,0.0,0.0,0.0,0.0,R,1968-05-20,THA,male,40,0.0,,,0.0,
Filip Horansky,1,7,12.5,2018,2020,3,18.0,24.0,587.0,356.0,228.0,111.0,89.0,30.0,59.0,R,1993-01-07,SVK,male,8,60.0,67.416,50.847,7.375,4.089
Naomi Uemura,0,2,0.0,1981,1984,4,0.0,0.0,0.0,0.0,0.0,0.0,0.0,0.0,0.0,R,,JPN,male,2,0.0,,,0.0,
Takeshi Murakami,0,1,0.0,1985,1985,1,0.0,0.0,0.0,0.0,0.0,0.0,0.0,0.0,0.0,R,1965-02-23,JPN,male,1,0.0,,,0.0,
Andy Ram,3,12,20.0,2000,2012,13,20.0,71.0,667.0,335.0,251.0,167.0,107.0,36.0,63.0,R,1980-04-10,ISR,male,15,80.0,74.766,57.143,4.2,10.645
Mert Ertunga,1,3,25.0,1990,1990,1,0.0,0.0,0.0,0.0,0.0,0.0,0.0,0.0,0.0,R,,TUR,male,4,0.0,,,0.0,
Gavin Hogben,0,1,0.0,1968,1968,1,0.0,0.0,0.0,0.0,0.0,0.0,0.0,0.0,0.0,R,,AUS,male,1,0.0,,,0.0,
Cyril Jacobe,0,9,0.0,2010,2012,3,0.0,0.0,0.0,0.0,0.0,0.0,0.0,0.0,0.0,U,1983-03-31,VAN,male,9,0.0,,,0.0,
Adam Chadaj,3,1,75.0,2005,2005,1,9.0,3.0,156.0,100.0,63.0,25.0,23.0,9.0,16.0,L,1984-05-01,POL,male,4,16.0,69.565,56.25,4.0,1.923
Sergio Cruz,1,8,11.111,1974,1978,5,0.0,0.0,0.0,0.0,0.0,0.0,0.0,0.0,0.0,U,1954-08-31,POR,male,9,0.0,,,0.0,
A Hernandez,0,1,0.0,1978,1978,1,0.0,0.0,0.0,0.0,0.0,0.0,0.0,0.0,0.0,R,,MEX,male,1,0.0,,,0.0,
Kenneth Reid,2,6,25.0,1968,1973,6,0.0,0.0,0.0,0.0,0.0,0.0,0.0,0.0,0.0,U,,IRL,male,8,0.0,,,0.0,
Nikola Mektic,3,9,25.0,2009,2019,11,16.0,48.0,740.0,431.0,276.0,147.0,115.0,33.0,70.0,R,1988-12-24,CRO,male,12,78.0,67.826,47.143,5.833,6.486
Todd Reid,14,22,38.889,2002,2005,4,63.0,115.0,2572.0,1811.0,1161.0,368.0,396.0,166.0,278.0,R,1984-06-03,AUS,male,36,284.0,71.717,59.712,7.722,4.471
Derrick Rostagno,163,153,51.582,1983,1996,14,528.0,801.0,12484.0,7624.0,5364.0,2294.0,1874.0,651.0,1104.0,R,1965-10-25,USA,male,316,1421.0,75.827,58.967,3.494,6.416
Bret Richardson,0,2,0.0,1989,1991,3,4.0,1.0,83.0,58.0,35.0,10.0,13.0,2.0,7.0,R,1971-01-23,AUS,male,2,8.0,61.538,28.571,3.5,1.205
Ruby Hoskowetz,2,5,28.571,1970,1976,7,0.0,0.0,0.0,0.0,0.0,0.0,0.0,0.0,0.0,R,1946-10-12,AUT,male,7,0.0,,,0.0,
Michal Tabara,38,49,43.678,1996,2008,13,390.0,260.0,6491.0,3408.0,2248.0,1476.0,998.0,382.0,712.0,R,1979-08-11,CZE,male,87,668.0,66.934,53.652,8.184,4.006
Victor Bruthans,0,1,0.0,2006,2006,1,0.0,0.0,0.0,0.0,0.0,0.0,0.0,0.0,0.0,R,1979-11-09,SVK,male,1,0.0,,,0.0,
Steve Mott,0,2,0.0,1976,1977,2,0.0,0.0,0.0,0.0,0.0,0.0,0.0,0.0,0.0,R,,USA,male,2,0.0,,,0.0,
Jim Corn,1,1,50.0,1972,1972,1,0.0,0.0,0.0,0.0,0.0,0.0,0.0,0.0,0.0,U,,USA,male,2,0.0,,,0.0,
Stefan Kozlov,5,17,22.727,2013,2020,8,92.0,71.0,1407.0,790.0,514.0,272.0,217.0,93.0,179.0,R,1998-02-01,USA,male,22,131.0,60.369,51.955,8.136,5.046
Mounir El Aarej,8,19,29.63,1997,2006,10,54.0,33.0,774.0,419.0,279.0,147.0,108.0,67.0,108.0,R,1977-06-16,MAR,male,27,67.0,62.037,62.037,4.0,4.264
Emilio Sanchez,412,253,61.955,1984,1997,14,335.0,941.0,20826.0,13534.0,9164.0,3707.0,3168.0,1123.0,1887.0,R,1965-05-29,ESP,male,665,2404.0,75.884,59.512,2.838,4.518
Andres Pedroso,0,1,0.0,2004,2004,1,0.0,2.0,41.0,26.0,8.0,8.0,7.0,3.0,8.0,R,1979-02-21,USA,male,1,2.0,28.571,37.5,8.0,4.878
Ota Fukarek,2,13,13.333,1999,2002,4,54.0,67.0,1291.0,794.0,535.0,238.0,196.0,73.0,129.0,R,1977-01-18,CZE,male,15,140.0,71.429,56.589,8.6,5.19
Tomas Anzari,1,14,6.667,1987,1994,8,29.0,12.0,753.0,483.0,299.0,113.0,114.0,40.0,86.0,R,1970-06-24,CZE,male,15,68.0,59.649,46.512,5.733,1.594
James Buckley,2,6,25.0,1968,1973,6,0.0,0.0,0.0,0.0,0.0,0.0,0.0,0.0,0.0,U,1937-04-15,IRL,male,8,0.0,,,0.0,
Gwinyai Chingoka,0,1,0.0,2003,2003,1,0.0,0.0,0.0,0.0,0.0,0.0,0.0,0.0,0.0,U,1982-09-27,ZIM,male,1,0.0,,,0.0,
Thedy Stalder,1,9,10.0,1968,1972,5,0.0,0.0,0.0,0.0,0.0,0.0,0.0,0.0,0.0,U,1939-03-18,SUI,male,10,0.0,,,0.0,
Diego Nargiso,76,128,37.255,1987,2000,14,703.0,863.0,11666.0,6241.0,4484.0,2454.0,1726.0,666.0,1135.0,L,1970-03-15,ITA,male,204,1257.0,72.827,58.678,5.564,7.398
Phillip Williamson,0,3,0.0,1987,1993,7,18.0,6.0,250.0,152.0,83.0,37.0,32.0,17.0,33.0,R,1965-05-29,USA,male,3,16.0,50.0,51.515,11.0,2.4
Phillip Williamson,0,3,0.0,1987,1993,7,18.0,6.0,250.0,152.0,83.0,37.0,32.0,17.0,33.0,U,1965-05-29,USA,male,3,16.0,50.0,51.515,11.0,2.4
Hrage Magarian,0,2,0.0,1987,1987,1,0.0,0.0,0.0,0.0,0.0,0.0,0.0,0.0,0.0,U,1963-12-29,SYR,male,2,0.0,,,0.0,
Mario Martinez,86,72,54.43,1978,1988,11,0.0,0.0,0.0,0.0,0.0,0.0,0.0,0.0,0.0,R,1961-09-12,BOL,male,158,0.0,,,0.0,
Giovanni Capozza,1,1,50.0,1971,1971,1,0.0,0.0,0.0,0.0,0.0,0.0,0.0,0.0,0.0,U,,ITA,male,2,0.0,,,0.0,
Syed Mohd Agil Syed Naguib,0,1,0.0,2016,2016,1,2.0,2.0,60.0,39.0,12.0,7.0,10.0,4.0,13.0,R,1994-02-01,MAS,male,1,1.0,10.0,30.769,13.0,3.333
U Hamilton,0,1,0.0,1972,1972,1,0.0,0.0,0.0,0.0,0.0,0.0,0.0,0.0,0.0,U,,UNK,male,1,0.0,,,0.0,
Eleazar Davidman,2,2,50.0,1969,1969,1,0.0,0.0,0.0,0.0,0.0,0.0,0.0,0.0,0.0,U,1936-12-09,ISR,male,4,0.0,,,0.0,
Andis Juska,11,15,42.308,2002,2014,13,0.0,0.0,0.0,0.0,0.0,0.0,0.0,0.0,0.0,R,1985-05-22,LAT,male,26,0.0,,,0.0,
Jean Nabi,2,13,13.333,1989,1997,9,0.0,0.0,0.0,0.0,0.0,0.0,0.0,0.0,0.0,R,1973-11-04,CIV,male,15,0.0,,,0.0,
John Stimpson,1,2,33.333,1991,1991,1,3.0,0.0,173.0,132.0,84.0,23.0,27.0,7.0,13.0,R,1968-09-04,USA,male,3,21.0,77.778,53.846,4.333,0.0
Albert Portas,141,190,42.598,1993,2007,15,1181.0,1331.0,25035.0,14383.0,9766.0,4956.0,3778.0,1465.0,2591.0,R,1973-11-15,ESP,male,331,2652.0,70.196,56.542,7.828,5.317
Martins Podzus,4,7,36.364,2011,2016,6,6.0,19.0,210.0,135.0,97.0,39.0,32.0,8.0,13.0,R,1994-06-29,LAT,male,11,27.0,84.375,61.538,1.182,9.048
Matwe Middelkoop,1,2,33.333,2008,2016,9,12.0,19.0,185.0,91.0,62.0,47.0,23.0,16.0,21.0,R,1983-09-03,NED,male,3,18.0,78.261,76.19,7.0,10.27
A Ferguson,1,1,50.0,1974,1974,1,0.0,0.0,0.0,0.0,0.0,0.0,0.0,0.0,0.0,U,,,male,2,0.0,,,0.0,
Jan Gunnarsson,168,164,50.602,1979,1993,15,97.0,155.0,2375.0,1129.0,798.0,557.0,365.0,147.0,271.0,R,1962-05-30,SWE,male,332,241.0,66.027,54.244,0.816,6.526
Vallis Wilder,4,7,36.364,1986,1987,2,0.0,0.0,0.0,0.0,0.0,0.0,0.0,0.0,0.0,R,1959-06-08,USA,male,11,0.0,,,0.0,
Rolf Gehring,112,127,46.862,1973,1985,13,0.0,0.0,0.0,0.0,0.0,0.0,0.0,0.0,0.0,R,1955-11-25,GER,male,239,0.0,,,0.0,
Mathias Hellstrom,0,1,0.0,2004,2004,1,3.0,3.0,63.0,32.0,16.0,13.0,11.0,3.0,10.0,R,1978-02-21,SWE,male,1,4.0,36.364,30.0,10.0,4.762
Victor Lopez,0,1,0.0,1988,1988,1,0.0,0.0,0.0,0.0,0.0,0.0,0.0,0.0,0.0,R,,ESP,male,1,0.0,,,0.0,
J Drury Byrne,0,1,0.0,1969,1969,1,0.0,0.0,0.0,0.0,0.0,0.0,0.0,0.0,0.0,U,,IRL,male,1,0.0,,,0.0,
Yshai Oliel,1,0,100.0,2018,2018,1,1.0,7.0,68.0,46.0,35.0,14.0,11.0,3.0,3.0,L,2000-01-05,ISR,male,1,11.0,100.0,100.0,3.0,10.294
Gerard Granollers,0,4,0.0,2011,2013,3,8.0,3.0,274.0,181.0,98.0,41.0,43.0,18.0,39.0,R,1989-01-30,ESP,male,4,22.0,51.163,46.154,9.75,1.095
Colon Nunez,0,3,0.0,1976,1976,1,0.0,0.0,0.0,0.0,0.0,0.0,0.0,0.0,0.0,U,1955-04-08,ECU,male,3,0.0,,,0.0,
Diego Hipperdinger,0,1,0.0,1998,1998,1,1.0,0.0,48.0,35.0,16.0,5.0,8.0,3.0,8.0,R,1977-01-17,ESP,male,1,3.0,37.5,37.5,8.0,0.0
Nortay Dowuona,0,1,0.0,1997,1997,1,0.0,0.0,0.0,0.0,0.0,0.0,0.0,0.0,0.0,R,1967-04-29,NGR,male,1,0.0,,,0.0,
Robert Rheinberger,3,33,8.333,1970,1976,7,0.0,0.0,0.0,0.0,0.0,0.0,0.0,0.0,0.0,R,1945-11-18,AUS,male,36,0.0,,,0.0,
Fred Whitaker,0,2,0.0,1974,1975,2,0.0,0.0,0.0,0.0,0.0,0.0,0.0,0.0,0.0,U,,UNK,male,2,0.0,,,0.0,
Martin Slanar,1,2,33.333,2008,2008,1,16.0,15.0,244.0,139.0,91.0,43.0,36.0,11.0,23.0,R,1981-05-01,AUT,male,3,24.0,66.667,47.826,7.667,6.148
Luis Augusto Garcia,2,2,50.0,1969,1970,2,0.0,0.0,0.0,0.0,0.0,0.0,0.0,0.0,0.0,U,,MEX,male,4,0.0,,,0.0,
Thiago Seyboth Wild,7,8,46.667,2018,2021,4,47.0,83.0,1258.0,741.0,525.0,270.0,194.0,70.0,110.0,R,2000-03-10,BRA,male,15,154.0,79.381,63.636,7.333,6.598
Alan Haswell,0,1,0.0,1971,1971,1,0.0,0.0,0.0,0.0,0.0,0.0,0.0,0.0,0.0,R,,AUS,male,1,0.0,,,0.0,
Erik Vant Hof,1,3,25.0,1984,1985,2,0.0,0.0,0.0,0.0,0.0,0.0,0.0,0.0,0.0,R,1960-11-12,USA,male,4,0.0,,,0.0,
Andres Battad,2,8,20.0,1972,1988,17,0.0,0.0,0.0,0.0,0.0,0.0,0.0,0.0,0.0,R,,PHI,male,10,0.0,,,0.0,
Pablo Andujar,145,211,40.73,2007,2021,15,1088.0,574.0,26677.0,16927.0,10945.0,4737.0,4052.0,1575.0,2780.0,R,1986-01-23,ESP,male,356,2847.0,70.262,56.655,7.809,2.152
Rodolphe Cadart,3,5,37.5,1999,2003,5,28.0,22.0,606.0,375.0,244.0,126.0,94.0,37.0,61.0,L,1978-08-08,FRA,male,8,70.0,74.468,60.656,7.625,3.63
Artem Derepasko,0,1,0.0,2001,2001,1,3.0,2.0,64.0,46.0,21.0,4.0,10.0,4.0,12.0,R,1980-01-26,RUS,male,1,2.0,20.0,33.333,12.0,3.125
Chris Pridham,43,66,39.45,1985,1994,10,170.0,174.0,4337.0,2521.0,1756.0,924.0,647.0,226.0,364.0,R,1965-04-11,CAN,male,109,509.0,78.671,62.088,3.339,4.012
Mark Nielsen,19,16,54.286,1997,2008,12,39.0,20.0,655.0,418.0,270.0,108.0,97.0,50.0,84.0,R,1977-10-08,NZL,male,35,63.0,64.948,59.524,2.4,3.053
Jeff Turpin,8,11,42.105,1982,1985,4,0.0,0.0,0.0,0.0,0.0,0.0,0.0,0.0,0.0,R,1960-05-13,USA,male,19,0.0,,,0.0,
Andre Sa,48,85,36.09,1997,2007,11,429.0,368.0,10197.0,5983.0,3874.0,2021.0,1543.0,615.0,1120.0,R,1977-05-06,BRA,male,133,1038.0,67.272,54.911,8.421,3.609
Asher Kahn,0,2,0.0,1978,1978,1,0.0,0.0,0.0,0.0,0.0,0.0,0.0,0.0,0.0,R,,USA,male,2,0.0,,,0.0,
Ohad Weinberg,0,2,0.0,1990,1991,2,1.0,4.0,75.0,34.0,24.0,17.0,9.0,14.0,17.0,R,1971-03-19,ISR,male,2,6.0,66.667,82.353,8.5,5.333
Akinori Naguro,2,4,33.333,1978,1981,4,0.0,0.0,0.0,0.0,0.0,0.0,0.0,0.0,0.0,R,,JPN,male,6,0.0,,,0.0,
Diego Veronelli,2,3,40.0,2003,2004,2,12.0,17.0,358.0,203.0,126.0,70.0,50.0,27.0,47.0,R,1979-12-05,ARG,male,5,30.0,60.0,57.447,9.4,4.749
Dominik Hrbaty,323,289,52.778,1996,2010,15,2403.0,2795.0,44946.0,25435.0,18004.0,9702.0,6961.0,2500.0,4210.0,R,1978-01-04,SVK,male,612,5251.0,75.435,59.382,6.879,6.219
Abraham Sojo,0,1,0.0,1982,1982,1,0.0,0.0,0.0,0.0,0.0,0.0,0.0,0.0,0.0,U,1955-07-21,VEN,male,1,0.0,,,0.0,
Greg Peebles,0,2,0.0,1973,1973,1,0.0,0.0,0.0,0.0,0.0,0.0,0.0,0.0,0.0,R,,USA,male,2,0.0,,,0.0,
Dac Tien Nguyen,0,1,0.0,2016,2016,1,5.0,3.0,47.0,26.0,16.0,5.0,7.0,2.0,6.0,,1999-01-06,VIE,male,1,3.0,42.857,33.333,6.0,6.383
Daniel Michalski,1,0,100.0,2018,2018,1,1.0,1.0,53.0,32.0,27.0,14.0,10.0,1.0,2.0,U,2000-01-11,POL,male,1,9.0,90.0,50.0,2.0,1.887
Musaad Al Jazzaf,1,4,20.0,2002,2004,3,0.0,0.0,0.0,0.0,0.0,0.0,0.0,0.0,0.0,U,1984-04-20,KUW,male,5,0.0,,,0.0,
Faisal Syed Haq,0,2,0.0,1992,1992,1,0.0,0.0,0.0,0.0,0.0,0.0,0.0,0.0,0.0,U,1976-10-11,BAN,male,2,0.0,,,0.0,
Desmond Tyson,1,6,14.286,1983,1988,6,0.0,0.0,0.0,0.0,0.0,0.0,0.0,0.0,0.0,R,1965-09-26,AUS,male,7,0.0,,,0.0,
Jose Moreno Tallada,0,1,0.0,1972,1972,1,0.0,0.0,0.0,0.0,0.0,0.0,0.0,0.0,0.0,U,1953-08-27,ESP,male,1,0.0,,,0.0,
Andre Lopes,0,1,0.0,1998,1998,1,0.0,0.0,0.0,0.0,0.0,0.0,0.0,0.0,0.0,R,1978-06-08,POR,male,1,0.0,,,0.0,
Chris Numbers,0,1,0.0,2002,2002,1,0.0,0.0,0.0,0.0,0.0,0.0,0.0,0.0,0.0,U,1971-08-05,HKG,male,1,0.0,,,0.0,
John Lloyd,177,215,45.153,1973,1986,14,0.0,0.0,0.0,0.0,0.0,0.0,0.0,0.0,0.0,R,1954-08-27,GBR,male,392,0.0,,,0.0,
Enrico Cocchi,1,2,33.333,1987,1989,3,0.0,0.0,0.0,0.0,0.0,0.0,0.0,0.0,0.0,R,1966-12-15,ITA,male,3,0.0,,,0.0,
W Lung,0,1,0.0,1973,1973,1,0.0,0.0,0.0,0.0,0.0,0.0,0.0,0.0,0.0,U,,UNK,male,1,0.0,,,0.0,
Petr Pala,0,1,0.0,1996,1996,1,4.0,1.0,60.0,36.0,18.0,9.0,8.0,7.0,12.0,R,1975-10-02,CZE,male,1,3.0,37.5,58.333,12.0,1.667
Gerry Gomes,0,1,0.0,1971,1971,1,0.0,0.0,0.0,0.0,0.0,0.0,0.0,0.0,0.0,U,,UNK,male,1,0.0,,,0.0,
Islam Ul Haq,5,3,62.5,1984,1985,2,0.0,0.0,0.0,0.0,0.0,0.0,0.0,0.0,0.0,U,1962-06-15,PAK,male,8,0.0,,,0.0,
M Harner,0,1,0.0,1980,1980,1,0.0,0.0,0.0,0.0,0.0,0.0,0.0,0.0,0.0,R,,USA,male,1,0.0,,,0.0,
Sergiy Stakhovsky,166,207,44.504,2005,2021,17,914.0,2262.0,27511.0,16968.0,12129.0,5221.0,4259.0,1416.0,2335.0,R,1986-01-06,UKR,male,373,3340.0,78.422,60.642,6.26,8.222
Bartolome Salva Vidal,0,6,0.0,2006,2007,2,25.0,8.0,426.0,242.0,152.0,83.0,66.0,31.0,55.0,L,1986-11-20,ESP,male,6,42.0,63.636,56.364,9.167,1.878
Patrick Tierro,8,8,50.0,2004,2017,14,3.0,1.0,56.0,32.0,18.0,9.0,8.0,7.0,11.0,U,1985-08-01,PHI,male,16,4.0,50.0,63.636,0.688,1.786
Szabolcz Baranyi,47,63,42.727,1968,1978,11,0.0,0.0,0.0,0.0,0.0,0.0,0.0,0.0,0.0,R,1944-01-31,HUN,male,110,0.0,,,0.0,
Stefano Galvani,16,35,31.373,2001,2011,11,236.0,137.0,4411.0,2587.0,1701.0,896.0,671.0,229.0,430.0,R,1977-06-03,ITA,male,51,470.0,70.045,53.256,8.431,3.106
Jorge Todero,0,1,0.0,1977,1977,1,0.0,0.0,0.0,0.0,0.0,0.0,0.0,0.0,0.0,R,,ARG,male,1,0.0,,,0.0,
P Deuble,0,1,0.0,1971,1971,1,0.0,0.0,0.0,0.0,0.0,0.0,0.0,0.0,0.0,U,,AUS,male,1,0.0,,,0.0,
Dragan Savic,0,3,0.0,1974,1975,2,0.0,0.0,0.0,0.0,0.0,0.0,0.0,0.0,0.0,R,,YUG,male,3,0.0,,,0.0,
Steve Docherty,41,62,39.806,1974,1981,8,0.0,0.0,0.0,0.0,0.0,0.0,0.0,0.0,0.0,R,1950-05-06,AUS,male,103,0.0,,,0.0,
Dawood Dawoodian,3,7,30.0,1986,1990,5,0.0,0.0,0.0,0.0,0.0,0.0,0.0,0.0,0.0,U,1963-01-03,SYR,male,10,0.0,,,0.0,
Wojtek Kowalski,21,20,51.22,1984,1996,13,25.0,85.0,1138.0,645.0,426.0,245.0,171.0,70.0,121.0,R,1967-10-10,POL,male,41,120.0,70.175,57.851,2.951,7.469
Ernesto Lingen,1,6,14.286,1971,1992,22,0.0,0.0,0.0,0.0,0.0,0.0,0.0,0.0,0.0,R,,ECU,male,7,0.0,,,0.0,
Ken Stuart,3,11,21.429,1968,1971,4,0.0,0.0,0.0,0.0,0.0,0.0,0.0,0.0,0.0,R,,USA,male,14,0.0,,,0.0,
Jean Pierre Richer,0,3,0.0,1977,1980,4,0.0,0.0,0.0,0.0,0.0,0.0,0.0,0.0,0.0,R,,BEL,male,3,0.0,,,0.0,
Munawar Iqbal,3,7,30.0,1970,1974,5,0.0,0.0,0.0,0.0,0.0,0.0,0.0,0.0,0.0,R,,PAK,male,10,0.0,,,0.0,
Toshisuke Sakai,0,1,0.0,1972,1972,1,0.0,0.0,0.0,0.0,0.0,0.0,0.0,0.0,0.0,R,,JPN,male,1,0.0,,,0.0,
Harshana Godamanna,12,5,70.588,2010,2016,7,3.0,23.0,257.0,162.0,116.0,59.0,41.0,17.0,22.0,L,1985-10-31,SRI,male,17,36.0,87.805,77.273,1.294,8.949
V Kazarevitch,0,2,0.0,1968,1969,2,0.0,0.0,0.0,0.0,0.0,0.0,0.0,0.0,0.0,R,,RUS,male,2,0.0,,,0.0,
Andrei Olhovskiy,69,120,36.508,1987,1997,11,664.0,961.0,13074.0,7290.0,5346.0,2676.0,1928.0,697.0,1188.0,R,1966-04-15,RUS,male,189,1437.0,74.533,58.67,6.286,7.35
Federico Gaio,2,10,16.667,2015,2020,6,68.0,76.0,1010.0,553.0,396.0,225.0,158.0,62.0,103.0,R,1992-03-05,ITA,male,12,117.0,74.051,60.194,8.583,7.525
Juan Antonio Rodriguez,2,9,18.182,1982,1991,10,2.0,0.0,65.0,49.0,27.0,4.0,9.0,7.0,12.0,R,1962-05-05,ESP,male,11,4.0,44.444,58.333,1.091,0.0
Jorge Cordova,0,1,0.0,1997,1997,1,0.0,0.0,0.0,0.0,0.0,0.0,0.0,0.0,0.0,R,1971-06-28,CUB,male,1,0.0,,,0.0,
D Tomlinson,0,1,0.0,1971,1971,1,0.0,0.0,0.0,0.0,0.0,0.0,0.0,0.0,0.0,U,,RSA,male,1,0.0,,,0.0,
Wai Yu Kai,0,2,0.0,2019,2020,2,0.0,0.0,0.0,0.0,0.0,0.0,0.0,0.0,0.0,U,2001-03-20,HKG,male,2,0.0,,,0.0,
Felix Barrientos,18,5,78.261,1984,1993,10,11.0,6.0,227.0,127.0,84.0,47.0,36.0,7.0,18.0,R,1967-11-20,PHI,male,23,25.0,69.444,38.889,0.783,2.643
Jeck Chu,0,1,0.0,1973,1973,1,0.0,0.0,0.0,0.0,0.0,0.0,0.0,0.0,0.0,U,,UNK,male,1,0.0,,,0.0,
Marcelo Melo,1,0,100.0,2010,2010,1,0.0,0.0,0.0,0.0,0.0,0.0,0.0,0.0,0.0,R,1983-09-23,BRA,male,1,0.0,,,0.0,
Kristjan Tamm,2,0,100.0,2020,2020,1,0.0,0.0,0.0,0.0,0.0,0.0,0.0,0.0,0.0,U,1998-06-16,EST,male,2,0.0,,,0.0,
Thiemo De Bakker,70,93,42.945,2006,2019,14,261.0,1149.0,11325.0,6789.0,4923.0,2238.0,1739.0,607.0,979.0,R,1988-09-19,NED,male,163,1367.0,78.608,62.002,6.006,10.146
Robert Trogolo,7,11,38.889,1971,1980,10,0.0,0.0,0.0,0.0,0.0,0.0,0.0,0.0,0.0,R,1953-06-15,RSA,male,18,0.0,,,0.0,
Paolo Pambianco,7,7,50.0,1989,1995,7,19.0,10.0,310.0,178.0,117.0,62.0,43.0,24.0,37.0,R,1967-07-11,ITA,male,14,30.0,69.767,64.865,2.643,3.226
Elmar Gerth,0,5,0.0,2001,2003,3,0.0,0.0,0.0,0.0,0.0,0.0,0.0,0.0,0.0,R,1970-08-11,AHO,male,5,0.0,,,0.0,
Brian Dunn,4,12,25.0,1992,1995,4,83.0,97.0,1150.0,579.0,438.0,259.0,179.0,59.0,109.0,R,1974-04-05,USA,male,16,129.0,72.067,54.128,6.812,8.435
Yoshito Nakamura,0,2,0.0,1981,1982,2,0.0,0.0,0.0,0.0,0.0,0.0,0.0,0.0,0.0,R,,JPN,male,2,0.0,,,0.0,
Freddie Sauer,21,29,42.0,1979,1983,5,0.0,0.0,0.0,0.0,0.0,0.0,0.0,0.0,0.0,R,1961-08-02,RSA,male,50,0.0,,,0.0,
Jean Segodo,0,1,0.0,2013,2013,1,0.0,0.0,0.0,0.0,0.0,0.0,0.0,0.0,0.0,U,1988-11-13,BEN,male,1,0.0,,,0.0,
David Macpherson,0,10,0.0,1983,1991,9,4.0,1.0,109.0,65.0,47.0,17.0,15.0,7.0,11.0,L,1967-07-03,AUS,male,10,11.0,73.333,63.636,1.1,0.917
Zeljko Tosic,1,0,100.0,1999,1999,1,0.0,0.0,0.0,0.0,0.0,0.0,0.0,0.0,0.0,R,1978-06-26,YUG,male,1,0.0,,,0.0,
Hank Pfister,214,157,57.682,1975,1988,14,0.0,0.0,0.0,0.0,0.0,0.0,0.0,0.0,0.0,R,1953-10-09,USA,male,371,0.0,,,0.0,
Colin Mchugo,0,2,0.0,1969,1973,5,0.0,0.0,0.0,0.0,0.0,0.0,0.0,0.0,0.0,R,1945-12-04,GBR,male,2,0.0,,,0.0,
Martin Robinson,12,31,27.907,1974,1977,4,0.0,0.0,0.0,0.0,0.0,0.0,0.0,0.0,0.0,L,1955-10-19,GBR,male,43,0.0,,,0.0,
Geoff Roper,0,1,0.0,1988,1988,1,0.0,0.0,0.0,0.0,0.0,0.0,0.0,0.0,0.0,R,1964-06-03,CAN,male,1,0.0,,,0.0,
Ervin Eleskovic,2,9,18.182,2004,2011,8,50.0,49.0,596.0,326.0,229.0,110.0,91.0,35.0,64.0,R,1987-05-08,SWE,male,11,62.0,68.132,54.688,5.818,8.221
Terry Addison,37,72,33.945,1968,1975,8,0.0,0.0,0.0,0.0,0.0,0.0,0.0,0.0,0.0,R,1946-01-11,AUS,male,109,0.0,,,0.0,
Adolfo Daniel Vallejo,2,1,66.667,2019,2020,2,0.0,0.0,0.0,0.0,0.0,0.0,0.0,0.0,0.0,U,,PAR,male,3,0.0,,,0.0,
Alvaro Raposo De Oliveira,1,0,100.0,2010,2010,1,0.0,0.0,0.0,0.0,0.0,0.0,0.0,0.0,0.0,U,1990-09-05,PER,male,1,0.0,,,0.0,
B Renault,0,1,0.0,1977,1977,1,0.0,0.0,0.0,0.0,0.0,0.0,0.0,0.0,0.0,U,,FRA,male,1,0.0,,,0.0,
Gerard Wimmer,2,8,20.0,1975,1981,7,0.0,0.0,0.0,0.0,0.0,0.0,0.0,0.0,0.0,R,1953-03-01,AUT,male,10,0.0,,,0.0,
Eduardo Oncins,0,5,0.0,1982,1984,3,0.0,0.0,0.0,0.0,0.0,0.0,0.0,0.0,0.0,R,1964-12-10,BRA,male,5,0.0,,,0.0,
Gilbert Wong,0,2,0.0,2007,2010,4,0.0,0.0,0.0,0.0,0.0,0.0,0.0,0.0,0.0,U,1988-11-09,HKG,male,2,0.0,,,0.0,
Francis Barnett,0,1,0.0,1973,1973,1,0.0,0.0,0.0,0.0,0.0,0.0,0.0,0.0,0.0,U,,,male,1,0.0,,,0.0,
Libor Pimek,109,98,52.657,1983,1992,10,18.0,2.0,209.0,122.0,75.0,34.0,32.0,12.0,27.0,R,1963-08-03,BEL,male,207,17.0,53.125,44.444,0.13,0.957
Hans Gildemeister,201,136,59.644,1973,1987,15,0.0,0.0,0.0,0.0,0.0,0.0,0.0,0.0,0.0,R,1956-02-09,CHI,male,337,0.0,,,0.0,
John Sharpe,6,14,30.0,1968,1971,4,0.0,0.0,0.0,0.0,0.0,0.0,0.0,0.0,0.0,R,1939-05-18,AUS,male,20,0.0,,,0.0,
E Chavez,0,1,0.0,1973,1973,1,0.0,0.0,0.0,0.0,0.0,0.0,0.0,0.0,0.0,U,,UNK,male,1,0.0,,,0.0,
Jorge Cano,0,1,0.0,1979,1979,1,0.0,0.0,0.0,0.0,0.0,0.0,0.0,0.0,0.0,R,,ARG,male,1,0.0,,,0.0,
Gary Teagle,0,1,0.0,1968,1968,1,0.0,0.0,0.0,0.0,0.0,0.0,0.0,0.0,0.0,R,,AUS,male,1,0.0,,,0.0,
Marc Kevin Goellner,141,165,46.078,1992,2003,12,1364.0,3030.0,24390.0,12668.0,9884.0,5644.0,3629.0,1157.0,1906.0,R,1970-09-22,GER,male,306,2880.0,79.361,60.703,6.229,12.423
Bing Pan,15,11,57.692,1990,1997,8,20.0,5.0,358.0,225.0,144.0,52.0,53.0,15.0,35.0,R,1970-02-13,CHN,male,26,33.0,62.264,42.857,1.346,1.397
Marty Davis,124,138,47.328,1978,1990,13,0.0,0.0,0.0,0.0,0.0,0.0,0.0,0.0,0.0,R,1958-11-15,USA,male,262,0.0,,,0.0,
Keith Reynolds,0,1,0.0,1968,1968,1,0.0,0.0,0.0,0.0,0.0,0.0,0.0,0.0,0.0,R,,GBR,male,1,0.0,,,0.0,
John Bartlett,28,85,24.779,1968,1979,12,0.0,0.0,0.0,0.0,0.0,0.0,0.0,0.0,0.0,R,1948-03-17,AUS,male,113,0.0,,,0.0,
Peter Svensson,1,1,50.0,1988,1988,1,0.0,0.0,0.0,0.0,0.0,0.0,0.0,0.0,0.0,L,1966-05-09,SWE,male,2,0.0,,,0.0,
Steven Baldas,0,1,0.0,1993,1993,1,1.0,1.0,60.0,35.0,20.0,12.0,9.0,6.0,10.0,R,1974-06-18,AUS,male,1,5.0,55.556,60.0,10.0,1.667
Dominik Guido Utzinger,2,1,66.667,1985,1985,1,0.0,0.0,0.0,0.0,0.0,0.0,0.0,0.0,0.0,R,1963-04-12,SUI,male,3,0.0,,,0.0,
Kenzo Ukon,0,1,0.0,1984,1984,1,0.0,0.0,0.0,0.0,0.0,0.0,0.0,0.0,0.0,U,1958-04-16,JPN,male,1,0.0,,,0.0,
Patrik Niklas Salminen,1,1,50.0,2019,2020,2,4.0,5.0,56.0,33.0,29.0,14.0,10.0,3.0,3.0,U,1997-03-05,FIN,male,2,10.0,100.0,100.0,1.5,8.929
Thorvald Moe,1,3,25.0,1974,1974,1,0.0,0.0,0.0,0.0,0.0,0.0,0.0,0.0,0.0,U,1939-10-04,NOR,male,4,0.0,,,0.0,
Ee Wei Tan,0,1,0.0,1997,1997,1,0.0,0.0,0.0,0.0,0.0,0.0,0.0,0.0,0.0,U,1969-04-22,SIN,male,1,0.0,,,0.0,
Todd Larkham,3,14,17.647,1996,2004,9,76.0,31.0,1631.0,1030.0,602.0,252.0,227.0,111.0,203.0,R,1974-10-13,AUS,male,17,135.0,59.471,54.68,11.941,1.901
Herbert Wiltschnig,4,14,22.222,1993,2002,10,40.0,25.0,1177.0,772.0,458.0,186.0,174.0,74.0,143.0,R,1975-11-21,AUT,male,18,105.0,60.345,51.748,7.944,2.124
Darko Bojanovic,0,1,0.0,2018,2018,1,1.0,4.0,46.0,26.0,14.0,9.0,8.0,1.0,5.0,U,1997-02-08,BIH,male,1,4.0,50.0,20.0,5.0,8.696
Alexander Reichel,3,7,30.0,1991,2004,14,77.0,47.0,777.0,444.0,302.0,135.0,113.0,42.0,79.0,R,1971-03-03,USA,male,10,76.0,67.257,53.165,7.9,6.049
Alexander Reichel,3,7,30.0,1991,2004,14,77.0,47.0,777.0,444.0,302.0,135.0,113.0,42.0,79.0,R,1971-03-09,USA,male,10,76.0,67.257,53.165,7.9,6.049
Michael Reynolds,0,1,0.0,1971,1971,1,0.0,0.0,0.0,0.0,0.0,0.0,0.0,0.0,0.0,U,,RSA,male,1,0.0,,,0.0,
Ciccio Gorla,0,1,0.0,1968,1968,1,0.0,0.0,0.0,0.0,0.0,0.0,0.0,0.0,0.0,U,,ITA,male,1,0.0,,,0.0,
Bernhard Pils,14,27,34.146,1979,1987,9,0.0,0.0,0.0,0.0,0.0,0.0,0.0,0.0,0.0,R,1961-10-20,AUT,male,41,0.0,,,0.0,
Alexander Ward,0,4,0.0,2013,2017,5,13.0,17.0,373.0,241.0,159.0,56.0,55.0,29.0,46.0,U,1990-04-30,GBR,male,4,38.0,69.091,63.043,11.5,4.558
Eduard Pana,0,1,0.0,1980,1980,1,0.0,0.0,0.0,0.0,0.0,0.0,0.0,0.0,0.0,R,1959-07-17,ROU,male,1,0.0,,,0.0,
Carl Limberger,33,71,31.731,1981,1992,12,35.0,30.0,1242.0,731.0,462.0,230.0,192.0,73.0,143.0,R,1964-01-24,AUS,male,104,122.0,63.542,51.049,1.375,2.415
Craig Smith,0,2,0.0,1992,1992,1,0.0,0.0,0.0,0.0,0.0,0.0,0.0,0.0,0.0,U,1963-08-03,BAR,male,2,0.0,,,0.0,
Wilfredo Henry Torriente,0,1,0.0,1990,1990,1,0.0,0.0,0.0,0.0,0.0,0.0,0.0,0.0,0.0,U,1962-01-26,CUB,male,1,0.0,,,0.0,
A G Barker,1,1,50.0,1970,1970,1,0.0,0.0,0.0,0.0,0.0,0.0,0.0,0.0,0.0,U,,GBR,male,2,0.0,,,0.0,
Georges Goven,177,210,45.736,1968,1984,17,0.0,0.0,0.0,0.0,0.0,0.0,0.0,0.0,0.0,R,1948-04-26,FRA,male,387,0.0,,,0.0,
Georges Goven,177,210,45.736,1968,1984,17,0.0,0.0,0.0,0.0,0.0,0.0,0.0,0.0,0.0,R,1948-04-27,UNK,male,387,0.0,,,0.0,
Dieter Stoffer,0,1,0.0,1971,1971,1,0.0,0.0,0.0,0.0,0.0,0.0,0.0,0.0,0.0,U,,GER,male,1,0.0,,,0.0,
Pietro Pennisi,1,3,25.0,1992,1995,4,3.0,3.0,184.0,93.0,52.0,40.0,30.0,16.0,33.0,L,1970-04-11,ITA,male,4,13.0,43.333,48.485,8.25,1.63
Sergio Ribeiro,1,1,50.0,1987,1987,1,0.0,0.0,0.0,0.0,0.0,0.0,0.0,0.0,0.0,R,,BRA,male,2,0.0,,,0.0,
Nduka Odizor,83,108,43.455,1980,1993,14,4.0,1.0,52.0,20.0,15.0,13.0,9.0,2.0,5.0,R,1958-08-09,NGR,male,191,6.0,66.667,40.0,0.026,1.923
Suresh Melvani,0,1,0.0,1969,1969,1,0.0,0.0,0.0,0.0,0.0,0.0,0.0,0.0,0.0,U,1949-02-08,SRI,male,1,0.0,,,0.0,
Andrew Burrow,3,8,27.273,1987,1989,3,0.0,0.0,0.0,0.0,0.0,0.0,0.0,0.0,0.0,R,1963-06-17,RSA,male,11,0.0,,,0.0,
Roy Anchant,0,1,0.0,1983,1983,1,0.0,0.0,0.0,0.0,0.0,0.0,0.0,0.0,0.0,U,,MAS,male,1,0.0,,,0.0,
Stefan Heckmanns,0,1,0.0,1988,1988,1,0.0,0.0,0.0,0.0,0.0,0.0,0.0,0.0,0.0,R,1963-04-06,GER,male,1,0.0,,,0.0,
Wayne Hampson,9,27,25.0,1978,1983,6,0.0,0.0,0.0,0.0,0.0,0.0,0.0,0.0,0.0,R,1957-08-23,AUS,male,36,0.0,,,0.0,
Yanquiel Medina Sobrino,1,0,100.0,2002,2002,1,0.0,0.0,0.0,0.0,0.0,0.0,0.0,0.0,0.0,U,1983-03-01,CUB,male,1,0.0,,,0.0,
Robin Haase,227,268,45.859,2006,2021,16,1320.0,3117.0,38733.0,23022.0,16545.0,7771.0,6003.0,2016.0,3338.0,R,1987-04-06,NED,male,495,4681.0,77.978,60.395,6.743,8.047
Bob Hewitt,187,120,60.912,1968,1980,13,0.0,0.0,0.0,0.0,0.0,0.0,0.0,0.0,0.0,R,1940-01-12,RSA,male,307,0.0,,,0.0,
G Mcvicar,0,1,0.0,1970,1970,1,0.0,0.0,0.0,0.0,0.0,0.0,0.0,0.0,0.0,U,,GBR,male,1,0.0,,,0.0,
Toshitsugu Mori,0,1,0.0,1994,1994,1,7.0,3.0,63.0,34.0,19.0,13.0,8.0,10.0,14.0,R,1969-12-22,JPN,male,1,4.0,50.0,71.429,14.0,4.762
Toshitsugu Mori,0,1,0.0,1994,1994,1,7.0,3.0,63.0,34.0,19.0,13.0,8.0,10.0,14.0,U,1969-12-22,JPN,male,1,4.0,50.0,71.429,14.0,4.762
P D R Williams,0,1,0.0,1970,1970,1,0.0,0.0,0.0,0.0,0.0,0.0,0.0,0.0,0.0,U,,GBR,male,1,0.0,,,0.0,
Larry Nagler,1,4,20.0,1968,1975,8,0.0,0.0,0.0,0.0,0.0,0.0,0.0,0.0,0.0,R,1940-07-01,USA,male,5,0.0,,,0.0,
Vincent Van Patten,59,78,43.066,1978,1987,10,0.0,0.0,0.0,0.0,0.0,0.0,0.0,0.0,0.0,R,1957-10-17,USA,male,137,0.0,,,0.0,
Jiri Zigmund,1,1,50.0,1971,1971,1,0.0,0.0,0.0,0.0,0.0,0.0,0.0,0.0,0.0,U,1947-11-26,TCH,male,2,0.0,,,0.0,
Ben Ellwood,4,14,22.222,1994,2002,9,77.0,95.0,1563.0,898.0,617.0,287.0,217.0,79.0,147.0,R,1976-03-12,AUS,male,18,149.0,68.664,53.741,8.167,6.078
Fernando Vicente,157,204,43.49,1996,2009,14,996.0,1063.0,28316.0,16991.0,11210.0,5500.0,4294.0,1725.0,3000.0,R,1977-03-08,ESP,male,361,3019.0,70.307,57.5,8.31,3.754
Keith Wooldridge,2,7,22.222,1968,1970,3,0.0,0.0,0.0,0.0,0.0,0.0,0.0,0.0,0.0,R,,GBR,male,9,0.0,,,0.0,
Patricio Apey,0,1,0.0,1969,1969,1,0.0,0.0,0.0,0.0,0.0,0.0,0.0,0.0,0.0,U,,CHI,male,1,0.0,,,0.0,
Sadri Gueche,0,2,0.0,1993,1993,1,0.0,0.0,0.0,0.0,0.0,0.0,0.0,0.0,0.0,U,1969-03-15,ALG,male,2,0.0,,,0.0,
Karim Zaher,0,2,0.0,1994,1994,1,0.0,0.0,0.0,0.0,0.0,0.0,0.0,0.0,0.0,U,1976-11-02,EGY,male,2,0.0,,,0.0,
Diego Moyano,0,3,0.0,1999,2004,6,12.0,11.0,326.0,193.0,128.0,61.0,51.0,17.0,36.0,R,1975-03-14,ARG,male,3,32.0,62.745,47.222,12.0,3.374
Andrew Foster,4,6,40.0,1992,1996,5,71.0,103.0,1122.0,654.0,518.0,186.0,147.0,81.0,109.0,R,1972-03-16,GBR,male,10,119.0,80.952,74.312,10.9,9.18
Bernard Mignot,43,52,45.263,1970,1977,8,0.0,0.0,0.0,0.0,0.0,0.0,0.0,0.0,0.0,R,1948-12-03,BEL,male,95,0.0,,,0.0,
Juan Pablo Ficovich,0,1,0.0,2020,2020,1,2.0,2.0,70.0,45.0,29.0,9.0,13.0,5.0,11.0,R,1997-01-24,ARG,male,1,7.0,53.846,45.455,11.0,2.857
Juan Pino,21,13,61.765,1987,1998,12,0.0,0.0,0.0,0.0,0.0,0.0,0.0,0.0,0.0,R,1965-07-03,CUB,male,34,0.0,,,0.0,
John Fitzgerald,200,192,51.02,1979,1995,17,155.0,82.0,3060.0,1898.0,1295.0,557.0,466.0,167.0,296.0,R,1960-12-28,AUS,male,392,337.0,72.318,56.419,0.755,2.68
Pierre Darmon,5,4,55.556,1968,1968,1,0.0,0.0,0.0,0.0,0.0,0.0,0.0,0.0,0.0,R,1934-01-14,FRA,male,9,0.0,,,0.0,
Florin Segarceanu,51,66,43.59,1978,1990,13,0.0,0.0,0.0,0.0,0.0,0.0,0.0,0.0,0.0,R,1961-03-29,ROU,male,117,0.0,,,0.0,
O Escribano,0,1,0.0,1972,1972,1,0.0,0.0,0.0,0.0,0.0,0.0,0.0,0.0,0.0,U,,ARG,male,1,0.0,,,0.0,
Doug Ditmer,0,1,0.0,1980,1980,1,0.0,0.0,0.0,0.0,0.0,0.0,0.0,0.0,0.0,R,,USA,male,1,0.0,,,0.0,
Mikk Irdoja,0,1,0.0,2005,2005,1,0.0,0.0,0.0,0.0,0.0,0.0,0.0,0.0,0.0,U,1987-07-17,EST,male,1,0.0,,,0.0,
Chris Bailey,16,31,34.043,1987,1994,8,51.0,65.0,1232.0,734.0,518.0,227.0,168.0,90.0,131.0,R,1968-04-29,GBR,male,47,127.0,75.595,68.702,2.787,5.276
Jan Minar,0,2,0.0,2008,2008,1,8.0,2.0,147.0,102.0,69.0,19.0,23.0,8.0,15.0,R,1981-04-09,CZE,male,2,16.0,69.565,53.333,7.5,1.361
Juan Ignacio Londero,31,37,45.588,2013,2021,9,203.0,262.0,5657.0,3432.0,2374.0,1206.0,869.0,295.0,496.0,R,1993-08-15,ARG,male,68,668.0,76.87,59.476,7.294,4.631
Oscar Valdivieso,0,1,0.0,1968,1968,1,0.0,0.0,0.0,0.0,0.0,0.0,0.0,0.0,0.0,U,,ARG,male,1,0.0,,,0.0,
Mohammed Mahmoudi,0,1,0.0,1996,1996,1,0.0,0.0,0.0,0.0,0.0,0.0,0.0,0.0,0.0,U,1969-12-20,ALG,male,1,0.0,,,0.0,
Enzo Pigola,0,3,0.0,2005,2005,1,0.0,0.0,0.0,0.0,0.0,0.0,0.0,0.0,0.0,U,1986-09-20,PAR,male,3,0.0,,,0.0,
Luis Diego Chavez Villalpando,1,0,100.0,2018,2018,1,0.0,0.0,0.0,0.0,0.0,0.0,0.0,0.0,0.0,U,1995-10-24,ESP,male,1,0.0,,,0.0,
Jost Remmert,0,2,0.0,1968,1970,3,0.0,0.0,0.0,0.0,0.0,0.0,0.0,0.0,0.0,U,,GER,male,2,0.0,,,0.0,
Young Dae Jeon,7,2,77.778,1981,1985,5,0.0,0.0,0.0,0.0,0.0,0.0,0.0,0.0,0.0,R,1960-10-04,KOR,male,9,0.0,,,0.0,
Dimitar Grabuloski,2,7,22.222,2006,2010,5,0.0,0.0,0.0,0.0,0.0,0.0,0.0,0.0,0.0,U,1981-11-05,MKD,male,9,0.0,,,0.0,
Al Parker,1,10,9.091,1986,1989,4,0.0,0.0,0.0,0.0,0.0,0.0,0.0,0.0,0.0,R,1968-12-22,USA,male,11,0.0,,,0.0,
Johnny Arcilla,13,15,46.429,2000,2014,15,0.0,0.0,0.0,0.0,0.0,0.0,0.0,0.0,0.0,U,1980-02-15,PHI,male,28,0.0,,,0.0,
Javier Soler,28,50,35.897,1971,1984,14,0.0,0.0,0.0,0.0,0.0,0.0,0.0,0.0,0.0,L,1955-03-25,ESP,male,78,0.0,,,0.0,
Fernando Maynetto,9,25,26.471,1976,1982,7,0.0,0.0,0.0,0.0,0.0,0.0,0.0,0.0,0.0,R,1955-12-02,PER,male,34,0.0,,,0.0,
Dean Penero,0,1,0.0,1970,1970,1,0.0,0.0,0.0,0.0,0.0,0.0,0.0,0.0,0.0,U,1946-03-13,USA,male,1,0.0,,,0.0,
Kacper Zuk,2,2,50.0,2020,2021,2,9.0,20.0,295.0,178.0,131.0,55.0,40.0,26.0,33.0,R,1999-01-21,POL,male,4,33.0,82.5,78.788,8.25,6.78
Gavorielle Marcu,1,8,11.111,1973,1977,5,0.0,0.0,0.0,0.0,0.0,0.0,0.0,0.0,0.0,R,,ROU,male,9,0.0,,,0.0,
John Norgauer,0,2,0.0,1968,1971,4,0.0,0.0,0.0,0.0,0.0,0.0,0.0,0.0,0.0,U,,USA,male,2,0.0,,,0.0,
Frederic Niemeyer,9,31,22.5,1997,2009,13,162.0,289.0,1749.0,952.0,730.0,374.0,275.0,94.0,157.0,R,1976-04-24,CAN,male,40,212.0,77.091,59.873,3.925,16.524
Scott Humphries,0,15,0.0,1993,2000,8,79.0,88.0,1280.0,686.0,472.0,270.0,191.0,55.0,114.0,R,1976-05-26,USA,male,15,132.0,69.11,48.246,7.6,6.875
Jorg Muller,0,3,0.0,1976,1977,2,0.0,0.0,0.0,0.0,0.0,0.0,0.0,0.0,0.0,L,1966-02-01,GER,male,3,0.0,,,0.0,
Daniel Kosakowski,1,2,33.333,2011,2014,4,8.0,12.0,210.0,120.0,80.0,40.0,31.0,11.0,19.0,R,1992-02-21,USA,male,3,23.0,74.194,57.895,6.333,5.714
Dennis Peschek,0,1,0.0,2000,2000,1,7.0,0.0,40.0,23.0,14.0,4.0,7.0,3.0,7.0,R,1984-01-06,GER,male,1,3.0,42.857,42.857,7.0,0.0
Dannio Yahya,0,2,0.0,2002,2004,3,0.0,0.0,0.0,0.0,0.0,0.0,0.0,0.0,0.0,R,1985-09-02,MAS,male,2,0.0,,,0.0,
Damir Buljevic,1,2,33.333,1990,1993,4,3.0,6.0,59.0,40.0,28.0,2.0,9.0,9.0,13.0,R,1965-09-22,CRO,male,3,5.0,55.556,69.231,4.333,10.169
Jean Christophe Faurel,2,7,22.222,2004,2006,3,30.0,33.0,705.0,430.0,268.0,133.0,107.0,46.0,82.0,R,1981-03-06,FRA,male,9,71.0,66.355,56.098,9.111,4.681
George Chantouria,0,1,0.0,2007,2007,1,0.0,0.0,0.0,0.0,0.0,0.0,0.0,0.0,0.0,L,1989-01-23,GEO,male,1,0.0,,,0.0,
Robert Yim,0,2,0.0,2003,2003,1,10.0,4.0,146.0,80.0,52.0,31.0,23.0,6.0,15.0,L,1985-02-25,USA,male,2,14.0,60.87,40.0,7.5,2.74
Sergio Rojas,0,2,0.0,2005,2005,1,0.0,0.0,0.0,0.0,0.0,0.0,0.0,0.0,0.0,U,1988-07-14,PER,male,2,0.0,,,0.0,
Oren Motevassel,0,7,0.0,1985,1999,15,6.0,7.0,291.0,178.0,98.0,54.0,42.0,17.0,35.0,L,1967-08-26,USA,male,7,24.0,57.143,48.571,5.0,2.405
Pat Crow,0,2,0.0,1991,1992,2,10.0,22.0,230.0,137.0,94.0,46.0,33.0,14.0,21.0,R,1966-04-11,USA,male,2,26.0,78.788,66.667,10.5,9.565
Jamie Presslie,2,2,50.0,1970,1970,1,0.0,0.0,0.0,0.0,0.0,0.0,0.0,0.0,0.0,U,,USA,male,4,0.0,,,0.0,
Carlos Alvarez,0,1,0.0,2006,2006,1,0.0,0.0,0.0,0.0,0.0,0.0,0.0,0.0,0.0,R,1986-12-26,BOL,male,1,0.0,,,0.0,
Peter Tramacchi,5,16,23.81,1994,2000,7,84.0,103.0,2084.0,1235.0,848.0,369.0,287.0,124.0,209.0,R,1970-11-08,AUS,male,21,202.0,70.383,59.33,9.952,4.942
Chia Yen Tsai,9,10,47.368,1994,2000,7,0.0,0.0,0.0,0.0,0.0,0.0,0.0,0.0,0.0,R,1975-02-27,TPE,male,19,0.0,,,0.0,
Ernst Blanke,3,5,37.5,1968,1972,5,0.0,0.0,0.0,0.0,0.0,0.0,0.0,0.0,0.0,U,1945-01-06,AUT,male,8,0.0,,,0.0,
P Gerads,0,1,0.0,1978,1978,1,0.0,0.0,0.0,0.0,0.0,0.0,0.0,0.0,0.0,R,,NED,male,1,0.0,,,0.0,
Francisco Cabello,2,5,28.571,1997,2000,4,9.0,14.0,503.0,317.0,182.0,96.0,73.0,29.0,55.0,R,1972-12-06,ARG,male,7,47.0,64.384,52.727,7.857,2.783
Colin Grant,14,12,53.846,1985,1994,10,0.0,0.0,0.0,0.0,0.0,0.0,0.0,0.0,0.0,R,,HKG,male,26,0.0,,,0.0,
Jan Mertl,2,1,66.667,2015,2016,2,13.0,17.0,179.0,114.0,83.0,26.0,26.0,9.0,15.0,R,1982-01-03,CZE,male,3,20.0,76.923,60.0,5.0,9.497
B Newman,1,1,50.0,1978,1978,1,0.0,0.0,0.0,0.0,0.0,0.0,0.0,0.0,0.0,U,,USA,male,2,0.0,,,0.0,
Nicolas Kiefer,326,247,56.894,1996,2010,15,2104.0,3653.0,42068.0,22143.0,16533.0,9786.0,6552.0,2233.0,3702.0,R,1977-07-05,GER,male,573,5083.0,77.579,60.319,6.461,8.684
Luis Delgado,1,3,25.0,2007,2011,5,0.0,0.0,0.0,0.0,0.0,0.0,0.0,0.0,0.0,R,1991-02-18,DOM,male,4,0.0,,,0.0,
Julien Boutter,52,74,41.27,1998,2004,7,834.0,1185.0,10555.0,5867.0,4283.0,2287.0,1609.0,606.0,973.0,R,1974-04-05,FRA,male,126,1242.0,77.191,62.282,7.722,11.227
Fabio Sical,0,3,0.0,1990,1991,2,0.0,0.0,0.0,0.0,0.0,0.0,0.0,0.0,0.0,U,1959-04-27,GUA,male,3,0.0,,,0.0,
Robin Roshardt,0,2,0.0,2006,2008,3,6.0,4.0,152.0,76.0,48.0,34.0,23.0,10.0,20.0,R,1988-02-22,SUI,male,2,13.0,56.522,50.0,10.0,2.632
Thomas Lejus,13,20,39.394,1968,1971,4,0.0,0.0,0.0,0.0,0.0,0.0,0.0,0.0,0.0,R,1941-08-28,RUS,male,33,0.0,,,0.0,
Mark Darby,0,1,0.0,1982,1982,1,0.0,0.0,0.0,0.0,0.0,0.0,0.0,0.0,0.0,R,1956-07-03,USA,male,1,0.0,,,0.0,
Jorge Lemann,0,2,0.0,1973,1973,1,0.0,0.0,0.0,0.0,0.0,0.0,0.0,0.0,0.0,R,,BRA,male,2,0.0,,,0.0,
Adel Brahim,0,4,0.0,1988,1989,2,0.0,0.0,0.0,0.0,0.0,0.0,0.0,0.0,0.0,U,1968-07-03,TUN,male,4,0.0,,,0.0,
Gorka Fraile,1,8,11.111,2002,2012,11,7.0,4.0,533.0,397.0,237.0,57.0,83.0,29.0,63.0,R,1978-04-07,ESP,male,9,49.0,59.036,46.032,7.0,0.75
Nicklas Utgren,7,13,35.0,1988,1996,9,24.0,35.0,664.0,357.0,234.0,143.0,101.0,43.0,78.0,R,1969-01-12,SWE,male,20,66.0,65.347,55.128,3.9,5.271
Jonathan Smith,36,67,34.951,1973,1985,13,0.0,0.0,0.0,0.0,0.0,0.0,0.0,0.0,0.0,R,1955-01-29,GBR,male,103,0.0,,,0.0,
Patrice Baker,0,3,0.0,1988,1993,6,0.0,0.0,0.0,0.0,0.0,0.0,0.0,0.0,0.0,R,,HAI,male,3,0.0,,,0.0,
Jason Kubler,3,8,27.273,2010,2021,12,75.0,53.0,1090.0,681.0,453.0,174.0,166.0,66.0,116.0,R,1993-05-19,AUS,male,11,116.0,69.88,56.897,10.545,4.862
Felix Ponte,2,10,16.667,1970,1974,5,0.0,0.0,0.0,0.0,0.0,0.0,0.0,0.0,0.0,R,,PER,male,12,0.0,,,0.0,
Dimitar Kutrovsky,6,3,66.667,2011,2015,5,10.0,7.0,233.0,142.0,94.0,45.0,36.0,9.0,19.0,R,1987-08-27,BUL,male,9,26.0,72.222,47.368,2.111,3.004
Joakim Nystrom,226,120,65.318,1980,1989,10,0.0,0.0,0.0,0.0,0.0,0.0,0.0,0.0,0.0,R,1963-02-20,SWE,male,346,0.0,,,0.0,
Ned Neely,1,1,50.0,1970,1970,1,0.0,0.0,0.0,0.0,0.0,0.0,0.0,0.0,0.0,R,1940-01-14,USA,male,2,0.0,,,0.0,
Harry Bourchier,1,1,50.0,2021,2021,1,3.0,9.0,133.0,89.0,62.0,28.0,20.0,9.0,11.0,R,1996-01-24,AUS,male,2,18.0,90.0,81.818,5.5,6.767
Jose Luis Damiani,56,64,46.667,1973,1983,11,0.0,0.0,0.0,0.0,0.0,0.0,0.0,0.0,0.0,R,1956-11-21,URU,male,120,0.0,,,0.0,
Sebastian Rieschick,1,3,25.0,2004,2011,8,13.0,17.0,253.0,154.0,103.0,44.0,43.0,9.0,24.0,R,1986-02-15,GER,male,4,28.0,65.116,37.5,6.0,6.719
Mario Visconti,2,6,25.0,1991,1994,4,18.0,36.0,647.0,349.0,244.0,133.0,95.0,45.0,76.0,R,1968-10-23,ITA,male,8,64.0,67.368,59.211,9.5,5.564
Richard Vogel,3,9,25.0,1986,1991,6,35.0,28.0,417.0,257.0,193.0,81.0,60.0,21.0,28.0,R,1964-08-13,CZE,male,12,53.0,88.333,75.0,2.333,6.715
John Hammill,0,1,0.0,1969,1969,1,0.0,0.0,0.0,0.0,0.0,0.0,0.0,0.0,0.0,R,1941-08-25,RSA,male,1,0.0,,,0.0,
Marc Polmans,3,11,21.429,2017,2021,5,63.0,63.0,1550.0,1006.0,646.0,260.0,231.0,101.0,169.0,U,1997-05-02,AUS,male,14,163.0,70.563,59.763,12.071,4.065
Alex Radulescu,33,44,42.857,1994,1998,5,288.0,745.0,6336.0,3562.0,2728.0,1367.0,965.0,265.0,451.0,R,1974-12-07,GER,male,77,779.0,80.725,58.758,5.857,11.758
Tim Clements,2,3,40.0,1977,1980,4,0.0,0.0,0.0,0.0,0.0,0.0,0.0,0.0,0.0,R,,AUS,male,5,0.0,,,0.0,
Byron Black,241,213,53.084,1987,2002,16,1056.0,1287.0,30190.0,18276.0,12344.0,5975.0,4585.0,1689.0,2880.0,R,1969-10-06,ZIM,male,454,3394.0,74.024,58.646,6.344,4.263
Eduardo Osta,5,18,21.739,1982,1989,8,0.0,0.0,0.0,0.0,0.0,0.0,0.0,0.0,0.0,L,1959-09-04,ESP,male,23,0.0,,,0.0,
Sheil Kotecha,0,1,0.0,2020,2020,1,0.0,0.0,0.0,0.0,0.0,0.0,0.0,0.0,0.0,R,2000-03-28,KEN,male,1,0.0,,,0.0,
Peter Ballauff,3,5,37.5,1989,1990,2,0.0,0.0,0.0,0.0,0.0,0.0,0.0,0.0,0.0,R,1963-09-29,GER,male,8,0.0,,,0.0,
Ian Aler,0,1,0.0,1991,1991,1,5.0,9.0,111.0,66.0,49.0,20.0,16.0,11.0,14.0,R,1965-11-11,USA,male,1,13.0,81.25,78.571,14.0,8.108
Miguel Angel Reyes Varela,3,3,50.0,2013,2014,2,3.0,2.0,131.0,76.0,48.0,23.0,18.0,10.0,17.0,R,1987-06-21,MEX,male,6,11.0,61.111,58.824,2.833,1.527
Manlio Bartoni,0,2,0.0,1968,1969,2,0.0,0.0,0.0,0.0,0.0,0.0,0.0,0.0,0.0,U,,ITA,male,2,0.0,,,0.0,
Jonas Forejtek,3,1,75.0,2019,2020,2,2.0,9.0,119.0,75.0,56.0,18.0,18.0,8.0,12.0,R,2001-03-10,CZE,male,4,14.0,77.778,66.667,3.0,7.563
Gergely Kisgyorgy,11,4,73.333,1998,2005,8,0.0,0.0,0.0,0.0,0.0,0.0,0.0,0.0,0.0,R,1976-03-08,HUN,male,15,0.0,,,0.0,
Antonio Palafox,2,5,28.571,1968,1970,3,0.0,0.0,0.0,0.0,0.0,0.0,0.0,0.0,0.0,R,,MEX,male,7,0.0,,,0.0,
Michael Shyjan,0,2,0.0,1993,1997,5,10.0,7.0,117.0,57.0,36.0,23.0,16.0,11.0,19.0,R,1969-10-29,USA,male,2,8.0,50.0,57.895,9.5,5.983
Charles Owens,34,45,43.038,1968,1981,14,0.0,0.0,0.0,0.0,0.0,0.0,0.0,0.0,0.0,R,1950-07-31,USA,male,79,0.0,,,0.0,
Solon Peppas,11,10,52.381,1994,2003,10,8.0,7.0,282.0,193.0,118.0,47.0,46.0,14.0,30.0,R,1974-10-25,GRE,male,21,30.0,65.217,46.667,1.429,2.482
Max Hurlimann,1,7,12.5,1976,1979,4,0.0,0.0,0.0,0.0,0.0,0.0,0.0,0.0,0.0,R,1951-07-30,SUI,male,8,0.0,,,0.0,
Octavio Piva Neto,0,1,0.0,1975,1975,1,0.0,0.0,0.0,0.0,0.0,0.0,0.0,0.0,0.0,U,,UNK,male,1,0.0,,,0.0,
Filippo Veglio,1,2,33.333,1996,1996,1,30.0,3.0,381.0,234.0,156.0,43.0,50.0,24.0,41.0,R,1974-03-21,SUI,male,3,33.0,66.0,58.537,13.667,0.787
Rene Gomez,0,3,0.0,1983,1984,2,0.0,0.0,0.0,0.0,0.0,0.0,0.0,0.0,0.0,R,,COL,male,3,0.0,,,0.0,
Sebo Kiss,9,9,50.0,2004,2011,8,0.0,0.0,0.0,0.0,0.0,0.0,0.0,0.0,0.0,U,1983-09-20,HUN,male,18,0.0,,,0.0,
Unknown Rodrigues,0,1,0.0,1974,1974,1,0.0,0.0,0.0,0.0,0.0,0.0,0.0,0.0,0.0,U,,,male,1,0.0,,,0.0,
Jesse Levine,31,64,32.632,2006,2013,8,426.0,470.0,7685.0,4617.0,3111.0,1488.0,1141.0,517.0,824.0,L,1987-10-15,CAN,male,95,834.0,73.094,62.743,8.674,6.116
Lornie Kuhle,0,1,0.0,1970,1970,1,0.0,0.0,0.0,0.0,0.0,0.0,0.0,0.0,0.0,U,,USA,male,1,0.0,,,0.0,
Michael Burgener,1,4,20.0,1970,1974,5,0.0,0.0,0.0,0.0,0.0,0.0,0.0,0.0,0.0,R,1949-06-01,SUI,male,5,0.0,,,0.0,
Alexander Sarkissian,2,3,40.0,2015,2016,2,11.0,32.0,314.0,182.0,129.0,72.0,50.0,13.0,26.0,R,1990-04-03,USA,male,5,37.0,74.0,50.0,5.2,10.191
Federico Zeballos,3,8,27.273,2010,2020,11,9.0,12.0,132.0,78.0,60.0,26.0,20.0,10.0,13.0,U,1988-05-30,BOL,male,11,17.0,85.0,76.923,1.182,9.091
Fredrik Rosenquist,1,3,25.0,1985,1986,2,0.0,0.0,0.0,0.0,0.0,0.0,0.0,0.0,0.0,R,1965-04-30,SWE,male,4,0.0,,,0.0,
Stephen Jones,0,1,0.0,1973,1973,1,0.0,0.0,0.0,0.0,0.0,0.0,0.0,0.0,0.0,U,,UNK,male,1,0.0,,,0.0,
Charlton Eagle,1,7,12.5,1987,1990,4,0.0,0.0,0.0,0.0,0.0,0.0,0.0,0.0,0.0,R,1963-11-30,AUS,male,8,0.0,,,0.0,
Boaz Merenstein,2,4,33.333,1987,1990,4,0.0,0.0,0.0,0.0,0.0,0.0,0.0,0.0,0.0,L,1970-04-03,ISR,male,6,0.0,,,0.0,
Haroon Rahim,75,104,41.899,1968,1977,10,0.0,0.0,0.0,0.0,0.0,0.0,0.0,0.0,0.0,R,1949-11-12,PAK,male,179,0.0,,,0.0,
Athanasios Anastopoulos,2,1,66.667,1982,1982,1,0.0,0.0,0.0,0.0,0.0,0.0,0.0,0.0,0.0,U,1958-02-05,GRE,male,3,0.0,,,0.0,
Alejandro Hernandez,34,36,48.571,1994,2005,12,143.0,154.0,2594.0,1509.0,1018.0,489.0,388.0,158.0,281.0,R,1977-10-01,MEX,male,70,265.0,68.299,56.228,4.014,5.937
Peter Marmureanu,14,13,51.852,1968,1972,5,0.0,0.0,0.0,0.0,0.0,0.0,0.0,0.0,0.0,R,1941-06-20,ROU,male,27,0.0,,,0.0,
Jean Pierre Loizeau,1,6,14.286,1968,1970,3,0.0,0.0,0.0,0.0,0.0,0.0,0.0,0.0,0.0,U,,FRA,male,7,0.0,,,0.0,
Colin Rees,4,3,57.143,1970,1971,2,0.0,0.0,0.0,0.0,0.0,0.0,0.0,0.0,0.0,U,,RSA,male,7,0.0,,,0.0,
Michael Tebbutt,53,72,42.4,1993,2001,9,864.0,1379.0,11587.0,6084.0,4725.0,2484.0,1690.0,567.0,949.0,L,1970-12-22,AUS,male,125,1308.0,77.396,59.747,7.592,11.901
Thai Son Kwiatkowski,0,6,0.0,2017,2021,5,29.0,50.0,575.0,352.0,236.0,105.0,90.0,18.0,43.0,U,1995-02-13,USA,male,6,65.0,72.222,41.86,7.167,8.696
Victor Caldarelli,5,8,38.462,1984,1995,12,0.0,0.0,0.0,0.0,0.0,0.0,0.0,0.0,0.0,R,,URU,male,13,0.0,,,0.0,
Young Jun Kim,6,3,66.667,2003,2011,9,0.0,0.0,0.0,0.0,0.0,0.0,0.0,0.0,0.0,R,1980-02-23,KOR,male,9,0.0,,,0.0,
Billy Martin,96,118,44.86,1972,1981,10,0.0,0.0,0.0,0.0,0.0,0.0,0.0,0.0,0.0,R,1956-12-25,USA,male,214,0.0,,,0.0,
Ricky Diaz,0,1,0.0,1981,1981,1,0.0,0.0,0.0,0.0,0.0,0.0,0.0,0.0,0.0,R,,PUR,male,1,0.0,,,0.0,
Todd Perry,0,1,0.0,2001,2001,1,3.0,2.0,127.0,72.0,44.0,33.0,15.0,4.0,7.0,R,1976-03-17,AUS,male,1,12.0,80.0,57.143,7.0,1.575
Brant Bailey,0,3,0.0,1971,1974,4,0.0,0.0,0.0,0.0,0.0,0.0,0.0,0.0,0.0,R,,USA,male,3,0.0,,,0.0,
Filip Dewulf,78,101,43.575,1991,2001,11,734.0,537.0,12951.0,7276.0,5095.0,2640.0,1915.0,742.0,1260.0,R,1972-03-15,BEL,male,179,1397.0,72.95,58.889,7.039,4.146
Romano Tatuhey,3,1,75.0,2008,2009,2,0.0,0.0,0.0,0.0,0.0,0.0,0.0,0.0,0.0,U,1985-05-19,AHO,male,4,0.0,,,0.0,
T Ayling,0,1,0.0,1970,1970,1,0.0,0.0,0.0,0.0,0.0,0.0,0.0,0.0,0.0,U,,GBR,male,1,0.0,,,0.0,
Chris Delaney,20,26,43.478,1979,1981,3,0.0,0.0,0.0,0.0,0.0,0.0,0.0,0.0,0.0,R,1957-07-16,USA,male,46,0.0,,,0.0,
Jackie Saul,9,8,52.941,1969,1972,4,0.0,0.0,0.0,0.0,0.0,0.0,0.0,0.0,0.0,R,,RSA,male,17,0.0,,,0.0,
U Naharaj,0,1,0.0,1981,1981,1,0.0,0.0,0.0,0.0,0.0,0.0,0.0,0.0,0.0,R,,UNK,male,1,0.0,,,0.0,
Shinya Tanaka,0,1,0.0,1973,1973,1,0.0,0.0,0.0,0.0,0.0,0.0,0.0,0.0,0.0,R,1965-05-25,JPN,male,1,0.0,,,0.0,
Patrice Hagelauer,3,9,25.0,1974,1977,4,0.0,0.0,0.0,0.0,0.0,0.0,0.0,0.0,0.0,R,1948-01-05,FRA,male,12,0.0,,,0.0,
Adrian Andreev,2,5,28.571,2018,2021,4,20.0,9.0,506.0,318.0,185.0,101.0,76.0,32.0,59.0,U,2001-05-12,BUL,male,7,49.0,64.474,54.237,8.429,1.779
Pat Cramer,41,80,33.884,1969,1979,11,0.0,0.0,0.0,0.0,0.0,0.0,0.0,0.0,0.0,R,1947-03-21,RSA,male,121,0.0,,,0.0,
Marco Filippeschi,0,4,0.0,1988,1989,2,0.0,0.0,0.0,0.0,0.0,0.0,0.0,0.0,0.0,R,1967-08-15,ITA,male,4,0.0,,,0.0,
Carl Edvard Hedelund,2,10,16.667,1970,1979,10,0.0,0.0,0.0,0.0,0.0,0.0,0.0,0.0,0.0,U,1941-03-14,DEN,male,12,0.0,,,0.0,
Rodney Mandelstam,1,1,50.0,1970,1970,1,0.0,0.0,0.0,0.0,0.0,0.0,0.0,0.0,0.0,U,,RSA,male,2,0.0,,,0.0,
Marat Deviatiarov,1,0,100.0,2015,2015,1,0.0,0.0,0.0,0.0,0.0,0.0,0.0,0.0,0.0,R,1994-04-19,UKR,male,1,0.0,,,0.0,
D Carter,0,1,0.0,1970,1970,1,0.0,0.0,0.0,0.0,0.0,0.0,0.0,0.0,0.0,U,,GBR,male,1,0.0,,,0.0,
Werner Hipfl,0,1,0.0,1996,1996,1,0.0,0.0,0.0,0.0,0.0,0.0,0.0,0.0,0.0,R,,GER,male,1,0.0,,,0.0,
Benjamin Becker,153,219,41.129,2006,2017,12,1066.0,2790.0,27707.0,15683.0,11677.0,5981.0,4378.0,1308.0,2219.0,R,1981-06-16,GER,male,372,3467.0,79.191,58.945,5.965,10.07
Glenn Weiner,13,25,34.211,1996,2006,11,191.0,324.0,2880.0,1650.0,1227.0,581.0,467.0,125.0,233.0,R,1976-04-27,USA,male,38,359.0,76.874,53.648,6.132,11.25
Fritz Gildemeister,0,1,0.0,1973,1973,1,0.0,0.0,0.0,0.0,0.0,0.0,0.0,0.0,0.0,U,,UNK,male,1,0.0,,,0.0,
Guilherme Clezar,1,14,6.667,2011,2018,8,41.0,74.0,1165.0,732.0,473.0,184.0,175.0,74.0,134.0,R,1992-12-31,BRA,male,15,115.0,65.714,55.224,8.933,6.352
Micky Dominguez,2,3,40.0,1974,1976,3,0.0,0.0,0.0,0.0,0.0,0.0,0.0,0.0,0.0,U,1947-09-07,PHI,male,5,0.0,,,0.0,
Farah Al Somali,0,3,0.0,1994,1997,4,0.0,0.0,0.0,0.0,0.0,0.0,0.0,0.0,0.0,U,1969-09-08,KSA,male,3,0.0,,,0.0,
Yue Wei Wang,1,2,33.333,1998,1998,1,0.0,0.0,0.0,0.0,0.0,0.0,0.0,0.0,0.0,R,1975-09-19,CHN,male,3,0.0,,,0.0,
Bader Mohammed Almuqail,3,8,27.273,1991,1997,7,0.0,0.0,0.0,0.0,0.0,0.0,0.0,0.0,0.0,U,1970-09-01,KSA,male,11,0.0,,,0.0,
Nick Mohtadi,0,1,0.0,1982,1982,1,0.0,0.0,0.0,0.0,0.0,0.0,0.0,0.0,0.0,R,,CAN,male,1,0.0,,,0.0,
J Young,0,1,0.0,1970,1970,1,0.0,0.0,0.0,0.0,0.0,0.0,0.0,0.0,0.0,U,,IRL,male,1,0.0,,,0.0,
K French,0,1,0.0,1970,1970,1,0.0,0.0,0.0,0.0,0.0,0.0,0.0,0.0,0.0,U,,GBR,male,1,0.0,,,0.0,
Michail Pervolarakis,0,5,0.0,2020,2021,2,14.0,9.0,299.0,149.0,100.0,70.0,47.0,18.0,34.0,R,1996-06-06,CYP,male,5,31.0,65.957,52.941,6.8,3.01
Alex Bogomolov Jr,70,108,39.326,2001,2014,14,508.0,388.0,13671.0,9425.0,6105.0,2049.0,2066.0,801.0,1381.0,R,1983-04-23,RUS,male,178,1486.0,71.926,58.001,7.758,2.838
Alex Antonitsch,88,109,44.67,1985,1995,11,302.0,391.0,7025.0,3853.0,2701.0,1560.0,1025.0,404.0,667.0,R,1966-02-08,AUT,male,197,762.0,74.341,60.57,3.386,5.566
Marsel Ilhan,30,58,34.091,2009,2021,13,164.0,478.0,6496.0,4004.0,2763.0,1218.0,1006.0,350.0,604.0,R,1987-06-11,TUR,male,88,752.0,74.751,57.947,6.864,7.358
A Saul,0,2,0.0,1969,1971,3,0.0,0.0,0.0,0.0,0.0,0.0,0.0,0.0,0.0,U,,RSA,male,2,0.0,,,0.0,
Rob Steckley,1,3,25.0,2005,2006,2,2.0,1.0,90.0,52.0,34.0,22.0,16.0,1.0,5.0,R,1980-02-16,CAN,male,4,12.0,75.0,20.0,1.25,1.111
Krystian Pfeiffer,4,3,57.143,1997,2001,5,4.0,3.0,81.0,55.0,34.0,11.0,13.0,4.0,9.0,U,1978-12-03,POL,male,7,8.0,61.538,44.444,1.286,3.704
Peter Kanderal,10,15,40.0,1973,1977,5,0.0,0.0,0.0,0.0,0.0,0.0,0.0,0.0,0.0,R,1948-01-16,SUI,male,25,0.0,,,0.0,
Jason Cask,1,2,33.333,1991,1992,2,15.0,3.0,199.0,114.0,59.0,33.0,30.0,14.0,31.0,R,1971-02-07,AUS,male,3,13.0,43.333,45.161,10.333,1.508
Valentin Rahmine,0,2,0.0,2009,2009,1,0.0,0.0,0.0,0.0,0.0,0.0,0.0,0.0,0.0,R,1992-01-13,ALG,male,2,0.0,,,0.0,
Sanjeev Tikaram,0,1,0.0,1998,1998,1,0.0,0.0,0.0,0.0,0.0,0.0,0.0,0.0,0.0,U,1972-03-31,FIJ,male,1,0.0,,,0.0,
Paul Hutchins,9,20,31.034,1968,1973,6,0.0,0.0,0.0,0.0,0.0,0.0,0.0,0.0,0.0,R,1945-04-05,GBR,male,29,0.0,,,0.0,
Peter Wilson,0,1,0.0,1971,1971,1,0.0,0.0,0.0,0.0,0.0,0.0,0.0,0.0,0.0,U,,RSA,male,1,0.0,,,0.0,
E Davies,1,1,50.0,1974,1974,1,0.0,0.0,0.0,0.0,0.0,0.0,0.0,0.0,0.0,U,,,male,2,0.0,,,0.0,
Leon Naude,1,1,50.0,1981,1981,1,0.0,0.0,0.0,0.0,0.0,0.0,0.0,0.0,0.0,R,,RSA,male,2,0.0,,,0.0,
N Sriram Balaji,0,1,0.0,2018,2018,1,4.0,4.0,59.0,28.0,17.0,9.0,8.0,3.0,8.0,R,1990-03-18,IND,male,1,3.0,37.5,37.5,8.0,6.78
Oscar Ortiz,1,10,9.091,1994,2001,8,30.0,16.0,475.0,268.0,162.0,89.0,72.0,34.0,64.0,L,1973-05-09,MEX,male,11,42.0,58.333,53.125,5.818,3.368
Ekkarin Pisuth Arnonth,0,1,0.0,2000,2000,1,0.0,0.0,0.0,0.0,0.0,0.0,0.0,0.0,0.0,R,1976-01-23,THA,male,1,0.0,,,0.0,
Antonio Zugarelli,98,125,43.946,1971,1983,13,0.0,0.0,0.0,0.0,0.0,0.0,0.0,0.0,0.0,R,1950-01-17,ITA,male,223,0.0,,,0.0,
Enrique Lopez Perez,0,1,0.0,2016,2016,1,4.0,7.0,66.0,34.0,24.0,12.0,10.0,5.0,9.0,R,1991-06-03,ESP,male,1,6.0,60.0,55.556,9.0,10.606
Depeng Li,0,1,0.0,1984,1984,1,0.0,0.0,0.0,0.0,0.0,0.0,0.0,0.0,0.0,R,,CHN,male,1,0.0,,,0.0,
Frantisek Pala,71,102,41.04,1969,1979,11,0.0,0.0,0.0,0.0,0.0,0.0,0.0,0.0,0.0,L,1944-03-28,CZE,male,173,0.0,,,0.0,
Frank Dennhardt,0,4,0.0,1988,1990,3,0.0,0.0,0.0,0.0,0.0,0.0,0.0,0.0,0.0,L,1967-12-06,GER,male,4,0.0,,,0.0,
Ricardo Chile Fonte,7,7,50.0,2000,2005,6,0.0,0.0,0.0,0.0,0.0,0.0,0.0,0.0,0.0,U,1982-01-07,CUB,male,14,0.0,,,0.0,
Miguel Nido,15,23,39.474,1988,1993,6,0.0,0.0,0.0,0.0,0.0,0.0,0.0,0.0,0.0,R,1963-03-08,PUR,male,38,0.0,,,0.0,
Peter Orwa,0,1,0.0,1989,1989,1,0.0,0.0,0.0,0.0,0.0,0.0,0.0,0.0,0.0,R,,NGR,male,1,0.0,,,0.0,
Vishnu Vardhan,1,4,20.0,2007,2012,6,9.0,17.0,186.0,110.0,79.0,28.0,30.0,4.0,15.0,R,1987-07-27,IND,male,5,19.0,63.333,26.667,3.0,9.14
Ron Goldman,1,7,12.5,1968,1972,5,0.0,0.0,0.0,0.0,0.0,0.0,0.0,0.0,0.0,R,,USA,male,8,0.0,,,0.0,
Milen Velev,12,14,46.154,1990,2002,13,19.0,2.0,548.0,334.0,191.0,82.0,87.0,32.0,76.0,R,1971-09-04,BUL,male,26,43.0,49.425,42.105,2.923,0.365
Jorge Kon,0,1,0.0,1968,1968,1,0.0,0.0,0.0,0.0,0.0,0.0,0.0,0.0,0.0,U,,ARG,male,1,0.0,,,0.0,
B Hochstadter,0,1,0.0,1979,1979,1,0.0,0.0,0.0,0.0,0.0,0.0,0.0,0.0,0.0,R,,USA,male,1,0.0,,,0.0,
Ernesto Rios,0,1,0.0,1968,1968,1,0.0,0.0,0.0,0.0,0.0,0.0,0.0,0.0,0.0,,1932-02-29,ARG,male,1,0.0,,,0.0,
Marcus Daniell,1,1,50.0,2011,2015,5,0.0,0.0,0.0,0.0,0.0,0.0,0.0,0.0,0.0,R,1989-11-09,NZL,male,2,0.0,,,0.0,
Nino Serdarusic,1,4,20.0,2016,2020,5,17.0,26.0,362.0,207.0,155.0,75.0,57.0,16.0,28.0,U,1996-12-13,CRO,male,5,45.0,78.947,57.143,5.6,7.182
Omar Urbinati,0,2,0.0,1988,1988,1,0.0,0.0,0.0,0.0,0.0,0.0,0.0,0.0,0.0,R,,ITA,male,2,0.0,,,0.0,
G Halabi,0,1,0.0,1980,1980,1,0.0,0.0,0.0,0.0,0.0,0.0,0.0,0.0,0.0,R,,EGY,male,1,0.0,,,0.0,
Enrique Molina,0,1,0.0,1968,1968,1,0.0,0.0,0.0,0.0,0.0,0.0,0.0,0.0,0.0,U,,UNK,male,1,0.0,,,0.0,
Thomas Dupre,0,1,0.0,2001,2001,1,5.0,4.0,78.0,49.0,33.0,11.0,11.0,6.0,9.0,R,1974-06-09,FRA,male,1,8.0,72.727,66.667,9.0,5.128
Omar Camporese,106,118,47.321,1986,1998,13,350.0,621.0,10196.0,5245.0,3773.0,2402.0,1547.0,574.0,977.0,R,1968-05-08,ITA,male,224,1144.0,73.95,58.751,4.362,6.091
Daniil Glinka,1,0,100.0,2020,2020,1,0.0,0.0,0.0,0.0,0.0,0.0,0.0,0.0,0.0,U,2000-05-12,EST,male,1,0.0,,,0.0,
Ralph Sender,1,2,33.333,1971,1972,2,0.0,0.0,0.0,0.0,0.0,0.0,0.0,0.0,0.0,U,,UNK,male,3,0.0,,,0.0,
Paulo Carvallo,8,7,53.333,1999,2010,12,0.0,0.0,0.0,0.0,0.0,0.0,0.0,0.0,0.0,R,1976-07-10,PAR,male,15,0.0,,,0.0,
John Peckskamp,0,6,0.0,1969,1977,9,0.0,0.0,0.0,0.0,0.0,0.0,0.0,0.0,0.0,R,,USA,male,6,0.0,,,0.0,
Werner Eschauer,15,39,27.778,1997,2008,12,164.0,270.0,4356.0,2553.0,1739.0,871.0,664.0,240.0,422.0,R,1974-04-26,AUT,male,54,482.0,72.59,56.872,7.815,6.198
Sergio Casal,105,127,45.259,1981,1995,15,7.0,12.0,349.0,216.0,140.0,57.0,56.0,11.0,32.0,R,1962-09-08,ESP,male,232,35.0,62.5,34.375,0.138,3.438
Thierry Ascione,20,48,29.412,2002,2010,9,188.0,226.0,5082.0,3307.0,2165.0,874.0,780.0,285.0,505.0,R,1981-01-17,FRA,male,68,560.0,71.795,56.436,7.426,4.447
Thomas Heyerdahl,1,0,100.0,1997,1997,1,0.0,0.0,0.0,0.0,0.0,0.0,0.0,0.0,0.0,R,1979-02-09,NOR,male,1,0.0,,,0.0,
Coenie Van Wyk,1,0,100.0,2011,2011,1,0.0,0.0,0.0,0.0,0.0,0.0,0.0,0.0,0.0,R,1977-08-31,RSA,male,1,0.0,,,0.0,
Johan Anderson,25,36,40.984,1987,1992,6,53.0,22.0,938.0,621.0,375.0,137.0,136.0,70.0,126.0,R,1971-09-29,AUS,male,61,80.0,58.824,55.556,2.066,2.345
J J F Robinson,0,1,0.0,1970,1970,1,0.0,0.0,0.0,0.0,0.0,0.0,0.0,0.0,0.0,U,,GBR,male,1,0.0,,,0.0,
Amer Delic,33,56,37.079,2003,2012,10,242.0,807.0,6664.0,3977.0,2876.0,1355.0,1026.0,375.0,579.0,R,1982-06-30,BIH,male,89,822.0,80.117,64.767,6.506,12.11
Bjorn Borg,464,98,82.562,1971,1993,23,38.0,26.0,616.0,352.0,219.0,99.0,94.0,48.0,90.0,R,1956-06-06,SWE,male,562,52.0,55.319,53.333,0.16,4.221
Roger Rasheed,5,6,45.455,1985,1992,8,21.0,17.0,249.0,139.0,96.0,45.0,36.0,16.0,28.0,R,1969-03-10,AUS,male,11,24.0,66.667,57.143,2.545,6.827
Nikos Rovas,3,4,42.857,1998,2006,9,2.0,1.0,59.0,43.0,20.0,6.0,8.0,4.0,10.0,R,1977-09-20,GRE,male,7,2.0,25.0,40.0,1.429,1.695
Jose Moreno,9,27,25.0,1968,1978,11,0.0,0.0,0.0,0.0,0.0,0.0,0.0,0.0,0.0,R,,ESP,male,36,0.0,,,0.0,
Fernando Samayoa,2,4,33.333,1995,1996,2,0.0,0.0,0.0,0.0,0.0,0.0,0.0,0.0,0.0,R,1973-07-28,GUA,male,6,0.0,,,0.0,
Chuck Adams,72,84,46.154,1989,1996,8,344.0,635.0,11235.0,7272.0,5031.0,2025.0,1731.0,536.0,910.0,R,1971-04-23,USA,male,156,1357.0,78.394,58.901,5.833,5.652
Jing Zhu Yang,1,1,50.0,1998,2001,4,0.0,0.0,0.0,0.0,0.0,0.0,0.0,0.0,0.0,R,1976-01-19,CHN,male,2,0.0,,,0.0,
Andy Murray,675,203,76.879,2005,2021,17,2135.0,5751.0,66511.0,38650.0,28768.0,14464.0,10596.0,3154.0,5073.0,R,1987-05-15,GBR,male,878,8677.0,81.889,62.172,5.778,8.647
Brett Steven,141,135,51.087,1986,1999,14,764.0,840.0,19007.0,12396.0,8506.0,3301.0,2893.0,1036.0,1696.0,R,1969-04-27,NZL,male,276,2233.0,77.186,61.085,6.145,4.419
Jeff Borowiak,202,214,48.558,1968,1984,17,0.0,0.0,0.0,0.0,0.0,0.0,0.0,0.0,0.0,R,1949-09-25,USA,male,416,0.0,,,0.0,
Edward Corrie,0,1,0.0,2013,2013,1,5.0,2.0,99.0,58.0,40.0,17.0,11.0,12.0,14.0,U,1988-02-21,GBR,male,1,9.0,81.818,85.714,14.0,2.02
Rabie Chaki,4,4,50.0,2006,2009,4,5.0,4.0,153.0,101.0,59.0,28.0,22.0,10.0,18.0,U,1982-04-14,MAR,male,8,14.0,63.636,55.556,2.25,2.614
Gary Henderson,0,1,0.0,1995,1995,1,5.0,9.0,102.0,64.0,46.0,13.0,14.0,2.0,8.0,R,1969-12-13,GBR,male,1,8.0,57.143,25.0,8.0,8.824
Kanyab Derafshidjavan,1,2,33.333,1974,1977,4,0.0,0.0,0.0,0.0,0.0,0.0,0.0,0.0,0.0,U,1954-04-06,IRI,male,3,0.0,,,0.0,
Frank Dancevic,62,107,36.686,2002,2017,16,344.0,1220.0,11602.0,6997.0,5081.0,2323.0,1819.0,603.0,990.0,R,1984-09-26,CAN,male,169,1432.0,78.725,60.909,5.858,10.515
Matt Doyle,57,72,44.186,1979,1988,10,0.0,0.0,0.0,0.0,0.0,0.0,0.0,0.0,0.0,R,1958-01-13,USA,male,129,0.0,,,0.0,
Filip Polasek,2,0,100.0,2008,2008,1,0.0,0.0,0.0,0.0,0.0,0.0,0.0,0.0,0.0,R,1985-07-21,SVK,male,2,0.0,,,0.0,
Mark Petchey,31,65,32.292,1988,1998,11,409.0,350.0,6503.0,3754.0,2578.0,1264.0,966.0,375.0,643.0,R,1970-08-01,GBR,male,96,698.0,72.257,58.32,6.698,5.382
G Loader,0,1,0.0,1969,1969,1,0.0,0.0,0.0,0.0,0.0,0.0,0.0,0.0,0.0,U,,,male,1,0.0,,,0.0,
D Watts,0,1,0.0,1968,1968,1,0.0,0.0,0.0,0.0,0.0,0.0,0.0,0.0,0.0,U,,,male,1,0.0,,,0.0,
Abdel Monem Bornaz,0,2,0.0,1986,1986,1,0.0,0.0,0.0,0.0,0.0,0.0,0.0,0.0,0.0,U,,LBA,male,2,0.0,,,0.0,
Daniil Ostapenkov,0,1,0.0,2020,2020,1,5.0,0.0,40.0,20.0,11.0,4.0,7.0,5.0,10.0,U,2003-05-08,BLR,male,1,2.0,28.571,50.0,10.0,0.0
Enrique Perez Alvarez,0,1,0.0,1968,1968,1,0.0,0.0,0.0,0.0,0.0,0.0,0.0,0.0,0.0,,1942-04-05,URU,male,1,0.0,,,0.0,
Gabriel Donev,0,1,0.0,2019,2019,1,0.0,0.0,0.0,0.0,0.0,0.0,0.0,0.0,0.0,U,1996-06-29,BUL,male,1,0.0,,,0.0,
Ernie Mccabe,2,6,25.0,1968,1974,7,0.0,0.0,0.0,0.0,0.0,0.0,0.0,0.0,0.0,R,,AUS,male,8,0.0,,,0.0,
Jalil Khan,2,5,28.571,2004,2009,6,0.0,0.0,0.0,0.0,0.0,0.0,0.0,0.0,0.0,U,1982-02-10,PAK,male,7,0.0,,,0.0,
Alain Manigley,0,1,0.0,1968,1968,1,0.0,0.0,0.0,0.0,0.0,0.0,0.0,0.0,0.0,U,,MON,male,1,0.0,,,0.0,
Thomas Randby,2,2,50.0,1979,1981,3,0.0,0.0,0.0,0.0,0.0,0.0,0.0,0.0,0.0,U,1958-11-12,NOR,male,4,0.0,,,0.0,
Peerakiat Siriluethaiwattana,2,5,28.571,2007,2012,6,8.0,0.0,106.0,67.0,33.0,11.0,15.0,8.0,19.0,L,1989-08-16,THA,male,7,4.0,26.667,42.105,2.714,0.0
Jamal Darmadi,0,1,0.0,2001,2001,1,0.0,0.0,0.0,0.0,0.0,0.0,0.0,0.0,0.0,U,1980-09-07,MAS,male,1,0.0,,,0.0,
Paul Hanley,0,3,0.0,2002,2008,7,1.0,6.0,64.0,38.0,28.0,14.0,11.0,0.0,2.0,R,1977-11-12,AUS,male,3,9.0,81.818,0.0,0.667,9.375
Rob Givone,0,2,0.0,1995,1995,1,18.0,12.0,166.0,84.0,58.0,41.0,28.0,9.0,18.0,R,1973-05-01,USA,male,2,19.0,67.857,50.0,9.0,7.229
Dusan Vemic,16,17,48.485,1998,2008,11,100.0,193.0,1906.0,1213.0,849.0,361.0,304.0,98.0,161.0,R,1976-06-17,SRB,male,33,241.0,79.276,60.87,4.879,10.126
B Butcher,0,1,0.0,1969,1969,1,0.0,0.0,0.0,0.0,0.0,0.0,0.0,0.0,0.0,U,,,male,1,0.0,,,0.0,
Hasan Ozdemir,0,2,0.0,1973,1973,1,0.0,0.0,0.0,0.0,0.0,0.0,0.0,0.0,0.0,U,,TUR,male,2,0.0,,,0.0,
Periclis Gavrilidis,0,3,0.0,1970,1972,3,0.0,0.0,0.0,0.0,0.0,0.0,0.0,0.0,0.0,U,1954-05-14,GRE,male,3,0.0,,,0.0,
Jack Brasington,2,8,20.0,2001,2003,3,93.0,49.0,1088.0,612.0,429.0,203.0,162.0,74.0,121.0,R,1976-09-09,USA,male,10,115.0,70.988,61.157,12.1,4.504
K Kelkher,0,1,0.0,1969,1969,1,0.0,0.0,0.0,0.0,0.0,0.0,0.0,0.0,0.0,U,,IRL,male,1,0.0,,,0.0,
Frank Falderbaum,5,6,45.455,1970,1973,4,0.0,0.0,0.0,0.0,0.0,0.0,0.0,0.0,0.0,R,,GER,male,11,0.0,,,0.0,
Sanam Singh,1,3,25.0,2012,2014,3,1.0,0.0,79.0,47.0,28.0,13.0,11.0,11.0,16.0,R,1988-01-11,IND,male,4,6.0,54.545,68.75,4.0,0.0
Michael Mortensen,13,12,52.0,1979,1985,7,0.0,0.0,0.0,0.0,0.0,0.0,0.0,0.0,0.0,R,1961-03-12,DEN,male,25,0.0,,,0.0,
Vadim Kutsenko,14,25,35.897,1995,2004,10,63.0,41.0,1087.0,573.0,380.0,245.0,158.0,57.0,104.0,R,1977-03-16,RUS,male,39,111.0,70.253,54.808,2.667,3.772
Jan Kukal,38,62,38.0,1968,1975,8,0.0,0.0,0.0,0.0,0.0,0.0,0.0,0.0,0.0,R,1942-09-13,CZE,male,100,0.0,,,0.0,
Peter Fleming,134,139,49.084,1973,1987,15,0.0,0.0,0.0,0.0,0.0,0.0,0.0,0.0,0.0,R,1955-01-21,USA,male,273,0.0,,,0.0,
R Hunt,0,1,0.0,1968,1968,1,0.0,0.0,0.0,0.0,0.0,0.0,0.0,0.0,0.0,U,,,male,1,0.0,,,0.0,
Tim Mayotte,229,141,61.892,1979,1991,13,114.0,140.0,1629.0,904.0,675.0,343.0,253.0,77.0,134.0,R,1960-08-03,USA,male,370,196.0,77.47,57.463,0.362,8.594
Patrick Rafter,322,166,65.984,1991,2001,11,1671.0,3242.0,37975.0,23491.0,17765.0,7501.0,5926.0,1623.0,2530.0,R,1972-12-28,AUS,male,488,5019.0,84.695,64.15,5.184,8.537
Max Pettman,1,4,20.0,1968,1974,7,0.0,0.0,0.0,0.0,0.0,0.0,0.0,0.0,0.0,R,,AUS,male,5,0.0,,,0.0,
Paul Dogherty,0,2,0.0,1979,1980,2,0.0,0.0,0.0,0.0,0.0,0.0,0.0,0.0,0.0,R,,AUS,male,2,0.0,,,0.0,
Randy Crawford,3,12,20.0,1979,1980,2,0.0,0.0,0.0,0.0,0.0,0.0,0.0,0.0,0.0,R,1955-12-22,USA,male,15,0.0,,,0.0,
Otavio Della,1,3,25.0,1988,1990,3,0.0,0.0,0.0,0.0,0.0,0.0,0.0,0.0,0.0,R,1969-06-22,BRA,male,4,0.0,,,0.0,
Christopher Wolff,0,1,0.0,1970,1970,1,0.0,0.0,0.0,0.0,0.0,0.0,0.0,0.0,0.0,R,,USA,male,1,0.0,,,0.0,
Matteo Donati,1,1,50.0,2015,2015,1,3.0,14.0,145.0,90.0,63.0,23.0,22.0,10.0,16.0,R,1995-02-28,ITA,male,2,16.0,72.727,62.5,8.0,9.655
Diego Perez,223,225,49.777,1979,1995,17,137.0,111.0,3950.0,2398.0,1473.0,750.0,590.0,234.0,449.0,R,1962-02-09,URU,male,448,375.0,63.559,52.116,1.002,2.81
Luis Moreira,0,1,0.0,1971,1971,1,0.0,0.0,0.0,0.0,0.0,0.0,0.0,0.0,0.0,U,,BRA,male,1,0.0,,,0.0,
Eldad Campbell,0,4,0.0,2006,2007,2,0.0,0.0,0.0,0.0,0.0,0.0,0.0,0.0,0.0,U,1988-10-07,JAM,male,4,0.0,,,0.0,
Cameron Norrie,56,63,47.059,2017,2021,5,452.0,581.0,9669.0,6263.0,4324.0,1647.0,1487.0,569.0,915.0,L,1995-08-23,GBR,male,119,1141.0,76.732,62.186,7.689,6.009
Alti Vahkal,0,2,0.0,2000,2001,2,0.0,0.0,0.0,0.0,0.0,0.0,0.0,0.0,0.0,U,1974-03-11,EST,male,2,0.0,,,0.0,
Abdel Halem Azzi,0,1,0.0,1985,1985,1,0.0,0.0,0.0,0.0,0.0,0.0,0.0,0.0,0.0,U,1958-12-23,ALG,male,1,0.0,,,0.0,
Julio Silva,3,10,23.077,2002,2010,9,16.0,34.0,843.0,549.0,316.0,145.0,130.0,66.0,116.0,R,1979-07-01,BRA,male,13,80.0,61.538,56.897,8.923,4.033
Rafael Avalos Brenes,4,8,33.333,1990,2001,12,0.0,0.0,0.0,0.0,0.0,0.0,0.0,0.0,0.0,R,1961-06-21,CRC,male,12,0.0,,,0.0,
Viorel Marcu,1,4,20.0,1970,1975,6,0.0,0.0,0.0,0.0,0.0,0.0,0.0,0.0,0.0,U,,ROU,male,5,0.0,,,0.0,
Raymond Suarez,2,2,50.0,1985,1988,4,0.0,0.0,0.0,0.0,0.0,0.0,0.0,0.0,0.0,R,1963-01-23,PHI,male,4,0.0,,,0.0,
Hendrick Sepp,0,1,0.0,1971,1971,1,0.0,0.0,0.0,0.0,0.0,0.0,0.0,0.0,0.0,R,,RUS,male,1,0.0,,,0.0,
Lamine Ouahab,20,19,51.282,2004,2020,17,45.0,29.0,1099.0,614.0,409.0,215.0,168.0,70.0,126.0,R,1984-12-22,ALG,male,39,112.0,66.667,55.556,3.231,2.639
Marcelo Amador,0,1,0.0,2001,2001,1,0.0,0.0,0.0,0.0,0.0,0.0,0.0,0.0,0.0,U,1980-09-27,MEX,male,1,0.0,,,0.0,
Dragos Dima,2,0,100.0,2018,2019,2,1.0,1.0,47.0,25.0,18.0,13.0,8.0,2.0,3.0,R,1992-06-16,ROU,male,2,7.0,87.5,66.667,1.5,2.128
Robert Perry,0,3,0.0,1968,1969,2,0.0,0.0,0.0,0.0,0.0,0.0,0.0,0.0,0.0,R,1933-03-17,USA,male,3,0.0,,,0.0,
Doo Hwan Kim,0,1,0.0,1971,1971,1,0.0,0.0,0.0,0.0,0.0,0.0,0.0,0.0,0.0,U,1942-02-12,KOR,male,1,0.0,,,0.0,
Tom Edlefsen,58,84,40.845,1968,1975,8,0.0,0.0,0.0,0.0,0.0,0.0,0.0,0.0,0.0,R,1941-12-12,USA,male,142,0.0,,,0.0,
Christos Hadjigeorgiou,0,4,0.0,2012,2013,2,0.0,0.0,0.0,0.0,0.0,0.0,0.0,0.0,0.0,R,1994-04-01,CYP,male,4,0.0,,,0.0,
Daniel Glancy,1,3,25.0,2013,2015,3,0.0,0.0,0.0,0.0,0.0,0.0,0.0,0.0,0.0,U,1988-11-13,IRL,male,4,0.0,,,0.0,
West Nott,4,2,66.667,2005,2011,7,0.0,0.0,0.0,0.0,0.0,0.0,0.0,0.0,0.0,R,1982-06-08,MHL,male,6,0.0,,,0.0,
Carlos Alvarado,1,5,16.667,1976,1988,13,0.0,0.0,0.0,0.0,0.0,0.0,0.0,0.0,0.0,R,,BOL,male,6,0.0,,,0.0,
Marian Vajda,112,128,46.667,1984,1994,11,201.0,116.0,4097.0,2234.0,1374.0,888.0,616.0,265.0,499.0,R,1965-03-24,SVK,male,240,382.0,62.013,53.106,2.079,2.831
Cedric Kauffmann,0,3,0.0,1999,2001,3,10.0,14.0,335.0,226.0,146.0,58.0,54.0,19.0,33.0,R,1976-03-01,FRA,male,3,40.0,74.074,57.576,11.0,4.179
Alexander Cozbinov,0,3,0.0,2020,2020,1,5.0,4.0,237.0,156.0,88.0,31.0,34.0,13.0,30.0,R,1995-04-28,MDA,male,3,17.0,50.0,43.333,10.0,1.688
Julio Moros,0,1,0.0,1968,1968,1,0.0,0.0,0.0,0.0,0.0,0.0,0.0,0.0,0.0,U,,VEN,male,1,0.0,,,0.0,
Yemisi Allan,2,0,100.0,1974,1974,1,0.0,0.0,0.0,0.0,0.0,0.0,0.0,0.0,0.0,U,,NGR,male,2,0.0,,,0.0,
Alexander Volkov,202,182,52.604,1973,1997,25,1110.0,1323.0,23712.0,12342.0,8785.0,5485.0,3513.0,1377.0,2281.0,L,1967-03-03,RUS,male,384,2609.0,74.267,60.368,5.94,5.579
Blaine Willenborg,31,52,37.349,1979,1988,10,0.0,0.0,0.0,0.0,0.0,0.0,0.0,0.0,0.0,R,1960-01-04,USA,male,83,0.0,,,0.0,
Francois Battegay,0,1,0.0,1969,1969,1,0.0,0.0,0.0,0.0,0.0,0.0,0.0,0.0,0.0,U,,FRA,male,1,0.0,,,0.0,
D Richard Russell,8,32,20.0,1968,1974,7,0.0,0.0,0.0,0.0,0.0,0.0,0.0,0.0,0.0,R,1945-09-08,JAM,male,40,0.0,,,0.0,
Peter Fletcher,0,1,0.0,1971,1971,1,0.0,0.0,0.0,0.0,0.0,0.0,0.0,0.0,0.0,U,,UNK,male,1,0.0,,,0.0,
Chris Gunning,3,5,37.5,1979,1980,2,0.0,0.0,0.0,0.0,0.0,0.0,0.0,0.0,0.0,R,1953-02-07,NZL,male,8,0.0,,,0.0,
Steve Bryan,34,64,34.694,1989,1997,9,252.0,139.0,5937.0,3658.0,2363.0,1045.0,908.0,342.0,633.0,R,1970-08-10,USA,male,98,617.0,67.952,54.028,6.459,2.341
Yaraslau Shyla,3,4,42.857,2015,2018,4,17.0,42.0,588.0,391.0,288.0,92.0,93.0,34.0,52.0,R,1993-03-05,BLR,male,7,75.0,80.645,65.385,7.429,7.143
Yannick Noah,393,158,71.325,1977,1996,20,51.0,66.0,1127.0,616.0,427.0,231.0,168.0,72.0,122.0,R,1960-05-18,FRA,male,551,118.0,70.238,59.016,0.221,5.856
Viktor Nagy,1,3,25.0,1991,1994,4,3.0,1.0,59.0,27.0,15.0,10.0,7.0,8.0,13.0,R,1971-10-04,HUN,male,4,2.0,28.571,61.538,3.25,1.695
Pascal Deniau,1,1,50.0,1982,1982,1,0.0,0.0,0.0,0.0,0.0,0.0,0.0,0.0,0.0,R,1957-04-07,FRA,male,2,0.0,,,0.0,
Gaston Gaudio,262,181,59.142,1999,2010,12,1302.0,1128.0,33151.0,20532.0,13701.0,6299.0,5085.0,1934.0,3314.0,R,1978-12-09,ARG,male,443,3705.0,72.861,58.358,7.481,3.403
B Mortoire,0,1,0.0,1970,1970,1,0.0,0.0,0.0,0.0,0.0,0.0,0.0,0.0,0.0,U,,GBR,male,1,0.0,,,0.0,
Chuhan Wang,1,2,33.333,2014,2015,2,8.0,7.0,126.0,72.0,47.0,25.0,19.0,6.0,12.0,R,1992-02-24,CHN,male,3,13.0,68.421,50.0,4.0,5.556
Maurice Ruah,36,50,41.86,1989,2000,12,136.0,116.0,3602.0,2069.0,1365.0,732.0,541.0,231.0,400.0,R,1971-02-19,VEN,male,86,372.0,68.762,57.75,4.651,3.22
Michael Ray Pallares Gonzalez,1,0,100.0,2004,2004,1,0.0,0.0,0.0,0.0,0.0,0.0,0.0,0.0,0.0,R,1980-12-15,DOM,male,1,0.0,,,0.0,
Eduardo Gorostagia,0,2,0.0,1968,1973,6,0.0,0.0,0.0,0.0,0.0,0.0,0.0,0.0,0.0,R,,BOL,male,2,0.0,,,0.0,
Quino Munoz,4,4,50.0,1997,1998,2,14.0,23.0,583.0,344.0,221.0,120.0,84.0,41.0,65.0,R,1975-01-04,ESP,male,8,60.0,71.429,63.077,8.125,3.945
Magnus Nilsson,1,1,50.0,1990,1990,1,0.0,0.0,0.0,0.0,0.0,0.0,0.0,0.0,0.0,R,,SWE,male,2,0.0,,,0.0,
Alexandru Andronachi,0,1,0.0,2002,2002,1,0.0,0.0,0.0,0.0,0.0,0.0,0.0,0.0,0.0,U,1983-05-28,MDA,male,1,0.0,,,0.0,
Den Wen Lin,0,2,0.0,1975,1976,2,0.0,0.0,0.0,0.0,0.0,0.0,0.0,0.0,0.0,U,1952-10-21,TPE,male,2,0.0,,,0.0,
Bernard Pinto,1,3,25.0,1968,1973,6,0.0,0.0,0.0,0.0,0.0,0.0,0.0,0.0,0.0,U,1928-08-04,SRI,male,4,0.0,,,0.0,
Boris Becker,458,158,74.351,1984,1999,16,1338.0,2543.0,24668.0,14281.0,11128.0,5097.0,3703.0,1074.0,1668.0,R,1967-11-22,GER,male,616,3109.0,83.959,64.388,2.708,10.309
J Cabeza,0,1,0.0,1976,1976,1,0.0,0.0,0.0,0.0,0.0,0.0,0.0,0.0,0.0,U,,ESP,male,1,0.0,,,0.0,
Alexander Popp,44,61,41.905,2000,2005,6,514.0,469.0,8733.0,5461.0,3792.0,1563.0,1359.0,496.0,840.0,R,1976-11-04,GER,male,105,1015.0,74.687,59.048,8.0,5.37
D Hardiman,0,1,0.0,1973,1973,1,0.0,0.0,0.0,0.0,0.0,0.0,0.0,0.0,0.0,U,,UNK,male,1,0.0,,,0.0,
Eddy Chala,1,1,50.0,2009,2009,1,0.0,0.0,0.0,0.0,0.0,0.0,0.0,0.0,0.0,R,1985-02-12,ALG,male,2,0.0,,,0.0,
Bob Giltinan,70,83,45.752,1968,1979,12,0.0,0.0,0.0,0.0,0.0,0.0,0.0,0.0,0.0,R,1949-04-07,AUS,male,153,0.0,,,0.0,
Bob Giltinan,70,83,45.752,1968,1979,12,0.0,0.0,0.0,0.0,0.0,0.0,0.0,0.0,0.0,R,1949-07-04,UNK,male,153,0.0,,,0.0,
Claudio Panatta,102,135,43.038,1979,1989,11,0.0,0.0,0.0,0.0,0.0,0.0,0.0,0.0,0.0,R,1960-02-02,ITA,male,237,0.0,,,0.0,
Giovanni Lapentti,19,36,34.545,1998,2017,20,89.0,108.0,2110.0,1320.0,883.0,393.0,317.0,128.0,214.0,R,1983-01-25,ECU,male,55,231.0,72.871,59.813,3.891,5.118
Roberto Jabali,10,20,33.333,1988,1998,11,126.0,81.0,2017.0,1110.0,724.0,417.0,297.0,144.0,247.0,R,1970-05-16,BRA,male,30,194.0,65.32,58.3,8.233,4.016
Christian Feenstra,0,2,0.0,1985,1986,2,0.0,0.0,0.0,0.0,0.0,0.0,0.0,0.0,0.0,R,1967-05-13,NED,male,2,0.0,,,0.0,
Mariano Zabaleta,201,208,49.144,1995,2008,14,1356.0,1610.0,30606.0,17584.0,12197.0,6516.0,4682.0,1661.0,2829.0,R,1978-02-28,ARG,male,409,3514.0,75.053,58.713,6.917,5.26
Ryan Wolters,0,2,0.0,1996,1997,2,5.0,4.0,85.0,44.0,23.0,11.0,14.0,8.0,18.0,R,1977-02-01,USA,male,2,4.0,28.571,44.444,9.0,4.706
Jeff Robinson,1,1,50.0,1976,1976,1,0.0,0.0,0.0,0.0,0.0,0.0,0.0,0.0,0.0,R,,USA,male,2,0.0,,,0.0,
Pancho Musalem,2,3,40.0,1972,1973,2,0.0,0.0,0.0,0.0,0.0,0.0,0.0,0.0,0.0,R,,CHI,male,5,0.0,,,0.0,
Joseph Sirianni,7,14,33.333,1999,2009,11,75.0,94.0,1712.0,909.0,641.0,388.0,251.0,104.0,169.0,R,1975-01-17,AUS,male,21,186.0,74.104,61.538,8.048,5.491
Akira Motomura,0,3,0.0,1978,1979,2,0.0,0.0,0.0,0.0,0.0,0.0,0.0,0.0,0.0,R,,JPN,male,3,0.0,,,0.0,
Sebastien Hette,0,1,0.0,1994,1994,1,10.0,1.0,64.0,35.0,19.0,8.0,8.0,9.0,15.0,R,1972-06-09,FRA,male,1,2.0,25.0,60.0,15.0,1.562
Farrukh Dustov,11,26,29.73,2005,2016,12,28.0,27.0,704.0,504.0,321.0,74.0,103.0,39.0,76.0,R,1986-05-22,UZB,male,37,66.0,64.078,51.316,2.054,3.835
Akash Wagh,0,1,0.0,2006,2006,1,3.0,7.0,58.0,29.0,19.0,12.0,10.0,3.0,7.0,L,1990-03-17,IND,male,1,6.0,60.0,42.857,7.0,12.069
Lars Uebel,0,1,0.0,2005,2005,1,2.0,3.0,54.0,28.0,18.0,10.0,8.0,5.0,9.0,R,1980-10-14,GER,male,1,4.0,50.0,55.556,9.0,5.556
Steve Shaw,25,45,35.714,1980,1988,9,0.0,0.0,0.0,0.0,0.0,0.0,0.0,0.0,0.0,R,1963-01-01,GBR,male,70,0.0,,,0.0,
Bob Goeltz,1,2,33.333,1968,1969,2,0.0,0.0,0.0,0.0,0.0,0.0,0.0,0.0,0.0,R,1949-03-29,USA,male,3,0.0,,,0.0,
Stephane Huet,14,34,29.167,1993,2001,9,156.0,294.0,4571.0,2340.0,1622.0,1081.0,686.0,298.0,498.0,L,1971-04-25,FRA,male,48,486.0,70.845,59.839,10.375,6.432
Eduardo Rincon,3,7,30.0,1997,2001,5,5.0,0.0,49.0,24.0,11.0,6.0,7.0,3.0,9.0,R,1976-03-22,COL,male,10,1.0,14.286,33.333,0.9,0.0
Lars Poerschke,0,2,0.0,2009,2010,2,9.0,17.0,158.0,93.0,71.0,28.0,22.0,12.0,17.0,R,1984-06-17,GER,male,2,17.0,77.273,70.588,8.5,10.759
Gilles Bastie,1,2,33.333,1994,1995,2,9.0,2.0,244.0,158.0,97.0,36.0,32.0,11.0,21.0,R,1971-02-09,FRA,male,3,22.0,68.75,52.381,7.0,0.82
Carlos Fernandez,0,3,0.0,1968,1968,1,0.0,0.0,0.0,0.0,0.0,0.0,0.0,0.0,0.0,R,,BRA,male,3,0.0,,,0.0,
Hector Ortiz,0,1,0.0,1987,1987,1,0.0,0.0,0.0,0.0,0.0,0.0,0.0,0.0,0.0,R,1961-04-02,MEX,male,1,0.0,,,0.0,
Jean Jacques Kouassi,3,1,75.0,1989,1990,2,0.0,0.0,0.0,0.0,0.0,0.0,0.0,0.0,0.0,U,1971-12-23,CIV,male,4,0.0,,,0.0,
Alphonso Ochoa,2,1,66.667,1969,1969,1,0.0,0.0,0.0,0.0,0.0,0.0,0.0,0.0,0.0,U,,MEX,male,3,0.0,,,0.0,
Gordon Simmonds,0,1,0.0,1975,1975,1,0.0,0.0,0.0,0.0,0.0,0.0,0.0,0.0,0.0,R,,RSA,male,1,0.0,,,0.0,
Alex Fairbanks,0,1,0.0,2018,2018,1,7.0,2.0,49.0,24.0,16.0,8.0,9.0,1.0,6.0,U,1996-02-12,SRI,male,1,4.0,44.444,16.667,6.0,4.082
D Robert,0,1,0.0,1973,1973,1,0.0,0.0,0.0,0.0,0.0,0.0,0.0,0.0,0.0,U,,UNK,male,1,0.0,,,0.0,
David Egdes,1,1,50.0,1981,1981,1,0.0,0.0,0.0,0.0,0.0,0.0,0.0,0.0,0.0,R,,RSA,male,2,0.0,,,0.0,
Robert Vant Hof,65,78,45.455,1978,1990,13,0.0,0.0,0.0,0.0,0.0,0.0,0.0,0.0,0.0,R,1959-04-10,USA,male,143,0.0,,,0.0,
Janis Podzus,0,5,0.0,2014,2016,3,3.0,9.0,81.0,42.0,26.0,15.0,13.0,6.0,12.0,L,1994-06-29,LAT,male,5,7.0,53.846,50.0,2.4,11.111
Michele Leclercq,15,16,48.387,1968,1974,7,0.0,0.0,0.0,0.0,0.0,0.0,0.0,0.0,0.0,R,,FRA,male,31,0.0,,,0.0,
Austen Childs,1,0,100.0,2010,2010,1,0.0,0.0,0.0,0.0,0.0,0.0,0.0,0.0,0.0,U,1989-02-23,NZL,male,1,0.0,,,0.0,
Nicolas Alvarez,6,2,75.0,2016,2020,5,18.0,39.0,569.0,364.0,251.0,117.0,86.0,44.0,57.0,R,1996-06-08,PER,male,8,73.0,84.884,77.193,7.125,6.854
Tony Richey,1,1,50.0,1972,1972,1,0.0,0.0,0.0,0.0,0.0,0.0,0.0,0.0,0.0,R,,JAM,male,2,0.0,,,0.0,
Victor Romero,1,0,100.0,2005,2005,1,0.0,0.0,0.0,0.0,0.0,0.0,0.0,0.0,0.0,R,1979-01-26,MEX,male,1,0.0,,,0.0,
Iphton Louis,1,4,20.0,2003,2004,2,0.0,0.0,0.0,0.0,0.0,0.0,0.0,0.0,0.0,U,1975-04-28,HAI,male,5,0.0,,,0.0,
Jose Francisco Altur,28,61,31.461,1989,1995,7,177.0,149.0,4398.0,2896.0,1835.0,680.0,678.0,258.0,481.0,L,1968-03-24,ESP,male,89,455.0,67.109,53.638,5.404,3.388
Warrick Jones,1,1,50.0,1979,1979,1,0.0,0.0,0.0,0.0,0.0,0.0,0.0,0.0,0.0,R,,USA,male,2,0.0,,,0.0,
Roberto Marcora,3,3,50.0,2017,2021,5,6.0,19.0,378.0,241.0,171.0,77.0,59.0,19.0,29.0,R,1989-08-30,ITA,male,6,49.0,83.051,65.517,4.833,5.026
Ruslon Rainov,3,2,60.0,1986,1990,5,0.0,0.0,0.0,0.0,0.0,0.0,0.0,0.0,0.0,R,1964-02-06,BUL,male,5,0.0,,,0.0,
Fred Mcnair,48,115,29.448,1969,1981,13,0.0,0.0,0.0,0.0,0.0,0.0,0.0,0.0,0.0,R,1950-07-22,USA,male,163,0.0,,,0.0,
Gustavo Stapf,0,4,0.0,1971,1973,3,0.0,0.0,0.0,0.0,0.0,0.0,0.0,0.0,0.0,U,1951-10-08,URU,male,4,0.0,,,0.0,
Rudiger Haas,0,3,0.0,1988,1991,4,3.0,4.0,78.0,44.0,29.0,18.0,11.0,4.0,7.0,R,1969-12-15,GER,male,3,8.0,72.727,57.143,2.333,5.128
Charles Auffray,1,6,14.286,1996,1999,4,30.0,1.0,497.0,264.0,153.0,93.0,70.0,38.0,74.0,R,1973-02-24,FRA,male,7,34.0,48.571,51.351,10.571,0.201
Kaoru Maruyama,0,2,0.0,1982,1984,3,0.0,0.0,0.0,0.0,0.0,0.0,0.0,0.0,0.0,R,,JPN,male,2,0.0,,,0.0,
Igor Andreev,227,222,50.557,2003,2013,11,1104.0,2036.0,33503.0,20882.0,14711.0,6617.0,5269.0,1584.0,2663.0,R,1983-07-14,RUS,male,449,4190.0,79.522,59.482,5.931,6.077
Tom Mercer,0,6,0.0,1989,1993,5,14.0,6.0,192.0,94.0,57.0,46.0,30.0,8.0,21.0,R,1964-11-10,USA,male,6,17.0,56.667,38.095,3.5,3.125
Owen Davidson,70,75,48.276,1968,1979,12,0.0,0.0,0.0,0.0,0.0,0.0,0.0,0.0,0.0,L,1943-10-04,AUS,male,145,0.0,,,0.0,
Ernests Gulbis,233,232,50.108,2005,2021,17,1897.0,4186.0,35465.0,21324.0,16033.0,6860.0,5568.0,1829.0,2875.0,R,1988-08-30,LAT,male,465,4522.0,81.214,63.617,6.183,11.803
Daniel Cox,0,5,0.0,2011,2014,4,24.0,23.0,402.0,250.0,156.0,74.0,62.0,31.0,54.0,R,1990-09-28,GBR,male,5,39.0,62.903,57.407,10.8,5.721
Jean Pierre Olivier,0,2,0.0,1968,1968,1,0.0,0.0,0.0,0.0,0.0,0.0,0.0,0.0,0.0,R,,FRA,male,2,0.0,,,0.0,
Paradorn Srichaphan,233,183,56.01,1998,2007,10,1291.0,2321.0,28878.0,16445.0,12017.0,6383.0,4531.0,1379.0,2324.0,R,1979-06-14,THA,male,416,3586.0,79.144,59.337,5.587,8.037
Jung Woong Na,0,1,0.0,2012,2012,1,0.0,0.0,0.0,0.0,0.0,0.0,0.0,0.0,0.0,U,1992-10-31,KOR,male,1,0.0,,,0.0,
Jack Waltz,1,1,50.0,1968,1968,1,0.0,0.0,0.0,0.0,0.0,0.0,0.0,0.0,0.0,R,1945-02-04,USA,male,2,0.0,,,0.0,
Steve Krulevitz,104,160,39.394,1969,1983,15,0.0,0.0,0.0,0.0,0.0,0.0,0.0,0.0,0.0,R,1951-05-30,USA,male,264,0.0,,,0.0,
Ian Parkin,0,1,0.0,1974,1974,1,0.0,0.0,0.0,0.0,0.0,0.0,0.0,0.0,0.0,U,,,male,1,0.0,,,0.0,
Jan Svensen,0,2,0.0,1982,1982,1,0.0,0.0,0.0,0.0,0.0,0.0,0.0,0.0,0.0,R,,NOR,male,2,0.0,,,0.0,
Willie Davies,2,2,50.0,1973,1980,8,0.0,0.0,0.0,0.0,0.0,0.0,0.0,0.0,0.0,R,1955-01-01,GBR,male,4,0.0,,,0.0,
Lorenzo Giustino,1,5,16.667,2015,2020,6,20.0,11.0,567.0,333.0,193.0,105.0,87.0,32.0,72.0,R,1991-09-10,ITA,male,6,47.0,54.023,44.444,12.0,1.94
Ricardo Aubone,2,2,50.0,1968,1971,4,0.0,0.0,0.0,0.0,0.0,0.0,0.0,0.0,0.0,U,,UNK,male,4,0.0,,,0.0,
Peter Kronk,1,2,33.333,1977,1981,5,0.0,0.0,0.0,0.0,0.0,0.0,0.0,0.0,0.0,R,1954-09-22,AUS,male,3,0.0,,,0.0,
Philippe Pech,3,9,25.0,1988,1995,8,23.0,21.0,367.0,218.0,146.0,61.0,51.0,26.0,43.0,L,1966-08-09,FRA,male,12,34.0,66.667,60.465,3.583,5.722
Jose Ayala,0,1,0.0,1981,1981,1,0.0,0.0,0.0,0.0,0.0,0.0,0.0,0.0,0.0,R,1970-12-22,MEX,male,1,0.0,,,0.0,
Gustavo Kuerten,337,175,65.82,1996,2008,13,1156.0,3944.0,38404.0,20979.0,15936.0,8972.0,5967.0,1812.0,2876.0,R,1976-09-10,BRA,male,512,4903.0,82.169,63.004,5.617,10.27
Toma Ovici,15,18,45.455,1972,1975,4,0.0,0.0,0.0,0.0,0.0,0.0,0.0,0.0,0.0,R,,ROU,male,33,0.0,,,0.0,
Francisco Tormo,0,1,0.0,1968,1968,1,0.0,0.0,0.0,0.0,0.0,0.0,0.0,0.0,0.0,U,,UNK,male,1,0.0,,,0.0,
Beyazit Anbar,0,1,0.0,1971,1971,1,0.0,0.0,0.0,0.0,0.0,0.0,0.0,0.0,0.0,U,,TUR,male,1,0.0,,,0.0,
Albert Chang,3,13,18.75,1993,1997,5,60.0,62.0,1181.0,703.0,476.0,219.0,178.0,67.0,119.0,R,1971-02-27,CAN,male,16,126.0,70.787,56.303,7.438,5.25
Rolf Norberg,25,44,36.232,1969,1977,9,0.0,0.0,0.0,0.0,0.0,0.0,0.0,0.0,0.0,R,1952-01-31,SWE,male,69,0.0,,,0.0,
R Elangovan,0,1,0.0,1979,1979,1,0.0,0.0,0.0,0.0,0.0,0.0,0.0,0.0,0.0,R,,IND,male,1,0.0,,,0.0,
Larry Collins,0,2,0.0,1971,1976,6,0.0,0.0,0.0,0.0,0.0,0.0,0.0,0.0,0.0,R,,USA,male,2,0.0,,,0.0,
Gunawan Trismuwantara,1,0,100.0,2020,2020,1,0.0,0.0,0.0,0.0,0.0,0.0,0.0,0.0,0.0,U,2003-01-09,INA,male,1,0.0,,,0.0,
David Mitchell,0,1,0.0,1971,1971,1,0.0,0.0,0.0,0.0,0.0,0.0,0.0,0.0,0.0,U,,USA,male,1,0.0,,,0.0,
Elias Bramly,0,4,0.0,1985,1989,5,0.0,0.0,0.0,0.0,0.0,0.0,0.0,0.0,0.0,U,1963-07-19,TUN,male,4,0.0,,,0.0,
Mark Buckley,6,17,26.087,1983,1987,5,0.0,0.0,0.0,0.0,0.0,0.0,0.0,0.0,0.0,R,1960-09-01,USA,male,23,0.0,,,0.0,
C Burr,0,3,0.0,1969,1974,6,0.0,0.0,0.0,0.0,0.0,0.0,0.0,0.0,0.0,U,,CAN,male,3,0.0,,,0.0,
J Spinnenweber,0,1,0.0,1978,1978,1,0.0,0.0,0.0,0.0,0.0,0.0,0.0,0.0,0.0,R,,USA,male,1,0.0,,,0.0,
Greg Halder,8,23,25.806,1975,1980,6,0.0,0.0,0.0,0.0,0.0,0.0,0.0,0.0,0.0,R,1955-12-05,CAN,male,31,0.0,,,0.0,
Ignacio Martinez,1,3,25.0,1994,1995,2,6.0,4.0,306.0,184.0,110.0,65.0,46.0,23.0,39.0,R,1972-05-23,MEX,male,4,30.0,65.217,58.974,9.75,1.307
Jan Frode Andersen,23,20,53.488,1996,2006,11,24.0,35.0,820.0,512.0,324.0,157.0,120.0,58.0,94.0,L,1972-08-29,NOR,male,43,84.0,70.0,61.702,2.186,4.268
Crepin Ossombi,0,2,0.0,1991,1991,1,0.0,0.0,0.0,0.0,0.0,0.0,0.0,0.0,0.0,U,1969-11-17,CGO,male,2,0.0,,,0.0,
U Walsh,0,1,0.0,1972,1972,1,0.0,0.0,0.0,0.0,0.0,0.0,0.0,0.0,0.0,R,,USA,male,1,0.0,,,0.0,
Pier Gauthier,1,3,25.0,1992,1997,6,15.0,8.0,268.0,161.0,106.0,50.0,39.0,19.0,30.0,R,1972-04-20,FRA,male,4,28.0,71.795,63.333,7.5,2.985
Lorenzo Manta,10,24,29.412,1994,2001,8,211.0,284.0,2937.0,1513.0,1139.0,662.0,421.0,157.0,257.0,R,1974-09-16,SUI,male,34,321.0,76.247,61.089,7.559,9.67
Florian Krumrey,1,1,50.0,1992,1992,1,6.0,6.0,216.0,124.0,78.0,38.0,29.0,10.0,22.0,R,1970-01-27,GER,male,2,17.0,58.621,45.455,11.0,2.778
John Sobel,2,5,28.571,1988,1992,5,4.0,0.0,108.0,69.0,27.0,12.0,14.0,7.0,20.0,R,1964-02-15,USA,male,7,1.0,7.143,35.0,2.857,0.0
Maxime Cressy,3,4,42.857,2020,2021,2,72.0,120.0,659.0,397.0,307.0,137.0,103.0,28.0,44.0,U,1997-05-08,FRA,male,7,87.0,84.466,63.636,6.286,18.209
Ricardo Camargo,1,1,50.0,1989,1989,1,0.0,0.0,0.0,0.0,0.0,0.0,0.0,0.0,0.0,R,1968-05-14,BRA,male,2,0.0,,,0.0,
Adrian Bey,0,1,0.0,1968,1968,1,0.0,0.0,0.0,0.0,0.0,0.0,0.0,0.0,0.0,U,1938-05-16,RHO,male,1,0.0,,,0.0,
Sashi Menon,81,156,34.177,1970,1985,16,0.0,0.0,0.0,0.0,0.0,0.0,0.0,0.0,0.0,R,1952-08-09,IND,male,237,0.0,,,0.0,
Khaled Ashkanani,2,0,100.0,1989,1990,2,0.0,0.0,0.0,0.0,0.0,0.0,0.0,0.0,0.0,U,1965-03-22,KUW,male,2,0.0,,,0.0,
Jim Hodges,0,1,0.0,1980,1980,1,0.0,0.0,0.0,0.0,0.0,0.0,0.0,0.0,0.0,R,1958-01-12,USA,male,1,0.0,,,0.0,
Mahesh Bhupathi,10,27,27.027,1995,2008,14,82.0,110.0,1374.0,721.0,534.0,266.0,199.0,67.0,129.0,R,1974-06-07,IND,male,37,137.0,68.844,51.938,3.486,8.006
Jaka Bozic,0,2,0.0,1995,1995,1,0.0,0.0,0.0,0.0,0.0,0.0,0.0,0.0,0.0,R,1975-06-18,SLO,male,2,0.0,,,0.0,
Juan Pablo Queirolo,0,2,0.0,1988,1988,1,0.0,0.0,0.0,0.0,0.0,0.0,0.0,0.0,0.0,R,1965-07-20,CHI,male,2,0.0,,,0.0,
Irakli Ushangishvili,1,2,33.333,2004,2005,2,0.0,0.0,0.0,0.0,0.0,0.0,0.0,0.0,0.0,U,1982-02-09,GEO,male,3,0.0,,,0.0,
Oliver Ploner,0,2,0.0,1986,1987,2,0.0,0.0,0.0,0.0,0.0,0.0,0.0,0.0,0.0,R,,AUT,male,2,0.0,,,0.0,
Mohamed Dlimi,5,5,50.0,1981,1988,8,0.0,0.0,0.0,0.0,0.0,0.0,0.0,0.0,0.0,R,1959-10-23,MAR,male,10,0.0,,,0.0,
Marco Gudino,0,1,0.0,1979,1979,1,0.0,0.0,0.0,0.0,0.0,0.0,0.0,0.0,0.0,R,,ECU,male,1,0.0,,,0.0,
Marco Gudino,0,1,0.0,1979,1979,1,0.0,0.0,0.0,0.0,0.0,0.0,0.0,0.0,0.0,U,1972-02-23,ECU,male,1,0.0,,,0.0,
J Rudman,0,1,0.0,1969,1969,1,0.0,0.0,0.0,0.0,0.0,0.0,0.0,0.0,0.0,U,,RSA,male,1,0.0,,,0.0,
Yair Werthimer,0,1,0.0,1976,1976,1,0.0,0.0,0.0,0.0,0.0,0.0,0.0,0.0,0.0,R,,ISR,male,1,0.0,,,0.0,
S Johansson,1,1,50.0,1976,1976,1,0.0,0.0,0.0,0.0,0.0,0.0,0.0,0.0,0.0,R,,SWE,male,2,0.0,,,0.0,
Cary Stansbury,6,19,24.0,1978,1986,9,0.0,0.0,0.0,0.0,0.0,0.0,0.0,0.0,0.0,R,1958-10-17,USA,male,25,0.0,,,0.0,
Roger Taylor,238,168,58.621,1968,1980,13,0.0,0.0,0.0,0.0,0.0,0.0,0.0,0.0,0.0,L,1941-10-14,GBR,male,406,0.0,,,0.0,
Chuck De Voe,0,2,0.0,1969,1971,3,0.0,0.0,0.0,0.0,0.0,0.0,0.0,0.0,0.0,U,,USA,male,2,0.0,,,0.0,
Christopher Eldon,0,3,0.0,2003,2004,2,0.0,0.0,0.0,0.0,0.0,0.0,0.0,0.0,0.0,U,1985-04-12,BAH,male,3,0.0,,,0.0,
Srdan Muskatirovic,0,1,0.0,1992,1992,1,0.0,0.0,0.0,0.0,0.0,0.0,0.0,0.0,0.0,R,1972-04-10,SRB,male,1,0.0,,,0.0,
Eduardo Schwank,40,65,38.095,2007,2012,6,306.0,384.0,7711.0,4817.0,3244.0,1481.0,1181.0,405.0,704.0,R,1986-04-23,ARG,male,105,882.0,74.682,57.528,6.705,4.98
Pancho Guzman,21,33,38.889,1968,1972,5,0.0,0.0,0.0,0.0,0.0,0.0,0.0,0.0,0.0,R,1946-05-24,ECU,male,54,0.0,,,0.0,
Karim Alami,162,172,48.503,1990,2002,13,882.0,1309.0,22925.0,12869.0,9091.0,4790.0,3490.0,1272.0,2197.0,R,1973-05-24,MAR,male,334,2565.0,73.496,57.897,6.578,5.71
Steve Fiske,0,2,0.0,1970,1970,1,0.0,0.0,0.0,0.0,0.0,0.0,0.0,0.0,0.0,U,1948-08-23,USA,male,2,0.0,,,0.0,
Geoffery Newton,1,2,33.333,1970,1972,3,0.0,0.0,0.0,0.0,0.0,0.0,0.0,0.0,0.0,U,1951-06-26,GBR,male,3,0.0,,,0.0,
Jeson Patrombon,6,10,37.5,2011,2020,10,26.0,16.0,563.0,339.0,224.0,110.0,88.0,32.0,56.0,R,1993-03-27,PHI,male,16,64.0,72.727,57.143,3.5,2.842
Greg Whitecross,8,32,20.0,1979,1984,6,0.0,0.0,0.0,0.0,0.0,0.0,0.0,0.0,0.0,R,1961-03-15,AUS,male,40,0.0,,,0.0,
Robin Fry,0,1,0.0,1969,1969,1,0.0,0.0,0.0,0.0,0.0,0.0,0.0,0.0,0.0,U,1950-02-06,USA,male,1,0.0,,,0.0,
Lan Bale,2,3,40.0,1992,1993,2,23.0,18.0,466.0,265.0,189.0,93.0,62.0,28.0,42.0,R,1969-09-07,RSA,male,5,48.0,77.419,66.667,8.4,3.863
Kenneth Andersson,1,5,16.667,1968,1973,6,0.0,0.0,0.0,0.0,0.0,0.0,0.0,0.0,0.0,U,,SWE,male,6,0.0,,,0.0,
George Deniau,0,1,0.0,1968,1968,1,0.0,0.0,0.0,0.0,0.0,0.0,0.0,0.0,0.0,R,,FRA,male,1,0.0,,,0.0,
Daniel Contet,17,32,34.694,1968,1976,9,0.0,0.0,0.0,0.0,0.0,0.0,0.0,0.0,0.0,R,1943-11-03,FRA,male,49,0.0,,,0.0,
Sam Querrey,375,302,55.391,2006,2021,16,2235.0,8418.0,53551.0,31656.0,24971.0,11024.0,8654.0,2208.0,3512.0,R,1987-10-07,USA,male,677,7350.0,84.932,62.87,5.188,15.72
Mohammad Hossein Akbari,1,4,20.0,1969,1974,6,0.0,0.0,0.0,0.0,0.0,0.0,0.0,0.0,0.0,R,,IRI,male,5,0.0,,,0.0,
Unknown Vinti,0,1,0.0,1971,1971,1,0.0,0.0,0.0,0.0,0.0,0.0,0.0,0.0,0.0,U,,ITA,male,1,0.0,,,0.0,
Alberto Brause,1,2,33.333,1998,2000,3,0.0,0.0,0.0,0.0,0.0,0.0,0.0,0.0,0.0,R,1975-08-25,URU,male,3,0.0,,,0.0,
Egor Matvievici,0,1,0.0,2015,2015,1,0.0,0.0,0.0,0.0,0.0,0.0,0.0,0.0,0.0,,1997-02-14,MDA,male,1,0.0,,,0.0,
Jin Yen Chiang,1,2,33.333,1992,1993,2,0.0,0.0,0.0,0.0,0.0,0.0,0.0,0.0,0.0,R,1972-11-06,CHN,male,3,0.0,,,0.0,
Nicholas Malcolm,0,3,0.0,1994,1994,1,0.0,0.0,0.0,0.0,0.0,0.0,0.0,0.0,0.0,U,1974-10-08,JAM,male,3,0.0,,,0.0,
Amr Elsayed Abdou Ahmed Mohamed,0,1,0.0,2020,2020,1,0.0,0.0,0.0,0.0,0.0,0.0,0.0,0.0,0.0,U,1999-03-04,EGY,male,1,0.0,,,0.0,
Jamie Murray,0,1,0.0,2007,2007,1,0.0,0.0,0.0,0.0,0.0,0.0,0.0,0.0,0.0,L,1986-02-13,GBR,male,1,0.0,,,0.0,
Mel Purcell,169,131,56.333,1978,1989,12,0.0,0.0,0.0,0.0,0.0,0.0,0.0,0.0,0.0,R,1959-07-18,USA,male,300,0.0,,,0.0,
Konstantinos Effraimoglou,5,10,33.333,1986,1994,9,0.0,0.0,0.0,0.0,0.0,0.0,0.0,0.0,0.0,U,1962-12-04,GRE,male,15,0.0,,,0.0,
Maciej Kost,0,2,0.0,1994,1994,1,0.0,0.0,0.0,0.0,0.0,0.0,0.0,0.0,0.0,U,1969-09-13,POL,male,2,0.0,,,0.0,
Dilshod Sharifi,0,3,0.0,2003,2003,1,0.0,0.0,0.0,0.0,0.0,0.0,0.0,0.0,0.0,R,1986-06-12,TJK,male,3,0.0,,,0.0,
Mehdi Bouabbane,0,1,0.0,2007,2007,1,0.0,0.0,0.0,0.0,0.0,0.0,0.0,0.0,0.0,R,1988-07-21,ALG,male,1,0.0,,,0.0,
Dennis Matthews,6,8,42.857,1969,1975,7,0.0,0.0,0.0,0.0,0.0,0.0,0.0,0.0,0.0,U,,UNK,male,14,0.0,,,0.0,
Gonzalo Escobar,3,4,42.857,2013,2017,5,11.0,9.0,237.0,163.0,106.0,39.0,35.0,12.0,22.0,L,1989-01-20,ECU,male,7,25.0,71.429,54.545,3.143,3.797
Tobias Kamke,63,103,37.952,2007,2019,13,559.0,329.0,12752.0,7512.0,4922.0,2589.0,1929.0,730.0,1289.0,R,1986-05-21,GER,male,166,1370.0,71.021,56.633,7.765,2.58
John Adams,0,2,0.0,1971,1972,2,0.0,0.0,0.0,0.0,0.0,0.0,0.0,0.0,0.0,U,,UNK,male,2,0.0,,,0.0,
Lazar Magdincev,7,10,41.176,1996,2010,15,0.0,0.0,0.0,0.0,0.0,0.0,0.0,0.0,0.0,R,1980-12-15,MKD,male,17,0.0,,,0.0,
Elbert Sie,4,7,36.364,2006,2012,7,0.0,0.0,0.0,0.0,0.0,0.0,0.0,0.0,0.0,R,1987-09-06,INA,male,11,0.0,,,0.0,
Maxim Dubarenco,5,4,55.556,2012,2014,3,0.0,0.0,0.0,0.0,0.0,0.0,0.0,0.0,0.0,R,1993-06-24,MDA,male,9,0.0,,,0.0,
Brydan Klein,3,11,21.429,2008,2017,10,60.0,80.0,969.0,566.0,403.0,177.0,154.0,44.0,88.0,R,1989-12-31,AUS,male,14,110.0,71.429,50.0,6.286,8.256
Glenn Petrovic,2,9,18.182,1977,1981,5,0.0,0.0,0.0,0.0,0.0,0.0,0.0,0.0,0.0,R,1957-03-03,USA,male,11,0.0,,,0.0,
Yuichi Ito,0,1,0.0,2008,2008,1,0.0,1.0,53.0,35.0,20.0,7.0,8.0,2.0,6.0,R,1986-08-06,JPN,male,1,4.0,50.0,33.333,6.0,1.887
Sandy Mayer,214,125,63.127,1970,1985,16,0.0,0.0,0.0,0.0,0.0,0.0,0.0,0.0,0.0,R,1952-04-05,USA,male,339,0.0,,,0.0,
M Fallas,0,1,0.0,1980,1980,1,0.0,0.0,0.0,0.0,0.0,0.0,0.0,0.0,0.0,R,,CRC,male,1,0.0,,,0.0,
Nir Welgreen,2,5,28.571,1996,1998,3,24.0,10.0,450.0,304.0,192.0,68.0,72.0,15.0,38.0,R,1976-12-17,ISR,male,7,49.0,68.056,39.474,5.429,2.222
Konstantin Pugayev,0,2,0.0,1973,1982,10,0.0,0.0,0.0,0.0,0.0,0.0,0.0,0.0,0.0,R,,RUS,male,2,0.0,,,0.0,
August Holmgren,1,0,100.0,2017,2017,1,5.0,6.0,89.0,55.0,38.0,21.0,12.0,7.0,8.0,R,1998-04-22,DEN,male,1,11.0,91.667,87.5,8.0,6.742
Chi Yuan Lin,0,2,0.0,1974,1976,3,0.0,0.0,0.0,0.0,0.0,0.0,0.0,0.0,0.0,U,,TPE,male,2,0.0,,,0.0,
Felix Auger Aliassime,70,54,56.452,2018,2021,4,526.0,1046.0,9443.0,6069.0,4481.0,1682.0,1491.0,500.0,781.0,R,2000-08-08,CAN,male,124,1210.0,81.154,64.02,6.298,11.077
Peter Oatey,0,1,0.0,1968,1968,1,0.0,0.0,0.0,0.0,0.0,0.0,0.0,0.0,0.0,R,,AUS,male,1,0.0,,,0.0,
Bob French,0,1,0.0,1969,1969,1,0.0,0.0,0.0,0.0,0.0,0.0,0.0,0.0,0.0,U,,CAN,male,1,0.0,,,0.0,
Max Cocks,3,2,60.0,1971,1971,1,0.0,0.0,0.0,0.0,0.0,0.0,0.0,0.0,0.0,U,,AUS,male,5,0.0,,,0.0,
Jean Jacques Rakotohasy,1,0,100.0,2015,2015,1,0.0,0.0,0.0,0.0,0.0,0.0,0.0,0.0,0.0,,1994-08-23,MAD,male,1,0.0,,,0.0,
Martin Stringari,6,12,33.333,1988,1994,7,21.0,43.0,1143.0,773.0,498.0,159.0,173.0,76.0,133.0,R,1971-09-10,ARG,male,18,116.0,67.052,57.143,7.389,3.762
R L Cross,0,1,0.0,1970,1970,1,0.0,0.0,0.0,0.0,0.0,0.0,0.0,0.0,0.0,U,,GBR,male,1,0.0,,,0.0,
Andrew Whittington,2,3,40.0,2016,2017,2,34.0,44.0,466.0,261.0,199.0,104.0,75.0,23.0,38.0,R,1993-08-11,AUS,male,5,60.0,80.0,60.526,7.6,9.442
Panomkorn Pladchunil,7,10,41.176,1979,1988,10,0.0,0.0,0.0,0.0,0.0,0.0,0.0,0.0,0.0,R,1962-06-16,THA,male,17,0.0,,,0.0,
Dino Marcan,0,2,0.0,2012,2013,2,3.0,0.0,99.0,69.0,37.0,16.0,17.0,7.0,13.0,R,1991-02-12,CRO,male,2,11.0,64.706,53.846,6.5,0.0
G Turner Howard,5,15,25.0,1969,1971,3,0.0,0.0,0.0,0.0,0.0,0.0,0.0,0.0,0.0,R,1947-07-24,USA,male,20,0.0,,,0.0,
Carlos Palencia,2,1,66.667,2005,2006,2,0.0,0.0,0.0,0.0,0.0,0.0,0.0,0.0,0.0,R,1981-08-22,MEX,male,3,0.0,,,0.0,
Ilija Martinoski,1,5,16.667,2007,2009,3,0.0,0.0,0.0,0.0,0.0,0.0,0.0,0.0,0.0,R,1989-08-03,MKD,male,6,0.0,,,0.0,
Ivo Klec,2,7,22.222,2004,2013,10,25.0,14.0,553.0,312.0,219.0,92.0,81.0,42.0,71.0,R,1980-11-28,SVK,male,9,52.0,64.198,59.155,7.889,2.532
Mario Delgado,0,2,0.0,1980,1991,12,0.0,0.0,0.0,0.0,0.0,0.0,0.0,0.0,0.0,R,1955-05-18,CRC,male,2,0.0,,,0.0,
Rick Fisher,33,81,28.947,1970,1981,12,0.0,0.0,0.0,0.0,0.0,0.0,0.0,0.0,0.0,R,1951-03-29,USA,male,114,0.0,,,0.0,
Lays Salim,0,1,0.0,2001,2001,1,0.0,0.0,0.0,0.0,0.0,0.0,0.0,0.0,0.0,U,1975-02-05,SYR,male,1,0.0,,,0.0,
Mauro Menezes,2,11,15.385,1988,1991,4,2.0,0.0,32.0,19.0,12.0,2.0,5.0,0.0,3.0,R,1963-07-27,BRA,male,13,2.0,40.0,0.0,0.231,0.0
Sebastian Quiros,0,1,0.0,2016,2016,1,4.0,4.0,52.0,26.0,17.0,5.0,7.0,5.0,10.0,,1998-03-19,ESA,male,1,2.0,28.571,50.0,10.0,7.692
Abdul Hamid Makhkamov,0,1,0.0,1997,1997,1,6.0,4.0,66.0,34.0,22.0,17.0,12.0,1.0,5.0,R,1976-04-19,UZB,male,1,8.0,66.667,20.0,5.0,6.061
Atlihan Binoz,0,1,0.0,1986,1986,1,0.0,0.0,0.0,0.0,0.0,0.0,0.0,0.0,0.0,R,1965-11-16,TUR,male,1,0.0,,,0.0,
Ralph Kok,0,2,0.0,1989,1990,2,0.0,0.0,0.0,0.0,0.0,0.0,0.0,0.0,0.0,R,1967-10-18,NED,male,2,0.0,,,0.0,
Haydn Lewis,3,9,25.0,2012,2020,9,11.0,17.0,212.0,124.0,87.0,37.0,33.0,14.0,24.0,L,1986-01-02,BAR,male,12,23.0,69.697,58.333,2.0,8.019
Reda El Amrani,7,7,50.0,2008,2017,10,51.0,54.0,741.0,422.0,291.0,143.0,98.0,62.0,87.0,R,1988-05-19,MAR,male,14,73.0,74.49,71.264,6.214,7.287
Guillermo Coria,212,109,66.044,2000,2008,9,1143.0,877.0,23511.0,14795.0,10050.0,4377.0,3660.0,1282.0,2188.0,R,1982-01-13,ARG,male,321,2754.0,75.246,58.592,6.816,3.73
Nick Lindahl,1,8,11.111,2007,2010,4,24.0,39.0,655.0,408.0,265.0,106.0,100.0,46.0,83.0,R,1988-07-31,AUS,male,9,63.0,63.0,55.422,9.222,5.954
Johannes Ager,0,2,0.0,2002,2004,3,10.0,4.0,121.0,60.0,30.0,24.0,20.0,7.0,19.0,R,1984-03-10,AUT,male,2,8.0,40.0,36.842,9.5,3.306
Kenneth Dowuona,1,1,50.0,1990,1990,1,0.0,0.0,0.0,0.0,0.0,0.0,0.0,0.0,0.0,U,1973-03-03,GHA,male,2,0.0,,,0.0,
Daniel Willman,0,1,0.0,2002,2002,1,4.0,2.0,58.0,37.0,19.0,9.0,9.0,6.0,11.0,U,1975-03-18,NZL,male,1,4.0,44.444,54.545,11.0,3.448
Matthew Barton,4,4,50.0,2016,2017,2,33.0,117.0,785.0,477.0,388.0,148.0,122.0,32.0,44.0,R,1991-12-18,AUS,male,8,110.0,90.164,72.727,5.5,14.904
Butch Walts,79,82,49.068,1975,1984,10,0.0,0.0,0.0,0.0,0.0,0.0,0.0,0.0,0.0,R,1955-06-04,USA,male,161,0.0,,,0.0,
Desmond Ward,0,1,0.0,1972,1972,1,0.0,0.0,0.0,0.0,0.0,0.0,0.0,0.0,0.0,R,,RSA,male,1,0.0,,,0.0,
Jonathan Marray,4,8,33.333,2003,2007,5,73.0,71.0,1090.0,693.0,491.0,199.0,171.0,53.0,89.0,R,1981-03-10,GBR,male,12,135.0,78.947,59.551,7.417,6.514
Andreas Vinciguerra,81,96,45.763,1998,2013,16,458.0,729.0,12611.0,7438.0,5167.0,2578.0,1890.0,807.0,1248.0,L,1981-02-19,SWE,male,177,1449.0,76.667,64.663,7.051,5.781
Issam Al Tawil,2,5,28.571,2011,2013,3,0.0,0.0,0.0,0.0,0.0,0.0,0.0,0.0,0.0,R,1989-07-10,SYR,male,7,0.0,,,0.0,
Paul Chaput,0,1,0.0,1987,1987,1,0.0,0.0,0.0,0.0,0.0,0.0,0.0,0.0,0.0,R,,FRA,male,1,0.0,,,0.0,
Alan Kendal,0,2,0.0,1970,1970,1,0.0,0.0,0.0,0.0,0.0,0.0,0.0,0.0,0.0,U,,AUS,male,2,0.0,,,0.0,
Don Fontana,0,1,0.0,1969,1969,1,0.0,0.0,0.0,0.0,0.0,0.0,0.0,0.0,0.0,U,,CAN,male,1,0.0,,,0.0,
Maxime Koffi,0,1,0.0,2001,2001,1,0.0,0.0,0.0,0.0,0.0,0.0,0.0,0.0,0.0,U,1985-11-08,CIV,male,1,0.0,,,0.0,
Zoltan Kuharszky,37,63,37.0,1980,1988,9,0.0,0.0,0.0,0.0,0.0,0.0,0.0,0.0,0.0,R,1959-07-08,HUN,male,100,0.0,,,0.0,
Alan Chandronnait,0,3,0.0,1977,1979,3,0.0,0.0,0.0,0.0,0.0,0.0,0.0,0.0,0.0,R,1957-07-31,USA,male,3,0.0,,,0.0,
Matthias Bachinger,31,55,36.047,2007,2021,15,243.0,592.0,7037.0,4171.0,2991.0,1346.0,1076.0,410.0,669.0,R,1987-04-02,GER,male,86,817.0,75.929,61.286,7.779,8.413
Ivan Nedelko,0,2,0.0,2011,2012,2,4.0,1.0,96.0,49.0,28.0,17.0,16.0,5.0,13.0,R,1986-05-12,RUS,male,2,8.0,50.0,38.462,6.5,1.042
Rene Nicklisch,0,1,0.0,1993,1993,1,3.0,0.0,51.0,33.0,16.0,6.0,7.0,2.0,7.0,R,1976-03-31,GER,male,1,2.0,28.571,28.571,7.0,0.0
Oleksandr Dolgopolov,1,1,50.0,1987,1987,1,0.0,0.0,0.0,0.0,0.0,0.0,0.0,0.0,0.0,R,1964-07-10,UKR,male,2,0.0,,,0.0,
Rasid Winklaar,2,5,28.571,2005,2007,3,0.0,0.0,0.0,0.0,0.0,0.0,0.0,0.0,0.0,L,1988-01-27,AHO,male,7,0.0,,,0.0,
Ruben Alvarenga,1,12,7.692,1989,1994,6,0.0,0.0,0.0,0.0,0.0,0.0,0.0,0.0,0.0,R,,PAR,male,13,0.0,,,0.0,
Taghi Akbari,4,8,33.333,1969,1977,9,0.0,0.0,0.0,0.0,0.0,0.0,0.0,0.0,0.0,R,,IRI,male,12,0.0,,,0.0,
Bruno Rodriguez,3,1,75.0,2008,2012,5,2.0,1.0,65.0,36.0,24.0,10.0,9.0,6.0,10.0,R,1986-10-28,MEX,male,4,5.0,55.556,60.0,2.5,1.538
Marcos Ondruska,114,134,45.968,1990,2001,12,777.0,609.0,18175.0,10638.0,7037.0,3482.0,2650.0,1133.0,1934.0,R,1972-12-18,RSA,male,248,1849.0,69.774,58.583,7.798,3.351
Alberto Tous,40,58,40.816,1982,1989,8,0.0,0.0,0.0,0.0,0.0,0.0,0.0,0.0,0.0,R,1962-08-03,ESP,male,98,0.0,,,0.0,
Jacob Adaktusson,0,1,0.0,2006,2006,1,3.0,5.0,112.0,60.0,39.0,22.0,15.0,7.0,12.0,R,1980-08-31,SWE,male,1,10.0,66.667,58.333,12.0,4.464
Hajime Nihonmatsu,1,1,50.0,1985,1985,1,0.0,0.0,0.0,0.0,0.0,0.0,0.0,0.0,0.0,R,,JPN,male,2,0.0,,,0.0,
Christian Camradt,2,0,100.0,1992,1992,1,0.0,0.0,0.0,0.0,0.0,0.0,0.0,0.0,0.0,L,1969-07-26,DEN,male,2,0.0,,,0.0,
Roman Hassanov,0,1,0.0,2018,2018,1,1.0,1.0,45.0,30.0,13.0,6.0,8.0,1.0,6.0,R,1996-09-07,KAZ,male,1,3.0,37.5,16.667,6.0,2.222
Juan Carlos Gonzalez,0,1,0.0,2001,2001,1,0.0,0.0,0.0,0.0,0.0,0.0,0.0,0.0,0.0,U,1982-05-29,CRC,male,1,0.0,,,0.0,
F De Kort,0,1,0.0,1969,1969,1,0.0,0.0,0.0,0.0,0.0,0.0,0.0,0.0,0.0,U,,NED,male,1,0.0,,,0.0,
John Picken,3,4,42.857,1977,1983,7,0.0,0.0,0.0,0.0,0.0,0.0,0.0,0.0,0.0,R,1957-08-09,CAN,male,7,0.0,,,0.0,
Wayne Hearn,1,1,50.0,1987,1987,1,0.0,0.0,0.0,0.0,0.0,0.0,0.0,0.0,0.0,R,1962-08-05,USA,male,2,0.0,,,0.0,
Jannie Louw,0,1,0.0,1970,1970,1,0.0,0.0,0.0,0.0,0.0,0.0,0.0,0.0,0.0,U,1949-11-14,RSA,male,1,0.0,,,0.0,
Roscoe Tanner,427,202,67.886,1969,1984,16,0.0,0.0,0.0,0.0,0.0,0.0,0.0,0.0,0.0,L,1951-10-15,USA,male,629,0.0,,,0.0,
Cassio Motta,107,164,39.483,1978,1993,16,44.0,59.0,1376.0,887.0,586.0,228.0,209.0,90.0,151.0,R,1960-02-22,BRA,male,271,148.0,70.813,59.603,0.557,4.288
Brian Flood,1,1,50.0,1969,1969,1,0.0,0.0,0.0,0.0,0.0,0.0,0.0,0.0,0.0,U,,CAN,male,2,0.0,,,0.0,
Zacharie Moungnol,2,2,50.0,1988,1989,2,0.0,0.0,0.0,0.0,0.0,0.0,0.0,0.0,0.0,U,,CMR,male,4,0.0,,,0.0,
Luis Adrian Morejon,26,39,40.0,1991,2002,12,43.0,61.0,2237.0,1397.0,871.0,428.0,333.0,130.0,232.0,R,1973-03-28,ECU,male,65,231.0,69.369,56.034,3.569,2.727
Ville Jansson,0,2,0.0,1983,1989,7,0.0,0.0,0.0,0.0,0.0,0.0,0.0,0.0,0.0,R,1965-04-10,SWE,male,2,0.0,,,0.0,
Seanon Williams,1,8,11.111,2012,2016,5,7.0,0.0,37.0,22.0,9.0,5.0,7.0,0.0,5.0,R,1991-02-10,BAR,male,9,2.0,28.571,0.0,0.556,0.0
Matt Anger,76,91,45.509,1981,1989,9,0.0,0.0,0.0,0.0,0.0,0.0,0.0,0.0,0.0,R,1963-06-20,USA,male,167,0.0,,,0.0,
Gary Drake,1,1,50.0,1988,1988,1,0.0,0.0,0.0,0.0,0.0,0.0,0.0,0.0,0.0,R,,GBR,male,2,0.0,,,0.0,
Robert Lamarche,0,1,0.0,1971,1971,1,0.0,0.0,0.0,0.0,0.0,0.0,0.0,0.0,0.0,R,,USA,male,1,0.0,,,0.0,
Malcolm Elley,0,1,0.0,1986,1986,1,0.0,0.0,0.0,0.0,0.0,0.0,0.0,0.0,0.0,R,,NZL,male,1,0.0,,,0.0,
Ron Dutton,0,1,0.0,1983,1983,1,0.0,0.0,0.0,0.0,0.0,0.0,0.0,0.0,0.0,R,,NZL,male,1,0.0,,,0.0,
Ramin Raziyani,9,12,42.857,1994,2001,8,0.0,0.0,0.0,0.0,0.0,0.0,0.0,0.0,0.0,U,1974-04-13,IRI,male,21,0.0,,,0.0,
Roberto Saya,1,2,33.333,1968,1968,1,0.0,0.0,0.0,0.0,0.0,0.0,0.0,0.0,0.0,U,,ITA,male,3,0.0,,,0.0,
Arthur Whitaker,0,1,0.0,1972,1972,1,0.0,0.0,0.0,0.0,0.0,0.0,0.0,0.0,0.0,U,,UNK,male,1,0.0,,,0.0,
Evert Schneider,0,1,0.0,1970,1970,1,0.0,0.0,0.0,0.0,0.0,0.0,0.0,0.0,0.0,U,,UNK,male,1,0.0,,,0.0,
J Lascelle,0,1,0.0,1970,1970,1,0.0,0.0,0.0,0.0,0.0,0.0,0.0,0.0,0.0,U,,GBR,male,1,0.0,,,0.0,
Rodrigo Banzer,0,1,0.0,2015,2015,1,0.0,0.0,0.0,0.0,0.0,0.0,0.0,0.0,0.0,R,1997-01-29,BOL,male,1,0.0,,,0.0,
Adam Peterson,0,1,0.0,1995,1995,1,0.0,0.0,40.0,28.0,12.0,7.0,7.0,1.0,5.0,R,1974-07-16,USA,male,1,3.0,42.857,20.0,5.0,0.0
KS Leung,0,1,0.0,1972,1972,1,0.0,0.0,0.0,0.0,0.0,0.0,0.0,0.0,0.0,U,,HKG,male,1,0.0,,,0.0,
Martin Damm,105,162,39.326,1989,2002,14,974.0,1901.0,21904.0,12224.0,9009.0,4669.0,3314.0,1078.0,1849.0,R,1972-08-01,CZE,male,267,2543.0,76.735,58.302,6.925,8.679
Hideki Kaneko,4,9,30.769,1993,1999,7,22.0,8.0,616.0,423.0,253.0,88.0,92.0,26.0,60.0,R,1974-03-06,JPN,male,13,58.0,63.043,43.333,4.615,1.299
Agustin Moreno,6,17,26.087,1987,1995,9,16.0,15.0,291.0,169.0,108.0,50.0,40.0,32.0,47.0,R,1967-03-31,MEX,male,23,25.0,62.5,68.085,2.043,5.155
Agustin Moreno,6,17,26.087,1987,1995,9,16.0,15.0,291.0,169.0,108.0,50.0,40.0,32.0,47.0,R,1999-10-09,MEX,male,23,25.0,62.5,68.085,2.043,5.155
Igor Kunitsyn,78,143,35.294,2002,2016,15,411.0,600.0,16514.0,9985.0,6454.0,3202.0,2505.0,979.0,1763.0,R,1981-09-30,RUS,male,221,1721.0,68.703,55.53,7.977,3.633
Mark Farrell,14,37,27.451,1970,1980,11,0.0,0.0,0.0,0.0,0.0,0.0,0.0,0.0,0.0,R,1953-05-06,GBR,male,51,0.0,,,0.0,
Ronald S Mckenzie,0,1,0.0,1971,1971,1,0.0,0.0,0.0,0.0,0.0,0.0,0.0,0.0,0.0,,1922-12-10,NZL,male,1,0.0,,,0.0,
Vasek Pospisil,122,153,44.364,2011,2021,11,931.0,2514.0,21685.0,12592.0,9572.0,4587.0,3398.0,985.0,1573.0,R,1990-06-23,CAN,male,275,2810.0,82.696,62.619,5.72,11.593
Roberto Meneschincheri,0,3,0.0,1979,1979,1,0.0,0.0,0.0,0.0,0.0,0.0,0.0,0.0,0.0,R,,ITA,male,3,0.0,,,0.0,
John Ward,1,2,33.333,1968,1969,2,0.0,0.0,0.0,0.0,0.0,0.0,0.0,0.0,0.0,U,1933-08-18,GBR,male,3,0.0,,,0.0,
Shane Barr,6,17,26.087,1985,1998,14,0.0,0.0,0.0,0.0,0.0,0.0,0.0,0.0,0.0,R,1969-10-21,AUS,male,23,0.0,,,0.0,
Butch Palmer,0,2,0.0,1968,1973,6,0.0,0.0,0.0,0.0,0.0,0.0,0.0,0.0,0.0,R,1950-09-04,USA,male,2,0.0,,,0.0,
Dan Goldie,102,97,51.256,1983,1991,9,157.0,65.0,1634.0,838.0,585.0,370.0,232.0,102.0,170.0,R,1963-10-03,USA,male,199,164.0,70.69,60.0,0.854,3.978
Eliot Teltscher,293,150,66.14,1977,1990,14,0.0,0.0,0.0,0.0,0.0,0.0,0.0,0.0,0.0,R,1959-03-15,USA,male,443,0.0,,,0.0,
F R Burns,0,1,0.0,1970,1970,1,0.0,0.0,0.0,0.0,0.0,0.0,0.0,0.0,0.0,U,,GBR,male,1,0.0,,,0.0,
Johan De Preter,0,2,0.0,1987,1987,1,0.0,0.0,0.0,0.0,0.0,0.0,0.0,0.0,0.0,R,,BEL,male,2,0.0,,,0.0,
Juan Carlos Rebaza Lozano,0,1,0.0,2004,2004,1,0.0,0.0,0.0,0.0,0.0,0.0,0.0,0.0,0.0,R,1986-01-06,PER,male,1,0.0,,,0.0,
Dave Siegler,15,25,37.5,1979,1983,5,0.0,0.0,0.0,0.0,0.0,0.0,0.0,0.0,0.0,R,1961-05-31,USA,male,40,0.0,,,0.0,
Antonio Veic,11,24,31.429,2008,2015,8,92.0,90.0,2401.0,1484.0,960.0,418.0,381.0,132.0,262.0,R,1988-02-18,CRO,male,35,251.0,65.879,50.382,7.486,3.748
Alex Bogdanovic,11,36,23.404,2002,2011,10,126.0,220.0,3287.0,2116.0,1481.0,564.0,505.0,201.0,321.0,L,1984-05-22,GBR,male,47,385.0,76.238,62.617,6.83,6.693
Clement Morel,1,1,50.0,2008,2009,2,0.0,0.0,0.0,0.0,0.0,0.0,0.0,0.0,0.0,R,1984-07-16,MON,male,2,0.0,,,0.0,
Stefan Hermann,1,1,50.0,1984,1984,1,0.0,0.0,0.0,0.0,0.0,0.0,0.0,0.0,0.0,R,1959-12-13,GER,male,2,0.0,,,0.0,
Adrian Mannarino,207,241,46.205,2008,2021,14,1164.0,2079.0,34877.0,21094.0,14617.0,6973.0,5422.0,1912.0,3223.0,L,1988-06-29,FRA,male,448,4111.0,75.821,59.324,7.194,5.961
Robin Ray,1,4,20.0,1971,1975,5,0.0,0.0,0.0,0.0,0.0,0.0,0.0,0.0,0.0,U,,USA,male,5,0.0,,,0.0,
Thomas Stalhandske,2,2,50.0,1983,1984,2,0.0,0.0,0.0,0.0,0.0,0.0,0.0,0.0,0.0,R,1961-10-02,ARG,male,4,0.0,,,0.0,
Akifumi Machidori,0,2,0.0,1978,1978,1,0.0,0.0,0.0,0.0,0.0,0.0,0.0,0.0,0.0,R,,JPN,male,2,0.0,,,0.0,
Zlatko Ivancic,0,9,0.0,1968,1980,13,0.0,0.0,0.0,0.0,0.0,0.0,0.0,0.0,0.0,R,,CRO,male,9,0.0,,,0.0,
Ville Liukko,9,13,40.909,1996,2000,5,41.0,36.0,864.0,438.0,279.0,227.0,137.0,42.0,84.0,R,1974-05-24,FIN,male,22,95.0,69.343,50.0,3.818,4.167
Marcello Lara,63,97,39.375,1968,1980,13,0.0,0.0,0.0,0.0,0.0,0.0,0.0,0.0,0.0,R,1947-10-05,MEX,male,160,0.0,,,0.0,
Thomas Buchmayer,7,10,41.176,1988,1995,8,37.0,33.0,660.0,376.0,266.0,147.0,102.0,39.0,61.0,L,1971-02-14,AUT,male,17,80.0,78.431,63.934,3.588,5.0
Paul Fitz Simmons,0,4,0.0,1969,1973,5,0.0,0.0,0.0,0.0,0.0,0.0,0.0,0.0,0.0,U,,IRL,male,4,0.0,,,0.0,
Jonathan Chu,3,1,75.0,2011,2012,2,0.0,0.0,0.0,0.0,0.0,0.0,0.0,0.0,0.0,R,1983-03-21,USA,male,4,0.0,,,0.0,
Marius Copil,62,87,41.611,2009,2019,11,410.0,1492.0,10824.0,6216.0,4695.0,2394.0,1721.0,509.0,816.0,R,1990-10-17,ROU,male,149,1414.0,82.162,62.377,5.477,13.784
Hyun Joon Kim,2,1,66.667,2010,2011,2,0.0,0.0,0.0,0.0,0.0,0.0,0.0,0.0,0.0,L,1987-10-27,KOR,male,3,0.0,,,0.0,
Carlos Costa,243,189,56.25,1988,1999,12,1016.0,1584.0,29721.0,16496.0,11439.0,6447.0,4505.0,1624.0,2852.0,R,1968-04-22,ESP,male,432,3277.0,72.741,56.942,6.602,5.33
Steve Guy,16,33,32.653,1980,1991,12,7.0,4.0,56.0,30.0,22.0,6.0,8.0,7.0,11.0,R,1959-03-15,NZL,male,49,4.0,50.0,63.636,0.224,7.143
Tomislav Peric,0,1,0.0,2006,2006,1,8.0,10.0,59.0,27.0,24.0,11.0,10.0,6.0,9.0,R,1983-04-10,CRO,male,1,7.0,70.0,66.667,9.0,16.949
Brian Bowman,1,1,50.0,1968,1968,1,0.0,0.0,0.0,0.0,0.0,0.0,0.0,0.0,0.0,R,,AUS,male,2,0.0,,,0.0,
Lars Koslowski,17,25,40.476,1989,1993,5,102.0,71.0,2883.0,1859.0,1127.0,474.0,420.0,178.0,330.0,R,1971-05-22,GER,male,42,268.0,63.81,53.939,7.857,2.463
Ismael Changawa Ruwa Mzai,0,1,0.0,2020,2020,1,0.0,0.0,0.0,0.0,0.0,0.0,0.0,0.0,0.0,L,1996-06-26,KEN,male,1,0.0,,,0.0,
Manuel Tejada,2,8,20.0,1991,2000,10,0.0,0.0,0.0,0.0,0.0,0.0,0.0,0.0,0.0,R,1970-11-26,ESA,male,10,0.0,,,0.0,
Frank Froehling,71,83,46.104,1970,1975,6,0.0,0.0,0.0,0.0,0.0,0.0,0.0,0.0,0.0,R,1942-05-19,USA,male,154,0.0,,,0.0,
Julian Reister,14,33,29.787,2007,2015,9,131.0,159.0,4050.0,2832.0,1859.0,580.0,605.0,264.0,430.0,R,1986-04-02,GER,male,47,439.0,72.562,61.395,9.149,3.926
Andrew Pattison,211,180,53.964,1969,1982,14,0.0,0.0,0.0,0.0,0.0,0.0,0.0,0.0,0.0,R,1949-01-30,USA,male,391,0.0,,,0.0,
Sven Ginman,0,1,0.0,1970,1970,1,0.0,0.0,0.0,0.0,0.0,0.0,0.0,0.0,0.0,,,SWE,male,1,0.0,,,0.0,
Sven Ginman,0,1,0.0,1970,1970,1,0.0,0.0,0.0,0.0,0.0,0.0,0.0,0.0,0.0,U,,SWE,male,1,0.0,,,0.0,
Andre Gaspar Murta,1,0,100.0,2013,2013,1,0.0,0.0,0.0,0.0,0.0,0.0,0.0,0.0,0.0,U,1994-08-08,POR,male,1,0.0,,,0.0,
Jean Andersen,0,2,0.0,2013,2014,2,0.0,0.0,0.0,0.0,0.0,0.0,0.0,0.0,0.0,R,1988-06-17,RSA,male,2,0.0,,,0.0,
Unknown Fitzsimmons,0,1,0.0,1968,1968,1,0.0,0.0,0.0,0.0,0.0,0.0,0.0,0.0,0.0,U,,,male,1,0.0,,,0.0,
Robert Lidgey,0,1,0.0,1973,1973,1,0.0,0.0,0.0,0.0,0.0,0.0,0.0,0.0,0.0,U,,UNK,male,1,0.0,,,0.0,
Rolf Thung,17,57,22.973,1970,1980,11,0.0,0.0,0.0,0.0,0.0,0.0,0.0,0.0,0.0,L,1951-07-27,NED,male,74,0.0,,,0.0,
Markus Naewie,19,32,37.255,1991,1994,4,76.0,84.0,3924.0,2469.0,1568.0,734.0,593.0,237.0,419.0,R,1970-01-07,GER,male,51,411.0,69.309,56.563,8.216,2.141
Jan Van Langendonck,9,10,47.368,1981,1986,6,0.0,0.0,0.0,0.0,0.0,0.0,0.0,0.0,0.0,R,1960-01-10,BEL,male,19,0.0,,,0.0,
Constantinos Efremoglou,0,1,0.0,1993,1993,1,0.0,2.0,37.0,23.0,9.0,3.0,7.0,4.0,10.0,R,1962-06-06,GRE,male,1,1.0,14.286,40.0,10.0,5.405
Nicholas Sayer,2,2,50.0,2011,2012,2,0.0,0.0,0.0,0.0,0.0,0.0,0.0,0.0,0.0,U,1992-04-22,HKG,male,4,0.0,,,0.0,
Lou Monte,0,1,0.0,1971,1971,1,0.0,0.0,0.0,0.0,0.0,0.0,0.0,0.0,0.0,U,,USA,male,1,0.0,,,0.0,
Ross Case,221,210,51.276,1968,1983,16,0.0,0.0,0.0,0.0,0.0,0.0,0.0,0.0,0.0,R,1951-11-01,AUS,male,431,0.0,,,0.0,
Senaka Kumara,2,4,33.333,1968,1973,6,0.0,0.0,0.0,0.0,0.0,0.0,0.0,0.0,0.0,U,,SRI,male,6,0.0,,,0.0,
Elia Grossi,0,1,0.0,1997,1997,1,4.0,3.0,64.0,27.0,14.0,18.0,10.0,10.0,15.0,R,1974-06-03,ITA,male,1,5.0,50.0,66.667,15.0,4.688
Federico Luzzi,17,29,36.957,1998,2007,10,161.0,145.0,3324.0,1871.0,1252.0,627.0,488.0,218.0,385.0,R,1980-01-03,ITA,male,46,321.0,65.779,56.623,8.37,4.362
Franco Davin,154,154,50.0,1985,1996,12,270.0,180.0,10725.0,7497.0,4568.0,1490.0,1618.0,663.0,1229.0,L,1970-01-11,ARG,male,308,1052.0,65.019,53.946,3.99,1.678
Marcin Matkowski,3,4,42.857,2000,2012,13,14.0,5.0,128.0,49.0,26.0,25.0,19.0,8.0,23.0,R,1981-01-15,POL,male,7,4.0,21.053,34.783,3.286,3.906
Candy Idoko,0,1,0.0,2007,2007,1,0.0,0.0,0.0,0.0,0.0,0.0,0.0,0.0,0.0,R,1985-09-27,NGR,male,1,0.0,,,0.0,
Ricky Brown,4,15,21.053,1983,1986,4,0.0,0.0,0.0,0.0,0.0,0.0,0.0,0.0,0.0,R,1967-04-01,USA,male,19,0.0,,,0.0,
Tomislav Prpic,0,1,0.0,1995,1995,1,3.0,6.0,102.0,54.0,36.0,19.0,14.0,7.0,12.0,R,1972-02-10,CRO,male,1,9.0,64.286,58.333,12.0,5.882
Rayane Roumane,0,1,0.0,2019,2019,1,3.0,11.0,55.0,34.0,30.0,9.0,10.0,1.0,3.0,U,2000-09-11,FRA,male,1,8.0,80.0,33.333,3.0,20.0
Tomasz Lichon,2,2,50.0,1995,1995,1,0.0,0.0,0.0,0.0,0.0,0.0,0.0,0.0,0.0,R,,POL,male,4,0.0,,,0.0,
Richard Levine,0,1,0.0,1972,1972,1,0.0,0.0,0.0,0.0,0.0,0.0,0.0,0.0,0.0,U,,GBR,male,1,0.0,,,0.0,
Younes Rachidi,1,2,33.333,2012,2013,2,6.0,1.0,99.0,59.0,38.0,18.0,13.0,9.0,15.0,R,1986-09-13,MAR,male,3,7.0,53.846,60.0,5.0,1.01
Bill Barber,1,1,50.0,1994,1994,1,10.0,13.0,144.0,84.0,61.0,31.0,23.0,10.0,15.0,R,1970-10-02,USA,male,2,18.0,78.261,66.667,7.5,9.028
Finn Tearney,1,2,33.333,2016,2020,5,13.0,7.0,179.0,111.0,66.0,33.0,29.0,11.0,22.0,R,1990-09-27,NZL,male,3,18.0,62.069,50.0,7.333,3.911
David Luque Velasco,0,1,0.0,2006,2006,1,8.0,0.0,110.0,71.0,45.0,23.0,15.0,7.0,9.0,U,1984-03-02,ESP,male,1,13.0,86.667,77.778,9.0,0.0
Marco Bellini,0,2,0.0,1981,1982,2,0.0,0.0,0.0,0.0,0.0,0.0,0.0,0.0,0.0,R,,ITA,male,2,0.0,,,0.0,
Don Turner,0,2,0.0,1971,1973,3,0.0,0.0,0.0,0.0,0.0,0.0,0.0,0.0,0.0,U,,NZL,male,2,0.0,,,0.0,
Dacio Campos,4,12,25.0,1985,1989,5,0.0,0.0,0.0,0.0,0.0,0.0,0.0,0.0,0.0,R,1963-12-18,BRA,male,16,0.0,,,0.0,
M Laimina,1,1,50.0,1977,1977,1,0.0,0.0,0.0,0.0,0.0,0.0,0.0,0.0,0.0,U,,ESP,male,2,0.0,,,0.0,
John Mills,1,5,16.667,1971,1977,7,0.0,0.0,0.0,0.0,0.0,0.0,0.0,0.0,0.0,U,,NZL,male,6,0.0,,,0.0,
Greg Amaya,1,2,33.333,1979,1979,1,0.0,0.0,0.0,0.0,0.0,0.0,0.0,0.0,0.0,R,1960-08-23,USA,male,3,0.0,,,0.0,
Roland So,4,6,40.0,1986,1993,8,0.0,0.0,0.0,0.0,0.0,0.0,0.0,0.0,0.0,R,,PHI,male,10,0.0,,,0.0,
Roland So,4,6,40.0,1986,1993,8,0.0,0.0,0.0,0.0,0.0,0.0,0.0,0.0,0.0,U,1966-06-22,PHI,male,10,0.0,,,0.0,
Stefan Eriksson,18,31,36.735,1985,1993,9,3.0,1.0,58.0,28.0,16.0,15.0,9.0,2.0,6.0,R,1963-10-17,SWE,male,49,5.0,55.556,33.333,0.122,1.724
Dave Phillips,1,3,25.0,1969,1971,3,0.0,0.0,0.0,0.0,0.0,0.0,0.0,0.0,0.0,U,,RSA,male,4,0.0,,,0.0,
Daniel Marco,1,1,50.0,1992,1992,1,28.0,8.0,209.0,105.0,75.0,45.0,28.0,23.0,29.0,R,1966-01-31,ESP,male,2,22.0,78.571,79.31,14.5,3.828
Seyed Akbar Taheri Rahaghi,1,6,14.286,1998,2003,6,0.0,0.0,0.0,0.0,0.0,0.0,0.0,0.0,0.0,U,1973-11-04,IRI,male,7,0.0,,,0.0,
Haruo Nakano,0,4,0.0,1985,1989,5,0.0,0.0,0.0,0.0,0.0,0.0,0.0,0.0,0.0,R,,JPN,male,4,0.0,,,0.0,
Roman Vogeli,0,1,0.0,2006,2006,1,5.0,4.0,55.0,27.0,15.0,10.0,8.0,4.0,9.0,R,1985-03-13,CZE,male,1,3.0,37.5,44.444,9.0,7.273
Simen Sunde Bratholm,0,2,0.0,2017,2018,2,5.0,7.0,148.0,83.0,53.0,36.0,20.0,8.0,14.0,R,1999-03-04,NOR,male,2,14.0,70.0,57.143,7.0,4.73
Desmond Early,2,4,33.333,1969,1973,5,0.0,0.0,0.0,0.0,0.0,0.0,0.0,0.0,0.0,,,IRL,male,6,0.0,,,0.0,
Mario Calautti,0,1,0.0,1981,1981,1,0.0,0.0,0.0,0.0,0.0,0.0,0.0,0.0,0.0,R,,ITA,male,1,0.0,,,0.0,
Octavio Martinez,0,5,0.0,1972,1978,7,0.0,0.0,0.0,0.0,0.0,0.0,0.0,0.0,0.0,R,,MEX,male,5,0.0,,,0.0,
Igor Kornienko,0,2,0.0,1999,2000,2,5.0,11.0,112.0,60.0,37.0,24.0,17.0,4.0,11.0,R,1972-07-16,RUS,male,2,10.0,58.824,36.364,5.5,9.821
Jacobo Diaz,28,61,31.461,1994,2003,10,268.0,202.0,6785.0,4485.0,2799.0,1135.0,1033.0,430.0,763.0,R,1976-07-11,ESP,male,89,700.0,67.764,56.356,8.573,2.977
Dick Klitch,0,1,0.0,1969,1969,1,0.0,0.0,0.0,0.0,0.0,0.0,0.0,0.0,0.0,R,,USA,male,1,0.0,,,0.0,
Cristiano Caratti,58,96,37.662,1989,2003,15,492.0,289.0,11801.0,7554.0,4819.0,1999.0,1761.0,714.0,1269.0,R,1970-05-24,ITA,male,154,1206.0,68.484,56.265,8.24,2.449
Stephane Matheu,0,1,0.0,1994,1994,1,6.0,7.0,68.0,33.0,24.0,11.0,9.0,9.0,13.0,R,1973-04-27,FRA,male,1,5.0,55.556,69.231,13.0,10.294
Massimo Cierro,18,46,28.125,1973,1993,21,37.0,26.0,1311.0,670.0,419.0,294.0,195.0,86.0,163.0,R,1964-05-07,ITA,male,64,118.0,60.513,52.761,2.547,1.983
Johan Nikles,0,1,0.0,2016,2016,1,5.0,1.0,65.0,36.0,22.0,12.0,9.0,7.0,11.0,R,1997-03-23,SUI,male,1,5.0,55.556,63.636,11.0,1.538
Haithem Abid,1,9,10.0,2003,2013,11,0.0,0.0,0.0,0.0,0.0,0.0,0.0,0.0,0.0,L,1985-07-17,TUN,male,10,0.0,,,0.0,
Tim Clayton,1,1,50.0,1968,1968,1,0.0,0.0,0.0,0.0,0.0,0.0,0.0,0.0,0.0,U,,AUS,male,2,0.0,,,0.0,
Enzo Vattuone,0,2,0.0,1975,1975,1,0.0,0.0,0.0,0.0,0.0,0.0,0.0,0.0,0.0,R,,ITA,male,2,0.0,,,0.0,
Jonas Bjorkman,359,317,53.107,1991,2008,18,2229.0,2729.0,52288.0,30091.0,21126.0,10909.0,7967.0,2912.0,4888.0,R,1972-03-23,SWE,male,676,5991.0,75.198,59.574,7.231,5.219
Thomas Schoorel,3,6,33.333,2010,2012,3,12.0,27.0,416.0,268.0,181.0,69.0,63.0,25.0,42.0,L,1989-04-08,NED,male,9,46.0,73.016,59.524,4.667,6.49
Hugo Roverano,5,4,55.556,1976,1984,9,0.0,0.0,0.0,0.0,0.0,0.0,0.0,0.0,0.0,R,1958-01-03,URU,male,9,0.0,,,0.0,
Johan De Beer,0,1,0.0,1993,1993,1,9.0,1.0,110.0,74.0,45.0,13.0,14.0,8.0,14.0,R,1972-01-06,RSA,male,1,8.0,57.143,57.143,14.0,0.909
Johan De Beer,0,1,0.0,1993,1993,1,9.0,1.0,110.0,74.0,45.0,13.0,14.0,8.0,14.0,U,1972-06-01,RSA,male,1,8.0,57.143,57.143,14.0,0.909
Filip Aniola,2,0,100.0,1997,1997,1,0.0,0.0,0.0,0.0,0.0,0.0,0.0,0.0,0.0,R,1980-02-25,POL,male,2,0.0,,,0.0,
Paul Spengler,0,1,0.0,1970,1970,1,0.0,0.0,0.0,0.0,0.0,0.0,0.0,0.0,0.0,U,,RSA,male,1,0.0,,,0.0,
Win Irwin,0,1,0.0,1971,1971,1,0.0,0.0,0.0,0.0,0.0,0.0,0.0,0.0,0.0,U,,USA,male,1,0.0,,,0.0,
Jorge Andrew,26,101,20.472,1968,1983,16,0.0,0.0,0.0,0.0,0.0,0.0,0.0,0.0,0.0,R,1951-11-02,VEN,male,127,0.0,,,0.0,
C J Bendall,1,1,50.0,1970,1970,1,0.0,0.0,0.0,0.0,0.0,0.0,0.0,0.0,0.0,U,,GBR,male,2,0.0,,,0.0,
Mohammed Rajan Sundera Karuppiah,0,3,0.0,2001,2001,1,0.0,0.0,0.0,0.0,0.0,0.0,0.0,0.0,0.0,U,1980-07-15,MAS,male,3,0.0,,,0.0,
S Hegna,3,1,75.0,1976,1976,1,0.0,0.0,0.0,0.0,0.0,0.0,0.0,0.0,0.0,R,,SWE,male,4,0.0,,,0.0,
James Shortall,1,3,25.0,2000,2003,4,0.0,0.0,0.0,0.0,0.0,0.0,0.0,0.0,0.0,R,1979-12-25,NZL,male,4,0.0,,,0.0,
William Alvarez,3,11,21.429,1968,1971,4,0.0,0.0,0.0,0.0,0.0,0.0,0.0,0.0,0.0,R,1934-12-15,COL,male,14,0.0,,,0.0,
William Alvarez,3,11,21.429,1968,1971,4,0.0,0.0,0.0,0.0,0.0,0.0,0.0,0.0,0.0,,1936-12-15,COL,male,14,0.0,,,0.0,
Jan Hajer,0,4,0.0,1968,1971,4,0.0,0.0,0.0,0.0,0.0,0.0,0.0,0.0,0.0,U,,UNK,male,4,0.0,,,0.0,
Keith Gilbert,0,1,0.0,1980,1980,1,0.0,0.0,0.0,0.0,0.0,0.0,0.0,0.0,0.0,R,,GBR,male,1,0.0,,,0.0,
Rabi Bouhassoun,1,2,33.333,2001,2001,1,0.0,0.0,0.0,0.0,0.0,0.0,0.0,0.0,0.0,R,1978-09-06,SYR,male,3,0.0,,,0.0,
Piet Veentjer,0,1,0.0,1970,1970,1,0.0,0.0,0.0,0.0,0.0,0.0,0.0,0.0,0.0,U,,UNK,male,1,0.0,,,0.0,
Darek Nowicki,0,2,0.0,1993,1993,1,0.0,0.0,0.0,0.0,0.0,0.0,0.0,0.0,0.0,R,1970-08-20,POL,male,2,0.0,,,0.0,
Thierry Champion,92,139,39.827,1984,1997,14,163.0,216.0,10768.0,7803.0,4745.0,1471.0,1666.0,605.0,1150.0,R,1966-08-31,FRA,male,231,1121.0,67.287,52.609,4.978,2.006
Sebastian Prieto,4,11,26.667,1996,2003,8,44.0,48.0,1136.0,694.0,454.0,206.0,172.0,71.0,125.0,R,1975-05-19,ARG,male,15,118.0,68.605,56.8,8.333,4.225
Mihai Vanta,1,1,50.0,1987,1988,2,0.0,0.0,0.0,0.0,0.0,0.0,0.0,0.0,0.0,R,1966-01-25,ROU,male,2,0.0,,,0.0,
Jan Eric Palm,0,2,0.0,1976,1977,2,0.0,0.0,0.0,0.0,0.0,0.0,0.0,0.0,0.0,R,,SWE,male,2,0.0,,,0.0,
Tadeu Luiz,0,1,0.0,1983,1983,1,0.0,0.0,0.0,0.0,0.0,0.0,0.0,0.0,0.0,R,,BRA,male,1,0.0,,,0.0,
Tamer El Sawy,19,22,46.341,1988,1998,11,20.0,37.0,970.0,569.0,390.0,188.0,143.0,51.0,91.0,R,1972-02-11,EGY,male,41,103.0,72.028,56.044,2.22,3.814
R Sellick,0,1,0.0,1968,1968,1,0.0,0.0,0.0,0.0,0.0,0.0,0.0,0.0,0.0,R,,AUS,male,1,0.0,,,0.0,
Brian Dabul,15,27,35.714,2008,2011,4,71.0,96.0,3003.0,2043.0,1386.0,483.0,474.0,169.0,280.0,L,1984-02-24,ARG,male,42,363.0,76.582,60.357,6.667,3.197
Rauno Suominen,0,2,0.0,1968,1972,5,0.0,0.0,0.0,0.0,0.0,0.0,0.0,0.0,0.0,U,,FIN,male,2,0.0,,,0.0,
Ante Pavic,3,11,21.429,2013,2017,5,78.0,150.0,1181.0,688.0,523.0,218.0,183.0,68.0,111.0,R,1989-03-07,CRO,male,14,140.0,76.503,61.261,7.929,12.701
James Mcardle,0,7,0.0,1969,1977,9,0.0,0.0,0.0,0.0,0.0,0.0,0.0,0.0,0.0,U,1920-05-01,IRL,male,7,0.0,,,0.0,
Oliver Marach,19,31,38.0,1999,2015,17,127.0,204.0,3502.0,1933.0,1317.0,747.0,524.0,227.0,381.0,R,1980-07-16,AUT,male,50,370.0,70.611,59.58,7.62,5.825
Fernando Gentil,2,6,25.0,1968,1975,8,0.0,0.0,0.0,0.0,0.0,0.0,0.0,0.0,0.0,R,,BRA,male,8,0.0,,,0.0,
Gabriel Trifu,4,11,26.667,1996,2002,7,65.0,72.0,1022.0,581.0,393.0,206.0,147.0,69.0,113.0,R,1975-04-14,ROU,male,15,103.0,70.068,61.062,7.533,7.045
Christian Weis,0,1,0.0,1987,1987,1,0.0,0.0,0.0,0.0,0.0,0.0,0.0,0.0,0.0,R,1968-06-20,GER,male,1,0.0,,,0.0,
Albert Teo,0,4,0.0,1984,1985,2,0.0,0.0,0.0,0.0,0.0,0.0,0.0,0.0,0.0,U,1962-07-14,SIN,male,4,0.0,,,0.0,
Detler Herdy,3,5,37.5,1968,1969,2,0.0,0.0,0.0,0.0,0.0,0.0,0.0,0.0,0.0,R,1941-10-13,AUT,male,8,0.0,,,0.0,
Bronislaw Lewandowski,0,2,0.0,1968,1968,1,0.0,0.0,0.0,0.0,0.0,0.0,0.0,0.0,0.0,R,,POL,male,2,0.0,,,0.0,
Bronislaw Lewandowski,0,2,0.0,1968,1968,1,0.0,0.0,0.0,0.0,0.0,0.0,0.0,0.0,0.0,,1947-08-31,POL,male,2,0.0,,,0.0,
Sebastian Ofner,8,9,47.059,2017,2020,4,59.0,97.0,1256.0,709.0,500.0,271.0,193.0,75.0,120.0,R,1996-05-12,AUT,male,17,148.0,76.684,62.5,7.059,7.723
Luis Felipe Silva,0,1,0.0,1978,1978,1,0.0,0.0,0.0,0.0,0.0,0.0,0.0,0.0,0.0,U,1954-06-06,POR,male,1,0.0,,,0.0,
Philippos Tsangaridis,0,4,0.0,2009,2011,3,0.0,0.0,0.0,0.0,0.0,0.0,0.0,0.0,0.0,U,1992-07-02,CYP,male,4,0.0,,,0.0,
U Akhtar,0,1,0.0,1974,1974,1,0.0,0.0,0.0,0.0,0.0,0.0,0.0,0.0,0.0,U,,UNK,male,1,0.0,,,0.0,
Alex Kuznetsov,9,30,23.077,2004,2016,13,105.0,286.0,2934.0,1742.0,1240.0,560.0,470.0,148.0,277.0,R,1987-02-05,USA,male,39,341.0,72.553,53.43,7.103,9.748
Jordi Mas,1,3,25.0,1992,1998,7,15.0,24.0,357.0,205.0,135.0,64.0,53.0,14.0,37.0,R,1971-10-31,ESP,male,4,30.0,56.604,37.838,9.25,6.723
Adrian Bohane,0,1,0.0,2004,2004,1,3.0,1.0,71.0,38.0,28.0,15.0,13.0,4.0,7.0,L,1981-09-15,USA,male,1,10.0,76.923,57.143,7.0,1.408
Kyu Tae Im,5,8,38.462,2003,2011,9,2.0,2.0,73.0,41.0,26.0,15.0,10.0,2.0,6.0,R,1981-01-06,KOR,male,13,6.0,60.0,33.333,0.462,2.74
Carlos Moya,564,302,65.127,1995,2010,16,2115.0,4249.0,66696.0,39165.0,28117.0,14193.0,10268.0,3531.0,5608.0,R,1976-08-27,ESP,male,866,8191.0,79.772,62.964,6.476,6.371
David Franco,0,1,0.0,1988,1988,1,0.0,0.0,0.0,0.0,0.0,0.0,0.0,0.0,0.0,R,1970-01-30,ESP,male,1,0.0,,,0.0,
Ilya Ivashka,26,33,44.068,2016,2021,6,224.0,363.0,4806.0,2920.0,2092.0,880.0,738.0,257.0,441.0,R,1994-02-24,BLR,male,59,554.0,75.068,58.277,7.475,7.553
Frank Puncec,0,9,0.0,1980,1983,4,0.0,0.0,0.0,0.0,0.0,0.0,0.0,0.0,0.0,R,1951-07-09,RSA,male,9,0.0,,,0.0,
Yuji Tezuka,2,3,40.0,1974,1976,3,0.0,0.0,0.0,0.0,0.0,0.0,0.0,0.0,0.0,R,,JPN,male,5,0.0,,,0.0,
Donald Dell,2,16,11.111,1968,1978,11,0.0,0.0,0.0,0.0,0.0,0.0,0.0,0.0,0.0,R,1938-06-17,USA,male,18,0.0,,,0.0,
Dominik Meffert,5,8,38.462,2006,2011,6,57.0,89.0,1023.0,638.0,461.0,191.0,158.0,56.0,89.0,R,1981-04-09,GER,male,13,125.0,79.114,62.921,6.846,8.7
Martin Sinner,29,55,34.524,1989,1998,10,379.0,281.0,5760.0,3206.0,2222.0,1177.0,867.0,281.0,535.0,R,1968-02-07,GER,male,84,613.0,70.704,52.523,6.369,4.878
Steve Meister,29,53,35.366,1981,1985,5,0.0,0.0,0.0,0.0,0.0,0.0,0.0,0.0,0.0,R,1958-04-21,USA,male,82,0.0,,,0.0,
Michael Phillips,4,6,40.0,1971,1973,3,0.0,0.0,0.0,0.0,0.0,0.0,0.0,0.0,0.0,R,,AUS,male,10,0.0,,,0.0,
Samudra Sangitan,0,1,0.0,1974,1974,1,0.0,0.0,0.0,0.0,0.0,0.0,0.0,0.0,0.0,U,,UNK,male,1,0.0,,,0.0,
Mikhail Youzhny,463,400,53.65,2000,2018,19,2220.0,3290.0,66526.0,40414.0,27983.0,13365.0,10254.0,3569.0,5914.0,R,1982-06-25,RUS,male,863,7909.0,77.131,60.348,6.853,4.945
Carlos Berlocq,135,193,41.159,2005,2019,15,778.0,995.0,23707.0,15245.0,10042.0,4082.0,3650.0,1396.0,2470.0,R,1983-02-03,ARG,male,328,2576.0,70.575,56.518,7.53,4.197
N Vijay Sundar Prashanth,0,1,0.0,2015,2015,1,0.0,0.0,55.0,28.0,12.0,14.0,8.0,5.0,10.0,R,1986-10-27,IND,male,1,3.0,37.5,50.0,10.0,0.0
Norbert Gombos,15,38,28.302,2014,2021,8,178.0,232.0,3488.0,2150.0,1513.0,617.0,537.0,208.0,345.0,R,1990-08-13,SVK,male,53,400.0,74.488,60.29,6.509,6.651
Daniele Musa,3,9,25.0,1994,1997,4,29.0,40.0,1064.0,562.0,385.0,246.0,155.0,72.0,115.0,R,1972-09-10,ITA,male,12,112.0,72.258,62.609,9.583,3.759
Reinhart Probst,8,7,53.333,1977,1980,4,0.0,0.0,0.0,0.0,0.0,0.0,0.0,0.0,0.0,R,1957-04-17,GER,male,15,0.0,,,0.0,
Susheel Narla,0,1,0.0,1997,1997,1,5.0,1.0,73.0,40.0,21.0,11.0,8.0,6.0,12.0,R,1976-12-07,IND,male,1,2.0,25.0,50.0,12.0,1.37
Felipe Parada,0,2,0.0,2005,2006,2,4.0,5.0,160.0,97.0,61.0,29.0,22.0,16.0,24.0,R,1981-05-16,CHI,male,2,14.0,63.636,66.667,12.0,3.125
Giuseppe Merlo,4,10,28.571,1968,1973,6,0.0,0.0,0.0,0.0,0.0,0.0,0.0,0.0,0.0,R,1927-10-11,ITA,male,14,0.0,,,0.0,
Kevin Kung,1,0,100.0,2012,2012,1,0.0,0.0,0.0,0.0,0.0,0.0,0.0,0.0,0.0,L,1989-09-30,HKG,male,1,0.0,,,0.0,
Somdev Devvarman,62,81,43.357,2006,2016,11,207.0,449.0,9111.0,5496.0,3672.0,1790.0,1377.0,534.0,911.0,R,1985-02-13,IND,male,143,1000.0,72.622,58.617,6.371,4.928
K Javan,1,2,33.333,1975,1976,2,0.0,0.0,0.0,0.0,0.0,0.0,0.0,0.0,0.0,U,,IRI,male,3,0.0,,,0.0,
Harri Heliovaara,7,14,33.333,2008,2020,13,23.0,52.0,559.0,358.0,248.0,90.0,89.0,37.0,61.0,R,1989-06-04,FIN,male,21,65.0,73.034,60.656,2.905,9.302
Nikolay Davydenko,450,320,58.442,2000,2014,15,1946.0,2357.0,55437.0,37162.0,25261.0,9359.0,8704.0,3008.0,4997.0,R,1981-06-02,RUS,male,770,6715.0,77.148,60.196,6.49,4.252
Jesse Smatt,0,2,0.0,1998,1998,1,0.0,0.0,0.0,0.0,0.0,0.0,0.0,0.0,0.0,U,1979-11-28,JAM,male,2,0.0,,,0.0,
Rhyne Williams,7,18,28.0,2012,2015,4,77.0,217.0,2006.0,1196.0,860.0,391.0,320.0,99.0,178.0,R,1991-03-22,USA,male,25,241.0,75.312,55.618,7.12,10.818
Julio Van Kerckhoven,1,2,33.333,1968,1971,4,0.0,0.0,0.0,0.0,0.0,0.0,0.0,0.0,0.0,U,,ARG,male,3,0.0,,,0.0,
Filippo Volandri,176,214,45.128,2001,2016,16,873.0,269.0,26652.0,18336.0,11361.0,4026.0,4034.0,1654.0,2961.0,R,1981-09-05,ITA,male,390,2727.0,67.6,55.86,7.592,1.009
Danilo Pila,0,2,0.0,1990,1990,1,0.0,0.0,0.0,0.0,0.0,0.0,0.0,0.0,0.0,R,,PHI,male,2,0.0,,,0.0,
Frederik Fetterlein,27,45,37.5,1989,2000,12,308.0,210.0,4475.0,2675.0,1803.0,752.0,654.0,237.0,458.0,R,1970-07-11,DEN,male,72,433.0,66.208,51.747,6.361,4.693
Sung Bae Kim,0,1,0.0,1971,1971,1,0.0,0.0,0.0,0.0,0.0,0.0,0.0,0.0,0.0,U,1948-10-10,KOR,male,1,0.0,,,0.0,
Carlos Schettwein,0,1,0.0,1969,1969,1,0.0,0.0,0.0,0.0,0.0,0.0,0.0,0.0,0.0,U,,UNK,male,1,0.0,,,0.0,
Rajeev Ram,57,94,37.748,2002,2017,16,436.0,1137.0,11930.0,7225.0,5270.0,2286.0,1854.0,580.0,977.0,R,1984-03-18,USA,male,151,1457.0,78.587,59.365,6.47,9.531
Shahab Hassani Nafez,6,3,66.667,1998,2007,10,0.0,0.0,0.0,0.0,0.0,0.0,0.0,0.0,0.0,R,1977-09-16,IRI,male,9,0.0,,,0.0,
Shendrit Deari,0,1,0.0,2009,2009,1,0.0,0.0,0.0,0.0,0.0,0.0,0.0,0.0,0.0,R,1989-02-11,MKD,male,1,0.0,,,0.0,
Francisco Maciel,50,55,47.619,1982,1992,11,0.0,0.0,0.0,0.0,0.0,0.0,0.0,0.0,0.0,R,1964-07-01,MEX,male,105,0.0,,,0.0,
Kamil Capkovic,0,1,0.0,2005,2005,1,0.0,0.0,0.0,0.0,0.0,0.0,0.0,0.0,0.0,R,1986-06-02,SVK,male,1,0.0,,,0.0,
Martin Rodriguez,16,40,28.571,1994,2001,8,259.0,372.0,4539.0,2268.0,1630.0,1093.0,678.0,265.0,447.0,R,1969-12-18,ARG,male,56,496.0,73.156,59.284,7.982,8.196
Joern Renzenbrink,29,45,39.189,1993,1996,4,422.0,536.0,5922.0,3497.0,2578.0,1066.0,866.0,298.0,503.0,R,1972-07-17,GER,male,74,661.0,76.328,59.245,6.797,9.051
L Cousins,0,1,0.0,1972,1972,1,0.0,0.0,0.0,0.0,0.0,0.0,0.0,0.0,0.0,U,,,male,1,0.0,,,0.0,
Arnaud Di Pasquale,66,92,41.772,1998,2004,7,591.0,364.0,12241.0,7791.0,5052.0,2144.0,1859.0,668.0,1231.0,R,1979-02-11,FRA,male,158,1296.0,69.715,54.265,7.791,2.974
Curt Stalder,0,1,0.0,1981,1981,1,0.0,0.0,0.0,0.0,0.0,0.0,0.0,0.0,0.0,R,1957-11-20,USA,male,1,0.0,,,0.0,
Jorgen Windahl,11,27,28.947,1981,1990,10,0.0,0.0,0.0,0.0,0.0,0.0,0.0,0.0,0.0,R,1963-03-12,SWE,male,38,0.0,,,0.0,
R Lovell,0,1,0.0,1970,1970,1,0.0,0.0,0.0,0.0,0.0,0.0,0.0,0.0,0.0,U,,GBR,male,1,0.0,,,0.0,
Eduardo Zuleta,4,20,16.667,1968,1973,6,0.0,0.0,0.0,0.0,0.0,0.0,0.0,0.0,0.0,R,,ECU,male,24,0.0,,,0.0,
Eduardo Zuleta,4,20,16.667,1968,1973,6,0.0,0.0,0.0,0.0,0.0,0.0,0.0,0.0,0.0,,1935-11-19,ECU,male,24,0.0,,,0.0,
Wieslaw Gasiorek,20,17,54.054,1968,1972,5,0.0,0.0,0.0,0.0,0.0,0.0,0.0,0.0,0.0,R,1936-01-13,POL,male,37,0.0,,,0.0,
Ian Fletcher,62,70,46.97,1968,1981,14,0.0,0.0,0.0,0.0,0.0,0.0,0.0,0.0,0.0,R,1948-12-01,AUS,male,132,0.0,,,0.0,
Ron Bohrnstedt,1,3,25.0,1968,1972,5,0.0,0.0,0.0,0.0,0.0,0.0,0.0,0.0,0.0,U,1947-08-13,USA,male,4,0.0,,,0.0,
Henrik Holm,78,85,47.853,1989,1997,9,1051.0,1237.0,13258.0,6841.0,5302.0,2873.0,1957.0,693.0,1148.0,R,1968-08-22,SWE,male,163,1502.0,76.75,60.366,7.043,9.33
Daniel Nestor,75,107,41.209,1989,2006,18,924.0,1304.0,13310.0,7879.0,5918.0,2555.0,1995.0,637.0,1034.0,L,1972-09-04,CAN,male,182,1598.0,80.1,61.605,5.681,9.797
Jay Harvey,0,2,0.0,1975,1980,6,0.0,0.0,0.0,0.0,0.0,0.0,0.0,0.0,0.0,R,,AUS,male,2,0.0,,,0.0,
Tim Puetz,1,2,33.333,2014,2015,2,20.0,50.0,344.0,208.0,162.0,58.0,54.0,20.0,31.0,R,1987-11-19,GER,male,3,43.0,79.63,64.516,10.333,14.535
Paul Kilderry,6,19,24.0,1992,2000,9,109.0,73.0,2068.0,1160.0,779.0,406.0,311.0,119.0,219.0,R,1973-04-11,AUS,male,25,211.0,67.846,54.338,8.76,3.53
Marc Krippendorf,0,1,0.0,1984,1984,1,0.0,0.0,0.0,0.0,0.0,0.0,0.0,0.0,0.0,R,,SUI,male,1,0.0,,,0.0,
Joe Ragland,0,1,0.0,1970,1970,1,0.0,0.0,0.0,0.0,0.0,0.0,0.0,0.0,0.0,R,,USA,male,1,0.0,,,0.0,
Alessio Di Mauro,17,36,32.075,2003,2010,8,108.0,189.0,3762.0,2174.0,1386.0,737.0,567.0,237.0,436.0,L,1977-08-09,ITA,male,53,368.0,64.903,54.358,8.226,5.024
Colin Obrien,4,2,66.667,2008,2013,6,0.0,0.0,0.0,0.0,0.0,0.0,0.0,0.0,0.0,U,1984-04-17,IRL,male,6,0.0,,,0.0,
Julian Mayers,1,1,50.0,1971,1971,1,0.0,0.0,0.0,0.0,0.0,0.0,0.0,0.0,0.0,,,RSA,male,2,0.0,,,0.0,
Bing Chao Lin,14,15,48.276,1991,2000,10,9.0,10.0,375.0,235.0,151.0,67.0,57.0,14.0,32.0,R,1973-10-28,TPE,male,29,39.0,68.421,43.75,1.103,2.667
Derek Schroder,9,25,26.471,1968,1975,8,0.0,0.0,0.0,0.0,0.0,0.0,0.0,0.0,0.0,R,,RSA,male,34,0.0,,,0.0,
Kristijan Mesaros,0,1,0.0,2012,2012,1,1.0,6.0,52.0,39.0,22.0,5.0,8.0,4.0,8.0,R,1988-07-02,CRO,male,1,4.0,50.0,50.0,8.0,11.538
David Graham,1,2,33.333,1982,1983,2,0.0,0.0,0.0,0.0,0.0,0.0,0.0,0.0,0.0,R,1962-08-04,AUS,male,3,0.0,,,0.0,
Jeff Etterbeek,0,1,0.0,1984,1984,1,0.0,0.0,0.0,0.0,0.0,0.0,0.0,0.0,0.0,R,1956-12-31,USA,male,1,0.0,,,0.0,
Jaak Poldma,3,5,37.5,2005,2012,8,0.0,0.0,0.0,0.0,0.0,0.0,0.0,0.0,0.0,R,1988-05-16,EST,male,8,0.0,,,0.0,
Zoltan Ilin,4,8,33.333,1978,1981,4,0.0,0.0,0.0,0.0,0.0,0.0,0.0,0.0,0.0,R,,SRB,male,12,0.0,,,0.0,
U Warfield,0,1,0.0,1970,1970,1,0.0,0.0,0.0,0.0,0.0,0.0,0.0,0.0,0.0,U,,UNK,male,1,0.0,,,0.0,
Jorge Aguilar,4,6,40.0,2006,2014,9,13.0,12.0,452.0,265.0,171.0,90.0,69.0,20.0,42.0,R,1985-01-08,CHI,male,10,47.0,68.116,47.619,4.2,2.655
Brad Hibbert,0,1,0.0,1979,1979,1,0.0,0.0,0.0,0.0,0.0,0.0,0.0,0.0,0.0,R,,NZL,male,1,0.0,,,0.0,
Zeeshan Ali,4,16,20.0,1988,1994,7,0.0,0.0,0.0,0.0,0.0,0.0,0.0,0.0,0.0,R,1970-01-01,IND,male,20,0.0,,,0.0,
Rick Meyers,1,2,33.333,1981,1982,2,0.0,0.0,0.0,0.0,0.0,0.0,0.0,0.0,0.0,R,1958-05-14,USA,male,3,0.0,,,0.0,
Phil Gunning,0,2,0.0,1971,1973,3,0.0,0.0,0.0,0.0,0.0,0.0,0.0,0.0,0.0,R,,USA,male,2,0.0,,,0.0,
Marty Pincus,0,1,0.0,1968,1968,1,0.0,0.0,0.0,0.0,0.0,0.0,0.0,0.0,0.0,U,,USA,male,1,0.0,,,0.0,
Noel Callaghan,0,1,0.0,1973,1973,1,0.0,0.0,0.0,0.0,0.0,0.0,0.0,0.0,0.0,R,,AUS,male,1,0.0,,,0.0,
Geoff Paish,0,3,0.0,1970,1972,3,0.0,0.0,0.0,0.0,0.0,0.0,0.0,0.0,0.0,U,1922-01-02,GBR,male,3,0.0,,,0.0,
N Trotter,0,1,0.0,1968,1968,1,0.0,0.0,0.0,0.0,0.0,0.0,0.0,0.0,0.0,U,,,male,1,0.0,,,0.0,
Stefan Koubek,201,236,45.995,1994,2011,18,1273.0,1437.0,31590.0,18898.0,12448.0,6437.0,4895.0,1872.0,3264.0,L,1977-01-02,AUT,male,437,3503.0,71.563,57.353,7.469,4.549
Michael Appleton,1,1,50.0,1980,1980,1,0.0,0.0,0.0,0.0,0.0,0.0,0.0,0.0,0.0,R,1969-01-01,GBR,male,2,0.0,,,0.0,
Michael Appleton,1,1,50.0,1980,1980,1,0.0,0.0,0.0,0.0,0.0,0.0,0.0,0.0,0.0,U,1959-10-07,GBR,male,2,0.0,,,0.0,
Gerald Marzenell,1,1,50.0,1988,1988,1,0.0,0.0,0.0,0.0,0.0,0.0,0.0,0.0,0.0,R,1964-02-06,GER,male,2,0.0,,,0.0,
Frederick Sundsten,0,1,0.0,2004,2004,1,0.0,0.0,0.0,0.0,0.0,0.0,0.0,0.0,0.0,U,1978-11-18,NOR,male,1,0.0,,,0.0,
Nejc Podkrajsek,0,1,0.0,2003,2003,1,0.0,0.0,0.0,0.0,0.0,0.0,0.0,0.0,0.0,U,1986-01-07,SLO,male,1,0.0,,,0.0,
Fabio Mionbet,0,2,0.0,1984,1984,1,0.0,0.0,0.0,0.0,0.0,0.0,0.0,0.0,0.0,U,1962-02-15,VEN,male,2,0.0,,,0.0,
Tarik Benhabiles,67,98,40.606,1982,1992,11,47.0,69.0,1213.0,637.0,427.0,258.0,180.0,71.0,133.0,R,1965-02-05,FRA,male,165,118.0,65.556,53.383,0.806,5.688
Jim Gurfein,34,59,36.559,1981,1988,8,0.0,0.0,0.0,0.0,0.0,0.0,0.0,0.0,0.0,L,1961-01-04,USA,male,93,0.0,,,0.0,
Andres Vysand,10,28,26.316,1985,1994,10,25.0,7.0,622.0,420.0,226.0,92.0,94.0,50.0,94.0,R,1966-03-10,GER,male,38,50.0,53.191,53.191,2.474,1.125
Antonio Garoni,0,1,0.0,1970,1970,1,0.0,0.0,0.0,0.0,0.0,0.0,0.0,0.0,0.0,U,,ARG,male,1,0.0,,,0.0,
Jack Jackson,0,1,0.0,1970,1970,1,0.0,0.0,0.0,0.0,0.0,0.0,0.0,0.0,0.0,,,USA,male,1,0.0,,,0.0,
Jack Jackson,0,1,0.0,1970,1970,1,0.0,0.0,0.0,0.0,0.0,0.0,0.0,0.0,0.0,U,,USA,male,1,0.0,,,0.0,
Sergio Speciale,0,1,0.0,1983,1983,1,0.0,0.0,0.0,0.0,0.0,0.0,0.0,0.0,0.0,R,,VEN,male,1,0.0,,,0.0,
Ignacio Hirigoyen,1,3,25.0,2001,2002,2,14.0,21.0,298.0,196.0,131.0,40.0,47.0,16.0,31.0,R,1976-01-23,ARG,male,4,32.0,68.085,51.613,7.75,7.047
Graydon Garner,7,12,36.842,1968,1975,8,0.0,0.0,0.0,0.0,0.0,0.0,0.0,0.0,0.0,R,,RSA,male,19,0.0,,,0.0,
Graydon Garner,7,12,36.842,1968,1975,8,0.0,0.0,0.0,0.0,0.0,0.0,0.0,0.0,0.0,R,,RSA,male,19,0.0,,,0.0,
Lukas Mugevicius,3,7,30.0,2011,2017,7,17.0,13.0,356.0,186.0,126.0,76.0,58.0,19.0,41.0,R,1994-12-07,LTU,male,10,36.0,62.069,46.341,4.1,3.652
Thomas Fancutt,0,1,0.0,2021,2021,1,1.0,5.0,59.0,34.0,23.0,15.0,10.0,4.0,6.0,R,1995-02-25,AUS,male,1,8.0,80.0,66.667,6.0,8.475
Jim Oescher,0,1,0.0,1970,1970,1,0.0,0.0,0.0,0.0,0.0,0.0,0.0,0.0,0.0,U,,USA,male,1,0.0,,,0.0,
Jan Kodes Jr,1,4,20.0,1990,1992,3,0.0,1.0,103.0,65.0,34.0,20.0,16.0,5.0,13.0,R,1972-03-11,CZE,male,5,8.0,50.0,38.462,2.6,0.971
Magnus Gustafsson,319,206,60.762,1986,2001,16,1464.0,1017.0,31533.0,20625.0,13955.0,5279.0,4850.0,1745.0,2951.0,R,1967-01-03,SWE,male,525,3644.0,75.134,59.132,5.621,3.225
Igor Gaudi,0,3,0.0,1995,2000,6,16.0,10.0,196.0,108.0,72.0,35.0,33.0,9.0,23.0,R,1975-04-10,ITA,male,3,19.0,57.576,39.13,7.667,5.102
Colin Dibley,253,240,51.318,1970,1981,12,0.0,0.0,0.0,0.0,0.0,0.0,0.0,0.0,0.0,R,1944-09-19,AUS,male,493,0.0,,,0.0,
Fred Simonsson,0,1,0.0,2016,2016,1,10.0,4.0,107.0,55.0,35.0,24.0,15.0,12.0,17.0,R,1994-11-27,SWE,male,1,10.0,66.667,70.588,17.0,3.738
Henry So,0,1,0.0,2007,2007,1,0.0,0.0,0.0,0.0,0.0,0.0,0.0,0.0,0.0,R,1980-09-21,HKG,male,1,0.0,,,0.0,
Patrik Langvardt,2,3,40.0,1993,2002,10,0.0,0.0,59.0,37.0,19.0,11.0,10.0,5.0,10.0,R,1971-12-06,DEN,male,5,5.0,50.0,50.0,2.0,0.0
Gottfried Dallwitz,0,1,0.0,1971,1971,1,0.0,0.0,0.0,0.0,0.0,0.0,0.0,0.0,0.0,U,,GER,male,1,0.0,,,0.0,
Lukas Hellum Lilleengen,1,0,100.0,2020,2020,1,1.0,2.0,36.0,23.0,18.0,8.0,8.0,2.0,3.0,U,2000-11-15,NOR,male,1,7.0,87.5,66.667,3.0,5.556
Tuomas Ketola,17,37,31.481,1994,2005,12,127.0,172.0,2546.0,1395.0,971.0,510.0,390.0,131.0,258.0,R,1975-02-21,FIN,male,54,263.0,67.436,50.775,4.778,6.756
Bruno Fragoso,1,2,33.333,1996,1999,4,3.0,0.0,50.0,25.0,14.0,13.0,8.0,2.0,6.0,R,1972-11-23,POR,male,3,4.0,50.0,33.333,2.0,0.0
Jose Higueras,418,210,66.561,1968,1986,19,0.0,0.0,0.0,0.0,0.0,0.0,0.0,0.0,0.0,R,1953-03-01,ESP,male,628,0.0,,,0.0,
Martin Jaite,286,163,63.697,1982,1993,12,189.0,344.0,6051.0,3143.0,2172.0,1452.0,929.0,325.0,576.0,R,1964-10-09,ARG,male,449,678.0,72.982,56.424,1.283,5.685
Jamie Morgan,54,71,43.2,1988,1996,9,506.0,1060.0,9753.0,5570.0,4182.0,2035.0,1494.0,455.0,771.0,R,1971-06-08,AUS,male,125,1178.0,78.849,59.014,6.168,10.868
Bill Maze,10,24,29.412,1974,1984,11,0.0,0.0,0.0,0.0,0.0,0.0,0.0,0.0,0.0,R,1956-02-09,USA,male,34,0.0,,,0.0,
Nicolas Kischkewitz,1,1,50.0,1993,1993,1,5.0,2.0,144.0,103.0,56.0,19.0,20.0,9.0,18.0,R,1974-04-04,FRA,male,2,11.0,55.0,50.0,9.0,1.389
Marcos Hocevar,86,92,48.315,1979,1985,7,0.0,0.0,0.0,0.0,0.0,0.0,0.0,0.0,0.0,R,1955-09-26,BRA,male,178,0.0,,,0.0,
Marcos Hocevar,86,92,48.315,1979,1985,7,0.0,0.0,0.0,0.0,0.0,0.0,0.0,0.0,0.0,R,1955-09-25,BRA,male,178,0.0,,,0.0,
Orlando Luz,0,1,0.0,2017,2017,1,3.0,4.0,67.0,34.0,20.0,17.0,10.0,2.0,5.0,R,1998-02-08,BRA,male,1,7.0,70.0,40.0,5.0,5.97
Guillermo Aubone,12,35,25.532,1969,1982,14,0.0,0.0,0.0,0.0,0.0,0.0,0.0,0.0,0.0,L,1954-06-08,ARG,male,47,0.0,,,0.0,
Whitney Reed,1,3,25.0,1970,1975,6,0.0,0.0,0.0,0.0,0.0,0.0,0.0,0.0,0.0,U,1932-08-21,USA,male,4,0.0,,,0.0,
Jun Kato,0,1,0.0,2003,2003,1,0.0,0.0,0.0,0.0,0.0,0.0,0.0,0.0,0.0,R,1980-10-25,JPN,male,1,0.0,,,0.0,
Peter Szoke,52,73,41.6,1968,1979,12,0.0,0.0,0.0,0.0,0.0,0.0,0.0,0.0,0.0,R,1947-08-08,HUN,male,125,0.0,,,0.0,
Luis Arturo Gonzalez,2,4,33.333,1982,1986,5,0.0,0.0,0.0,0.0,0.0,0.0,0.0,0.0,0.0,U,1964-10-25,COL,male,6,0.0,,,0.0,
Phillip Simmonds,0,3,0.0,2005,2011,7,16.0,17.0,199.0,108.0,70.0,38.0,32.0,13.0,26.0,R,1986-05-18,USA,male,3,19.0,59.375,50.0,8.667,8.543
Huub Van Boeckel,19,36,34.545,1979,1988,10,0.0,0.0,0.0,0.0,0.0,0.0,0.0,0.0,0.0,R,1960-01-25,NED,male,55,0.0,,,0.0,
Henri Leconte,308,208,59.69,1980,1996,17,457.0,579.0,8606.0,4319.0,3167.0,2123.0,1289.0,495.0,800.0,L,1963-07-04,FRA,male,516,984.0,76.338,61.875,1.55,6.728
Cliff Drysdale,249,129,65.873,1968,1980,13,0.0,0.0,0.0,0.0,0.0,0.0,0.0,0.0,0.0,R,1941-05-26,RSA,male,378,0.0,,,0.0,
Frederic Vitoux,2,9,18.182,1990,1996,7,34.0,9.0,769.0,520.0,299.0,104.0,108.0,59.0,104.0,R,1970-10-30,FRA,male,11,63.0,58.333,56.731,9.455,1.17
L Palman,0,1,0.0,1969,1969,1,0.0,0.0,0.0,0.0,0.0,0.0,0.0,0.0,0.0,R,,UNK,male,1,0.0,,,0.0,
Sergio Ramirez,0,1,0.0,2005,2005,1,0.0,0.0,0.0,0.0,0.0,0.0,0.0,0.0,0.0,U,1985-04-01,COL,male,1,0.0,,,0.0,
Luis Diego Nunez,0,2,0.0,2000,2000,1,0.0,0.0,0.0,0.0,0.0,0.0,0.0,0.0,0.0,U,1973-12-15,CRC,male,2,0.0,,,0.0,
Sergey Makashin,1,2,33.333,2003,2003,1,0.0,0.0,0.0,0.0,0.0,0.0,0.0,0.0,0.0,U,1979-08-29,TJK,male,3,0.0,,,0.0,
John Mcmanus,1,1,50.0,1969,1969,1,0.0,0.0,0.0,0.0,0.0,0.0,0.0,0.0,0.0,U,,CAN,male,2,0.0,,,0.0,
Matthew Foster Estwick,0,1,0.0,2017,2017,1,3.0,2.0,70.0,48.0,22.0,7.0,11.0,7.0,14.0,,1997-08-26,BAR,male,1,4.0,36.364,50.0,14.0,2.857
Damir Keretic,90,118,43.269,1979,1989,11,0.0,0.0,0.0,0.0,0.0,0.0,0.0,0.0,0.0,R,1960-03-26,GER,male,208,0.0,,,0.0,
Gene Stuart Malin,10,22,31.25,1968,1980,13,0.0,0.0,0.0,0.0,0.0,0.0,0.0,0.0,0.0,R,1948-10-01,USA,male,32,0.0,,,0.0,
Lars Elvstrom,8,14,36.364,1972,1979,8,0.0,0.0,0.0,0.0,0.0,0.0,0.0,0.0,0.0,R,1949-08-18,DEN,male,22,0.0,,,0.0,
Gardnar Mulloy,0,2,0.0,1968,1977,10,0.0,0.0,0.0,0.0,0.0,0.0,0.0,0.0,0.0,R,1913-11-22,USA,male,2,0.0,,,0.0,
Kalle Flygt,2,3,40.0,1998,2001,4,16.0,16.0,464.0,269.0,172.0,94.0,60.0,40.0,58.0,R,1976-06-15,SWE,male,5,42.0,70.0,68.966,11.6,3.448
Nicolas Thomann,10,19,34.483,1997,2006,10,108.0,200.0,2207.0,1199.0,897.0,518.0,353.0,126.0,206.0,R,1972-11-29,FRA,male,29,273.0,77.337,61.165,7.103,9.062
Rodrigo Senattore,1,1,50.0,2013,2014,2,0.0,0.0,0.0,0.0,0.0,0.0,0.0,0.0,0.0,U,1994-01-28,URU,male,2,0.0,,,0.0,
Peter Schlotz,0,2,0.0,1969,1970,2,0.0,0.0,0.0,0.0,0.0,0.0,0.0,0.0,0.0,U,,UNK,male,2,0.0,,,0.0,
Joe Mesmer,0,1,0.0,1973,1973,1,0.0,0.0,0.0,0.0,0.0,0.0,0.0,0.0,0.0,R,,USA,male,1,0.0,,,0.0,
Sergio Cortes,18,26,40.909,1988,1996,9,53.0,14.0,1899.0,1263.0,763.0,296.0,278.0,135.0,232.0,R,1968-01-11,CHI,male,44,181.0,65.108,58.19,5.273,0.737
Wade Mcguire,7,20,25.926,1994,1998,5,143.0,130.0,2027.0,1131.0,804.0,396.0,303.0,116.0,203.0,R,1969-08-19,USA,male,27,216.0,71.287,57.143,7.519,6.413
Patrik Kuhnen,92,115,44.444,1986,1996,11,433.0,616.0,8550.0,4790.0,3460.0,1695.0,1292.0,491.0,824.0,R,1966-02-11,GER,male,207,959.0,74.226,59.587,3.981,7.205
Rene Busch,2,2,50.0,1994,2000,7,0.0,0.0,0.0,0.0,0.0,0.0,0.0,0.0,0.0,R,1971-07-19,EST,male,4,0.0,,,0.0,
Lukas Dlouhy,20,48,29.412,2005,2010,6,317.0,323.0,5246.0,3273.0,2227.0,896.0,790.0,312.0,545.0,R,1983-04-09,CZE,male,68,557.0,70.506,57.248,8.015,6.157
Hassan El Arousy,4,5,44.444,1988,1991,4,0.0,0.0,0.0,0.0,0.0,0.0,0.0,0.0,0.0,R,1971-02-11,EGY,male,9,0.0,,,0.0,
Derek Yong,0,1,0.0,1992,1992,1,0.0,0.0,0.0,0.0,0.0,0.0,0.0,0.0,0.0,U,1977-06-18,SIN,male,1,0.0,,,0.0,
Donald Watt,2,1,66.667,1980,1980,1,0.0,0.0,0.0,0.0,0.0,0.0,0.0,0.0,0.0,R,,GBR,male,3,0.0,,,0.0,
Royce Deppe,1,3,25.0,1989,1990,2,0.0,0.0,0.0,0.0,0.0,0.0,0.0,0.0,0.0,R,1965-08-11,RSA,male,4,0.0,,,0.0,
Arnau Brugues Davi,1,3,25.0,2012,2013,2,7.0,18.0,360.0,217.0,142.0,80.0,51.0,27.0,40.0,L,1985-03-05,ESP,male,4,38.0,74.51,67.5,10.0,5.0
Bill Glaves,0,2,0.0,1972,1974,3,0.0,0.0,0.0,0.0,0.0,0.0,0.0,0.0,0.0,U,,USA,male,2,0.0,,,0.0,
Ricardo Gonzalez Diaz,1,3,25.0,2004,2012,9,0.0,0.0,0.0,0.0,0.0,0.0,0.0,0.0,0.0,R,1985-05-28,PUR,male,4,0.0,,,0.0,
Milen Yanakiev,1,0,100.0,1986,1986,1,0.0,0.0,0.0,0.0,0.0,0.0,0.0,0.0,0.0,U,1968-06-25,BUL,male,1,0.0,,,0.0,
Hicham Khaddari,1,2,33.333,2011,2014,4,2.0,3.0,80.0,42.0,27.0,15.0,11.0,8.0,13.0,R,1991-08-19,MAR,male,3,6.0,54.545,61.538,4.333,3.75
Jaromir Becka,12,15,44.444,1982,1986,5,0.0,0.0,0.0,0.0,0.0,0.0,0.0,0.0,0.0,R,1963-07-06,GER,male,27,0.0,,,0.0,
Stephan Medem,0,2,0.0,1986,1986,1,0.0,0.0,0.0,0.0,0.0,0.0,0.0,0.0,0.0,L,1960-04-02,SUI,male,2,0.0,,,0.0,
Ignaci Roca,0,4,0.0,2015,2015,1,0.0,0.0,0.0,0.0,0.0,0.0,0.0,0.0,0.0,R,1986-09-26,CRC,male,4,0.0,,,0.0,
Peter Handoyo,2,3,40.0,2001,2003,3,0.0,0.0,0.0,0.0,0.0,0.0,0.0,0.0,0.0,R,1979-08-12,INA,male,5,0.0,,,0.0,
Christophe Boggetti,5,9,35.714,1992,1995,4,0.0,0.0,0.0,0.0,0.0,0.0,0.0,0.0,0.0,R,1967-04-11,MON,male,14,0.0,,,0.0,
Peter Pearson,6,14,30.0,1976,1979,4,0.0,0.0,0.0,0.0,0.0,0.0,0.0,0.0,0.0,R,1955-08-12,USA,male,20,0.0,,,0.0,
Danai Udomchoke,55,69,44.355,1998,2015,18,254.0,240.0,5689.0,3497.0,2323.0,1015.0,853.0,341.0,605.0,R,1981-08-11,THA,male,124,589.0,69.05,56.364,4.879,4.219
Tony Bujan,0,1,0.0,1993,1993,1,6.0,2.0,91.0,33.0,23.0,28.0,13.0,4.0,9.0,R,,USA,male,1,8.0,61.538,44.444,9.0,2.198
Tony Bujan,0,1,0.0,1993,1993,1,6.0,2.0,91.0,33.0,23.0,28.0,13.0,4.0,9.0,U,1970-09-11,USA,male,1,8.0,61.538,44.444,9.0,2.198
Bruce Kleege,8,27,22.857,1978,1984,7,0.0,0.0,0.0,0.0,0.0,0.0,0.0,0.0,0.0,R,1954-11-01,USA,male,35,0.0,,,0.0,
Simone Colombo,32,47,40.506,1984,1990,7,0.0,0.0,0.0,0.0,0.0,0.0,0.0,0.0,0.0,R,1963-08-28,ITA,male,79,0.0,,,0.0,
Matthew Prentice,0,2,0.0,2004,2004,1,0.0,0.0,0.0,0.0,0.0,0.0,0.0,0.0,0.0,R,1980-09-23,NZL,male,2,0.0,,,0.0,
David Epstein,0,2,0.0,1976,1978,3,0.0,0.0,0.0,0.0,0.0,0.0,0.0,0.0,0.0,R,,AUS,male,2,0.0,,,0.0,
Dan Goldberg,2,8,20.0,1987,1990,4,0.0,0.0,0.0,0.0,0.0,0.0,0.0,0.0,0.0,L,1967-09-06,USA,male,10,0.0,,,0.0,
Nick Hardt,0,1,0.0,2017,2017,1,3.0,3.0,57.0,32.0,16.0,12.0,9.0,2.0,6.0,U,2000-09-20,DOM,male,1,5.0,55.556,33.333,6.0,5.263
Peter Van Lingen,0,3,0.0,1969,1971,3,0.0,0.0,0.0,0.0,0.0,0.0,0.0,0.0,0.0,U,,RSA,male,3,0.0,,,0.0,
Alexander Tabares,1,1,50.0,1994,1995,2,0.0,0.0,0.0,0.0,0.0,0.0,0.0,0.0,0.0,R,1972-11-20,CUB,male,2,0.0,,,0.0,
Adrian Voinea,123,156,44.086,1994,2003,10,858.0,1414.0,21375.0,12145.0,8327.0,4535.0,3253.0,1159.0,2076.0,R,1974-08-06,ROU,male,279,2336.0,71.811,55.829,7.441,6.615
John Newcombe,384,136,73.846,1968,1981,14,0.0,0.0,0.0,0.0,0.0,0.0,0.0,0.0,0.0,R,1944-05-23,AUS,male,520,0.0,,,0.0,
Jan Boruszewski,0,2,0.0,1999,2000,2,19.0,16.0,180.0,96.0,68.0,40.0,24.0,15.0,20.0,R,1977-10-02,GER,male,2,19.0,79.167,75.0,10.0,8.889
Daouda Ndiaye,0,2,0.0,1998,1999,2,0.0,0.0,0.0,0.0,0.0,0.0,0.0,0.0,0.0,R,1978-01-03,SEN,male,2,0.0,,,0.0,
Scott Lipton,6,12,33.333,1982,1983,2,0.0,0.0,0.0,0.0,0.0,0.0,0.0,0.0,0.0,L,1959-09-15,USA,male,18,0.0,,,0.0,
Necvet Demir,4,9,30.769,1982,1987,6,0.0,0.0,0.0,0.0,0.0,0.0,0.0,0.0,0.0,R,,TUR,male,13,0.0,,,0.0,
Mousa Shanan Zayed,0,2,0.0,2012,2013,2,3.0,0.0,75.0,46.0,13.0,9.0,13.0,6.0,18.0,U,1994-03-09,QAT,male,2,1.0,7.692,33.333,9.0,0.0
Mathias Werren,3,11,21.429,1968,1972,5,0.0,0.0,0.0,0.0,0.0,0.0,0.0,0.0,0.0,R,1944-05-09,SUI,male,14,0.0,,,0.0,
Pierre Barthes,125,105,54.348,1968,1977,10,0.0,0.0,0.0,0.0,0.0,0.0,0.0,0.0,0.0,R,1941-09-13,FRA,male,230,0.0,,,0.0,
Dominic Inglot,0,2,0.0,2012,2013,2,5.0,22.0,131.0,83.0,61.0,19.0,21.0,15.0,20.0,R,1986-03-06,GBR,male,2,16.0,76.19,75.0,10.0,16.794
Jon Levine,10,32,23.81,1982,1988,7,0.0,0.0,0.0,0.0,0.0,0.0,0.0,0.0,0.0,R,1963-09-29,USA,male,42,0.0,,,0.0,
Marco Meneschincheri,2,12,14.286,1994,1999,6,47.0,18.0,954.0,556.0,351.0,164.0,143.0,58.0,116.0,L,1972-04-25,ITA,male,14,85.0,59.441,50.0,8.286,1.887
John Yuill,76,116,39.583,1969,1981,13,0.0,0.0,0.0,0.0,0.0,0.0,0.0,0.0,0.0,R,1948-12-12,RSA,male,192,0.0,,,0.0,
John Yuill,76,116,39.583,1969,1981,13,0.0,0.0,0.0,0.0,0.0,0.0,0.0,0.0,0.0,R,1948-12-11,RSA,male,192,0.0,,,0.0,
Hichem Riani,0,1,0.0,1983,1983,1,0.0,0.0,0.0,0.0,0.0,0.0,0.0,0.0,0.0,U,1960-02-23,TUN,male,1,0.0,,,0.0,
J Bougher,1,1,50.0,1968,1968,1,0.0,0.0,0.0,0.0,0.0,0.0,0.0,0.0,0.0,U,,,male,2,0.0,,,0.0,
Ling Fong,0,1,0.0,1972,1972,1,0.0,0.0,0.0,0.0,0.0,0.0,0.0,0.0,0.0,U,,HKG,male,1,0.0,,,0.0,
Mark Knowles,41,73,35.965,1988,2003,16,342.0,218.0,5299.0,2949.0,2005.0,1025.0,769.0,301.0,546.0,R,1971-09-04,BAH,male,114,524.0,68.14,55.128,4.789,4.114
L Ploughman,0,1,0.0,1969,1969,1,0.0,0.0,0.0,0.0,0.0,0.0,0.0,0.0,0.0,U,,RSA,male,1,0.0,,,0.0,
Roger Federer,1199,256,82.405,1998,2020,23,2597.0,10910.0,108064.0,67123.0,51952.0,23317.0,17876.0,4134.0,6106.0,R,1981-08-08,SUI,male,1455,15904.0,88.968,67.704,4.197,10.096
Chemseddine Belal,0,1,0.0,2001,2001,1,1.0,0.0,58.0,25.0,15.0,17.0,8.0,5.0,8.0,R,1977-10-10,MAR,male,1,5.0,62.5,62.5,8.0,0.0
Neale Fraser,13,20,39.394,1968,1980,13,0.0,0.0,0.0,0.0,0.0,0.0,0.0,0.0,0.0,L,1933-10-03,AUS,male,33,0.0,,,0.0,
Sumit Nagal,1,12,7.692,2016,2021,6,44.0,14.0,980.0,654.0,395.0,139.0,148.0,70.0,132.0,R,1997-08-16,IND,male,13,86.0,58.108,53.03,10.154,1.429
David Souto,9,5,64.286,2010,2018,9,3.0,3.0,99.0,55.0,33.0,19.0,11.0,10.0,14.0,L,1992-03-26,VEN,male,14,7.0,63.636,71.429,1.0,3.03
Oliver Freelove,0,1,0.0,2000,2000,1,10.0,14.0,98.0,44.0,36.0,25.0,15.0,7.0,9.0,R,1977-03-05,GBR,male,1,13.0,86.667,77.778,9.0,14.286
Stefanos Tsitsipas,141,77,64.679,2017,2021,5,495.0,1512.0,17257.0,10653.0,8098.0,3573.0,2798.0,700.0,1100.0,R,1998-08-12,GRE,male,218,2398.0,85.704,63.636,5.046,8.762
Tom Mott,0,2,0.0,1977,1978,2,0.0,0.0,0.0,0.0,0.0,0.0,0.0,0.0,0.0,R,,USA,male,2,0.0,,,0.0,
Eddy Gonzalez Gonzalez,1,2,33.333,2003,2004,2,0.0,0.0,0.0,0.0,0.0,0.0,0.0,0.0,0.0,R,1981-09-04,CUB,male,3,0.0,,,0.0,
Mate Valkusz,0,3,0.0,2018,2019,2,11.0,2.0,271.0,174.0,101.0,48.0,43.0,20.0,38.0,R,1998-08-13,HUN,male,3,25.0,58.14,52.632,12.667,0.738
Neville Nette,1,1,50.0,1971,1971,1,0.0,0.0,0.0,0.0,0.0,0.0,0.0,0.0,0.0,U,,AUS,male,2,0.0,,,0.0,
Hamid Reza Nadaf,1,0,100.0,2017,2017,1,0.0,0.0,0.0,0.0,0.0,0.0,0.0,0.0,0.0,R,1992-11-19,IRI,male,1,0.0,,,0.0,
Thehan Sanjaya Wijemanne,0,1,0.0,2020,2020,1,0.0,0.0,0.0,0.0,0.0,0.0,0.0,0.0,0.0,U,2003-12-21,SRI,male,1,0.0,,,0.0,
Petar Popovic,1,1,50.0,1970,1970,1,0.0,0.0,0.0,0.0,0.0,0.0,0.0,0.0,0.0,U,1982-07-27,SRB,male,2,0.0,,,0.0,
Scott Warner,3,7,30.0,1989,1989,1,0.0,0.0,0.0,0.0,0.0,0.0,0.0,0.0,0.0,R,1965-12-22,USA,male,10,0.0,,,0.0,
Ahmed Ben Omar,1,2,33.333,1972,1973,2,0.0,0.0,0.0,0.0,0.0,0.0,0.0,0.0,0.0,U,,MAR,male,3,0.0,,,0.0,
Bryan Borea,0,1,0.0,1973,1973,1,0.0,0.0,0.0,0.0,0.0,0.0,0.0,0.0,0.0,R,,UNK,male,1,0.0,,,0.0,
Andras Szocsik,0,2,0.0,1972,1973,2,0.0,0.0,0.0,0.0,0.0,0.0,0.0,0.0,0.0,U,,HUN,male,2,0.0,,,0.0,
Hayk Hakobyan,0,1,0.0,2002,2002,1,0.0,0.0,0.0,0.0,0.0,0.0,0.0,0.0,0.0,U,1980-04-27,ARM,male,1,0.0,,,0.0,
Caio Zampieri,2,2,50.0,2004,2011,8,8.0,8.0,223.0,128.0,84.0,42.0,34.0,13.0,25.0,R,1986-05-27,BRA,male,4,22.0,64.706,52.0,6.25,3.587
Francisco Costa,1,5,16.667,1999,2002,4,4.0,15.0,257.0,150.0,98.0,51.0,44.0,9.0,23.0,R,1973-06-28,BRA,male,6,30.0,68.182,39.13,3.833,5.837
Jose De Armas,19,17,52.778,1997,2010,14,0.0,0.0,0.0,0.0,0.0,0.0,0.0,0.0,0.0,R,1981-03-25,VEN,male,36,0.0,,,0.0,
P Frymann,0,1,0.0,1970,1970,1,0.0,0.0,0.0,0.0,0.0,0.0,0.0,0.0,0.0,U,,GBR,male,1,0.0,,,0.0,
Luis Horna,140,143,49.47,1997,2009,13,659.0,1137.0,18329.0,12345.0,8568.0,2969.0,2841.0,928.0,1536.0,R,1980-09-14,PER,male,283,2233.0,78.599,60.417,5.428,6.203
Wei Leung,0,1,0.0,1972,1972,1,0.0,0.0,0.0,0.0,0.0,0.0,0.0,0.0,0.0,U,,,male,1,0.0,,,0.0,
John Trickey,4,16,20.0,1972,1980,9,0.0,0.0,0.0,0.0,0.0,0.0,0.0,0.0,0.0,R,,AUS,male,20,0.0,,,0.0,
Grant Connell,62,85,42.177,1984,1995,12,199.0,327.0,5112.0,2962.0,2121.0,1062.0,760.0,301.0,468.0,L,1965-11-17,CAN,male,147,593.0,78.026,64.316,3.184,6.397
Ryan Harrison,120,159,43.011,2008,2021,14,919.0,1913.0,21861.0,12990.0,9328.0,4473.0,3399.0,1204.0,1925.0,R,1992-05-07,USA,male,279,2678.0,78.788,62.545,6.9,8.751
Taisen Kanai,1,4,20.0,1978,1981,4,0.0,0.0,0.0,0.0,0.0,0.0,0.0,0.0,0.0,R,,JPN,male,5,0.0,,,0.0,
Rohan Summers,3,6,33.333,1969,1971,3,0.0,0.0,0.0,0.0,0.0,0.0,0.0,0.0,0.0,U,,RSA,male,9,0.0,,,0.0,
Shoukry Srourian,0,2,0.0,1986,1986,1,0.0,0.0,0.0,0.0,0.0,0.0,0.0,0.0,0.0,U,1957-04-02,SYR,male,2,0.0,,,0.0,
David Mullins,0,2,0.0,2002,2004,3,0.0,0.0,0.0,0.0,0.0,0.0,0.0,0.0,0.0,R,1971-12-14,IRL,male,2,0.0,,,0.0,
David Kvernadze,0,1,0.0,2004,2004,1,0.0,0.0,0.0,0.0,0.0,0.0,0.0,0.0,0.0,R,1986-01-02,GEO,male,1,0.0,,,0.0,
Andre Makkink,0,1,0.0,1971,1971,1,0.0,0.0,0.0,0.0,0.0,0.0,0.0,0.0,0.0,U,,RSA,male,1,0.0,,,0.0,
Leonardo Tavares,5,9,35.714,2003,2011,9,10.0,7.0,225.0,135.0,86.0,41.0,31.0,23.0,32.0,R,1984-02-20,POR,male,14,22.0,70.968,71.875,2.286,3.111
Devin Britton,0,3,0.0,2009,2010,2,13.0,24.0,256.0,155.0,103.0,41.0,36.0,14.0,25.0,R,1991-03-17,USA,male,3,25.0,69.444,56.0,8.333,9.375
Cliff Letcher,59,110,34.911,1971,1982,12,0.0,0.0,0.0,0.0,0.0,0.0,0.0,0.0,0.0,R,1952-02-09,AUS,male,169,0.0,,,0.0,
Jens Peter,1,1,50.0,1989,1989,1,0.0,0.0,0.0,0.0,0.0,0.0,0.0,0.0,0.0,L,1966-01-28,GER,male,2,0.0,,,0.0,
Pedro Barrios,0,1,0.0,1971,1971,1,0.0,0.0,0.0,0.0,0.0,0.0,0.0,0.0,0.0,U,,ESP,male,1,0.0,,,0.0,
John Blizzard,0,2,0.0,1968,1980,13,0.0,0.0,0.0,0.0,0.0,0.0,0.0,0.0,0.0,R,,AUS,male,2,0.0,,,0.0,
Pierre Lamarche,0,2,0.0,1972,1974,3,0.0,0.0,0.0,0.0,0.0,0.0,0.0,0.0,0.0,R,1947-01-01,CAN,male,2,0.0,,,0.0,
Kevin Kerns,1,3,25.0,1981,1982,2,0.0,0.0,0.0,0.0,0.0,0.0,0.0,0.0,0.0,R,1959-04-24,USA,male,4,0.0,,,0.0,
Unknown Marchiori,0,1,0.0,1971,1971,1,0.0,0.0,0.0,0.0,0.0,0.0,0.0,0.0,0.0,U,,ITA,male,1,0.0,,,0.0,
Neil Rajapakse,0,2,0.0,1987,1989,3,0.0,0.0,0.0,0.0,0.0,0.0,0.0,0.0,0.0,U,1969-07-15,SRI,male,2,0.0,,,0.0,
Steven Alger,0,2,0.0,1979,1988,10,0.0,0.0,0.0,0.0,0.0,0.0,0.0,0.0,0.0,L,,BER,male,2,0.0,,,0.0,
K Casey,0,1,0.0,1976,1976,1,0.0,0.0,0.0,0.0,0.0,0.0,0.0,0.0,0.0,U,,AUS,male,1,0.0,,,0.0,
D Beasant,1,1,50.0,1974,1974,1,0.0,0.0,0.0,0.0,0.0,0.0,0.0,0.0,0.0,U,,,male,2,0.0,,,0.0,
Chun Hun Wong,0,2,0.0,2018,2018,1,4.0,4.0,149.0,100.0,66.0,32.0,23.0,10.0,13.0,R,1995-10-30,HKG,male,2,20.0,86.957,76.923,6.5,2.685
Jim Moore,4,5,44.444,1968,1970,3,0.0,0.0,0.0,0.0,0.0,0.0,0.0,0.0,0.0,R,,AUS,male,9,0.0,,,0.0,
Min Kyu Han,0,1,0.0,1996,1996,1,0.0,0.0,44.0,32.0,11.0,5.0,8.0,2.0,8.0,R,1973-03-31,KOR,male,1,2.0,25.0,25.0,8.0,0.0
Miloslav Mecir Jr,1,3,25.0,2013,2014,2,9.0,25.0,347.0,215.0,156.0,70.0,53.0,16.0,23.0,R,1988-01-20,SVK,male,4,46.0,86.792,69.565,5.75,7.205
Andres Filimonov,7,6,53.846,1994,2002,9,0.0,0.0,0.0,0.0,0.0,0.0,0.0,0.0,0.0,R,1968-04-29,LAT,male,13,0.0,,,0.0,
Jan Vacek,30,59,33.708,2001,2008,8,292.0,407.0,7132.0,4110.0,2840.0,1472.0,1085.0,395.0,686.0,R,1976-05-10,CZE,male,89,794.0,73.18,57.58,7.708,5.707
Heinz Gildemeister,15,12,55.556,1978,1984,7,0.0,0.0,0.0,0.0,0.0,0.0,0.0,0.0,0.0,R,1960-10-18,CHI,male,27,0.0,,,0.0,
Rudiger Benz,0,2,0.0,1984,1986,3,0.0,0.0,0.0,0.0,0.0,0.0,0.0,0.0,0.0,R,1965-02-10,GER,male,2,0.0,,,0.0,
Alexander Marcial,3,7,30.0,1968,1982,15,0.0,0.0,0.0,0.0,0.0,0.0,0.0,0.0,0.0,R,,PHI,male,10,0.0,,,0.0,
Malivai Washington,211,148,58.774,1988,1999,12,1017.0,1673.0,24649.0,14522.0,10457.0,5198.0,3759.0,1159.0,1914.0,R,1969-06-20,USA,male,359,3004.0,79.915,60.554,5.331,6.787
Bill Scanlon,200,173,53.619,1976,1989,14,0.0,0.0,0.0,0.0,0.0,0.0,0.0,0.0,0.0,R,1956-11-13,USA,male,373,0.0,,,0.0,
Bill Scanlon,200,173,53.619,1976,1989,14,0.0,0.0,0.0,0.0,0.0,0.0,0.0,0.0,0.0,R,1956-11-19,USA,male,373,0.0,,,0.0,
Unknown Salsi,0,1,0.0,1971,1971,1,0.0,0.0,0.0,0.0,0.0,0.0,0.0,0.0,0.0,U,,ITA,male,1,0.0,,,0.0,
Ulf Stenlund,50,40,55.556,1986,1993,8,3.0,1.0,144.0,124.0,77.0,9.0,22.0,8.0,14.0,R,1967-01-21,SWE,male,90,16.0,72.727,57.143,0.156,0.694
Jesse Huta Galung,9,32,21.951,2007,2015,9,118.0,207.0,2172.0,1188.0,863.0,445.0,334.0,116.0,210.0,R,1985-10-06,NED,male,41,240.0,71.856,55.238,5.122,9.53
Cheuk Wai Hui,1,1,50.0,2009,2010,2,0.0,0.0,0.0,0.0,0.0,0.0,0.0,0.0,0.0,R,1985-03-26,HKG,male,2,0.0,,,0.0,
Leslie Dodson,0,1,0.0,1971,1971,1,0.0,0.0,0.0,0.0,0.0,0.0,0.0,0.0,0.0,U,,USA,male,1,0.0,,,0.0,
Ross Matheson,1,4,20.0,1993,1995,3,33.0,57.0,487.0,291.0,232.0,87.0,70.0,19.0,32.0,R,1970-05-27,GBR,male,5,57.0,81.429,59.375,6.4,11.704
Robert Potthast,0,2,0.0,1969,1970,2,0.0,0.0,0.0,0.0,0.0,0.0,0.0,0.0,0.0,R,,USA,male,2,0.0,,,0.0,
Nial Brash,1,4,20.0,1979,1982,4,0.0,0.0,0.0,0.0,0.0,0.0,0.0,0.0,0.0,R,,USA,male,5,0.0,,,0.0,
A Whittaker,0,1,0.0,1975,1975,1,0.0,0.0,0.0,0.0,0.0,0.0,0.0,0.0,0.0,R,,UNK,male,1,0.0,,,0.0,
Ivan Baron,1,10,9.091,1990,1997,8,31.0,18.0,662.0,428.0,252.0,105.0,100.0,42.0,84.0,R,1972-11-12,USA,male,11,58.0,58.0,50.0,7.636,2.719
Srinivasan Vasudevan,8,6,57.143,1983,1991,9,0.0,0.0,0.0,0.0,0.0,0.0,0.0,0.0,0.0,R,1962-01-04,IND,male,14,0.0,,,0.0,
Robert Kreiss,14,43,24.561,1968,1975,8,0.0,0.0,0.0,0.0,0.0,0.0,0.0,0.0,0.0,R,1953-04-30,USA,male,57,0.0,,,0.0,
David Salvador Estepa,0,1,0.0,1997,1997,1,2.0,3.0,60.0,39.0,21.0,10.0,9.0,4.0,8.0,R,1973-10-20,ESP,male,1,5.0,55.556,50.0,8.0,5.0
Christian Harrison,5,7,41.667,2013,2021,9,38.0,59.0,912.0,538.0,380.0,175.0,141.0,57.0,95.0,R,1994-05-29,USA,male,12,103.0,73.05,60.0,7.917,6.469
Robbie Venter,7,19,26.923,1976,1984,9,0.0,0.0,0.0,0.0,0.0,0.0,0.0,0.0,0.0,L,1960-05-07,RSA,male,26,0.0,,,0.0,
John Erik Rustad,0,5,0.0,1978,1988,11,0.0,0.0,0.0,0.0,0.0,0.0,0.0,0.0,0.0,U,1959-12-28,NOR,male,5,0.0,,,0.0,
Luis Rojas,0,1,0.0,1968,1968,1,0.0,0.0,0.0,0.0,0.0,0.0,0.0,0.0,0.0,U,,CRC,male,1,0.0,,,0.0,
Anders Jarryd,245,187,56.713,1980,1996,17,362.0,270.0,6986.0,3745.0,2628.0,1524.0,1077.0,357.0,665.0,R,1961-07-13,SWE,male,432,769.0,71.402,53.684,1.539,3.865
Justedjo Tarik,8,5,61.538,1974,1987,14,0.0,0.0,0.0,0.0,0.0,0.0,0.0,0.0,0.0,R,1953-08-30,INA,male,13,0.0,,,0.0,
Yan Bai,5,8,38.462,2008,2019,12,22.0,23.0,559.0,307.0,202.0,120.0,83.0,45.0,72.0,R,1989-05-21,CHN,male,13,56.0,67.47,62.5,5.538,4.114
Alun Jones,4,9,30.769,2001,2008,8,32.0,44.0,1005.0,631.0,396.0,176.0,157.0,62.0,116.0,R,1980-04-26,AUS,male,13,103.0,65.605,53.448,8.923,4.378
Jorge Catala,1,2,33.333,1998,1999,2,0.0,0.0,0.0,0.0,0.0,0.0,0.0,0.0,0.0,U,1978-06-19,CUB,male,3,0.0,,,0.0,
Javier Contreras,0,1,0.0,1984,1984,1,0.0,0.0,0.0,0.0,0.0,0.0,0.0,0.0,0.0,R,1960-03-27,MEX,male,1,0.0,,,0.0,
Wilhelm Bungert,34,26,56.667,1968,1973,6,0.0,0.0,0.0,0.0,0.0,0.0,0.0,0.0,0.0,R,1939-04-01,GER,male,60,0.0,,,0.0,
Frank Briscoe,1,2,33.333,1971,1971,1,0.0,0.0,0.0,0.0,0.0,0.0,0.0,0.0,0.0,U,1948-04-09,RSA,male,3,0.0,,,0.0,
Frank Gebert,34,60,36.17,1971,1978,8,0.0,0.0,0.0,0.0,0.0,0.0,0.0,0.0,0.0,R,1952-06-11,GER,male,94,0.0,,,0.0,
Frank Gebert,34,60,36.17,1971,1978,8,0.0,0.0,0.0,0.0,0.0,0.0,0.0,0.0,0.0,U,1952-11-06,GER,male,94,0.0,,,0.0,
Mehl Ampon,2,1,66.667,1981,1989,9,0.0,0.0,0.0,0.0,0.0,0.0,0.0,0.0,0.0,R,1956-11-30,USA,male,3,0.0,,,0.0,
Enrique Guerrero,1,1,50.0,1968,1968,1,0.0,0.0,0.0,0.0,0.0,0.0,0.0,0.0,0.0,U,,UNK,male,2,0.0,,,0.0,
Mathias Bourgue,1,3,25.0,2016,2017,2,10.0,19.0,400.0,258.0,170.0,66.0,61.0,17.0,36.0,R,1994-01-18,FRA,male,4,42.0,68.852,47.222,9.0,4.75
Rainer Falenti,0,1,0.0,1993,1993,1,1.0,6.0,56.0,25.0,15.0,15.0,8.0,3.0,7.0,R,1973-02-15,AUT,male,1,4.0,50.0,42.857,7.0,10.714
David Engel,21,41,33.871,1985,1995,11,55.0,68.0,2123.0,1389.0,898.0,360.0,324.0,119.0,211.0,R,1967-10-17,SWE,male,62,232.0,71.605,56.398,3.403,3.203
John Manderson,0,1,0.0,1973,1973,1,0.0,0.0,0.0,0.0,0.0,0.0,0.0,0.0,0.0,U,,AUS,male,1,0.0,,,0.0,
Arsenio Marta,0,2,0.0,1977,1977,1,0.0,0.0,0.0,0.0,0.0,0.0,0.0,0.0,0.0,U,1957-07-24,POR,male,2,0.0,,,0.0,
Chang Dae Jeon,0,2,0.0,1981,1981,1,0.0,0.0,0.0,0.0,0.0,0.0,0.0,0.0,0.0,U,1960-10-25,KOR,male,2,0.0,,,0.0,
Michael Massih,0,2,0.0,2013,2013,1,0.0,0.0,0.0,0.0,0.0,0.0,0.0,0.0,0.0,R,1987-05-07,LIB,male,2,0.0,,,0.0,
Joao Souza,27,50,35.065,2010,2017,8,169.0,383.0,5080.0,3181.0,2219.0,922.0,806.0,240.0,448.0,R,1988-05-27,BRA,male,77,598.0,74.194,53.571,5.818,7.539
Lew Hoad,23,22,51.111,1968,1974,7,0.0,0.0,0.0,0.0,0.0,0.0,0.0,0.0,0.0,R,1934-11-23,AUS,male,45,0.0,,,0.0,
Grant Doyle,4,25,13.793,1991,1998,8,133.0,55.0,2192.0,1278.0,805.0,403.0,332.0,124.0,252.0,R,1974-01-09,AUS,male,29,204.0,61.446,49.206,8.69,2.509
John Swann,0,1,0.0,1969,1969,1,0.0,0.0,0.0,0.0,0.0,0.0,0.0,0.0,0.0,U,,CAN,male,1,0.0,,,0.0,
Ivan Du Pasquier,2,1,66.667,1980,1982,3,0.0,0.0,0.0,0.0,0.0,0.0,0.0,0.0,0.0,U,1961-11-23,SUI,male,3,0.0,,,0.0,
Juan Manuel Elizondo,2,0,100.0,2007,2007,1,0.0,0.0,0.0,0.0,0.0,0.0,0.0,0.0,0.0,U,1983-06-08,MEX,male,2,0.0,,,0.0,
Ted Williams,0,1,0.0,1978,1978,1,0.0,0.0,0.0,0.0,0.0,0.0,0.0,0.0,0.0,R,,USA,male,1,0.0,,,0.0,
Constant Lestienne,1,5,16.667,2015,2019,5,17.0,19.0,385.0,239.0,149.0,64.0,61.0,23.0,48.0,R,1992-05-23,FRA,male,6,36.0,59.016,47.917,8.0,4.935
Tom Kreiss,3,7,30.0,1972,1976,5,0.0,0.0,0.0,0.0,0.0,0.0,0.0,0.0,0.0,R,,USA,male,10,0.0,,,0.0,
Andre Ghem,2,5,28.571,2006,2016,11,14.0,19.0,548.0,321.0,227.0,108.0,82.0,34.0,55.0,R,1982-05-29,BRA,male,7,61.0,74.39,61.818,7.857,3.467
Loucas Christophides,0,1,0.0,1992,1992,1,0.0,0.0,0.0,0.0,0.0,0.0,0.0,0.0,0.0,U,1968-05-01,CYP,male,1,0.0,,,0.0,
David Wells Roth,0,1,0.0,1987,1987,1,0.0,0.0,0.0,0.0,0.0,0.0,0.0,0.0,0.0,R,1969-07-03,USA,male,1,0.0,,,0.0,
Keith Brebnor,1,5,16.667,1969,1975,7,0.0,0.0,0.0,0.0,0.0,0.0,0.0,0.0,0.0,U,1947-08-07,RSA,male,6,0.0,,,0.0,
Laurent Prades,3,8,27.273,1989,1993,5,24.0,39.0,814.0,526.0,344.0,144.0,116.0,59.0,89.0,L,1968-07-19,FRA,male,11,86.0,74.138,66.292,8.091,4.791
Vijayant Malik,0,2,0.0,2013,2013,1,0.0,0.0,0.0,0.0,0.0,0.0,0.0,0.0,0.0,R,1990-02-14,IND,male,2,0.0,,,0.0,
Lassantha Fernando,0,3,0.0,1974,1975,2,0.0,0.0,0.0,0.0,0.0,0.0,0.0,0.0,0.0,U,1939-11-06,SRI,male,3,0.0,,,0.0,
Jose Garcia,8,17,32.0,1976,1983,8,0.0,0.0,0.0,0.0,0.0,0.0,0.0,0.0,0.0,U,1988-06-26,VEN,male,25,0.0,,,0.0,
Taro Daniel,50,82,37.879,2014,2021,8,387.0,454.0,10387.0,6540.0,4317.0,1886.0,1582.0,628.0,1080.0,R,1993-01-27,JPN,male,132,1130.0,71.429,58.148,8.182,4.371
Filip Peliwo,2,6,25.0,2013,2015,3,31.0,25.0,489.0,264.0,179.0,102.0,73.0,35.0,59.0,R,1994-01-30,CAN,male,8,49.0,67.123,59.322,7.375,5.112
Ezzat Nemati,2,4,33.333,1969,1976,8,0.0,0.0,0.0,0.0,0.0,0.0,0.0,0.0,0.0,U,,UAE,male,6,0.0,,,0.0,
Christer Allgardh,14,24,36.842,1987,1993,7,17.0,23.0,467.0,299.0,192.0,93.0,68.0,24.0,42.0,R,1967-02-20,SWE,male,38,50.0,73.529,57.143,1.105,4.925
W Walsh,0,1,0.0,1968,1968,1,0.0,0.0,0.0,0.0,0.0,0.0,0.0,0.0,0.0,U,,,male,1,0.0,,,0.0,
Leander Paes,90,87,50.847,1990,2008,19,403.0,379.0,7905.0,4712.0,3292.0,1526.0,1200.0,408.0,704.0,R,1973-06-17,IND,male,177,904.0,75.333,57.955,3.977,4.794
Hans Podlipnik Castillo,3,4,42.857,2008,2016,9,9.0,1.0,211.0,148.0,98.0,25.0,30.0,11.0,21.0,R,1988-01-09,CHI,male,7,20.0,66.667,52.381,3.0,0.474
Jose Vilela,8,10,44.444,1971,1979,9,0.0,0.0,0.0,0.0,0.0,0.0,0.0,0.0,0.0,U,1951-07-03,POR,male,18,0.0,,,0.0,
Frantisek Cermak,9,16,36.0,2001,2012,12,79.0,81.0,1700.0,1006.0,674.0,321.0,256.0,107.0,183.0,R,1976-11-14,CZE,male,25,180.0,70.312,58.47,7.32,4.765
Erick Iskersky,29,53,35.366,1978,1985,8,0.0,0.0,0.0,0.0,0.0,0.0,0.0,0.0,0.0,R,1958-01-25,USA,male,82,0.0,,,0.0,
Wai Yaw Liu,3,3,50.0,1988,1991,4,0.0,0.0,0.0,0.0,0.0,0.0,0.0,0.0,0.0,U,1964-12-22,SIN,male,6,0.0,,,0.0,
Go Soeda,46,88,34.328,2005,2020,16,300.0,326.0,8683.0,4859.0,3272.0,1850.0,1342.0,456.0,853.0,R,1984-09-05,JPN,male,134,945.0,70.417,53.458,6.366,3.754
Enrique Haro,0,2,0.0,1978,1978,1,0.0,0.0,0.0,0.0,0.0,0.0,0.0,0.0,0.0,R,,MEX,male,2,0.0,,,0.0,
Ben Mckown,4,9,30.769,1980,1981,2,0.0,0.0,0.0,0.0,0.0,0.0,0.0,0.0,0.0,R,1957-01-11,USA,male,13,0.0,,,0.0,
Fred Blatter,0,2,0.0,1971,1972,2,0.0,0.0,0.0,0.0,0.0,0.0,0.0,0.0,0.0,U,1949-09-25,SUI,male,2,0.0,,,0.0,
Francisco Fogues,1,2,33.333,2005,2005,1,6.0,8.0,240.0,164.0,100.0,37.0,35.0,15.0,29.0,L,1977-08-06,ESP,male,3,21.0,60.0,51.724,9.667,3.333
Sergei Leonjuk,0,1,0.0,1978,1978,1,0.0,0.0,0.0,0.0,0.0,0.0,0.0,0.0,0.0,R,,RUS,male,1,0.0,,,0.0,
Ference Komaromi,0,3,0.0,1968,1968,1,0.0,0.0,0.0,0.0,0.0,0.0,0.0,0.0,0.0,R,,HUN,male,3,0.0,,,0.0,
A Jackson,1,1,50.0,1974,1974,1,0.0,0.0,0.0,0.0,0.0,0.0,0.0,0.0,0.0,U,,,male,2,0.0,,,0.0,
Stephane Simian,39,65,37.5,1991,1998,8,457.0,491.0,8704.0,5412.0,3832.0,1523.0,1311.0,471.0,784.0,L,1967-06-08,FRA,male,104,998.0,76.125,60.077,7.538,5.641
Oscar Otte,4,7,36.364,2018,2020,3,40.0,75.0,862.0,492.0,357.0,191.0,139.0,36.0,63.0,R,1993-07-16,GER,male,11,112.0,80.576,57.143,5.727,8.701
Jay Lapidus,69,93,42.593,1978,1987,10,0.0,0.0,0.0,0.0,0.0,0.0,0.0,0.0,0.0,L,1959-05-01,USA,male,162,0.0,,,0.0,
Gino Meeuwsen,0,1,0.0,2010,2010,1,0.0,0.0,0.0,0.0,0.0,0.0,0.0,0.0,0.0,R,1992-06-09,AHO,male,1,0.0,,,0.0,
Sebastien Vidal,1,2,33.333,2010,2013,4,0.0,0.0,0.0,0.0,0.0,0.0,0.0,0.0,0.0,R,1989-12-09,GUA,male,3,0.0,,,0.0,
Terry Ryan,40,63,38.835,1968,1977,10,0.0,0.0,0.0,0.0,0.0,0.0,0.0,0.0,0.0,R,1942-04-27,RSA,male,103,0.0,,,0.0,
Terry Ryan,40,63,38.835,1968,1977,10,0.0,0.0,0.0,0.0,0.0,0.0,0.0,0.0,0.0,R,1942-04-27,RSA,male,103,0.0,,,0.0,
Martin Vaisse,0,1,0.0,2014,2014,1,0.0,2.0,82.0,49.0,31.0,22.0,14.0,2.0,6.0,U,1987-08-11,FRA,male,1,10.0,71.429,33.333,6.0,2.439
Malik Sanjaya Wijemanne,0,1,0.0,1990,1990,1,0.0,0.0,0.0,0.0,0.0,0.0,0.0,0.0,0.0,U,1971-03-10,SRI,male,1,0.0,,,0.0,
Arjun Fernando,16,15,51.613,1974,1991,18,0.0,0.0,0.0,0.0,0.0,0.0,0.0,0.0,0.0,R,,SRI,male,31,0.0,,,0.0,
Fu Shun Tang,0,3,0.0,1974,1976,3,0.0,0.0,0.0,0.0,0.0,0.0,0.0,0.0,0.0,U,1941-09-30,TPE,male,3,0.0,,,0.0,
Thierno Ly,3,13,18.75,1984,1999,16,0.0,0.0,0.0,0.0,0.0,0.0,0.0,0.0,0.0,R,,SEN,male,16,0.0,,,0.0,
Keith Diepraam,9,11,45.0,1969,1970,2,0.0,0.0,0.0,0.0,0.0,0.0,0.0,0.0,0.0,R,1942-09-11,RSA,male,20,0.0,,,0.0,
J Adams,0,1,0.0,1974,1974,1,0.0,0.0,0.0,0.0,0.0,0.0,0.0,0.0,0.0,U,,USA,male,1,0.0,,,0.0,
Gerry Doherty,0,2,0.0,1970,1971,2,0.0,0.0,0.0,0.0,0.0,0.0,0.0,0.0,0.0,U,,IRL,male,2,0.0,,,0.0,
C Floe,0,1,0.0,1980,1980,1,0.0,0.0,0.0,0.0,0.0,0.0,0.0,0.0,0.0,R,,USA,male,1,0.0,,,0.0,
Danny Sullivan,1,2,33.333,1971,1976,6,0.0,0.0,0.0,0.0,0.0,0.0,0.0,0.0,0.0,U,1952-04-20,RSA,male,3,0.0,,,0.0,
Sergei Cuptov,0,3,0.0,2004,2005,2,0.0,0.0,0.0,0.0,0.0,0.0,0.0,0.0,0.0,U,1982-02-22,MDA,male,3,0.0,,,0.0,
Bertrand Madsen,9,17,34.615,1991,2004,14,10.0,10.0,135.0,66.0,48.0,31.0,25.0,6.0,16.0,R,1972-05-18,HAI,male,26,15.0,60.0,37.5,0.615,7.407
Alexandre Sidorenko,4,9,30.769,2006,2016,11,44.0,56.0,1049.0,609.0,432.0,212.0,158.0,63.0,101.0,R,1988-02-18,FRA,male,13,120.0,75.949,62.376,7.769,5.338
Antonio Mennella,0,2,0.0,1969,1972,4,0.0,0.0,0.0,0.0,0.0,0.0,0.0,0.0,0.0,U,,ITA,male,2,0.0,,,0.0,
Cm Robinson,1,1,50.0,1975,1975,1,0.0,0.0,0.0,0.0,0.0,0.0,0.0,0.0,0.0,U,,UNK,male,2,0.0,,,0.0,
Charles Beckman,1,3,25.0,1988,1989,2,0.0,0.0,0.0,0.0,0.0,0.0,0.0,0.0,0.0,R,1965-03-01,USA,male,4,0.0,,,0.0,
Jacob Rasolondrazana,0,3,0.0,2012,2015,4,0.0,0.0,0.0,0.0,0.0,0.0,0.0,0.0,0.0,U,1984-04-07,MAD,male,3,0.0,,,0.0,
Oscar Martinez,19,27,41.304,1994,1996,3,153.0,92.0,3403.0,1810.0,1161.0,756.0,506.0,199.0,375.0,R,1974-03-09,ESP,male,46,330.0,65.217,53.067,8.152,2.703
M M Griffiths,0,1,0.0,1970,1970,1,0.0,0.0,0.0,0.0,0.0,0.0,0.0,0.0,0.0,U,,GBR,male,1,0.0,,,0.0,
Mats Moraing,0,1,0.0,2019,2019,1,4.0,14.0,65.0,35.0,29.0,18.0,11.0,1.0,2.0,L,1992-06-20,GER,male,1,10.0,90.909,50.0,2.0,21.538
Victor Amaya,135,130,50.943,1973,1983,11,0.0,0.0,0.0,0.0,0.0,0.0,0.0,0.0,0.0,L,1954-07-02,USA,male,265,0.0,,,0.0,
Ganiyu Adenekan,0,9,0.0,1993,1997,5,0.0,0.0,0.0,0.0,0.0,0.0,0.0,0.0,0.0,R,1975-07-10,NGR,male,9,0.0,,,0.0,
Tom Okker,407,164,71.278,1968,1981,14,0.0,0.0,0.0,0.0,0.0,0.0,0.0,0.0,0.0,R,1944-02-22,NED,male,571,0.0,,,0.0,
Nagy Kabaz,1,5,16.667,1984,1990,7,0.0,0.0,0.0,0.0,0.0,0.0,0.0,0.0,0.0,U,1964-04-05,SEN,male,6,0.0,,,0.0,
Earl Butch Buchholz,32,19,62.745,1968,1975,8,0.0,0.0,0.0,0.0,0.0,0.0,0.0,0.0,0.0,R,1940-09-16,USA,male,51,0.0,,,0.0,
Ugo Nastasi,2,9,18.182,2013,2018,6,9.0,4.0,237.0,148.0,86.0,41.0,34.0,22.0,36.0,R,1993-04-16,LUX,male,11,20.0,58.824,61.111,3.273,1.688
Mario Monroy,2,2,50.0,2001,2003,3,0.0,0.0,0.0,0.0,0.0,0.0,0.0,0.0,0.0,U,1982-05-22,PER,male,4,0.0,,,0.0,
Sven Salumaa,0,1,0.0,1989,1989,1,0.0,0.0,0.0,0.0,0.0,0.0,0.0,0.0,0.0,R,1966-10-21,USA,male,1,0.0,,,0.0,
Keith Arejo,0,1,0.0,1968,1968,1,0.0,0.0,0.0,0.0,0.0,0.0,0.0,0.0,0.0,R,,GBR,male,1,0.0,,,0.0,
Mario Carnevale,0,1,0.0,1989,1989,1,0.0,0.0,0.0,0.0,0.0,0.0,0.0,0.0,0.0,R,1967-08-16,ITA,male,1,0.0,,,0.0,
Dick Knight,2,12,14.286,1968,1972,5,0.0,0.0,0.0,0.0,0.0,0.0,0.0,0.0,0.0,R,1948-05-15,USA,male,14,0.0,,,0.0,
Timothy Phillips,0,1,0.0,1972,1972,1,0.0,0.0,0.0,0.0,0.0,0.0,0.0,0.0,0.0,,,GBR,male,1,0.0,,,0.0,
Timothy Phillips,0,1,0.0,1972,1972,1,0.0,0.0,0.0,0.0,0.0,0.0,0.0,0.0,0.0,U,,GBR,male,1,0.0,,,0.0,
Lazaro Navarro Batles,11,6,64.706,1997,2003,7,0.0,0.0,0.0,0.0,0.0,0.0,0.0,0.0,0.0,R,1974-01-28,CUB,male,17,0.0,,,0.0,
Gondo Widjojo,2,5,28.571,1968,1976,9,0.0,0.0,0.0,0.0,0.0,0.0,0.0,0.0,0.0,R,,INA,male,7,0.0,,,0.0,
Gondo Widjojo,2,5,28.571,1968,1976,9,0.0,0.0,0.0,0.0,0.0,0.0,0.0,0.0,0.0,U,1945-06-23,INA,male,7,0.0,,,0.0,
John Mcgrath,3,3,50.0,1968,1970,3,0.0,0.0,0.0,0.0,0.0,0.0,0.0,0.0,0.0,,,IRL,male,6,0.0,,,0.0,
Javier Ordaz,1,3,25.0,1978,1981,4,0.0,0.0,0.0,0.0,0.0,0.0,0.0,0.0,0.0,R,,MEX,male,4,0.0,,,0.0,
R Mortoire,0,1,0.0,1970,1970,1,0.0,0.0,0.0,0.0,0.0,0.0,0.0,0.0,0.0,U,,GBR,male,1,0.0,,,0.0,
Kim Huat Khoo,1,2,33.333,1994,1995,2,0.0,0.0,0.0,0.0,0.0,0.0,0.0,0.0,0.0,U,1976-03-02,MAS,male,3,0.0,,,0.0,
Giulio Zeppieri,0,1,0.0,2020,2020,1,4.0,1.0,77.0,49.0,35.0,11.0,10.0,7.0,10.0,L,2001-12-07,ITA,male,1,7.0,70.0,70.0,10.0,1.299
Leif Shiras,52,84,38.235,1980,1990,11,0.0,0.0,0.0,0.0,0.0,0.0,0.0,0.0,0.0,R,1959-08-21,USA,male,136,0.0,,,0.0,
Leif Shiras,52,84,38.235,1980,1990,11,0.0,0.0,0.0,0.0,0.0,0.0,0.0,0.0,0.0,R,1959-01-28,USA,male,136,0.0,,,0.0,
Morten Ronneberg,2,8,20.0,1982,1985,4,0.0,0.0,0.0,0.0,0.0,0.0,0.0,0.0,0.0,R,1964-09-09,NOR,male,10,0.0,,,0.0,
Hocine Younes,0,2,0.0,1975,1977,3,0.0,0.0,0.0,0.0,0.0,0.0,0.0,0.0,0.0,U,1948-05-14,ALG,male,2,0.0,,,0.0,
Richard Finger,0,1,0.0,1973,1973,1,0.0,0.0,0.0,0.0,0.0,0.0,0.0,0.0,0.0,U,1956-04-17,USA,male,1,0.0,,,0.0,
Anthony Bull,1,1,50.0,1968,1968,1,0.0,0.0,0.0,0.0,0.0,0.0,0.0,0.0,0.0,R,1947-04-04,USA,male,2,0.0,,,0.0,
Luis Bruguera,3,12,20.0,1968,1973,6,0.0,0.0,0.0,0.0,0.0,0.0,0.0,0.0,0.0,R,,ESP,male,15,0.0,,,0.0,
Nicolas Todero,0,1,0.0,2002,2002,1,4.0,2.0,74.0,46.0,31.0,12.0,10.0,3.0,5.0,R,1979-04-15,ARG,male,1,8.0,80.0,60.0,5.0,2.703
Laurent Hild,1,0,100.0,2003,2003,1,0.0,0.0,0.0,0.0,0.0,0.0,0.0,0.0,0.0,U,1982-07-08,LUX,male,1,0.0,,,0.0,
Clive Wilson,1,0,100.0,1990,1990,1,0.0,0.0,0.0,0.0,0.0,0.0,0.0,0.0,0.0,U,1963-04-25,ZIM,male,1,0.0,,,0.0,
Alexandar Lazarov,2,4,33.333,2016,2020,5,19.0,17.0,302.0,157.0,104.0,67.0,45.0,18.0,34.0,R,1997-11-06,BUL,male,6,29.0,64.444,52.941,5.667,5.629
Paul Avis,3,6,33.333,1975,1981,7,0.0,0.0,0.0,0.0,0.0,0.0,0.0,0.0,0.0,R,1958-04-14,RSA,male,9,0.0,,,0.0,
Hamed Ul Haq,19,11,63.333,1984,1997,14,0.0,0.0,0.0,0.0,0.0,0.0,0.0,0.0,0.0,U,1962-03-01,PAK,male,30,0.0,,,0.0,
Maxime Teixeira,1,5,16.667,2011,2015,5,30.0,26.0,663.0,437.0,276.0,92.0,92.0,53.0,84.0,R,1989-01-18,FRA,male,6,61.0,66.304,63.095,14.0,3.922
Richard Matuszewski,44,66,40.0,1985,1995,11,63.0,79.0,1603.0,1007.0,675.0,292.0,229.0,91.0,147.0,R,1964-09-07,USA,male,110,173.0,75.546,61.905,1.336,4.928
Shu Hua Liu,8,5,61.538,1983,1987,5,0.0,0.0,0.0,0.0,0.0,0.0,0.0,0.0,0.0,U,1962-10-23,CHN,male,13,0.0,,,0.0,
Larry Loeb,1,1,50.0,1979,1979,1,0.0,0.0,0.0,0.0,0.0,0.0,0.0,0.0,0.0,R,,USA,male,2,0.0,,,0.0,
R Armytage,0,1,0.0,1970,1970,1,0.0,0.0,0.0,0.0,0.0,0.0,0.0,0.0,0.0,U,,GBR,male,1,0.0,,,0.0,
Eric Jr. Olivarez,0,1,0.0,2020,2020,1,0.0,0.0,0.0,0.0,0.0,0.0,0.0,0.0,0.0,U,1998-04-18,PHI,male,1,0.0,,,0.0,
Tomislav Ternar,1,2,33.333,2013,2017,5,4.0,2.0,67.0,40.0,30.0,8.0,18.0,2.0,5.0,U,1990-09-16,SLO,male,3,15.0,83.333,40.0,1.667,2.985
Juan Pablo Etchecoin,0,1,0.0,1992,1992,1,0.0,1.0,82.0,46.0,24.0,21.0,13.0,4.0,9.0,R,,BRA,male,1,8.0,61.538,44.444,9.0,1.22
Nicolas Mahut,178,215,45.293,2000,2021,22,1377.0,3002.0,31830.0,19355.0,14159.0,6293.0,5003.0,1531.0,2485.0,R,1982-01-21,FRA,male,393,4049.0,80.931,61.61,6.323,9.431
Petr Luxa,1,15,6.25,1996,2003,8,59.0,46.0,1089.0,661.0,404.0,177.0,167.0,60.0,132.0,R,1972-03-03,CZE,male,16,95.0,56.886,45.455,8.25,4.224
Daniel Berta,0,2,0.0,2009,2009,1,3.0,1.0,106.0,53.0,33.0,27.0,17.0,4.0,10.0,R,1992-11-26,SWE,male,2,11.0,64.706,40.0,5.0,0.943
Thomas Prerovsky,1,1,50.0,1992,1992,1,0.0,0.0,0.0,0.0,0.0,0.0,0.0,0.0,0.0,R,1969-02-15,AUT,male,2,0.0,,,0.0,
Thomas Prerovsky,1,1,50.0,1992,1992,1,0.0,0.0,0.0,0.0,0.0,0.0,0.0,0.0,0.0,U,1969-02-15,AUT,male,2,0.0,,,0.0,
Mark Jeffrey,0,1,0.0,1985,1985,1,0.0,0.0,0.0,0.0,0.0,0.0,0.0,0.0,0.0,R,,AUS,male,1,0.0,,,0.0,
David Brown,2,5,28.571,1969,1977,9,0.0,0.0,0.0,0.0,0.0,0.0,0.0,0.0,0.0,U,,CAN,male,7,0.0,,,0.0,
Joe Foley,0,1,0.0,1969,1969,1,0.0,0.0,0.0,0.0,0.0,0.0,0.0,0.0,0.0,U,,USA,male,1,0.0,,,0.0,
Selvam Veerasingam,10,11,47.619,1988,2006,19,0.0,0.0,0.0,0.0,0.0,0.0,0.0,0.0,0.0,R,1969-11-08,MAS,male,21,0.0,,,0.0,
Phillip Tuckniss,6,6,50.0,1983,1986,4,0.0,0.0,0.0,0.0,0.0,0.0,0.0,0.0,0.0,R,1962-05-05,ZIM,male,12,0.0,,,0.0,
U Markoff,0,2,0.0,1970,1971,2,0.0,0.0,0.0,0.0,0.0,0.0,0.0,0.0,0.0,U,,UNK,male,2,0.0,,,0.0,
Cedric Pioline,315,254,55.36,1989,2002,14,2002.0,2894.0,43821.0,25001.0,18225.0,9267.0,6675.0,2193.0,3651.0,R,1969-06-15,FRA,male,569,5217.0,78.157,60.066,6.417,6.604
Hernan Gumy,115,128,47.325,1994,2001,8,801.0,630.0,17280.0,10761.0,7248.0,3171.0,2651.0,941.0,1665.0,R,1972-03-05,ARG,male,243,1927.0,72.69,56.517,6.852,3.646
David Imonitie,2,6,25.0,1978,1986,9,0.0,0.0,0.0,0.0,0.0,0.0,0.0,0.0,0.0,R,1954-04-10,NGR,male,8,0.0,,,0.0,
Pedro Gonzalez,0,2,0.0,1979,1980,2,0.0,0.0,0.0,0.0,0.0,0.0,0.0,0.0,0.0,R,1993-02-13,VEN,male,2,0.0,,,0.0,
Stephane Andriolo,0,1,0.0,1994,1994,1,6.0,2.0,59.0,38.0,24.0,8.0,10.0,2.0,6.0,R,1971-11-06,FRA,male,1,6.0,60.0,33.333,6.0,3.39
Juan Pablo Barboza,0,1,0.0,2001,2001,1,0.0,0.0,0.0,0.0,0.0,0.0,0.0,0.0,0.0,U,1979-04-03,PAR,male,1,0.0,,,0.0,
F Briscoe,0,1,0.0,1978,1978,1,0.0,0.0,0.0,0.0,0.0,0.0,0.0,0.0,0.0,U,,RSA,male,1,0.0,,,0.0,
Frank Tutvin,1,7,12.5,1968,1969,2,0.0,0.0,0.0,0.0,0.0,0.0,0.0,0.0,0.0,R,,USA,male,8,0.0,,,0.0,
Luke Jensen,11,38,22.449,1985,2000,16,125.0,131.0,2220.0,1298.0,889.0,413.0,329.0,142.0,241.0,U,1966-06-18,USA,male,49,230.0,69.909,58.921,4.918,5.901
Carlos Gattiker,1,25,3.846,1973,1983,11,0.0,0.0,0.0,0.0,0.0,0.0,0.0,0.0,0.0,R,1956-06-06,ARG,male,26,0.0,,,0.0,
Giovanni Lelli Mami,0,1,0.0,1988,1988,1,0.0,0.0,0.0,0.0,0.0,0.0,0.0,0.0,0.0,R,,ITA,male,1,0.0,,,0.0,
Alan Schwarz,1,1,50.0,1969,1969,1,0.0,0.0,0.0,0.0,0.0,0.0,0.0,0.0,0.0,U,,RSA,male,2,0.0,,,0.0,
Richard Howes,1,1,50.0,1970,1970,1,0.0,0.0,0.0,0.0,0.0,0.0,0.0,0.0,0.0,U,,AUS,male,2,0.0,,,0.0,
Keith Begley,0,1,0.0,1980,1980,1,0.0,0.0,0.0,0.0,0.0,0.0,0.0,0.0,0.0,R,,AUS,male,1,0.0,,,0.0,
Austin Smith,0,1,0.0,2016,2016,1,4.0,1.0,48.0,30.0,15.0,10.0,8.0,3.0,7.0,U,1993-11-25,USA,male,1,4.0,50.0,42.857,7.0,2.083
John Frawley,64,79,44.755,1982,1989,8,0.0,0.0,0.0,0.0,0.0,0.0,0.0,0.0,0.0,R,1965-07-04,AUS,male,143,0.0,,,0.0,
Rafael Jordan,2,5,28.571,1996,1997,2,0.0,0.0,0.0,0.0,0.0,0.0,0.0,0.0,0.0,U,1977-05-26,PUR,male,7,0.0,,,0.0,
Robbie Smith,0,1,0.0,1971,1971,1,0.0,0.0,0.0,0.0,0.0,0.0,0.0,0.0,0.0,R,,USA,male,1,0.0,,,0.0,
Eric Korita,23,24,48.936,1982,1986,5,0.0,0.0,0.0,0.0,0.0,0.0,0.0,0.0,0.0,R,1963-01-13,USA,male,47,0.0,,,0.0,
Eduardo Velez,3,5,37.5,1986,1990,5,0.0,0.0,0.0,0.0,0.0,0.0,0.0,0.0,0.0,R,1969-04-20,MEX,male,8,0.0,,,0.0,
Erhan Oral,1,5,16.667,1999,2001,3,0.0,0.0,0.0,0.0,0.0,0.0,0.0,0.0,0.0,R,1971-07-19,TUR,male,6,0.0,,,0.0,
Andreas Maurer,114,130,46.721,1978,1989,12,0.0,0.0,0.0,0.0,0.0,0.0,0.0,0.0,0.0,R,1958-03-08,GER,male,244,0.0,,,0.0,
Mariano Sanchez,4,1,80.0,1998,2000,3,0.0,0.0,0.0,0.0,0.0,0.0,0.0,0.0,0.0,R,1978-07-03,MEX,male,5,0.0,,,0.0,
Ahmed El Mehelmy,16,20,44.444,1978,1990,13,0.0,0.0,0.0,0.0,0.0,0.0,0.0,0.0,0.0,R,1962-01-25,EGY,male,36,0.0,,,0.0,
Mike Harrington,3,3,50.0,1978,1979,2,0.0,0.0,0.0,0.0,0.0,0.0,0.0,0.0,0.0,R,,USA,male,6,0.0,,,0.0,
Sun Yong Kim Jr,2,1,66.667,2005,2005,1,0.0,0.0,0.0,0.0,0.0,0.0,0.0,0.0,0.0,R,1987-05-26,KOR,male,3,0.0,,,0.0,
K Shimamura,0,1,0.0,1973,1973,1,0.0,0.0,0.0,0.0,0.0,0.0,0.0,0.0,0.0,R,,JPN,male,1,0.0,,,0.0,
Mike Prineas,0,5,0.0,1972,1975,4,0.0,0.0,0.0,0.0,0.0,0.0,0.0,0.0,0.0,U,,USA,male,5,0.0,,,0.0,
U Sacoldelli,0,1,0.0,1971,1971,1,0.0,0.0,0.0,0.0,0.0,0.0,0.0,0.0,0.0,U,,UNK,male,1,0.0,,,0.0,
Aymeric Mara,0,1,0.0,2012,2012,1,0.0,0.0,0.0,0.0,0.0,0.0,0.0,0.0,0.0,U,1993-08-26,VAN,male,1,0.0,,,0.0,
Pavel Slozil,129,133,49.237,1975,1986,12,0.0,0.0,0.0,0.0,0.0,0.0,0.0,0.0,0.0,R,1955-12-29,CZE,male,262,0.0,,,0.0,
Donny Susetyo,0,1,0.0,1995,1995,1,5.0,1.0,48.0,30.0,16.0,6.0,8.0,4.0,9.0,R,1974-03-28,INA,male,1,3.0,37.5,44.444,9.0,2.083
Tatsuma Ito,34,66,34.0,2008,2020,13,286.0,358.0,6836.0,3988.0,2695.0,1408.0,1061.0,349.0,648.0,R,1988-05-18,JPN,male,100,762.0,71.819,53.858,6.48,5.237
Roger Mckee,1,2,33.333,1976,1980,5,0.0,0.0,0.0,0.0,0.0,0.0,0.0,0.0,0.0,R,,USA,male,3,0.0,,,0.0,
Augusto Sanabria,0,1,0.0,2000,2000,1,0.0,0.0,0.0,0.0,0.0,0.0,0.0,0.0,0.0,U,1980-06-04,ESA,male,1,0.0,,,0.0,
Duilio Vallebuona,0,1,0.0,2015,2015,1,0.0,0.0,0.0,0.0,0.0,0.0,0.0,0.0,0.0,R,1992-07-06,PER,male,1,0.0,,,0.0,
Kyle Johnson,0,1,0.0,2019,2019,1,0.0,0.0,0.0,0.0,0.0,0.0,0.0,0.0,0.0,U,1993-09-30,USA,male,1,0.0,,,0.0,
Chu Huan Yi,0,2,0.0,2006,2010,5,0.0,0.0,0.0,0.0,0.0,0.0,0.0,0.0,0.0,L,1987-08-31,TPE,male,2,0.0,,,0.0,
Kazuya Morita,0,2,0.0,1985,1986,2,0.0,0.0,0.0,0.0,0.0,0.0,0.0,0.0,0.0,R,,JPN,male,2,0.0,,,0.0,
Cristobal Saavedra Corvalan,0,2,0.0,2010,2010,1,1.0,1.0,83.0,53.0,30.0,16.0,12.0,10.0,15.0,R,1990-08-01,CHI,male,2,7.0,58.333,66.667,7.5,1.205
Jannik Sinner,32,22,59.259,2019,2021,3,108.0,196.0,4184.0,2547.0,1776.0,847.0,637.0,220.0,357.0,U,2001-08-16,ITA,male,54,500.0,78.493,61.625,6.611,4.685
Mariano Puerta,124,111,52.766,1997,2005,9,451.0,782.0,16513.0,10694.0,7338.0,2996.0,2605.0,883.0,1476.0,L,1978-09-19,ARG,male,235,2012.0,77.236,59.824,6.281,4.736
Scott Barron,5,7,41.667,1993,2001,9,0.0,0.0,0.0,0.0,0.0,0.0,0.0,0.0,0.0,R,1974-08-27,IRL,male,12,0.0,,,0.0,
Patrick Landau,3,0,100.0,1970,1972,3,0.0,0.0,0.0,0.0,0.0,0.0,0.0,0.0,0.0,U,,MON,male,3,0.0,,,0.0,
Ian Harris,1,2,33.333,1973,1981,9,0.0,0.0,0.0,0.0,0.0,0.0,0.0,0.0,0.0,R,1952-11-16,USA,male,3,0.0,,,0.0,
Heiner Moraing,4,7,36.364,1988,1989,2,0.0,0.0,0.0,0.0,0.0,0.0,0.0,0.0,0.0,R,1964-08-03,GER,male,11,0.0,,,0.0,
Vitaliy Sachko,0,1,0.0,2020,2020,1,4.0,3.0,80.0,57.0,32.0,8.0,11.0,3.0,9.0,U,1997-07-14,UKR,male,1,5.0,45.455,33.333,9.0,3.75
Emilio Benfele Alvarez,44,63,41.121,1993,2001,9,328.0,435.0,8647.0,5142.0,3519.0,1631.0,1262.0,524.0,853.0,R,1972-11-15,ESP,male,107,933.0,73.93,61.43,7.972,5.031
Hyun Woo Nam,1,2,33.333,2004,2008,5,3.0,8.0,185.0,122.0,77.0,34.0,25.0,7.0,14.0,R,1985-01-09,KOR,male,3,18.0,72.0,50.0,4.667,4.324
Orlando Lourenco,9,5,64.286,1983,1990,8,0.0,0.0,0.0,0.0,0.0,0.0,0.0,0.0,0.0,R,,ZIM,male,14,0.0,,,0.0,
Christian Jessel,0,1,0.0,1984,1984,1,0.0,0.0,0.0,0.0,0.0,0.0,0.0,0.0,0.0,R,1963-03-22,GER,male,1,0.0,,,0.0,
Eleftherios Christou,0,2,0.0,2008,2010,3,0.0,0.0,0.0,0.0,0.0,0.0,0.0,0.0,0.0,R,1985-01-20,CYP,male,2,0.0,,,0.0,
Altug Celikbilek,6,6,50.0,2016,2021,6,43.0,54.0,805.0,474.0,335.0,153.0,126.0,52.0,84.0,U,1996-09-07,TUR,male,12,94.0,74.603,61.905,7.0,6.708
Cliff Montgomery,0,1,0.0,1968,1968,1,0.0,0.0,0.0,0.0,0.0,0.0,0.0,0.0,0.0,R,,USA,male,1,0.0,,,0.0,
Jeff Brown,0,1,0.0,1973,1973,1,0.0,0.0,0.0,0.0,0.0,0.0,0.0,0.0,0.0,R,1966-11-15,USA,male,1,0.0,,,0.0,
Paul Mcnamee,209,197,51.478,1973,1988,16,0.0,0.0,0.0,0.0,0.0,0.0,0.0,0.0,0.0,R,1954-11-12,AUS,male,406,0.0,,,0.0,
Nicolaas Scholtz,3,6,33.333,2011,2018,8,22.0,63.0,540.0,345.0,247.0,97.0,87.0,14.0,32.0,R,1991-02-05,RSA,male,9,69.0,79.31,43.75,3.556,11.667
Alfonso Gonzalez,1,1,50.0,1979,1984,6,0.0,0.0,0.0,0.0,0.0,0.0,0.0,0.0,0.0,R,,MEX,male,2,0.0,,,0.0,
Anatoli Volkov,2,8,20.0,1970,1975,6,0.0,0.0,0.0,0.0,0.0,0.0,0.0,0.0,0.0,R,,RUS,male,10,0.0,,,0.0,
Wolfgang Popp,34,63,35.052,1979,1988,10,0.0,0.0,0.0,0.0,0.0,0.0,0.0,0.0,0.0,R,1959-05-19,GER,male,97,0.0,,,0.0,
Richard Meyer,25,53,32.051,1974,1984,11,0.0,0.0,0.0,0.0,0.0,0.0,0.0,0.0,0.0,R,1955-09-04,USA,male,78,0.0,,,0.0,
Jean Noel Said,0,3,0.0,1994,1998,5,0.0,0.0,0.0,0.0,0.0,0.0,0.0,0.0,0.0,U,1975-11-22,SEN,male,3,0.0,,,0.0,
Andrej Martin,20,30,40.0,2010,2021,12,101.0,115.0,3592.0,2317.0,1477.0,627.0,525.0,254.0,411.0,R,1989-09-20,SVK,male,50,368.0,70.095,61.8,8.22,3.202
Belus Prajoux,76,117,39.378,1972,1986,15,0.0,0.0,0.0,0.0,0.0,0.0,0.0,0.0,0.0,R,1955-02-27,CHI,male,193,0.0,,,0.0,
Ti Chen,13,17,43.333,2003,2018,16,5.0,7.0,370.0,267.0,163.0,48.0,59.0,21.0,42.0,R,1983-10-03,TPE,male,30,38.0,64.407,50.0,1.4,1.892
Neal Higgins,0,1,0.0,1968,1968,1,0.0,0.0,0.0,0.0,0.0,0.0,0.0,0.0,0.0,R,,AUS,male,1,0.0,,,0.0,
Rohan De Silva,9,8,52.941,1990,1999,10,0.0,0.0,0.0,0.0,0.0,0.0,0.0,0.0,0.0,U,1972-02-12,SRI,male,17,0.0,,,0.0,
Gunther Darkey,2,6,25.0,1997,2005,9,0.0,0.0,0.0,0.0,0.0,0.0,0.0,0.0,0.0,R,1976-06-08,GHA,male,8,0.0,,,0.0,
Luis Felipe Tavares,5,11,31.25,1969,1975,7,0.0,0.0,0.0,0.0,0.0,0.0,0.0,0.0,0.0,R,1949-09-26,BRA,male,16,0.0,,,0.0,
Goudjo Gbedey,5,4,55.556,1990,1999,10,0.0,0.0,0.0,0.0,0.0,0.0,0.0,0.0,0.0,U,1963-09-11,TOG,male,9,0.0,,,0.0,
Richard Bloomfield,4,12,25.0,2003,2011,9,74.0,163.0,1310.0,743.0,563.0,279.0,198.0,68.0,104.0,R,1983-04-27,GBR,male,16,162.0,81.818,65.385,6.5,12.443
Robert Millington,1,1,50.0,1971,1971,1,0.0,0.0,0.0,0.0,0.0,0.0,0.0,0.0,0.0,U,1953-04-13,GBR,male,2,0.0,,,0.0,
Adrian Marcu,11,11,50.0,1974,1992,19,0.0,0.0,0.0,0.0,0.0,0.0,0.0,0.0,0.0,R,1961-12-03,ROU,male,22,0.0,,,0.0,
Dennis Novikov,5,11,31.25,2012,2017,6,64.0,142.0,1339.0,731.0,531.0,312.0,207.0,60.0,99.0,R,1993-11-06,USA,male,16,168.0,81.159,60.606,6.188,10.605
Robby Ginepri,181,196,48.011,2001,2014,14,850.0,2106.0,29249.0,18260.0,12618.0,5687.0,4606.0,1433.0,2467.0,R,1982-10-07,USA,male,377,3572.0,77.551,58.087,6.544,7.2
Jaime Oncins,73,88,45.342,1988,2001,14,641.0,386.0,10414.0,5822.0,3974.0,2046.0,1578.0,622.0,1119.0,R,1970-06-16,BRA,male,161,1081.0,68.504,55.585,6.95,3.707
Victor Egorov,3,3,50.0,1968,1971,4,0.0,0.0,0.0,0.0,0.0,0.0,0.0,0.0,0.0,R,,UKR,male,6,0.0,,,0.0,
Clay Thompson,0,1,0.0,2014,2014,1,9.0,5.0,43.0,17.0,10.0,10.0,7.0,1.0,5.0,R,1992-05-04,USA,male,1,3.0,42.857,20.0,5.0,11.628
Antonio Hartmann,0,1,0.0,1977,1977,1,0.0,0.0,0.0,0.0,0.0,0.0,0.0,0.0,0.0,R,,CHI,male,1,0.0,,,0.0,
Robert Seguso,76,78,49.351,1983,1991,9,6.0,4.0,79.0,41.0,29.0,21.0,14.0,2.0,5.0,R,1963-05-01,USA,male,154,11.0,78.571,40.0,0.032,5.063
Jan Kroslak,51,72,41.463,1995,2002,8,729.0,584.0,9624.0,5816.0,3967.0,1640.0,1378.0,632.0,1036.0,R,1974-10-17,SVK,male,123,974.0,70.682,61.004,8.423,6.068
Yuki Bhambri,22,30,42.308,2009,2021,13,132.0,88.0,2930.0,1888.0,1208.0,507.0,452.0,148.0,284.0,R,1992-07-04,IND,male,52,316.0,69.912,52.113,5.462,3.003
Andrew Lobb,0,1,0.0,1989,1989,1,0.0,0.0,0.0,0.0,0.0,0.0,0.0,0.0,0.0,R,1965-04-24,NZL,male,1,0.0,,,0.0,
Rodney Harmon,34,39,46.575,1980,1985,6,0.0,0.0,0.0,0.0,0.0,0.0,0.0,0.0,0.0,R,1961-08-16,USA,male,73,0.0,,,0.0,
David Livingston,1,1,50.0,1986,1986,1,0.0,0.0,0.0,0.0,0.0,0.0,0.0,0.0,0.0,R,1962-12-29,USA,male,2,0.0,,,0.0,
Gustavo Giussani,8,17,32.0,1987,1989,3,0.0,0.0,0.0,0.0,0.0,0.0,0.0,0.0,0.0,R,1968-03-06,ARG,male,25,0.0,,,0.0,
Terry Hassall,1,3,25.0,1970,1974,5,0.0,0.0,0.0,0.0,0.0,0.0,0.0,0.0,0.0,U,1948-09-17,USA,male,4,0.0,,,0.0,
David Mehl,0,1,0.0,1969,1969,1,0.0,0.0,0.0,0.0,0.0,0.0,0.0,0.0,0.0,U,,USA,male,1,0.0,,,0.0,
Michael Westphal,78,95,45.087,1982,1989,8,0.0,0.0,0.0,0.0,0.0,0.0,0.0,0.0,0.0,R,1965-02-19,GER,male,173,0.0,,,0.0,
Henrik Sillanpaa,0,2,0.0,2015,2015,1,0.0,0.0,0.0,0.0,0.0,0.0,0.0,0.0,0.0,U,1991-04-21,FIN,male,2,0.0,,,0.0,
Horst Skoff,203,174,53.846,1985,1995,11,390.0,427.0,11064.0,6498.0,4282.0,2276.0,1690.0,640.0,1130.0,R,1968-08-22,AUT,male,377,1200.0,71.006,56.637,2.997,3.859
Wolfgang Schranz,8,12,40.0,1994,2000,7,66.0,67.0,1292.0,744.0,525.0,254.0,198.0,67.0,122.0,R,1976-03-19,AUT,male,20,143.0,72.222,54.918,6.1,5.186
Neville Godwin,35,51,40.698,1992,2002,11,429.0,414.0,6891.0,3754.0,2739.0,1463.0,1021.0,403.0,656.0,R,1975-01-31,RSA,male,86,768.0,75.22,61.433,7.628,6.008
Dovydas Sakinis,2,4,33.333,2009,2013,5,0.0,0.0,0.0,0.0,0.0,0.0,0.0,0.0,0.0,L,1992-07-02,LTU,male,6,0.0,,,0.0,
Moez Chargui,0,1,0.0,2018,2018,1,0.0,0.0,0.0,0.0,0.0,0.0,0.0,0.0,0.0,R,1993-01-10,TUN,male,1,0.0,,,0.0,
David Dowlen,10,21,32.258,1978,1987,10,0.0,0.0,0.0,0.0,0.0,0.0,0.0,0.0,0.0,R,1960-02-03,USA,male,31,0.0,,,0.0,
Benito Jose Suriano,1,1,50.0,2007,2007,1,0.0,0.0,0.0,0.0,0.0,0.0,0.0,0.0,0.0,U,1990-03-11,ESA,male,2,0.0,,,0.0,
Vitaliy Pavlov,0,1,0.0,2006,2006,1,0.0,0.0,0.0,0.0,0.0,0.0,0.0,0.0,0.0,U,1984-05-03,KAZ,male,1,0.0,,,0.0,
David Marrero,3,6,33.333,2008,2010,3,20.0,49.0,848.0,544.0,362.0,162.0,123.0,43.0,71.0,R,1980-04-08,ESP,male,9,95.0,77.236,60.563,7.889,5.778
Fernando Vasquez,1,1,50.0,1978,1978,1,0.0,0.0,0.0,0.0,0.0,0.0,0.0,0.0,0.0,R,,ESP,male,2,0.0,,,0.0,
Edris Fetisleam,1,0,100.0,2018,2018,1,2.0,0.0,42.0,22.0,17.0,12.0,7.0,0.0,0.0,U,1999-07-25,ROU,male,1,7.0,100.0,,0.0,0.0
Febi Widhiyanto,15,8,65.217,1998,2006,9,0.0,0.0,0.0,0.0,0.0,0.0,0.0,0.0,0.0,R,1980-02-09,INA,male,23,0.0,,,0.0,
Bidynt Goswami,1,2,33.333,1974,1979,6,0.0,0.0,0.0,0.0,0.0,0.0,0.0,0.0,0.0,R,,IND,male,3,0.0,,,0.0,
Guillaume Rufin,16,28,36.364,2009,2013,5,211.0,313.0,4054.0,2209.0,1542.0,912.0,606.0,248.0,405.0,R,1990-05-26,FRA,male,44,449.0,74.092,61.235,9.205,7.721
Jamie Baker,7,20,25.926,2006,2013,8,41.0,78.0,1621.0,1059.0,698.0,256.0,246.0,99.0,170.0,R,1986-08-05,GBR,male,27,175.0,71.138,58.235,6.296,4.812
Eric Friedler,15,33,31.25,1974,1980,7,0.0,0.0,0.0,0.0,0.0,0.0,0.0,0.0,0.0,R,1954-09-08,USA,male,48,0.0,,,0.0,
Stefano Napolitano,1,2,33.333,2017,2017,1,6.0,14.0,273.0,164.0,110.0,54.0,43.0,18.0,30.0,R,1995-04-11,ITA,male,3,31.0,72.093,60.0,10.0,5.128
Dave Ranney,0,1,0.0,1970,1970,1,0.0,0.0,0.0,0.0,0.0,0.0,0.0,0.0,0.0,U,,USA,male,1,0.0,,,0.0,
Francisco Montana,15,35,30.0,1990,1996,7,136.0,71.0,3563.0,2285.0,1392.0,630.0,538.0,167.0,351.0,R,1969-11-05,USA,male,50,354.0,65.799,47.578,7.02,1.993
Johnny Goudenbour,12,23,34.286,1981,1993,13,0.0,0.0,0.0,0.0,0.0,0.0,0.0,0.0,0.0,R,1963-12-31,LUX,male,35,0.0,,,0.0,
Bob Bryan,21,39,35.0,1997,2009,13,128.0,387.0,3974.0,2463.0,1782.0,770.0,633.0,181.0,314.0,L,1978-04-29,USA,male,60,500.0,78.989,57.643,5.233,9.738
Tim Smyczek,43,85,33.594,2008,2019,12,342.0,571.0,10508.0,6459.0,4290.0,2037.0,1593.0,635.0,1073.0,R,1987-12-30,USA,male,128,1155.0,72.505,59.18,8.383,5.434
Mark Basham,0,3,0.0,1988,1988,1,0.0,0.0,0.0,0.0,0.0,0.0,0.0,0.0,0.0,L,1962-04-24,USA,male,3,0.0,,,0.0,
Mike Gandolfo,2,5,28.571,1980,1983,4,0.0,0.0,0.0,0.0,0.0,0.0,0.0,0.0,0.0,R,1958-10-03,USA,male,7,0.0,,,0.0,
Simon Carr,0,2,0.0,2018,2018,1,4.0,3.0,60.0,38.0,28.0,8.0,10.0,1.0,3.0,R,1999-11-07,IRL,male,2,8.0,80.0,33.333,1.5,5.0
Mauricio Doria Medina,2,4,33.333,2008,2012,5,0.0,0.0,0.0,0.0,0.0,0.0,0.0,0.0,0.0,L,1988-09-22,BOL,male,6,0.0,,,0.0,
Andrea Basso,0,1,0.0,2019,2019,1,1.0,6.0,60.0,27.0,16.0,13.0,9.0,2.0,7.0,L,1993-10-08,ITA,male,1,4.0,44.444,28.571,7.0,10.0
Norm Perry,1,4,20.0,1968,1971,4,0.0,0.0,0.0,0.0,0.0,0.0,0.0,0.0,0.0,R,1938-05-10,USA,male,5,0.0,,,0.0,
Ivan Camus,0,1,0.0,1981,1981,1,0.0,0.0,0.0,0.0,0.0,0.0,0.0,0.0,0.0,R,,CHI,male,1,0.0,,,0.0,
Daniel Masur,1,4,20.0,2017,2018,2,14.0,19.0,354.0,246.0,161.0,49.0,51.0,26.0,40.0,R,1994-06-11,GER,male,5,37.0,72.549,65.0,8.0,5.367
Alexander Skrypko,0,4,0.0,2001,2004,4,0.0,0.0,0.0,0.0,0.0,0.0,0.0,0.0,0.0,U,1986-07-01,BLR,male,4,0.0,,,0.0,
Worapol Thongkamcho,31,14,68.889,1986,1997,12,0.0,0.0,0.0,0.0,0.0,0.0,0.0,0.0,0.0,R,1968-01-01,THA,male,45,0.0,,,0.0,
Michael Stich,288,131,68.735,1989,1997,9,1255.0,2404.0,26816.0,15267.0,11779.0,6062.0,4089.0,1205.0,1823.0,R,1968-10-18,GER,male,419,3471.0,84.886,66.1,4.351,8.965
Maxime Authom,0,2,0.0,2012,2013,2,13.0,13.0,283.0,164.0,116.0,52.0,39.0,16.0,25.0,R,1987-03-29,BEL,male,2,30.0,76.923,64.0,12.5,4.594
Jordi Samper Montana,0,2,0.0,2016,2018,3,2.0,4.0,213.0,137.0,82.0,31.0,27.0,16.0,27.0,U,1990-04-05,ESP,male,2,16.0,59.259,59.259,13.5,1.878
Louk Sorensen,3,6,33.333,2006,2014,9,12.0,38.0,443.0,283.0,205.0,84.0,75.0,14.0,31.0,R,1985-01-07,IRL,male,9,58.0,77.333,45.161,3.444,8.578
U Bahr,0,1,0.0,1970,1970,1,0.0,0.0,0.0,0.0,0.0,0.0,0.0,0.0,0.0,U,,UNK,male,1,0.0,,,0.0,
Nick Fleury,2,7,22.222,1969,1973,5,0.0,0.0,0.0,0.0,0.0,0.0,0.0,0.0,0.0,U,1945-05-10,NED,male,9,0.0,,,0.0,
Karim Afifi,0,1,0.0,1993,1993,1,0.0,0.0,0.0,0.0,0.0,0.0,0.0,0.0,0.0,U,1973-04-10,EGY,male,1,0.0,,,0.0,
Mohamed Wafa,1,0,100.0,2002,2002,1,0.0,0.0,0.0,0.0,0.0,0.0,0.0,0.0,0.0,R,1978-02-09,EGY,male,1,0.0,,,0.0,
Emmanuel Udozorh,4,3,57.143,1993,1995,3,0.0,0.0,0.0,0.0,0.0,0.0,0.0,0.0,0.0,U,1973-03-07,NGR,male,7,0.0,,,0.0,
Albert Costa,380,251,60.222,1993,2006,14,1216.0,2054.0,47310.0,31837.0,21467.0,8086.0,7338.0,2496.0,4139.0,R,1975-06-25,ESP,male,631,5695.0,77.61,60.304,6.559,4.342
Bob Carmichael,177,190,48.229,1968,1979,12,0.0,0.0,0.0,0.0,0.0,0.0,0.0,0.0,0.0,R,1940-07-04,AUS,male,367,0.0,,,0.0,
Mariusz Zielinski,0,1,0.0,1999,1999,1,0.0,0.0,0.0,0.0,0.0,0.0,0.0,0.0,0.0,U,1975-12-26,POL,male,1,0.0,,,0.0,
Roberto Carretero,23,44,34.328,1993,2001,9,254.0,88.0,5100.0,3546.0,2254.0,712.0,767.0,283.0,518.0,R,1975-08-30,ESP,male,67,532.0,69.361,54.633,7.731,1.725
Jay Isqur,0,1,0.0,1971,1971,1,0.0,0.0,0.0,0.0,0.0,0.0,0.0,0.0,0.0,U,,USA,male,1,0.0,,,0.0,
Johan Carlsson,52,69,42.975,1983,1994,12,52.0,29.0,1751.0,1154.0,712.0,301.0,256.0,98.0,183.0,R,1966-01-29,SWE,male,121,171.0,66.797,53.552,1.512,1.656
Neville Senaratne,0,1,0.0,1971,1971,1,0.0,0.0,0.0,0.0,0.0,0.0,0.0,0.0,0.0,U,,SRI,male,1,0.0,,,0.0,
Alex Knaff,0,3,0.0,2015,2016,2,12.0,3.0,141.0,83.0,54.0,24.0,20.0,10.0,19.0,,1997-11-26,LUX,male,3,11.0,55.0,52.632,6.333,2.128
Andy Mccurry,0,2,0.0,1978,1980,3,0.0,0.0,0.0,0.0,0.0,0.0,0.0,0.0,0.0,R,,USA,male,2,0.0,,,0.0,
Lior Mor,1,3,25.0,1998,2000,3,2.0,1.0,104.0,52.0,29.0,21.0,15.0,5.0,13.0,R,1976-02-29,ISR,male,4,7.0,46.667,38.462,3.25,0.962
Zach Dailey,0,1,0.0,2005,2005,1,1.0,5.0,67.0,35.0,19.0,11.0,7.0,11.0,16.0,U,1981-11-14,USA,male,1,2.0,28.571,68.75,16.0,7.463
Jeff Austin,30,51,37.037,1969,1977,9,0.0,0.0,0.0,0.0,0.0,0.0,0.0,0.0,0.0,R,1951-07-05,USA,male,81,0.0,,,0.0,
Patricio Alvarado,0,1,0.0,2007,2007,1,0.0,0.0,0.0,0.0,0.0,0.0,0.0,0.0,0.0,R,1989-10-06,ECU,male,1,0.0,,,0.0,
Craig Campbell,7,13,35.0,1984,1990,7,0.0,0.0,0.0,0.0,0.0,0.0,0.0,0.0,0.0,R,1963-07-18,RSA,male,20,0.0,,,0.0,
George Berner,2,6,25.0,1969,1977,9,0.0,0.0,0.0,0.0,0.0,0.0,0.0,0.0,0.0,R,,FIN,male,8,0.0,,,0.0,
Doug Verdieck,1,4,20.0,1970,1977,8,0.0,0.0,0.0,0.0,0.0,0.0,0.0,0.0,0.0,U,,USA,male,5,0.0,,,0.0,
Doug Verdieck,1,4,20.0,1970,1977,8,0.0,0.0,0.0,0.0,0.0,0.0,0.0,0.0,0.0,U,1948-06-11,USA,male,5,0.0,,,0.0,
Lars Anders Wahlgren,22,44,33.333,1986,1995,10,38.0,60.0,2132.0,1275.0,797.0,406.0,307.0,128.0,235.0,R,1966-08-24,SWE,male,66,200.0,65.147,54.468,3.561,2.814
Nicklas Kulti,122,148,45.185,1988,2000,13,737.0,1128.0,18580.0,10527.0,7549.0,3865.0,2829.0,995.0,1700.0,R,1971-04-22,SWE,male,270,2124.0,75.08,58.529,6.296,6.071
Giuseppe Verri,0,1,0.0,1971,1971,1,0.0,0.0,0.0,0.0,0.0,0.0,0.0,0.0,0.0,U,,ITA,male,1,0.0,,,0.0,
Lukasz Kubot,97,129,42.92,2001,2015,15,913.0,996.0,16432.0,10223.0,7025.0,2951.0,2529.0,902.0,1559.0,R,1982-05-16,POL,male,226,1872.0,74.021,57.858,6.898,6.061
Max Wunschig,5,11,31.25,1971,1981,11,0.0,0.0,0.0,0.0,0.0,0.0,0.0,0.0,0.0,R,,GER,male,16,0.0,,,0.0,
Jason Netter,0,1,0.0,1991,1991,1,6.0,0.0,73.0,43.0,23.0,10.0,9.0,11.0,17.0,R,1969-03-29,USA,male,1,3.0,33.333,64.706,17.0,0.0
Nikoloz Basilashvili,96,114,45.714,2014,2021,8,974.0,852.0,17409.0,10478.0,7057.0,3425.0,2626.0,990.0,1684.0,R,1992-02-23,GEO,male,210,1932.0,73.572,58.789,8.019,4.894
Phuong Van Nguyen,0,1,0.0,2020,2020,1,0.0,0.0,0.0,0.0,0.0,0.0,0.0,0.0,0.0,U,2001-02-27,VIE,male,1,0.0,,,0.0,
Mark Greenan,0,1,0.0,1989,1989,1,0.0,0.0,0.0,0.0,0.0,0.0,0.0,0.0,0.0,R,,CAN,male,1,0.0,,,0.0,
Mark Greenan,0,1,0.0,1989,1989,1,0.0,0.0,0.0,0.0,0.0,0.0,0.0,0.0,0.0,L,1966-06-30,CAN,male,1,0.0,,,0.0,
Kadhim Kadhim,2,2,50.0,1989,1990,2,0.0,0.0,0.0,0.0,0.0,0.0,0.0,0.0,0.0,U,,IRQ,male,4,0.0,,,0.0,
Jasper Smit,0,1,0.0,2006,2006,1,9.0,9.0,82.0,40.0,32.0,20.0,14.0,3.0,7.0,R,1980-11-17,NED,male,1,10.0,71.429,42.857,7.0,10.976
Bjorn Munroe,0,5,0.0,1998,2004,7,0.0,0.0,0.0,0.0,0.0,0.0,0.0,0.0,0.0,R,1978-11-13,BAH,male,5,0.0,,,0.0,
Choon Ho Kim,4,7,36.364,1980,1984,5,0.0,0.0,0.0,0.0,0.0,0.0,0.0,0.0,0.0,R,1960-09-02,KOR,male,11,0.0,,,0.0,
Peter Lundgren,99,108,47.826,1983,1994,12,219.0,221.0,3660.0,1911.0,1312.0,863.0,557.0,199.0,351.0,R,1965-01-29,SWE,male,207,405.0,72.711,56.695,1.696,6.038
King Van Nostrand,0,1,0.0,1970,1970,1,0.0,0.0,0.0,0.0,0.0,0.0,0.0,0.0,0.0,R,,USA,male,1,0.0,,,0.0,
David Josepa,0,4,0.0,2005,2011,7,0.0,0.0,0.0,0.0,0.0,0.0,0.0,0.0,0.0,U,1986-05-07,AHO,male,4,0.0,,,0.0,
Unknown Cimurri,0,1,0.0,1971,1971,1,0.0,0.0,0.0,0.0,0.0,0.0,0.0,0.0,0.0,U,,ITA,male,1,0.0,,,0.0,
Roselle Nilo Natividad,0,1,0.0,1986,1986,1,0.0,0.0,0.0,0.0,0.0,0.0,0.0,0.0,0.0,R,,PHI,male,1,0.0,,,0.0,
Phillipe Ventura,1,1,50.0,1993,1993,1,0.0,0.0,0.0,0.0,0.0,0.0,0.0,0.0,0.0,R,1969-07-03,FRA,male,2,0.0,,,0.0,
Renato Joaquim,0,2,0.0,1982,1983,2,0.0,0.0,0.0,0.0,0.0,0.0,0.0,0.0,0.0,R,,BRA,male,2,0.0,,,0.0,
Karl Richter,1,5,16.667,1984,1986,3,0.0,0.0,0.0,0.0,0.0,0.0,0.0,0.0,0.0,L,1960-07-21,USA,male,6,0.0,,,0.0,
Pieter Aldrich,33,35,48.529,1986,1990,5,0.0,0.0,0.0,0.0,0.0,0.0,0.0,0.0,0.0,R,1965-09-07,RSA,male,68,0.0,,,0.0,
Stian Boretti,9,15,37.5,2000,2010,11,0.0,0.0,0.0,0.0,0.0,0.0,0.0,0.0,0.0,R,1981-12-20,NOR,male,24,0.0,,,0.0,
Eric Drossart,7,21,25.0,1968,1972,5,0.0,0.0,0.0,0.0,0.0,0.0,0.0,0.0,0.0,R,1942-02-21,BEL,male,28,0.0,,,0.0,
Viorel Sotiriu,0,2,0.0,1976,1976,1,0.0,0.0,0.0,0.0,0.0,0.0,0.0,0.0,0.0,U,,ROU,male,2,0.0,,,0.0,
Roland Stiegler,0,1,0.0,1979,1979,1,0.0,0.0,0.0,0.0,0.0,0.0,0.0,0.0,0.0,U,,AUT,male,1,0.0,,,0.0,
Horacio Zeballos,91,133,40.625,2009,2018,10,551.0,1286.0,17682.0,11017.0,7798.0,3425.0,2737.0,929.0,1493.0,L,1985-04-27,ARG,male,224,2173.0,79.393,62.224,6.665,7.273
M Fuster,0,1,0.0,1968,1968,1,0.0,0.0,0.0,0.0,0.0,0.0,0.0,0.0,0.0,U,,UNK,male,1,0.0,,,0.0,
Emanuel Couto,14,18,43.75,1991,2003,13,35.0,37.0,1140.0,672.0,422.0,224.0,165.0,75.0,129.0,R,1973-08-06,POR,male,32,111.0,67.273,58.14,4.031,3.246
Joe Globisch,0,1,0.0,1980,1980,1,0.0,0.0,0.0,0.0,0.0,0.0,0.0,0.0,0.0,R,,USA,male,1,0.0,,,0.0,
Sergei Baranov,0,2,0.0,1994,1994,1,0.0,0.0,0.0,0.0,0.0,0.0,0.0,0.0,0.0,U,1974-04-02,UKR,male,2,0.0,,,0.0,
Eric Carlier,1,2,33.333,1982,1983,2,0.0,0.0,0.0,0.0,0.0,0.0,0.0,0.0,0.0,U,,MON,male,3,0.0,,,0.0,
Kimmo Hurme,1,0,100.0,1989,1989,1,0.0,0.0,0.0,0.0,0.0,0.0,0.0,0.0,0.0,R,1970-05-20,FIN,male,1,0.0,,,0.0,
Rick Rudeen,3,6,33.333,1985,1986,2,0.0,0.0,0.0,0.0,0.0,0.0,0.0,0.0,0.0,R,1962-06-05,USA,male,9,0.0,,,0.0,
Noel Rutherford,2,5,28.571,1988,1991,4,0.0,0.0,0.0,0.0,0.0,0.0,0.0,0.0,0.0,U,1965-04-01,JAM,male,7,0.0,,,0.0,
Fabiano De Paula,0,1,0.0,2014,2014,1,2.0,3.0,68.0,51.0,28.0,8.0,10.0,4.0,8.0,R,1988-11-28,BRA,male,1,6.0,60.0,50.0,8.0,4.412
John Davis,1,1,50.0,1981,1981,1,0.0,0.0,0.0,0.0,0.0,0.0,0.0,0.0,0.0,R,1962-05-18,USA,male,2,0.0,,,0.0,
Andreas Trenkle,0,1,0.0,1973,1973,1,0.0,0.0,0.0,0.0,0.0,0.0,0.0,0.0,0.0,U,,,male,1,0.0,,,0.0,
J Walsh,0,1,0.0,1969,1969,1,0.0,0.0,0.0,0.0,0.0,0.0,0.0,0.0,0.0,U,,IRL,male,1,0.0,,,0.0,
Lavaughn Munroe,0,2,0.0,1999,2002,4,0.0,0.0,0.0,0.0,0.0,0.0,0.0,0.0,0.0,U,1981-11-30,BAH,male,2,0.0,,,0.0,
Peter Dellavedova,0,2,0.0,1980,1980,1,0.0,0.0,0.0,0.0,0.0,0.0,0.0,0.0,0.0,R,,AUS,male,2,0.0,,,0.0,
K Stevens,0,1,0.0,1974,1974,1,0.0,0.0,0.0,0.0,0.0,0.0,0.0,0.0,0.0,U,,,male,1,0.0,,,0.0,
Stojan Velev,0,1,0.0,1970,1970,1,0.0,0.0,0.0,0.0,0.0,0.0,0.0,0.0,0.0,U,1948-02-18,BUL,male,1,0.0,,,0.0,
Andrew Harris,1,2,33.333,2020,2021,2,9.0,11.0,234.0,165.0,112.0,26.0,38.0,9.0,22.0,R,1994-03-07,AUS,male,3,25.0,65.789,40.909,7.333,4.701
Alejandro Kon,0,1,0.0,1969,1969,1,0.0,0.0,0.0,0.0,0.0,0.0,0.0,0.0,0.0,U,1986-11-10,ARG,male,1,0.0,,,0.0,
T Carey,0,1,0.0,1977,1977,1,0.0,0.0,0.0,0.0,0.0,0.0,0.0,0.0,0.0,U,,USA,male,1,0.0,,,0.0,
Jermaine Smith,0,4,0.0,1998,1998,1,0.0,0.0,0.0,0.0,0.0,0.0,0.0,0.0,0.0,U,1979-01-31,JAM,male,4,0.0,,,0.0,
Alexis Hombrecher,3,4,42.857,1990,1991,2,7.0,7.0,62.0,35.0,22.0,11.0,9.0,4.0,7.0,R,1971-01-29,GER,male,7,6.0,66.667,57.143,1.0,11.29
Juan Rios,0,2,0.0,1992,2004,13,0.0,0.0,0.0,0.0,0.0,0.0,0.0,0.0,0.0,R,1966-12-15,PUR,male,2,0.0,,,0.0,
Juan Farrow,0,5,0.0,1980,1982,3,0.0,0.0,0.0,0.0,0.0,0.0,0.0,0.0,0.0,R,1958-01-18,USA,male,5,0.0,,,0.0,
Alex Lopez Moron,18,36,33.333,1994,2000,7,212.0,101.0,4156.0,2405.0,1583.0,794.0,609.0,261.0,460.0,R,1970-11-28,ESP,male,54,410.0,67.323,56.739,8.519,2.43
Mike Styles,0,3,0.0,1971,1975,5,0.0,0.0,0.0,0.0,0.0,0.0,0.0,0.0,0.0,R,,RSA,male,3,0.0,,,0.0,
Bertalan Csoknyai,1,1,50.0,1973,1973,1,0.0,0.0,0.0,0.0,0.0,0.0,0.0,0.0,0.0,R,,HUN,male,2,0.0,,,0.0,
Hiroki Moriya,2,9,18.182,2012,2016,5,37.0,25.0,910.0,547.0,348.0,165.0,133.0,59.0,104.0,R,1990-10-16,JPN,male,11,88.0,66.165,56.731,9.455,2.747
Matteo Viola,4,13,23.529,2012,2019,8,87.0,29.0,1212.0,740.0,441.0,194.0,180.0,89.0,168.0,R,1987-07-07,ITA,male,17,101.0,56.111,52.976,9.882,2.393
Henri Laaksonen,37,55,40.217,2009,2021,13,380.0,520.0,7144.0,4252.0,3002.0,1403.0,1078.0,393.0,656.0,R,1992-03-31,SUI,male,92,815.0,75.603,59.909,7.13,7.279
Christopher Gatt,2,4,33.333,1990,1992,3,0.0,0.0,0.0,0.0,0.0,0.0,0.0,0.0,0.0,U,1966-08-04,MLT,male,6,0.0,,,0.0,
Harutyun Sofyan,0,1,0.0,2002,2002,1,0.0,0.0,0.0,0.0,0.0,0.0,0.0,0.0,0.0,R,1983-01-12,ARM,male,1,0.0,,,0.0,
Blaz Kavcic,53,89,37.324,2006,2020,15,465.0,513.0,9898.0,6230.0,4095.0,1694.0,1506.0,579.0,1057.0,R,1987-03-05,SLO,male,142,1028.0,68.26,54.778,7.444,5.183
Alan Gooch,0,1,0.0,1968,1968,1,0.0,0.0,0.0,0.0,0.0,0.0,0.0,0.0,0.0,U,,AUS,male,1,0.0,,,0.0,
Orlando Agudelo,1,6,14.286,1974,1986,13,0.0,0.0,0.0,0.0,0.0,0.0,0.0,0.0,0.0,R,,COL,male,7,0.0,,,0.0,
Hartmut Kirchhubel,3,6,33.333,1973,1982,10,0.0,0.0,0.0,0.0,0.0,0.0,0.0,0.0,0.0,R,1952-04-23,GER,male,9,0.0,,,0.0,
Roberto Bautista Agut,314,185,62.926,2009,2021,13,972.0,1576.0,38745.0,25537.0,17825.0,7114.0,6152.0,1979.0,3190.0,R,1988-04-14,ESP,male,499,4941.0,80.315,62.038,6.393,4.068
Terry Ehlers,0,1,0.0,1971,1971,1,0.0,0.0,0.0,0.0,0.0,0.0,0.0,0.0,0.0,U,,USA,male,1,0.0,,,0.0,
Kosti Killa,0,1,0.0,1972,1972,1,0.0,0.0,0.0,0.0,0.0,0.0,0.0,0.0,0.0,U,,CAN,male,1,0.0,,,0.0,
Ronnie Bathman,8,25,24.242,1982,1990,9,0.0,0.0,0.0,0.0,0.0,0.0,0.0,0.0,0.0,R,1959-04-24,SWE,male,33,0.0,,,0.0,
Akira Kawaguchi,0,3,0.0,1978,1979,2,0.0,0.0,0.0,0.0,0.0,0.0,0.0,0.0,0.0,R,,JPN,male,3,0.0,,,0.0,
Jean Kome Loglo,0,4,0.0,1999,1999,1,0.0,0.0,0.0,0.0,0.0,0.0,0.0,0.0,0.0,U,1975-06-24,TOG,male,4,0.0,,,0.0,
Selim Ben Hadjali,0,2,0.0,1993,1993,1,0.0,0.0,0.0,0.0,0.0,0.0,0.0,0.0,0.0,U,1970-11-14,TUN,male,2,0.0,,,0.0,
Nicolas Devilder,24,47,33.803,2004,2012,9,225.0,263.0,5737.0,3426.0,2228.0,1129.0,844.0,381.0,633.0,L,1980-03-25,FRA,male,71,592.0,70.142,60.19,8.915,4.584
Patrick Mohr,0,4,0.0,1994,1996,3,8.0,11.0,127.0,55.0,41.0,26.0,19.0,7.0,15.0,R,1971-04-06,SUI,male,4,11.0,57.895,46.667,3.75,8.661
Henrik Andersson,0,2,0.0,1997,2003,7,4.0,6.0,100.0,62.0,29.0,17.0,15.0,9.0,18.0,R,1977-05-02,SWE,male,2,6.0,40.0,50.0,9.0,6.0
Wayne Black,67,93,41.875,1992,2005,14,293.0,328.0,9059.0,5287.0,3389.0,1880.0,1359.0,544.0,974.0,R,1973-11-14,ZIM,male,160,929.0,68.359,55.852,6.088,3.621
Philippe Lacombe,0,1,0.0,1999,1999,1,0.0,0.0,0.0,0.0,0.0,0.0,0.0,0.0,0.0,U,1979-09-21,HAI,male,1,0.0,,,0.0,
Francesco Aldi,1,7,12.5,2003,2008,6,32.0,2.0,503.0,338.0,192.0,68.0,78.0,45.0,83.0,R,1981-09-17,ITA,male,8,40.0,51.282,54.217,10.375,0.398
Ignacio Truyol,4,6,40.0,1996,1996,1,9.0,17.0,601.0,369.0,231.0,119.0,99.0,32.0,65.0,R,1973-08-17,ESP,male,10,66.0,66.667,49.231,6.5,2.829
Miguel Mir,5,25,16.667,1975,1983,9,0.0,0.0,0.0,0.0,0.0,0.0,0.0,0.0,0.0,R,1956-04-18,ESP,male,30,0.0,,,0.0,
Isao Watanabe,1,5,16.667,1968,1974,7,0.0,0.0,0.0,0.0,0.0,0.0,0.0,0.0,0.0,R,1941-11-23,JPN,male,6,0.0,,,0.0,
Christer Holm,0,1,0.0,1973,1973,1,0.0,0.0,0.0,0.0,0.0,0.0,0.0,0.0,0.0,U,,UNK,male,1,0.0,,,0.0,
Jae Sung An,2,2,50.0,2005,2008,4,0.0,0.0,0.0,0.0,0.0,0.0,0.0,0.0,0.0,R,1985-05-28,KOR,male,4,0.0,,,0.0,
Luis Carlos Enck,0,1,0.0,1975,1975,1,0.0,0.0,0.0,0.0,0.0,0.0,0.0,0.0,0.0,R,,BRA,male,1,0.0,,,0.0,
William Tym,1,9,10.0,1968,1974,7,0.0,0.0,0.0,0.0,0.0,0.0,0.0,0.0,0.0,R,,USA,male,10,0.0,,,0.0,
William Tym,1,9,10.0,1968,1974,7,0.0,0.0,0.0,0.0,0.0,0.0,0.0,0.0,0.0,,,USA,male,10,0.0,,,0.0,
William Tym,1,9,10.0,1968,1974,7,0.0,0.0,0.0,0.0,0.0,0.0,0.0,0.0,0.0,U,1940-04-03,USA,male,10,0.0,,,0.0,
Tim Goransson,0,2,0.0,2007,2008,2,5.0,5.0,121.0,73.0,37.0,18.0,14.0,15.0,25.0,U,1988-03-26,SWE,male,2,4.0,28.571,60.0,12.5,4.132
Kotaro Miyachi,4,3,57.143,1995,1998,4,26.0,13.0,467.0,276.0,175.0,92.0,68.0,27.0,51.0,R,1974-02-18,JPN,male,7,44.0,64.706,52.941,7.286,2.784
Mose Navarra,4,9,30.769,1996,2002,7,51.0,73.0,1113.0,610.0,430.0,238.0,156.0,72.0,112.0,L,1974-07-18,ITA,male,13,116.0,74.359,64.286,8.615,6.559
Jose Roberto Velasco,1,4,20.0,2006,2008,3,0.0,0.0,0.0,0.0,0.0,0.0,0.0,0.0,0.0,R,1989-03-07,BOL,male,5,0.0,,,0.0,
Goncalo Nicau,0,2,0.0,2006,2006,1,0.0,0.0,0.0,0.0,0.0,0.0,0.0,0.0,0.0,U,1982-07-03,POR,male,2,0.0,,,0.0,
Roberto Carruthers,0,2,0.0,1975,1980,6,0.0,0.0,0.0,0.0,0.0,0.0,0.0,0.0,0.0,R,,ARG,male,2,0.0,,,0.0,
Eric Riley,1,1,50.0,1988,1988,1,0.0,0.0,0.0,0.0,0.0,0.0,0.0,0.0,0.0,R,1960-08-31,USA,male,2,0.0,,,0.0,
Daniele Balducci,1,3,25.0,1990,1996,7,6.0,4.0,235.0,155.0,90.0,44.0,34.0,20.0,30.0,R,1970-09-10,ITA,male,4,24.0,70.588,66.667,7.5,1.702
Mohamed Ridaoui,10,6,62.5,1989,1995,7,12.0,5.0,256.0,164.0,100.0,39.0,39.0,13.0,28.0,R,1969-04-13,USA,male,16,24.0,61.538,46.429,1.75,1.953
Robert Clarke,0,1,0.0,1972,1972,1,0.0,0.0,0.0,0.0,0.0,0.0,0.0,0.0,0.0,R,,NZL,male,1,0.0,,,0.0,
Michael Sprenglemeyer,2,3,40.0,1969,1969,1,0.0,0.0,0.0,0.0,0.0,0.0,0.0,0.0,0.0,R,1946-07-06,USA,male,5,0.0,,,0.0,
Khaled Al Foudari,3,7,30.0,1989,1991,3,0.0,0.0,0.0,0.0,0.0,0.0,0.0,0.0,0.0,U,1972-04-21,KUW,male,10,0.0,,,0.0,
Kevin Krawietz,1,4,20.0,2009,2019,11,15.0,19.0,308.0,185.0,132.0,50.0,49.0,14.0,29.0,R,1992-01-24,GER,male,5,34.0,69.388,48.276,5.8,6.169
Bobby Banck,1,1,50.0,1987,1987,1,0.0,0.0,0.0,0.0,0.0,0.0,0.0,0.0,0.0,R,1964-05-16,USA,male,2,0.0,,,0.0,
Murat Gurler,0,2,0.0,1976,1976,1,0.0,0.0,0.0,0.0,0.0,0.0,0.0,0.0,0.0,U,,TUR,male,2,0.0,,,0.0,
Lucas Catarina,1,2,33.333,2016,2019,4,11.0,3.0,177.0,99.0,59.0,37.0,25.0,9.0,18.0,R,1996-08-26,MON,male,3,16.0,64.0,50.0,6.0,1.695
Piet Snyman,1,1,50.0,1971,1971,1,0.0,0.0,0.0,0.0,0.0,0.0,0.0,0.0,0.0,U,,RSA,male,2,0.0,,,0.0,
Vicente Elberto Anasta,0,2,0.0,2009,2013,5,0.0,0.0,0.0,0.0,0.0,0.0,0.0,0.0,0.0,U,1981-12-23,PHI,male,2,0.0,,,0.0,
Jacques Vincileoni,0,1,0.0,1981,1981,1,0.0,0.0,0.0,0.0,0.0,0.0,0.0,0.0,0.0,U,1960-05-10,MON,male,1,0.0,,,0.0,
Alex Mayer,10,4,71.429,1973,1975,3,0.0,0.0,0.0,0.0,0.0,0.0,0.0,0.0,0.0,U,,USA,male,14,0.0,,,0.0,
Eddie Dibbs,478,184,72.205,1970,1984,15,0.0,0.0,0.0,0.0,0.0,0.0,0.0,0.0,0.0,R,1951-02-23,USA,male,662,0.0,,,0.0,
Gabriel Neascu,0,1,0.0,1977,1977,1,0.0,0.0,0.0,0.0,0.0,0.0,0.0,0.0,0.0,R,,BEL,male,1,0.0,,,0.0,
Alibek Kachmazov,0,1,0.0,2019,2019,1,6.0,4.0,83.0,43.0,23.0,18.0,12.0,3.0,9.0,U,2002-08-17,RUS,male,1,6.0,50.0,33.333,9.0,4.819
Javier Restrepo,2,12,14.286,1973,1983,11,0.0,0.0,0.0,0.0,0.0,0.0,0.0,0.0,0.0,R,,COL,male,14,0.0,,,0.0,
Thierry Brasseur,0,2,0.0,1968,1968,1,0.0,0.0,0.0,0.0,0.0,0.0,0.0,0.0,0.0,U,,LUX,male,2,0.0,,,0.0,
Paul Kronk,105,168,38.462,1970,1984,15,0.0,0.0,0.0,0.0,0.0,0.0,0.0,0.0,0.0,R,1954-09-22,AUS,male,273,0.0,,,0.0,
L Kroll,0,1,0.0,1970,1970,1,0.0,0.0,0.0,0.0,0.0,0.0,0.0,0.0,0.0,U,,USA,male,1,0.0,,,0.0,
Jin Sun Yoo,10,7,58.824,1985,1989,5,0.0,0.0,0.0,0.0,0.0,0.0,0.0,0.0,0.0,R,1962-07-12,KOR,male,17,0.0,,,0.0,
Bruce Brescia,0,1,0.0,1984,1984,1,0.0,0.0,0.0,0.0,0.0,0.0,0.0,0.0,0.0,R,1961-12-01,USA,male,1,0.0,,,0.0,
Pato Rodriquez,2,1,66.667,1973,1973,1,0.0,0.0,0.0,0.0,0.0,0.0,0.0,0.0,0.0,U,,UNK,male,3,0.0,,,0.0,
Mohammed Arif Elahi,0,1,0.0,1973,1973,1,0.0,0.0,0.0,0.0,0.0,0.0,0.0,0.0,0.0,U,,PAK,male,1,0.0,,,0.0,
Keith Hancock,6,13,31.579,1971,1975,5,0.0,0.0,0.0,0.0,0.0,0.0,0.0,0.0,0.0,R,,AUS,male,19,0.0,,,0.0,
Lionel Roux,60,92,39.474,1992,2002,11,458.0,560.0,11910.0,6767.0,4649.0,2517.0,1787.0,650.0,1125.0,R,1973-04-12,FRA,male,152,1312.0,73.419,57.778,7.401,4.702
Daniel Alejandro Lopez Cassaccia,4,7,36.364,2004,2012,9,0.0,0.0,0.0,0.0,0.0,0.0,0.0,0.0,0.0,R,1989-07-03,PAR,male,11,0.0,,,0.0,
Miloud Doumbia,0,3,0.0,1985,1987,3,0.0,0.0,0.0,0.0,0.0,0.0,0.0,0.0,0.0,U,1956-10-16,SEN,male,3,0.0,,,0.0,
Ferrante Rocchi,1,4,20.0,1982,1986,5,0.0,0.0,0.0,0.0,0.0,0.0,0.0,0.0,0.0,L,1956-04-11,ITA,male,5,0.0,,,0.0,
Attila Savolt,40,52,43.478,1997,2004,8,305.0,373.0,5831.0,3221.0,2297.0,1220.0,907.0,348.0,602.0,R,1976-02-05,HUN,male,92,653.0,71.996,57.807,6.543,6.397
Steve Devries,3,9,25.0,1985,1991,7,6.0,9.0,203.0,117.0,77.0,34.0,34.0,8.0,21.0,R,1964-12-08,USA,male,12,21.0,61.765,38.095,1.75,4.433
Rashid Hassan,1,2,33.333,1992,1992,1,0.0,0.0,0.0,0.0,0.0,0.0,0.0,0.0,0.0,U,1975-03-16,ZIM,male,3,0.0,,,0.0,
Rami Osman,0,2,0.0,2008,2012,5,0.0,0.0,0.0,0.0,0.0,0.0,0.0,0.0,0.0,U,1990-03-02,LIB,male,2,0.0,,,0.0,
Brian Ford,1,1,50.0,1968,1968,1,0.0,0.0,0.0,0.0,0.0,0.0,0.0,0.0,0.0,U,,AUS,male,2,0.0,,,0.0,
Terje Persson,0,1,0.0,1984,1984,1,0.0,0.0,0.0,0.0,0.0,0.0,0.0,0.0,0.0,U,1954-01-08,NOR,male,1,0.0,,,0.0,
David Dilucia,5,14,26.316,1992,1999,8,84.0,91.0,1639.0,976.0,677.0,305.0,249.0,90.0,157.0,R,1970-01-15,USA,male,19,182.0,73.092,57.325,8.263,5.552
Josef Cihak,18,26,40.909,1984,1989,6,0.0,0.0,0.0,0.0,0.0,0.0,0.0,0.0,0.0,R,1963-03-19,CZE,male,44,0.0,,,0.0,
Marcos Braga,0,1,0.0,1982,1982,1,0.0,0.0,0.0,0.0,0.0,0.0,0.0,0.0,0.0,U,1960-08-06,BRA,male,1,0.0,,,0.0,
Joseph Mateo,0,1,0.0,1968,1968,1,0.0,0.0,0.0,0.0,0.0,0.0,0.0,0.0,0.0,R,,FRA,male,1,0.0,,,0.0,
Marian Lazarov,0,1,0.0,1983,1983,1,0.0,0.0,0.0,0.0,0.0,0.0,0.0,0.0,0.0,U,1962-10-18,BUL,male,1,0.0,,,0.0,
Ricardas Berankis,109,124,46.781,2008,2021,14,750.0,980.0,17454.0,9893.0,6989.0,3883.0,2684.0,897.0,1508.0,R,1990-06-21,LTU,male,233,2073.0,77.235,59.483,6.472,5.615
Fredrik Waern,0,3,0.0,1986,1988,3,0.0,0.0,0.0,0.0,0.0,0.0,0.0,0.0,0.0,R,1965-05-05,SWE,male,3,0.0,,,0.0,
Jackie Cooper,0,3,0.0,1973,1975,3,0.0,0.0,0.0,0.0,0.0,0.0,0.0,0.0,0.0,U,1944-07-01,USA,male,3,0.0,,,0.0,
Rodolfo Cisneros,0,1,0.0,1970,1970,1,0.0,0.0,0.0,0.0,0.0,0.0,0.0,0.0,0.0,R,,MEX,male,1,0.0,,,0.0,
Ionel Santeiu,2,8,20.0,1972,1976,5,0.0,0.0,0.0,0.0,0.0,0.0,0.0,0.0,0.0,R,,ROU,male,10,0.0,,,0.0,
Razvan Sabau,25,49,33.784,1993,2006,14,231.0,134.0,4074.0,2407.0,1503.0,746.0,607.0,269.0,494.0,R,1977-06-18,ROU,male,74,382.0,62.932,54.453,6.676,3.289
David Nalbandian,356,184,65.926,2000,2013,14,1723.0,1931.0,41435.0,24411.0,16924.0,8884.0,6462.0,2136.0,3624.0,R,1982-01-01,ARG,male,540,4974.0,76.973,58.94,6.711,4.66
Alberto Martin,218,264,45.228,1996,2010,15,1609.0,968.0,35009.0,21429.0,14022.0,6683.0,5372.0,2152.0,3744.0,R,1978-08-20,ESP,male,482,3780.0,70.365,57.479,7.768,2.765
Emilio Daniel Baez Britez,4,5,44.444,2000,2007,8,0.0,0.0,0.0,0.0,0.0,0.0,0.0,0.0,0.0,R,1978-05-28,PAR,male,9,0.0,,,0.0,
Ben Testerman,63,82,43.448,1979,1987,9,0.0,0.0,0.0,0.0,0.0,0.0,0.0,0.0,0.0,L,1962-02-02,USA,male,145,0.0,,,0.0,
Alberto Martorell,1,6,14.286,1970,1976,7,0.0,0.0,0.0,0.0,0.0,0.0,0.0,0.0,0.0,R,,ESP,male,7,0.0,,,0.0,
Kimmo Alkio,2,3,40.0,1981,1984,4,0.0,0.0,0.0,0.0,0.0,0.0,0.0,0.0,0.0,R,1963-10-25,FIN,male,5,0.0,,,0.0,
Augusto Ricciardi Castelli,0,1,0.0,2005,2005,1,0.0,0.0,0.0,0.0,0.0,0.0,0.0,0.0,0.0,U,1979-07-15,URU,male,1,0.0,,,0.0,
Sergio Tacchini,0,2,0.0,1968,1968,1,0.0,0.0,0.0,0.0,0.0,0.0,0.0,0.0,0.0,R,,ITA,male,2,0.0,,,0.0,
Paul Sidone,0,1,0.0,1970,1970,1,0.0,0.0,0.0,0.0,0.0,0.0,0.0,0.0,0.0,U,,USA,male,1,0.0,,,0.0,
Mike Rowe,0,1,0.0,1973,1973,1,0.0,0.0,0.0,0.0,0.0,0.0,0.0,0.0,0.0,U,,UNK,male,1,0.0,,,0.0,
Zsolt Tatar,0,1,0.0,2002,2002,1,0.0,0.0,0.0,0.0,0.0,0.0,0.0,0.0,0.0,U,1981-08-18,HUN,male,1,0.0,,,0.0,
Nebojsa Djordjevic,0,5,0.0,1996,1999,4,0.0,0.0,0.0,0.0,0.0,0.0,0.0,0.0,0.0,R,1973-04-24,SRB,male,5,0.0,,,0.0,
Bruno Abdel Nour,1,0,100.0,2011,2011,1,0.0,0.0,0.0,0.0,0.0,0.0,0.0,0.0,0.0,U,1991-05-11,SYR,male,1,0.0,,,0.0,
Josef Solc,0,1,0.0,1973,1973,1,0.0,0.0,0.0,0.0,0.0,0.0,0.0,0.0,0.0,U,,TCH,male,1,0.0,,,0.0,
Rui Machado,29,51,36.25,2003,2015,13,173.0,82.0,4056.0,2692.0,1693.0,634.0,608.0,217.0,411.0,R,1984-04-10,POR,male,80,414.0,68.092,52.798,5.138,2.022
Ainius Sabaliauskas,0,1,0.0,2018,2018,1,4.0,0.0,47.0,27.0,11.0,5.0,6.0,6.0,12.0,,2003-07-26,LTU,male,1,0.0,0.0,50.0,12.0,0.0
Tobias Klein,0,1,0.0,2005,2005,1,4.0,0.0,76.0,51.0,28.0,7.0,7.0,12.0,17.0,R,1982-03-23,GER,male,1,2.0,28.571,70.588,17.0,0.0
Denes Lukacs,2,3,40.0,2005,2009,5,0.0,0.0,0.0,0.0,0.0,0.0,0.0,0.0,0.0,R,1987-02-25,HUN,male,5,0.0,,,0.0,
Regis Lavergne,0,1,0.0,1997,1997,1,2.0,9.0,93.0,60.0,46.0,11.0,15.0,3.0,7.0,R,1974-01-28,FRA,male,1,11.0,73.333,42.857,7.0,9.677
Hidehiko Tanizawa,0,4,0.0,1990,1992,3,5.0,1.0,56.0,32.0,18.0,9.0,9.0,5.0,10.0,R,1971-12-05,JPN,male,4,4.0,44.444,50.0,2.5,1.786
Demetrios Leontis,0,1,0.0,2009,2009,1,0.0,0.0,0.0,0.0,0.0,0.0,0.0,0.0,0.0,U,1978-11-25,CYP,male,1,0.0,,,0.0,
Laurynas Grigelis,8,18,30.769,2010,2020,11,44.0,89.0,1137.0,705.0,504.0,221.0,185.0,66.0,105.0,R,1991-08-14,LTU,male,26,146.0,78.919,62.857,4.038,7.828
Uwe Gottschalk,2,4,33.333,1968,1971,4,0.0,0.0,0.0,0.0,0.0,0.0,0.0,0.0,0.0,U,,GER,male,6,0.0,,,0.0,
Bruno Renoult,0,1,0.0,1983,1983,1,0.0,0.0,0.0,0.0,0.0,0.0,0.0,0.0,0.0,R,,FRA,male,1,0.0,,,0.0,
Yann Auzoux,0,2,0.0,1990,1990,1,0.0,0.0,0.0,0.0,0.0,0.0,0.0,0.0,0.0,U,1972-05-15,CMR,male,2,0.0,,,0.0,
Jan Hernych,75,109,40.761,2000,2016,17,399.0,548.0,14560.0,9556.0,6158.0,2473.0,2212.0,909.0,1542.0,R,1979-07-07,CZE,male,184,1579.0,71.383,58.949,8.38,3.764
John Eagleton,1,3,25.0,1975,1979,5,0.0,0.0,0.0,0.0,0.0,0.0,0.0,0.0,0.0,R,,RSA,male,4,0.0,,,0.0,
John Letts,2,9,18.182,1982,1988,7,0.0,0.0,0.0,0.0,0.0,0.0,0.0,0.0,0.0,R,1964-05-11,USA,male,11,0.0,,,0.0,
John Zweig,0,1,0.0,1970,1970,1,0.0,0.0,0.0,0.0,0.0,0.0,0.0,0.0,0.0,U,,USA,male,1,0.0,,,0.0,
Ling Lu,0,1,0.0,1998,1998,1,0.0,0.0,0.0,0.0,0.0,0.0,0.0,0.0,0.0,R,1974-01-18,CHN,male,1,0.0,,,0.0,
Massimo Calvelli,1,1,50.0,1995,1995,1,4.0,6.0,200.0,109.0,61.0,50.0,29.0,13.0,23.0,R,1974-11-16,ITA,male,2,19.0,65.517,56.522,11.5,3.0
Rudy Hernando,3,7,30.0,1968,1973,6,0.0,0.0,0.0,0.0,0.0,0.0,0.0,0.0,0.0,R,1939-06-10,USA,male,10,0.0,,,0.0,
Catalin Gard,0,1,0.0,2007,2007,1,4.0,3.0,64.0,47.0,32.0,6.0,10.0,2.0,5.0,R,1981-07-10,ROU,male,1,7.0,70.0,40.0,5.0,4.688
Ricardo Acioly,2,5,28.571,1986,1989,4,0.0,0.0,0.0,0.0,0.0,0.0,0.0,0.0,0.0,R,1964-02-04,BRA,male,7,0.0,,,0.0,
Jerome Potier,49,77,38.889,1980,1990,11,0.0,0.0,0.0,0.0,0.0,0.0,0.0,0.0,0.0,L,1962-07-18,FRA,male,126,0.0,,,0.0,
Christophe Lesage,1,3,25.0,1980,1983,4,0.0,0.0,0.0,0.0,0.0,0.0,0.0,0.0,0.0,R,,FRA,male,4,0.0,,,0.0,
Marc Flur,36,56,39.13,1983,1989,7,0.0,0.0,0.0,0.0,0.0,0.0,0.0,0.0,0.0,R,1962-06-08,USA,male,92,0.0,,,0.0,
Emile Ngoran,2,4,33.333,1990,1992,3,0.0,0.0,0.0,0.0,0.0,0.0,0.0,0.0,0.0,R,1973-05-25,CIV,male,6,0.0,,,0.0,
Emile Ngoran,2,4,33.333,1990,1992,3,0.0,0.0,0.0,0.0,0.0,0.0,0.0,0.0,0.0,R,,CIV,male,6,0.0,,,0.0,
Miguel Tobon,21,20,51.22,1989,2001,13,49.0,66.0,1078.0,605.0,449.0,237.0,166.0,48.0,82.0,R,1968-06-22,COL,male,41,132.0,79.518,58.537,2.0,6.122
Wael Zeidan,0,1,0.0,1999,1999,1,0.0,0.0,0.0,0.0,0.0,0.0,0.0,0.0,0.0,U,1981-08-18,SEN,male,1,0.0,,,0.0,
Jaime Yzaga,248,203,54.989,1984,1997,14,644.0,436.0,17741.0,10520.0,6940.0,3646.0,2651.0,1003.0,1734.0,R,1967-10-23,PER,male,451,1920.0,72.425,57.843,3.845,2.458
Mark Kaplan,11,21,34.375,1988,1994,7,30.0,29.0,861.0,475.0,322.0,195.0,136.0,42.0,79.0,R,1967-12-20,RSA,male,32,99.0,72.794,53.165,2.469,3.368
Greg Ewansky,0,1,0.0,1980,1980,1,0.0,0.0,0.0,0.0,0.0,0.0,0.0,0.0,0.0,R,,USA,male,1,0.0,,,0.0,
Victor Hanescu,196,231,45.902,2002,2015,14,660.0,1937.0,32188.0,22233.0,15360.0,5061.0,4984.0,1699.0,2740.0,R,1981-07-21,ROU,male,427,3943.0,79.113,62.007,6.417,6.018
Mike Lee,2,3,40.0,1980,1988,9,0.0,0.0,0.0,0.0,0.0,0.0,0.0,0.0,0.0,R,1963-03-22,USA,male,5,0.0,,,0.0,
Peter Lamp,0,1,0.0,1971,1971,1,0.0,0.0,0.0,0.0,0.0,0.0,0.0,0.0,0.0,R,,RUS,male,1,0.0,,,0.0,
Stefano Tarallo,1,1,50.0,2000,2000,1,11.0,6.0,136.0,90.0,58.0,20.0,19.0,9.0,14.0,R,1976-03-08,ITA,male,2,14.0,73.684,64.286,7.0,4.412
Sasa Tuksar,1,5,16.667,2003,2006,4,13.0,13.0,453.0,253.0,149.0,96.0,70.0,21.0,51.0,R,1983-05-12,CRO,male,6,40.0,57.143,41.176,8.5,2.87
Harald Rittersbacher,2,6,25.0,1985,1990,6,0.0,0.0,0.0,0.0,0.0,0.0,0.0,0.0,0.0,R,1963-04-27,GER,male,8,0.0,,,0.0,
Jose Antonio Velazquez,0,1,0.0,2003,2003,1,0.0,0.0,0.0,0.0,0.0,0.0,0.0,0.0,0.0,U,1984-03-22,DOM,male,1,0.0,,,0.0,
Kyle Edmund,118,116,50.427,2013,2020,8,602.0,1376.0,18546.0,11090.0,8095.0,3895.0,2940.0,910.0,1458.0,R,1995-01-08,GBR,male,234,2392.0,81.361,62.414,6.231,7.419
M J R Hales,0,1,0.0,1970,1970,1,0.0,0.0,0.0,0.0,0.0,0.0,0.0,0.0,0.0,U,,GBR,male,1,0.0,,,0.0,
Tito Vazquez,4,5,44.444,1970,1976,7,0.0,0.0,0.0,0.0,0.0,0.0,0.0,0.0,0.0,U,1949-01-01,ARG,male,9,0.0,,,0.0,
Luis Manuel Flores,1,1,50.0,2004,2009,6,0.0,0.0,0.0,0.0,0.0,0.0,0.0,0.0,0.0,L,1985-02-01,MEX,male,2,0.0,,,0.0,
Minjong Park,0,1,0.0,2018,2018,1,3.0,1.0,89.0,50.0,29.0,20.0,12.0,6.0,9.0,,2001-10-22,KOR,male,1,9.0,75.0,66.667,9.0,1.124
Mario Vilella Martinez,2,3,40.0,2020,2021,2,31.0,47.0,467.0,252.0,185.0,113.0,68.0,28.0,40.0,U,1995-07-03,ESP,male,5,56.0,82.353,70.0,8.0,10.064
Jakob Hlasek,298,243,55.083,1982,1996,15,789.0,1205.0,17438.0,10284.0,7541.0,3448.0,2641.0,859.0,1427.0,R,1964-11-12,SUI,male,541,2073.0,78.493,60.196,2.638,6.91
U Fischtel,0,1,0.0,1976,1976,1,0.0,0.0,0.0,0.0,0.0,0.0,0.0,0.0,0.0,U,,UNK,male,1,0.0,,,0.0,
A Difrancesco,0,1,0.0,1980,1980,1,0.0,0.0,0.0,0.0,0.0,0.0,0.0,0.0,0.0,R,,AUS,male,1,0.0,,,0.0,
George Andrews,0,1,0.0,1969,1969,1,0.0,0.0,0.0,0.0,0.0,0.0,0.0,0.0,0.0,U,,CAN,male,1,0.0,,,0.0,
Arafat Chekrouni,8,9,47.059,1984,1992,9,0.0,0.0,0.0,0.0,0.0,0.0,0.0,0.0,0.0,R,1966-10-07,MAR,male,17,0.0,,,0.0,
Serge Brueck,5,7,41.667,1986,1992,7,0.0,0.0,0.0,0.0,0.0,0.0,0.0,0.0,0.0,U,1971-02-02,LUX,male,12,0.0,,,0.0,
Orlin Stanoytchev,18,50,26.471,1992,2001,10,367.0,294.0,4686.0,2634.0,1817.0,909.0,705.0,281.0,502.0,R,1971-09-24,BUL,male,68,484.0,68.652,55.976,7.382,6.274
Rafael Goscinny,0,1,0.0,1997,1997,1,0.0,0.0,0.0,0.0,0.0,0.0,0.0,0.0,0.0,U,1977-02-27,HAI,male,1,0.0,,,0.0,
E Victor Seixas,5,11,31.25,1968,1974,7,0.0,0.0,0.0,0.0,0.0,0.0,0.0,0.0,0.0,R,1923-08-30,USA,male,16,0.0,,,0.0,
Marcus Willis,1,1,50.0,2016,2016,1,14.0,23.0,221.0,137.0,95.0,36.0,26.0,26.0,32.0,L,1990-10-09,GBR,male,2,20.0,76.923,81.25,16.0,10.407
Martin Vilarrubi,6,4,60.0,2002,2007,6,0.0,0.0,0.0,0.0,0.0,0.0,0.0,0.0,0.0,R,1984-09-02,URU,male,10,0.0,,,0.0,
Artem Dubrivnyy,0,1,0.0,2019,2019,1,1.0,2.0,68.0,43.0,20.0,12.0,10.0,3.0,9.0,U,1999-01-31,RUS,male,1,4.0,40.0,33.333,9.0,2.941
Michael Walker,10,8,55.556,1986,1994,9,7.0,4.0,126.0,70.0,46.0,28.0,19.0,8.0,14.0,L,1965-04-21,HKG,male,18,13.0,68.421,57.143,0.778,3.175
Michael Walker,10,8,55.556,1986,1994,9,7.0,4.0,126.0,70.0,46.0,28.0,19.0,8.0,14.0,U,1966-04-21,HKG,male,18,13.0,68.421,57.143,0.778,3.175
Harry Barniville,1,2,33.333,1968,1969,2,0.0,0.0,0.0,0.0,0.0,0.0,0.0,0.0,0.0,U,,IRL,male,3,0.0,,,0.0,
Guy Forget,292,218,57.255,1982,1997,16,514.0,1700.0,17546.0,10274.0,7883.0,3727.0,2708.0,774.0,1245.0,L,1965-01-04,FRA,male,510,2237.0,82.607,62.169,2.441,9.689
Nicolas Massu,247,226,52.22,1997,2013,17,1227.0,1797.0,32045.0,18842.0,13022.0,6587.0,4859.0,1927.0,3130.0,R,1979-10-10,CHI,male,473,3656.0,75.242,61.565,6.617,5.608
Gaston Etlis,28,54,34.146,1994,2003,10,267.0,395.0,6167.0,3505.0,2439.0,1308.0,934.0,375.0,619.0,R,1974-11-04,ARG,male,82,690.0,73.876,60.582,7.549,6.405
Timo Nieminen,2,9,18.182,2002,2012,11,0.0,0.0,0.0,0.0,0.0,0.0,0.0,0.0,0.0,R,1981-10-06,FIN,male,11,0.0,,,0.0,
Andy Kohlberg,9,30,23.077,1978,1988,11,0.0,0.0,0.0,0.0,0.0,0.0,0.0,0.0,0.0,L,1959-08-17,USA,male,39,0.0,,,0.0,
Hani Al Ali,5,6,45.455,1989,1993,5,0.0,0.0,0.0,0.0,0.0,0.0,0.0,0.0,0.0,U,1964-11-02,JOR,male,11,0.0,,,0.0,
Javier Sanchez,308,301,50.575,1985,2000,16,1080.0,1080.0,34663.0,22801.0,15193.0,5767.0,5275.0,1925.0,3329.0,R,1968-02-01,ESP,male,609,3871.0,73.384,57.825,5.466,3.116
Johan Landsberg,0,2,0.0,1999,2000,2,3.0,2.0,98.0,70.0,37.0,11.0,18.0,3.0,13.0,R,1974-12-30,SWE,male,2,8.0,44.444,23.077,6.5,2.041
Mats Wilander,498,171,74.439,1980,1996,17,270.0,335.0,9351.0,6107.0,4053.0,1496.0,1403.0,565.0,975.0,R,1964-08-22,SWE,male,669,993.0,70.777,57.949,1.457,3.583
William Harris,5,5,50.0,1968,1969,2,0.0,0.0,0.0,0.0,0.0,0.0,0.0,0.0,0.0,R,1947-01-14,USA,male,10,0.0,,,0.0,
Armando Cornejo,3,11,21.429,1969,1974,6,0.0,0.0,0.0,0.0,0.0,0.0,0.0,0.0,0.0,R,,CHI,male,14,0.0,,,0.0,
Frithjof Prydz,2,7,22.222,1968,1977,10,0.0,0.0,0.0,0.0,0.0,0.0,0.0,0.0,0.0,U,1943-07-15,NOR,male,9,0.0,,,0.0,
Stan Smith,507,206,71.108,1968,1985,18,0.0,0.0,0.0,0.0,0.0,0.0,0.0,0.0,0.0,R,1946-12-14,USA,male,713,0.0,,,0.0,
Gabriel Montilla,2,2,50.0,2004,2004,1,0.0,0.0,0.0,0.0,0.0,0.0,0.0,0.0,0.0,R,1979-08-11,PUR,male,4,0.0,,,0.0,
Jan Choinski,0,1,0.0,2016,2016,1,1.0,2.0,30.0,20.0,11.0,6.0,5.0,1.0,3.0,R,1996-06-10,GER,male,1,3.0,60.0,33.333,3.0,6.667
Guillermo Garcia Lopez,298,351,45.917,2003,2019,17,2559.0,2344.0,51241.0,30085.0,20837.0,10342.0,7846.0,2871.0,4884.0,R,1983-06-04,ESP,male,649,5833.0,74.344,58.784,7.525,4.574
Stefan Koudelka,9,14,39.13,1969,1974,6,0.0,0.0,0.0,0.0,0.0,0.0,0.0,0.0,0.0,R,,CZE,male,23,0.0,,,0.0,
Andras Szikszai,1,2,33.333,1968,1968,1,0.0,0.0,0.0,0.0,0.0,0.0,0.0,0.0,0.0,U,,HUN,male,3,0.0,,,0.0,
G Atwell,0,1,0.0,1970,1970,1,0.0,0.0,0.0,0.0,0.0,0.0,0.0,0.0,0.0,U,,GBR,male,1,0.0,,,0.0,
Fadel Berthe,4,6,40.0,1991,1994,4,0.0,0.0,0.0,0.0,0.0,0.0,0.0,0.0,0.0,R,1970-09-03,SEN,male,10,0.0,,,0.0,
Sander Groen,2,8,20.0,1993,1996,4,35.0,32.0,558.0,345.0,239.0,83.0,88.0,33.0,62.0,L,1968-06-16,NED,male,10,59.0,67.045,53.226,6.2,5.735
Francesco Giordano,0,2,0.0,1968,1972,5,0.0,0.0,0.0,0.0,0.0,0.0,0.0,0.0,0.0,U,,ITA,male,2,0.0,,,0.0,
Moharram Ali Khodai,2,4,33.333,1973,1977,5,0.0,0.0,0.0,0.0,0.0,0.0,0.0,0.0,0.0,U,1957-10-15,IRI,male,6,0.0,,,0.0,
Justin Bower,3,8,27.273,1999,2005,7,18.0,46.0,513.0,334.0,248.0,89.0,78.0,25.0,40.0,L,1978-05-23,RSA,male,11,63.0,80.769,62.5,3.636,8.967
C Sakolsky,0,1,0.0,1977,1977,1,0.0,0.0,0.0,0.0,0.0,0.0,0.0,0.0,0.0,U,,USA,male,1,0.0,,,0.0,
Amaury Gomez,0,1,0.0,2009,2009,1,0.0,0.0,0.0,0.0,0.0,0.0,0.0,0.0,0.0,U,1981-03-14,DOM,male,1,0.0,,,0.0,
Morees Dubruyn,0,1,0.0,1987,1987,1,0.0,0.0,0.0,0.0,0.0,0.0,0.0,0.0,0.0,R,,RSA,male,1,0.0,,,0.0,
Marcelo Hennemann,5,9,35.714,1987,1989,3,0.0,0.0,0.0,0.0,0.0,0.0,0.0,0.0,0.0,R,1962-03-11,BRA,male,14,0.0,,,0.0,
Jean Luc Cotard,0,1,0.0,1979,1979,1,0.0,0.0,0.0,0.0,0.0,0.0,0.0,0.0,0.0,R,1962-05-07,FRA,male,1,0.0,,,0.0,
Nicolas Renavand,1,1,50.0,2011,2011,1,2.0,12.0,136.0,91.0,63.0,22.0,23.0,7.0,12.0,R,1982-06-25,FRA,male,2,18.0,78.261,58.333,6.0,8.824
Bobby Heald,0,1,0.0,1971,1971,1,0.0,0.0,0.0,0.0,0.0,0.0,0.0,0.0,0.0,R,,USA,male,1,0.0,,,0.0,
Moussa Said,0,1,0.0,1976,1976,1,0.0,0.0,0.0,0.0,0.0,0.0,0.0,0.0,0.0,U,1952-03-21,ALG,male,1,0.0,,,0.0,
Daniel Melo,0,3,0.0,2001,2002,2,8.0,3.0,241.0,170.0,104.0,36.0,39.0,19.0,31.0,L,1977-07-04,BRA,male,3,27.0,69.231,61.29,10.333,1.245
Tomas Vaise,0,1,0.0,2016,2016,1,2.0,1.0,76.0,54.0,36.0,9.0,12.0,7.0,11.0,U,1998-01-21,LTU,male,1,8.0,66.667,63.636,11.0,1.316
Yevgeny Kafelnikov,447,247,64.409,1992,2003,12,2751.0,3523.0,54134.0,30249.0,21946.0,11884.0,8209.0,2859.0,4680.0,R,1974-02-18,RUS,male,694,6388.0,77.817,61.09,6.744,6.508
Shigeru Ota,1,3,25.0,1988,1989,2,0.0,0.0,0.0,0.0,0.0,0.0,0.0,0.0,0.0,R,1967-01-08,JPN,male,4,0.0,,,0.0,
Gabriel Auroux,1,1,50.0,1982,1982,1,0.0,0.0,0.0,0.0,0.0,0.0,0.0,0.0,0.0,R,,ARG,male,2,0.0,,,0.0,
Octavio Piva,0,3,0.0,1970,1975,6,0.0,0.0,0.0,0.0,0.0,0.0,0.0,0.0,0.0,U,,BRA,male,3,0.0,,,0.0,
Robert Kendrick,35,78,30.973,2003,2012,10,487.0,1082.0,9149.0,5340.0,3950.0,1805.0,1413.0,484.0,790.0,R,1979-11-15,USA,male,113,1107.0,78.344,61.266,6.991,11.826
Rafael Arevalo,13,13,50.0,2007,2017,11,7.0,6.0,282.0,204.0,120.0,42.0,46.0,20.0,37.0,R,1986-07-04,ESA,male,26,29.0,63.043,54.054,1.423,2.128
Gary Groslimond,0,1,0.0,1971,1971,1,0.0,0.0,0.0,0.0,0.0,0.0,0.0,0.0,0.0,R,1952-01-03,USA,male,1,0.0,,,0.0,
Peter Spang,0,3,0.0,1980,1981,2,0.0,0.0,0.0,0.0,0.0,0.0,0.0,0.0,0.0,R,1957-11-20,GER,male,3,0.0,,,0.0,
Prajnesh Gunneswaran,9,24,27.273,2017,2020,4,81.0,158.0,2400.0,1486.0,1022.0,449.0,385.0,118.0,223.0,L,1989-11-12,IND,male,33,280.0,72.727,52.915,6.758,6.583
Mahtabur Rahman,1,3,25.0,1987,1989,3,0.0,0.0,0.0,0.0,0.0,0.0,0.0,0.0,0.0,U,1958-07-06,BAN,male,4,0.0,,,0.0,
Robert Strombachs,1,0,100.0,2020,2020,1,0.0,0.0,0.0,0.0,0.0,0.0,0.0,0.0,0.0,U,1999-09-15,GER,male,1,0.0,,,0.0,
Peter Becroft,0,2,0.0,1971,1973,3,0.0,0.0,0.0,0.0,0.0,0.0,0.0,0.0,0.0,U,,NZL,male,2,0.0,,,0.0,
Alejo Mancisidor,5,21,19.231,1992,1995,4,96.0,73.0,1849.0,956.0,603.0,378.0,268.0,134.0,252.0,R,1970-07-31,ESP,male,26,150.0,55.97,53.175,9.692,3.948
Rohun Beven,2,7,22.222,1978,1980,3,0.0,0.0,0.0,0.0,0.0,0.0,0.0,0.0,0.0,R,1957-09-21,GBR,male,9,0.0,,,0.0,
Alvin Schwarz,0,1,0.0,1970,1970,1,0.0,0.0,0.0,0.0,0.0,0.0,0.0,0.0,0.0,U,,RSA,male,1,0.0,,,0.0,
Anthony Mills,1,1,50.0,1994,1994,1,0.0,0.0,0.0,0.0,0.0,0.0,0.0,0.0,0.0,U,1975-10-18,LUX,male,2,0.0,,,0.0,
Brandon Burke,0,1,0.0,2009,2009,1,0.0,0.0,0.0,0.0,0.0,0.0,0.0,0.0,0.0,U,1992-09-10,JAM,male,1,0.0,,,0.0,
Huang Jung Hsu,6,12,33.333,1976,1989,14,0.0,0.0,0.0,0.0,0.0,0.0,0.0,0.0,0.0,U,1955-05-17,TPE,male,18,0.0,,,0.0,
Jose Luis Aparisi,3,8,27.273,1989,1992,4,6.0,4.0,203.0,139.0,79.0,32.0,31.0,14.0,26.0,R,1969-03-11,ESP,male,11,19.0,61.29,53.846,2.364,1.97
Nicola Bruno,1,3,25.0,1990,1995,6,12.0,14.0,162.0,71.0,61.0,36.0,29.0,4.0,13.0,R,1971-01-26,ITA,male,4,20.0,68.966,30.769,3.25,8.642
Steve Herdoiza,0,1,0.0,1995,1995,1,3.0,4.0,63.0,31.0,19.0,16.0,8.0,4.0,7.0,R,1969-07-21,USA,male,1,5.0,62.5,57.143,7.0,6.349
Mike Leach,51,83,38.06,1980,1987,8,0.0,0.0,0.0,0.0,0.0,0.0,0.0,0.0,0.0,L,1960-03-09,USA,male,134,0.0,,,0.0,
U Ostroff,0,1,0.0,1970,1970,1,0.0,0.0,0.0,0.0,0.0,0.0,0.0,0.0,0.0,U,,UNK,male,1,0.0,,,0.0,
Michael Mitchell,0,1,0.0,1972,1972,1,0.0,0.0,0.0,0.0,0.0,0.0,0.0,0.0,0.0,U,,AUS,male,1,0.0,,,0.0,
Perry Wright,0,2,0.0,1974,1977,4,0.0,0.0,0.0,0.0,0.0,0.0,0.0,0.0,0.0,U,1957-02-23,USA,male,2,0.0,,,0.0,
Wally Masur,277,234,54.207,1980,1995,16,358.0,777.0,13879.0,9231.0,6437.0,2451.0,2148.0,682.0,1109.0,R,1963-05-13,AUS,male,511,1721.0,80.121,61.497,2.17,5.598
Martin Pedersen,10,10,50.0,2007,2015,9,0.0,0.0,0.0,0.0,0.0,0.0,0.0,0.0,0.0,R,1987-06-15,DEN,male,20,0.0,,,0.0,
Christian Pieper,0,2,0.0,1968,1970,3,0.0,0.0,0.0,0.0,0.0,0.0,0.0,0.0,0.0,U,,GER,male,2,0.0,,,0.0,
Gabor Jaross,0,1,0.0,2002,2002,1,0.0,0.0,0.0,0.0,0.0,0.0,0.0,0.0,0.0,R,1979-02-03,HUN,male,1,0.0,,,0.0,
Shane Stone,0,3,0.0,2002,2002,1,0.0,0.0,0.0,0.0,0.0,0.0,0.0,0.0,0.0,U,1977-07-03,TRI,male,3,0.0,,,0.0,
Van Bay Vo,2,1,66.667,1973,1973,1,0.0,0.0,0.0,0.0,0.0,0.0,0.0,0.0,0.0,U,,VIE,male,3,0.0,,,0.0,
Francisco Llanes,1,0,100.0,2018,2018,1,2.0,1.0,85.0,56.0,38.0,15.0,11.0,3.0,5.0,U,2002-04-16,URU,male,1,9.0,81.818,60.0,5.0,1.176
Charles Hoeveler,0,2,0.0,1970,1971,2,0.0,0.0,0.0,0.0,0.0,0.0,0.0,0.0,0.0,U,,USA,male,2,0.0,,,0.0,
V Popanen,0,1,0.0,1976,1976,1,0.0,0.0,0.0,0.0,0.0,0.0,0.0,0.0,0.0,R,,USA,male,1,0.0,,,0.0,
Robert Stock,2,7,22.222,1968,1973,6,0.0,0.0,0.0,0.0,0.0,0.0,0.0,0.0,0.0,R,,USA,male,9,0.0,,,0.0,
Alejandro Davidovich Fokina,18,18,50.0,2019,2021,3,102.0,69.0,3184.0,2147.0,1357.0,497.0,460.0,196.0,344.0,R,1999-06-05,ESP,male,36,312.0,67.826,56.977,9.556,2.167
John Muller,2,3,40.0,1975,1980,6,0.0,0.0,0.0,0.0,0.0,0.0,0.0,0.0,0.0,R,,RSA,male,5,0.0,,,0.0,
Hans Engert,3,12,20.0,1970,1973,4,0.0,0.0,0.0,0.0,0.0,0.0,0.0,0.0,0.0,R,1951-04-22,GER,male,15,0.0,,,0.0,
Abdulhamid Mubarak,0,1,0.0,2016,2016,1,2.0,0.0,88.0,58.0,30.0,17.0,10.0,8.0,12.0,U,1994-04-08,KUW,male,1,6.0,60.0,66.667,12.0,0.0
Joao Domingues,7,7,50.0,2015,2020,6,8.0,17.0,949.0,660.0,411.0,134.0,138.0,65.0,104.0,R,1993-10-05,POR,male,14,99.0,71.739,62.5,7.429,1.791
Jose Benitez,2,1,66.667,2009,2012,4,0.0,0.0,0.0,0.0,0.0,0.0,0.0,0.0,0.0,U,1990-02-28,PAR,male,3,0.0,,,0.0,
Glenn Mccoll,0,1,0.0,1969,1969,1,0.0,0.0,0.0,0.0,0.0,0.0,0.0,0.0,0.0,R,,AUS,male,1,0.0,,,0.0,
Glenn Mccoll,0,1,0.0,1969,1969,1,0.0,0.0,0.0,0.0,0.0,0.0,0.0,0.0,0.0,R,,AUS,male,1,0.0,,,0.0,
Juan Couder,3,5,37.5,1970,1980,11,0.0,0.0,0.0,0.0,0.0,0.0,0.0,0.0,0.0,R,,ESP,male,8,0.0,,,0.0,
Pablo Campana,11,8,57.895,1990,1996,7,32.0,41.0,651.0,330.0,220.0,159.0,94.0,40.0,70.0,R,1972-12-16,ECU,male,19,64.0,68.085,57.143,3.684,6.298
Alexander Mronz,44,83,34.646,1987,1995,9,314.0,476.0,6864.0,3759.0,2754.0,1475.0,1022.0,373.0,625.0,R,1965-04-07,GER,male,127,770.0,75.342,59.68,4.921,6.935
Noam Okun,35,55,38.889,1999,2013,15,199.0,324.0,4828.0,2941.0,2012.0,970.0,747.0,282.0,462.0,R,1978-04-16,ISR,male,90,567.0,75.904,61.039,5.133,6.711
Ricardo Ycaza,75,91,45.181,1973,1985,13,0.0,0.0,0.0,0.0,0.0,0.0,0.0,0.0,0.0,R,1958-02-16,ECU,male,166,0.0,,,0.0,
Carlos Di Laura,13,34,27.66,1981,1992,12,0.0,0.0,0.0,0.0,0.0,0.0,0.0,0.0,0.0,L,1964-10-19,PER,male,47,0.0,,,0.0,
Ernesto Aguirre,3,2,60.0,1968,1970,3,0.0,0.0,0.0,0.0,0.0,0.0,0.0,0.0,0.0,U,,CHI,male,5,0.0,,,0.0,
Bodo Nitsche,1,1,50.0,1969,1969,1,0.0,0.0,0.0,0.0,0.0,0.0,0.0,0.0,0.0,,1938-08-24,GER,male,2,0.0,,,0.0,
Antso Rakotondramanga,3,2,60.0,2012,2015,4,0.0,0.0,0.0,0.0,0.0,0.0,0.0,0.0,0.0,U,1988-07-17,MAD,male,5,0.0,,,0.0,
Patrice Beust,12,28,30.0,1968,1977,10,0.0,0.0,0.0,0.0,0.0,0.0,0.0,0.0,0.0,R,1944-09-03,FRA,male,40,0.0,,,0.0,
Zbynek Mlynarik,0,1,0.0,2000,2000,1,3.0,4.0,50.0,30.0,17.0,9.0,8.0,5.0,9.0,R,1977-04-24,AUT,male,1,4.0,50.0,55.556,9.0,8.0
Heinz Gunthardt,193,150,56.268,1976,1987,12,0.0,0.0,0.0,0.0,0.0,0.0,0.0,0.0,0.0,R,1959-02-08,SUI,male,343,0.0,,,0.0,
Agustin Garizzio,1,2,33.333,1988,1994,7,14.0,3.0,219.0,120.0,73.0,47.0,31.0,8.0,17.0,R,1970-03-19,ARG,male,3,22.0,70.968,47.059,5.667,1.37
Agustin Garizzio,1,2,33.333,1988,1994,7,14.0,3.0,219.0,120.0,73.0,47.0,31.0,8.0,17.0,U,1969-03-19,ARG,male,3,22.0,70.968,47.059,5.667,1.37
Jean Courcol,9,11,45.0,1968,1971,4,0.0,0.0,0.0,0.0,0.0,0.0,0.0,0.0,0.0,R,,FRA,male,20,0.0,,,0.0,
Gouichi Motomura,22,39,36.066,1993,2006,14,122.0,67.0,2589.0,1410.0,892.0,573.0,397.0,146.0,283.0,R,1973-12-25,JPN,male,61,260.0,65.491,51.59,4.639,2.588
Olivier Rochus,224,264,45.902,2000,2013,14,1207.0,779.0,36572.0,22396.0,14801.0,7303.0,5594.0,2117.0,3600.0,R,1981-01-18,BEL,male,488,4111.0,73.489,58.806,7.377,2.13
Theo Gorter,0,2,0.0,1979,1980,2,0.0,0.0,0.0,0.0,0.0,0.0,0.0,0.0,0.0,R,,NED,male,2,0.0,,,0.0,
Gewan Maharaj,0,5,0.0,1978,1982,5,0.0,0.0,0.0,0.0,0.0,0.0,0.0,0.0,0.0,R,,IND,male,5,0.0,,,0.0,
Miloslav Mecir,207,92,69.231,1983,1990,8,0.0,0.0,0.0,0.0,0.0,0.0,0.0,0.0,0.0,R,1964-05-19,SVK,male,299,0.0,,,0.0,
Roland Steigler,0,1,0.0,1979,1979,1,0.0,0.0,0.0,0.0,0.0,0.0,0.0,0.0,0.0,R,,AUT,male,1,0.0,,,0.0,
Jae Min Seol,0,1,0.0,2012,2012,1,0.0,0.0,0.0,0.0,0.0,0.0,0.0,0.0,0.0,U,1990-01-15,KOR,male,1,0.0,,,0.0,
Yari Bernardo,0,2,0.0,2000,2000,1,0.0,0.0,0.0,0.0,0.0,0.0,0.0,0.0,0.0,R,1973-11-10,ITA,male,2,0.0,,,0.0,
Mario Ancic,185,121,60.458,2002,2010,9,813.0,2691.0,23244.0,14137.0,10631.0,4685.0,3718.0,1015.0,1636.0,R,1984-03-30,CRO,male,306,3097.0,83.297,62.042,5.346,11.577
Patricio Arnold,1,9,10.0,1991,1995,5,21.0,31.0,657.0,395.0,258.0,122.0,95.0,46.0,76.0,R,1971-10-20,ARG,male,10,65.0,68.421,60.526,7.6,4.718
Dudi Sela,140,193,42.042,2005,2019,15,868.0,683.0,22780.0,13734.0,9149.0,4543.0,3550.0,1286.0,2292.0,R,1985-04-04,ISR,male,333,2544.0,71.662,56.108,6.883,2.998
Sergi Duran,0,2,0.0,1997,1997,1,10.0,11.0,173.0,95.0,72.0,32.0,25.0,10.0,15.0,R,1976-06-23,ESP,male,2,20.0,80.0,66.667,7.5,6.358
Werner Zirngibl,42,70,37.5,1973,1982,10,0.0,0.0,0.0,0.0,0.0,0.0,0.0,0.0,0.0,R,1956-09-04,GER,male,112,0.0,,,0.0,
K Tsui,0,1,0.0,1973,1973,1,0.0,0.0,0.0,0.0,0.0,0.0,0.0,0.0,0.0,U,,PHI,male,1,0.0,,,0.0,
Marko Ostoja,80,127,38.647,1979,1990,12,0.0,0.0,0.0,0.0,0.0,0.0,0.0,0.0,0.0,R,1960-10-20,CRO,male,207,0.0,,,0.0,
Alex De Minaur,89,60,59.732,2017,2021,5,389.0,576.0,11799.0,7191.0,5116.0,2440.0,1829.0,577.0,943.0,R,1999-02-17,AUS,male,149,1463.0,79.989,61.188,6.329,4.882
Chris Bradnam,1,4,20.0,1978,1983,6,0.0,0.0,0.0,0.0,0.0,0.0,0.0,0.0,0.0,R,1958-02-26,GBR,male,5,0.0,,,0.0,
Alvaro Betancur,33,76,30.275,1970,1981,12,0.0,0.0,0.0,0.0,0.0,0.0,0.0,0.0,0.0,R,1950-01-03,COL,male,109,0.0,,,0.0,
John De Zeeuw,0,1,0.0,1968,1968,1,0.0,0.0,0.0,0.0,0.0,0.0,0.0,0.0,0.0,R,1948-09-21,RSA,male,1,0.0,,,0.0,
S Teterion,0,1,0.0,1978,1978,1,0.0,0.0,0.0,0.0,0.0,0.0,0.0,0.0,0.0,R,,RUS,male,1,0.0,,,0.0,
Fernando Romboli,0,1,0.0,2011,2011,1,3.0,1.0,53.0,29.0,17.0,11.0,9.0,2.0,6.0,R,1989-01-04,BRA,male,1,5.0,55.556,33.333,6.0,1.887
Daniel Vallverdu,3,6,33.333,2004,2009,6,0.0,0.0,0.0,0.0,0.0,0.0,0.0,0.0,0.0,R,1986-03-17,VEN,male,9,0.0,,,0.0,
Ingo Wimmer,2,6,25.0,1974,1982,9,0.0,0.0,0.0,0.0,0.0,0.0,0.0,0.0,0.0,R,,AUT,male,8,0.0,,,0.0,
Di Wu,19,32,37.255,2010,2019,10,80.0,75.0,2518.0,1501.0,933.0,474.0,374.0,169.0,306.0,R,1991-09-14,CHN,male,51,237.0,63.369,55.229,6.0,2.979
Robert Puddicombe,0,2,0.0,1970,1972,3,0.0,0.0,0.0,0.0,0.0,0.0,0.0,0.0,0.0,R,1946-08-04,CAN,male,2,0.0,,,0.0,
Robbie Koenig,3,10,23.077,1992,2001,10,64.0,23.0,1066.0,609.0,384.0,215.0,163.0,70.0,127.0,R,1971-07-05,RSA,male,13,106.0,65.031,55.118,9.769,2.158
Shehab Shehab,0,6,0.0,1991,1996,6,0.0,0.0,0.0,0.0,0.0,0.0,0.0,0.0,0.0,U,1969-08-04,BRN,male,6,0.0,,,0.0,
Facundo Arguello,1,16,5.882,2013,2019,7,58.0,36.0,1227.0,757.0,475.0,210.0,189.0,58.0,127.0,R,1992-08-04,ARG,male,17,120.0,63.492,45.669,7.471,2.934
Thomas Haldin,2,11,15.385,1987,1989,3,0.0,0.0,0.0,0.0,0.0,0.0,0.0,0.0,0.0,R,1965-07-11,SWE,male,13,0.0,,,0.0,
Edoardo Mazza,2,8,20.0,1982,1989,8,0.0,0.0,0.0,0.0,0.0,0.0,0.0,0.0,0.0,R,1964-03-15,ITA,male,10,0.0,,,0.0,
Relja Fiser Dulic,0,1,0.0,2001,2001,1,0.0,0.0,0.0,0.0,0.0,0.0,0.0,0.0,0.0,R,1975-12-31,SRB,male,1,0.0,,,0.0,
Carlos Taberner,2,4,33.333,2018,2020,3,22.0,17.0,552.0,355.0,250.0,90.0,78.0,37.0,55.0,R,1997-08-08,ESP,male,6,60.0,76.923,67.273,9.167,3.08
Mohammed Faizal Bin Othman,0,1,0.0,2006,2006,1,0.0,0.0,0.0,0.0,0.0,0.0,0.0,0.0,0.0,U,1983-02-19,MAS,male,1,0.0,,,0.0,
Roberto Valerio,0,1,0.0,1968,1968,1,0.0,0.0,0.0,0.0,0.0,0.0,0.0,0.0,0.0,U,,ITA,male,1,0.0,,,0.0,
Ramesh Krishnan,275,246,52.783,1976,1993,18,81.0,23.0,2356.0,1639.0,1003.0,359.0,375.0,128.0,252.0,R,1961-06-05,IND,male,521,251.0,66.933,50.794,0.484,0.976
Buster C Mottram,237,134,63.881,1970,1983,14,0.0,0.0,0.0,0.0,0.0,0.0,0.0,0.0,0.0,R,1955-04-25,GBR,male,371,0.0,,,0.0,
Unknown Schroeder,0,1,0.0,1970,1970,1,0.0,0.0,0.0,0.0,0.0,0.0,0.0,0.0,0.0,U,,GER,male,1,0.0,,,0.0,
Chris Bovett,1,4,20.0,1968,1975,8,0.0,0.0,0.0,0.0,0.0,0.0,0.0,0.0,0.0,R,1945-12-25,GBR,male,5,0.0,,,0.0,
Martin Wostenholme,50,81,38.168,1979,1992,14,36.0,27.0,1034.0,708.0,448.0,143.0,158.0,56.0,109.0,R,1962-10-11,CAN,male,131,105.0,66.456,51.376,0.832,2.611
Hany Nasser,0,1,0.0,1979,1979,1,0.0,0.0,0.0,0.0,0.0,0.0,0.0,0.0,0.0,R,,EGY,male,1,0.0,,,0.0,
Sule Ladipo,10,10,50.0,1992,1997,6,9.0,10.0,303.0,194.0,132.0,53.0,43.0,21.0,32.0,R,1974-04-09,NGR,male,20,32.0,74.419,65.625,1.6,3.3
Manuel Orantes,645,234,73.379,1968,1984,17,0.0,0.0,0.0,0.0,0.0,0.0,0.0,0.0,0.0,L,1949-02-06,ESP,male,879,0.0,,,0.0,
Manuel Orantes,645,234,73.379,1968,1984,17,0.0,0.0,0.0,0.0,0.0,0.0,0.0,0.0,0.0,L,1949-02-05,UNK,male,879,0.0,,,0.0,
Min Hyoek Cho,2,4,33.333,2012,2013,2,0.0,0.0,0.0,0.0,0.0,0.0,0.0,0.0,0.0,R,1987-01-17,KOR,male,6,0.0,,,0.0,
Alistair Hunt,9,15,37.5,1995,2003,9,33.0,34.0,378.0,220.0,161.0,60.0,61.0,16.0,37.0,R,1972-11-11,NZL,male,24,40.0,65.574,43.243,1.542,8.995
Joao Soares,35,90,28.0,1974,1987,14,0.0,0.0,0.0,0.0,0.0,0.0,0.0,0.0,0.0,R,1951-04-25,BRA,male,125,0.0,,,0.0,
Gilles Moretton,57,85,40.141,1977,1983,7,0.0,0.0,0.0,0.0,0.0,0.0,0.0,0.0,0.0,R,1958-02-10,FRA,male,142,0.0,,,0.0,
Tomas Cakl,2,7,22.222,2004,2008,5,36.0,41.0,613.0,336.0,215.0,132.0,85.0,50.0,78.0,R,1981-04-25,CZE,male,9,57.0,67.059,64.103,8.667,6.688
Maxime Janvier,0,5,0.0,2018,2020,3,7.0,19.0,474.0,278.0,187.0,90.0,70.0,25.0,47.0,U,1996-10-18,FRA,male,5,48.0,68.571,53.191,9.4,4.008
Antoine Bellier,1,5,16.667,2016,2017,2,18.0,19.0,489.0,272.0,186.0,96.0,71.0,23.0,44.0,U,1996-10-18,SUI,male,6,50.0,70.423,52.273,7.333,3.885
Gerry Perry,1,6,14.286,1969,1971,3,0.0,0.0,0.0,0.0,0.0,0.0,0.0,0.0,0.0,U,1947-06-01,USA,male,7,0.0,,,0.0,
Heikki Hedman,0,2,0.0,1969,1969,1,0.0,0.0,0.0,0.0,0.0,0.0,0.0,0.0,0.0,U,1940-04-25,FIN,male,2,0.0,,,0.0,
Courtney John Lock,0,2,0.0,2016,2016,1,5.0,0.0,87.0,62.0,20.0,4.0,15.0,6.0,20.0,R,1996-10-18,ZIM,male,2,1.0,6.667,30.0,10.0,0.0
Ivan Miranda,24,32,42.857,1998,2011,14,26.0,55.0,1384.0,857.0,553.0,253.0,214.0,70.0,138.0,R,1980-03-08,PER,male,56,146.0,68.224,50.725,2.464,3.974
Jozsef Krocsko,10,10,50.0,1993,1997,5,29.0,3.0,872.0,681.0,379.0,83.0,131.0,41.0,95.0,R,1968-04-20,HUN,male,20,77.0,58.779,43.158,4.75,0.344
Larbi Rharnit,0,1,0.0,1997,1997,1,0.0,0.0,53.0,39.0,15.0,8.0,8.0,2.0,7.0,R,1976-04-18,MAR,male,1,3.0,37.5,28.571,7.0,0.0
Marius Barnard,0,3,0.0,1987,1994,8,4.0,0.0,104.0,62.0,34.0,16.0,17.0,8.0,18.0,R,1969-01-20,RSA,male,3,7.0,41.176,44.444,6.0,0.0
Guillermo Hormazabal,0,5,0.0,2002,2012,11,8.0,8.0,178.0,107.0,71.0,29.0,28.0,7.0,19.0,R,1985-02-19,CHI,male,5,16.0,57.143,36.842,3.8,4.494
Greg Cooper,3,2,60.0,1973,1973,1,0.0,0.0,0.0,0.0,0.0,0.0,0.0,0.0,0.0,R,1960-07-17,USA,male,5,0.0,,,0.0,
Takehiko Nishiwaki,2,4,33.333,1978,1981,4,0.0,0.0,0.0,0.0,0.0,0.0,0.0,0.0,0.0,R,,JPN,male,6,0.0,,,0.0,
Antal Van Der Duim,0,1,0.0,2006,2006,1,6.0,5.0,72.0,47.0,29.0,11.0,10.0,6.0,9.0,R,1987-09-16,NED,male,1,7.0,70.0,66.667,9.0,6.944
C Ryan,0,1,0.0,1970,1970,1,0.0,0.0,0.0,0.0,0.0,0.0,0.0,0.0,0.0,U,,IRL,male,1,0.0,,,0.0,
Manuel Santana,78,34,69.643,1968,1978,11,0.0,0.0,0.0,0.0,0.0,0.0,0.0,0.0,0.0,R,1938-05-10,ESP,male,112,0.0,,,0.0,
Mike Powers,1,4,20.0,1974,1977,4,0.0,0.0,0.0,0.0,0.0,0.0,0.0,0.0,0.0,R,1950-09-24,USA,male,5,0.0,,,0.0,
Steven Korteling,0,1,0.0,2005,2005,1,0.0,6.0,63.0,44.0,31.0,8.0,11.0,3.0,6.0,U,1984-01-16,NED,male,1,8.0,72.727,50.0,6.0,9.524
James Greenhalgh,3,11,21.429,1991,2000,10,22.0,27.0,447.0,239.0,161.0,91.0,67.0,26.0,50.0,R,1975-02-19,NZL,male,14,43.0,64.179,52.0,3.571,6.04
Christian Sigsgaard,0,2,0.0,2019,2019,1,0.0,0.0,0.0,0.0,0.0,0.0,0.0,0.0,0.0,U,1997-03-14,DEN,male,2,0.0,,,0.0,
Dimitar Kuzmanov,11,12,47.826,2011,2021,11,37.0,38.0,948.0,599.0,394.0,166.0,148.0,45.0,89.0,R,1993-07-28,BUL,male,23,104.0,70.27,50.562,3.87,4.008
Boris Pashanski,29,50,36.709,2003,2013,11,241.0,172.0,5482.0,3216.0,2136.0,1060.0,807.0,321.0,564.0,R,1982-11-03,SRB,male,79,564.0,69.888,56.915,7.139,3.138
Carlos Lando,1,7,12.5,1975,1981,7,0.0,0.0,0.0,0.0,0.0,0.0,0.0,0.0,0.0,R,,ARG,male,8,0.0,,,0.0,
Conor Niland,7,12,36.842,2003,2012,10,16.0,14.0,270.0,172.0,109.0,39.0,41.0,15.0,31.0,R,1981-09-19,IRL,male,19,25.0,60.976,48.387,1.632,5.185
Juan Ignacio Chela,324,267,54.822,1999,2012,14,1635.0,1755.0,43935.0,26518.0,17992.0,8764.0,6788.0,2481.0,4255.0,R,1979-08-30,ARG,male,591,5014.0,73.866,58.308,7.2,3.995
Adel Al Shatti,0,6,0.0,1993,2001,9,0.0,0.0,0.0,0.0,0.0,0.0,0.0,0.0,0.0,U,1972-08-29,KUW,male,6,0.0,,,0.0,
Veli Paloheimo,41,47,46.591,1986,1992,7,84.0,55.0,2688.0,1788.0,1062.0,393.0,404.0,180.0,339.0,R,1967-12-13,FIN,male,88,245.0,60.644,53.097,3.852,2.046
Goran Oresic,0,3,0.0,1995,1996,2,10.0,2.0,114.0,63.0,36.0,19.0,17.0,10.0,18.0,R,1975-04-28,CRO,male,3,9.0,52.941,55.556,6.0,1.754
Ivan Sergeyev,5,1,83.333,2008,2010,3,14.0,10.0,243.0,126.0,84.0,51.0,34.0,19.0,32.0,R,1988-01-20,UKR,male,6,21.0,61.765,59.375,5.333,4.115
Ma Ilahi,1,1,50.0,1970,1970,1,0.0,0.0,0.0,0.0,0.0,0.0,0.0,0.0,0.0,R,,PAK,male,2,0.0,,,0.0,
Tim Garcia,3,18,14.286,1977,1980,4,0.0,0.0,0.0,0.0,0.0,0.0,0.0,0.0,0.0,R,1955-12-28,USA,male,21,0.0,,,0.0,
Federico Sanchez,8,10,44.444,1993,1994,2,38.0,8.0,1058.0,777.0,459.0,118.0,172.0,56.0,124.0,R,1970-12-04,ESP,male,18,104.0,60.465,45.161,6.889,0.756
Juan Andres Gomez,1,1,50.0,2006,2006,1,0.0,0.0,0.0,0.0,0.0,0.0,0.0,0.0,0.0,U,1987-12-12,ECU,male,2,0.0,,,0.0,
Michel Kratochvil,68,89,43.312,2000,2007,8,729.0,540.0,11840.0,6612.0,4609.0,2550.0,1787.0,689.0,1163.0,R,1979-04-07,SUI,male,157,1313.0,73.475,59.243,7.408,4.561
Jose Clavet,6,11,35.294,1985,1990,6,0.0,0.0,0.0,0.0,0.0,0.0,0.0,0.0,0.0,R,1965-09-11,ESP,male,17,0.0,,,0.0,
Karl Meiler,189,154,55.102,1970,1985,16,0.0,0.0,0.0,0.0,0.0,0.0,0.0,0.0,0.0,R,1949-04-30,GER,male,343,0.0,,,0.0,
Marc Gicquel,80,107,42.781,2002,2014,13,441.0,1111.0,14609.0,8278.0,5972.0,3121.0,2252.0,794.0,1308.0,R,1977-03-30,FRA,male,187,1738.0,77.176,60.703,6.995,7.605
B Sweeney,0,1,0.0,1970,1970,1,0.0,0.0,0.0,0.0,0.0,0.0,0.0,0.0,0.0,U,,IRL,male,1,0.0,,,0.0,
Wei Yu Su,1,0,100.0,1994,1994,1,0.0,0.0,0.0,0.0,0.0,0.0,0.0,0.0,0.0,R,1976-01-05,TPE,male,1,0.0,,,0.0,
M Arenzon,0,1,0.0,1983,1983,1,0.0,0.0,0.0,0.0,0.0,0.0,0.0,0.0,0.0,R,,BRA,male,1,0.0,,,0.0,
Ivan Ljubicic,377,272,58.089,1996,2012,17,1524.0,7164.0,50185.0,29212.0,22497.0,10830.0,7919.0,2186.0,3399.0,R,1979-03-19,CRO,male,649,6706.0,84.682,64.313,5.237,14.275
Nick Lee,0,1,0.0,1973,1973,1,0.0,0.0,0.0,0.0,0.0,0.0,0.0,0.0,0.0,U,,UNK,male,1,0.0,,,0.0,
Harald Mair,1,1,50.0,1989,1989,1,0.0,0.0,0.0,0.0,0.0,0.0,0.0,0.0,0.0,R,,AUT,male,2,0.0,,,0.0,
Dale Ogden,0,1,0.0,1972,1972,1,0.0,0.0,0.0,0.0,0.0,0.0,0.0,0.0,0.0,R,,USA,male,1,0.0,,,0.0,
Cheng Yu Yu,0,1,0.0,2018,2018,1,4.0,3.0,93.0,53.0,37.0,18.0,15.0,7.0,12.0,U,1995-04-02,TPE,male,1,10.0,66.667,58.333,12.0,3.226
Vladimir Voltchkov,54,76,41.538,1996,2008,13,451.0,614.0,8298.0,4829.0,3393.0,1664.0,1271.0,449.0,780.0,R,1978-04-07,BLR,male,130,940.0,73.958,57.564,6.0,7.399
Frank Arthur Sedgman,12,10,54.545,1968,1974,7,0.0,0.0,0.0,0.0,0.0,0.0,0.0,0.0,0.0,,1927-10-29,AUS,male,22,0.0,,,0.0,
U Pickthall,0,1,0.0,1973,1973,1,0.0,0.0,0.0,0.0,0.0,0.0,0.0,0.0,0.0,U,,UNK,male,1,0.0,,,0.0,
Abou Berthe,1,15,6.25,1987,1994,8,0.0,0.0,0.0,0.0,0.0,0.0,0.0,0.0,0.0,U,1964-12-05,SEN,male,16,0.0,,,0.0,
S Le Roux,0,1,0.0,1969,1969,1,0.0,0.0,0.0,0.0,0.0,0.0,0.0,0.0,0.0,U,,RSA,male,1,0.0,,,0.0,
Hernando Jose Escurra Isnardi,0,1,0.0,2016,2016,1,3.0,2.0,58.0,34.0,19.0,8.0,9.0,1.0,6.0,,,PAR,male,1,4.0,44.444,16.667,6.0,3.448
Jean Claude Barclay,17,37,31.481,1968,1976,9,0.0,0.0,0.0,0.0,0.0,0.0,0.0,0.0,0.0,R,1942-12-30,FRA,male,54,0.0,,,0.0,
Martin Lee,20,44,31.25,1996,2006,11,169.0,315.0,4941.0,2842.0,1944.0,927.0,741.0,279.0,512.0,L,1978-01-13,GBR,male,64,508.0,68.556,54.492,8.0,6.375
Manuel Valleramos,1,5,16.667,1981,1983,3,0.0,0.0,0.0,0.0,0.0,0.0,0.0,0.0,0.0,R,,PHI,male,6,0.0,,,0.0,
Suharyadi Suharyadi,6,9,40.0,1984,1992,9,0.0,0.0,0.0,0.0,0.0,0.0,0.0,0.0,0.0,R,1965-02-14,INA,male,15,0.0,,,0.0,
Andy Fahlke,0,1,0.0,2000,2000,1,6.0,4.0,68.0,43.0,28.0,10.0,9.0,11.0,14.0,R,1979-05-30,GER,male,1,6.0,66.667,78.571,14.0,5.882
T Grane,0,1,0.0,1970,1970,1,0.0,0.0,0.0,0.0,0.0,0.0,0.0,0.0,0.0,U,,,male,1,0.0,,,0.0,
Victor Estrella,79,79,50.0,2001,2018,18,273.0,390.0,8470.0,5488.0,3670.0,1486.0,1299.0,467.0,805.0,R,1980-08-02,DOM,male,158,961.0,73.98,58.012,5.095,4.604
Daniel Courcol,2,3,40.0,1995,1996,2,21.0,24.0,406.0,227.0,159.0,74.0,59.0,32.0,52.0,R,1969-04-26,FRA,male,5,39.0,66.102,61.538,10.4,5.911
Mansur Yakhyaev,0,1,0.0,2003,2003,1,0.0,0.0,0.0,0.0,0.0,0.0,0.0,0.0,0.0,U,1976-09-01,TJK,male,1,0.0,,,0.0,
Bud Guion,0,1,0.0,1970,1970,1,0.0,0.0,0.0,0.0,0.0,0.0,0.0,0.0,0.0,U,,UNK,male,1,0.0,,,0.0,
Alejandro Gonzalez,18,42,30.0,2013,2019,7,136.0,194.0,4097.0,2471.0,1604.0,762.0,619.0,240.0,445.0,R,1989-02-07,COL,male,60,414.0,66.882,53.933,7.417,4.735
Andres Gimeno,172,80,68.254,1968,1974,7,0.0,0.0,0.0,0.0,0.0,0.0,0.0,0.0,0.0,R,1937-08-03,ESP,male,252,0.0,,,0.0,
Diego Lozano,0,1,0.0,1997,1997,1,11.0,5.0,108.0,62.0,41.0,17.0,15.0,8.0,14.0,R,1973-05-21,ESP,male,1,9.0,60.0,57.143,14.0,4.63
Claudio Dias Conduto,0,1,0.0,2010,2010,1,0.0,0.0,0.0,0.0,0.0,0.0,0.0,0.0,0.0,U,1993-08-17,AHO,male,1,0.0,,,0.0,
Tihomir Grozdanov,3,1,75.0,2009,2015,7,0.0,0.0,0.0,0.0,0.0,0.0,0.0,0.0,0.0,U,1987-04-29,BUL,male,4,0.0,,,0.0,
Aly El Dawoudi,7,6,53.846,1970,1981,12,0.0,0.0,0.0,0.0,0.0,0.0,0.0,0.0,0.0,R,,EGY,male,13,0.0,,,0.0,
Mubarak Shannan Zayid,0,3,0.0,2016,2018,3,8.0,10.0,173.0,92.0,54.0,27.0,23.0,22.0,36.0,U,1995-04-14,QAT,male,3,9.0,39.13,61.111,12.0,5.78
Iztok Bozic,13,11,54.167,1994,2002,9,11.0,2.0,203.0,137.0,86.0,24.0,27.0,16.0,26.0,R,1971-09-27,SLO,male,24,17.0,62.963,61.538,1.083,0.985
Fritz Buehning,73,78,48.344,1978,1984,7,0.0,0.0,0.0,0.0,0.0,0.0,0.0,0.0,0.0,R,1960-03-05,USA,male,151,0.0,,,0.0,
David Carter,73,110,39.891,1973,1984,12,0.0,0.0,0.0,0.0,0.0,0.0,0.0,0.0,0.0,R,1956-04-21,AUS,male,183,0.0,,,0.0,
John Feaver,54,131,29.189,1971,1984,14,0.0,0.0,0.0,0.0,0.0,0.0,0.0,0.0,0.0,R,1952-02-16,GBR,male,185,0.0,,,0.0,
Inaki Calvo,1,3,25.0,1984,1986,3,0.0,0.0,0.0,0.0,0.0,0.0,0.0,0.0,0.0,R,1960-03-23,VEN,male,4,0.0,,,0.0,
Jan Norback,30,63,32.258,1973,1981,9,0.0,0.0,0.0,0.0,0.0,0.0,0.0,0.0,0.0,R,1956-03-06,SWE,male,93,0.0,,,0.0,
Franco Squillari,155,160,49.206,1994,2004,11,1386.0,1071.0,23173.0,13245.0,9037.0,4722.0,3506.0,1375.0,2354.0,L,1975-08-22,ARG,male,315,2527.0,72.076,58.411,7.473,4.622
Jeff Tarango,209,253,45.238,1987,2002,16,1550.0,1494.0,31783.0,19507.0,13192.0,5950.0,4775.0,1846.0,3117.0,L,1968-11-20,USA,male,462,3504.0,73.382,59.224,6.747,4.701
Jeremy Cohen,2,6,25.0,1979,1980,2,0.0,0.0,0.0,0.0,0.0,0.0,0.0,0.0,0.0,R,,USA,male,8,0.0,,,0.0,
Geoff Grant,8,19,29.63,1994,1999,6,83.0,101.0,2141.0,1411.0,966.0,336.0,325.0,117.0,207.0,R,1970-01-16,USA,male,27,235.0,72.308,56.522,7.667,4.717
Federico Dondo,20,20,50.0,1994,2003,10,15.0,4.0,170.0,88.0,59.0,43.0,25.0,8.0,15.0,R,1971-10-18,URU,male,40,18.0,72.0,53.333,0.375,2.353
Bong Soo Kim,18,14,56.25,1985,1994,10,2.0,11.0,150.0,72.0,40.0,34.0,23.0,8.0,19.0,R,1962-11-30,KOR,male,32,12.0,52.174,42.105,0.594,7.333
Gerald Battrick,113,137,45.2,1968,1976,9,0.0,0.0,0.0,0.0,0.0,0.0,0.0,0.0,0.0,R,1947-05-27,GBR,male,250,0.0,,,0.0,
Jilani Bouhafa,0,2,0.0,1986,1986,1,0.0,0.0,0.0,0.0,0.0,0.0,0.0,0.0,0.0,U,1961-02-10,TUN,male,2,0.0,,,0.0,
Amos Mansdorf,259,187,58.072,1981,1994,14,387.0,662.0,13746.0,8002.0,5559.0,2968.0,2074.0,740.0,1206.0,R,1965-10-20,ISR,male,446,1608.0,77.531,61.36,2.704,4.816
Christoph Zipf,11,23,32.353,1980,1986,7,0.0,0.0,0.0,0.0,0.0,0.0,0.0,0.0,0.0,R,1962-12-05,GER,male,34,0.0,,,0.0,
Owen Casey,6,8,42.857,1988,1999,12,0.0,0.0,0.0,0.0,0.0,0.0,0.0,0.0,0.0,R,1969-10-22,IRL,male,14,0.0,,,0.0,
Lawal Shehu,0,1,0.0,2007,2007,1,0.0,0.0,0.0,0.0,0.0,0.0,0.0,0.0,0.0,R,1985-01-15,NGR,male,1,0.0,,,0.0,
Gilles Ganancia,11,9,55.0,1984,1990,7,0.0,0.0,0.0,0.0,0.0,0.0,0.0,0.0,0.0,R,,MON,male,20,0.0,,,0.0,
Unknown Schoenberger,0,1,0.0,1970,1970,1,0.0,0.0,0.0,0.0,0.0,0.0,0.0,0.0,0.0,U,,GER,male,1,0.0,,,0.0,
Yannick Mertens,1,2,33.333,2010,2012,3,7.0,9.0,178.0,111.0,79.0,37.0,30.0,12.0,19.0,R,1987-06-25,BEL,male,3,23.0,76.667,63.158,6.333,5.056
Lui Pang,3,3,50.0,1991,1996,6,0.0,0.0,0.0,0.0,0.0,0.0,0.0,0.0,0.0,R,,HKG,male,6,0.0,,,0.0,
Andres Funes,0,1,0.0,1968,1968,1,0.0,0.0,0.0,0.0,0.0,0.0,0.0,0.0,0.0,U,,ARG,male,1,0.0,,,0.0,
Thomas Enqvist,371,249,59.839,1989,2005,17,2759.0,4353.0,46557.0,25519.0,19161.0,10380.0,7197.0,2222.0,3722.0,R,1974-03-13,SWE,male,620,5697.0,79.158,59.699,6.003,9.35
Ahmad Rabeea Muhammad,4,10,28.571,2004,2009,6,0.0,0.0,0.0,0.0,0.0,0.0,0.0,0.0,0.0,R,1987-03-30,KUW,male,14,0.0,,,0.0,
Andrew Park,0,1,0.0,1998,1998,1,0.0,0.0,0.0,0.0,0.0,0.0,0.0,0.0,0.0,R,1980-01-02,USA,male,1,0.0,,,0.0,
Juan Aguilera,144,130,52.555,1981,1991,11,47.0,30.0,1067.0,609.0,382.0,189.0,165.0,71.0,140.0,R,1962-03-22,ESP,male,274,96.0,58.182,50.714,0.511,2.812
Miguel Pastura,0,1,0.0,1997,1997,1,5.0,3.0,103.0,65.0,38.0,13.0,14.0,4.0,11.0,R,1973-05-27,ARG,male,1,7.0,50.0,36.364,11.0,2.913
Cliff Skakle,1,2,33.333,1980,1981,2,0.0,0.0,0.0,0.0,0.0,0.0,0.0,0.0,0.0,R,,USA,male,3,0.0,,,0.0,
Miljan Zekic,1,2,33.333,2017,2017,1,5.0,11.0,219.0,145.0,99.0,37.0,30.0,17.0,25.0,U,1988-07-12,SRB,male,3,22.0,73.333,68.0,8.333,5.023
Evgeny Karlovskiy,0,1,0.0,2018,2018,1,3.0,15.0,119.0,83.0,60.0,19.0,15.0,11.0,12.0,R,1994-08-07,RUS,male,1,14.0,93.333,91.667,12.0,12.605
Vimuktha De Alwis,1,1,50.0,2012,2012,1,0.0,0.0,0.0,0.0,0.0,0.0,0.0,0.0,0.0,R,1994-04-18,SRI,male,2,0.0,,,0.0,
Yasufumi Yamamoto,3,14,17.647,1979,1999,21,22.0,18.0,686.0,396.0,235.0,135.0,102.0,56.0,96.0,R,1971-05-03,JPN,male,17,62.0,60.784,58.333,5.647,2.624
Kenneth Raisma,0,1,0.0,2018,2018,1,2.0,4.0,74.0,54.0,39.0,13.0,12.0,5.0,6.0,L,1998-04-03,EST,male,1,11.0,91.667,83.333,6.0,5.405
Anthony Susanto,0,1,0.0,2018,2018,1,1.0,1.0,54.0,34.0,21.0,8.0,9.0,1.0,5.0,U,1997-05-23,INA,male,1,5.0,55.556,20.0,5.0,1.852
Mohammed Chinois El Achraoui,1,0,100.0,1972,1972,1,0.0,0.0,0.0,0.0,0.0,0.0,0.0,0.0,0.0,U,,MAR,male,1,0.0,,,0.0,
Sami Ghorbel,0,1,0.0,2011,2011,1,0.0,0.0,0.0,0.0,0.0,0.0,0.0,0.0,0.0,R,1992-01-20,TUN,male,1,0.0,,,0.0,
Pat Serret,1,2,33.333,1981,1987,7,0.0,0.0,0.0,0.0,0.0,0.0,0.0,0.0,0.0,R,,AUS,male,3,0.0,,,0.0,
Juan Herrera,5,13,27.778,1971,1977,7,0.0,0.0,0.0,0.0,0.0,0.0,0.0,0.0,0.0,R,,ESP,male,18,0.0,,,0.0,
Trevor Allan,23,31,42.593,1973,1986,14,0.0,0.0,0.0,0.0,0.0,0.0,0.0,0.0,0.0,L,1955-08-17,AUS,male,54,0.0,,,0.0,
Sulistyo Wibowo,0,1,0.0,1996,1996,1,4.0,0.0,68.0,36.0,20.0,14.0,12.0,2.0,8.0,R,1969-02-17,INA,male,1,6.0,50.0,25.0,8.0,0.0
Dick Crealy,271,248,52.216,1968,1981,14,0.0,0.0,0.0,0.0,0.0,0.0,0.0,0.0,0.0,R,1944-09-18,AUS,male,519,0.0,,,0.0,
Viktor Troicki,297,272,52.197,2006,2021,16,1345.0,4216.0,41495.0,25244.0,18280.0,7697.0,6483.0,2217.0,3715.0,R,1986-02-10,SRB,male,569,4985.0,76.893,59.677,6.529,10.16
Predrag Rusevski,6,9,40.0,2006,2010,5,2.0,1.0,83.0,58.0,35.0,16.0,13.0,10.0,13.0,R,1983-08-27,MKD,male,15,10.0,76.923,76.923,0.867,1.205
Arthur Anastopoulo,1,1,50.0,1981,1981,1,0.0,0.0,0.0,0.0,0.0,0.0,0.0,0.0,0.0,R,,GRE,male,2,0.0,,,0.0,
Alexandre Hocevar,5,6,45.455,1984,1990,7,0.0,0.0,0.0,0.0,0.0,0.0,0.0,0.0,0.0,R,1963-02-19,BRA,male,11,0.0,,,0.0,
Mark Long,0,1,0.0,1985,1985,1,0.0,0.0,0.0,0.0,0.0,0.0,0.0,0.0,0.0,R,,NZL,male,1,0.0,,,0.0,
Sekou Bangoura,0,1,0.0,2017,2017,1,6.0,5.0,60.0,40.0,34.0,10.0,11.0,0.0,1.0,R,1991-11-18,USA,male,1,10.0,90.909,0.0,1.0,8.333
Hans Dieter Beutel,10,36,21.739,1980,1989,10,0.0,0.0,0.0,0.0,0.0,0.0,0.0,0.0,0.0,R,1962-06-12,GER,male,46,0.0,,,0.0,
Jose Luis Arillla,7,17,29.167,1968,1971,4,0.0,0.0,0.0,0.0,0.0,0.0,0.0,0.0,0.0,R,,ESP,male,24,0.0,,,0.0,
Pablo Galdon,0,1,0.0,2011,2011,1,0.0,1.0,40.0,24.0,13.0,8.0,7.0,1.0,5.0,R,1985-11-28,ARG,male,1,3.0,42.857,20.0,5.0,2.5
Guillermo Rivera Aranguiz,0,1,0.0,2011,2011,1,0.0,0.0,0.0,0.0,0.0,0.0,0.0,0.0,0.0,R,1989-02-02,CHI,male,1,0.0,,,0.0,
Bostjan Osabnik,3,4,42.857,2002,2005,4,0.0,0.0,0.0,0.0,0.0,0.0,0.0,0.0,0.0,R,1982-08-07,SLO,male,7,0.0,,,0.0,
Jhonson Garcia,17,13,56.667,1999,2011,13,0.0,0.0,0.0,0.0,0.0,0.0,0.0,0.0,0.0,R,1980-10-01,DOM,male,30,0.0,,,0.0,
Yakubu Suleiman,1,4,20.0,1984,1992,9,0.0,0.0,0.0,0.0,0.0,0.0,0.0,0.0,0.0,R,,NGR,male,5,0.0,,,0.0,
Markos Kalovelonis,0,1,0.0,2014,2014,1,0.0,0.0,0.0,0.0,0.0,0.0,0.0,0.0,0.0,R,1994-05-18,GRE,male,1,0.0,,,0.0,
Hendrik Dreekmann,83,100,45.355,1993,2003,11,839.0,915.0,15019.0,7547.0,5531.0,3535.0,2193.0,837.0,1395.0,R,1975-01-29,GER,male,183,1635.0,74.555,60.0,7.623,6.092
Rich Andrews,0,1,0.0,1980,1980,1,0.0,0.0,0.0,0.0,0.0,0.0,0.0,0.0,0.0,R,,USA,male,1,0.0,,,0.0,
Gerardo Lopez Villasenor,3,4,42.857,2015,2020,6,19.0,24.0,492.0,297.0,213.0,97.0,74.0,22.0,39.0,U,1995-05-12,MEX,male,7,57.0,77.027,56.41,5.571,4.878
Jun Kuki,63,111,36.207,1968,1982,15,0.0,0.0,0.0,0.0,0.0,0.0,0.0,0.0,0.0,R,1945-12-28,JPN,male,174,0.0,,,0.0,
Olle Palmer,1,5,16.667,1973,1981,9,0.0,0.0,0.0,0.0,0.0,0.0,0.0,0.0,0.0,R,,SWE,male,6,0.0,,,0.0,
Goran Ivanisevic,412,258,61.493,1988,2004,17,2518.0,6749.0,43697.0,23786.0,19379.0,9824.0,6648.0,2019.0,3081.0,L,1971-09-13,CRO,male,670,5586.0,84.025,65.531,4.599,15.445
Sam Match,0,1,0.0,1968,1968,1,0.0,0.0,0.0,0.0,0.0,0.0,0.0,0.0,0.0,,1923-01-03,USA,male,1,0.0,,,0.0,
Michael Geserer,2,7,22.222,1991,1996,6,14.0,32.0,665.0,433.0,264.0,108.0,94.0,60.0,93.0,R,1969-12-14,GER,male,9,61.0,64.894,64.516,10.333,4.812
Rachid Baba Aissa,0,2,0.0,2004,2006,3,0.0,0.0,0.0,0.0,0.0,0.0,0.0,0.0,0.0,U,1983-08-08,ALG,male,2,0.0,,,0.0,
Reinhard Mattern,3,3,50.0,1971,1973,3,0.0,0.0,0.0,0.0,0.0,0.0,0.0,0.0,0.0,U,,GER,male,6,0.0,,,0.0,
Neil Broad,7,19,26.923,1987,1993,7,17.0,3.0,113.0,51.0,32.0,26.0,18.0,4.0,13.0,R,1966-11-20,GBR,male,26,9.0,50.0,30.769,0.5,2.655
Maks Kasnikowski,1,0,100.0,2020,2020,1,0.0,0.0,0.0,0.0,0.0,0.0,0.0,0.0,0.0,U,2003-07-06,POL,male,1,0.0,,,0.0,
Henry Somerville,0,1,0.0,1987,1987,1,0.0,0.0,0.0,0.0,0.0,0.0,0.0,0.0,0.0,R,1964-05-08,USA,male,1,0.0,,,0.0,
Gabor Borsos,1,4,20.0,2015,2019,5,2.0,5.0,153.0,96.0,64.0,31.0,25.0,8.0,14.0,U,1991-06-30,HUN,male,5,19.0,76.0,57.143,2.8,3.268
A Jordan,0,1,0.0,1970,1970,1,0.0,0.0,0.0,0.0,0.0,0.0,0.0,0.0,0.0,U,,GBR,male,1,0.0,,,0.0,
Julio Peralta,0,1,0.0,2003,2003,1,3.0,3.0,77.0,43.0,27.0,17.0,11.0,4.0,7.0,R,1981-09-09,CHI,male,1,8.0,72.727,57.143,7.0,3.896
Premjit Lall,22,42,34.375,1968,1975,8,0.0,0.0,0.0,0.0,0.0,0.0,0.0,0.0,0.0,R,1940-10-20,IND,male,64,0.0,,,0.0,
Joachim Johansson,68,58,53.968,2000,2013,14,499.0,1646.0,8941.0,5530.0,4383.0,1802.0,1430.0,348.0,500.0,R,1982-07-01,SWE,male,126,1278.0,89.371,69.6,3.968,18.41
Anil Yuksel,0,2,0.0,2017,2017,1,4.0,2.0,163.0,90.0,54.0,34.0,22.0,9.0,18.0,L,1990-05-19,TUR,male,2,13.0,59.091,50.0,9.0,1.227
Brent Pirow,2,10,16.667,1981,1985,5,0.0,0.0,0.0,0.0,0.0,0.0,0.0,0.0,0.0,R,1959-02-06,RSA,male,12,0.0,,,0.0,
Bud Schultz,40,41,49.383,1983,1988,6,0.0,0.0,0.0,0.0,0.0,0.0,0.0,0.0,0.0,R,1959-08-21,USA,male,81,0.0,,,0.0,
Gerardo Vacarezza,2,3,40.0,1986,1990,5,0.0,0.0,0.0,0.0,0.0,0.0,0.0,0.0,0.0,R,,CHI,male,5,0.0,,,0.0,
Martin Laurendeau,31,53,36.905,1986,1992,7,99.0,51.0,1721.0,1054.0,704.0,295.0,248.0,97.0,172.0,R,1964-07-10,CAN,male,84,173.0,69.758,56.395,2.048,2.963
Fabrizio Gasparini,0,1,0.0,1971,1971,1,0.0,0.0,0.0,0.0,0.0,0.0,0.0,0.0,0.0,U,1953-12-22,ITA,male,1,0.0,,,0.0,
Olivier Malcor,0,3,0.0,1999,2001,3,10.0,8.0,250.0,174.0,96.0,27.0,33.0,19.0,37.0,R,1975-01-28,FRA,male,3,15.0,45.455,51.351,12.333,3.2
Magnus Tideman,14,33,29.787,1980,1989,10,0.0,0.0,0.0,0.0,0.0,0.0,0.0,0.0,0.0,R,1963-04-09,SWE,male,47,0.0,,,0.0,
Jerzy Janowicz,95,95,50.0,2008,2020,13,865.0,1585.0,14316.0,8875.0,6632.0,2676.0,2247.0,712.0,1118.0,R,1990-11-13,POL,male,190,1841.0,81.931,63.685,5.884,11.072
P Moore,2,1,66.667,1976,1976,1,0.0,0.0,0.0,0.0,0.0,0.0,0.0,0.0,0.0,R,,UNK,male,3,0.0,,,0.0,
Gehad El Deeb,1,4,20.0,1997,1998,2,0.0,0.0,0.0,0.0,0.0,0.0,0.0,0.0,0.0,R,1973-10-29,EGY,male,5,0.0,,,0.0,
D J Sheperd,0,1,0.0,1970,1970,1,0.0,0.0,0.0,0.0,0.0,0.0,0.0,0.0,0.0,U,,GBR,male,1,0.0,,,0.0,
Federico Rodriguez,0,3,0.0,2004,2005,2,0.0,0.0,0.0,0.0,0.0,0.0,0.0,0.0,0.0,U,1980-04-27,DOM,male,3,0.0,,,0.0,
Mik Ledvonova,2,1,66.667,2002,2003,2,0.0,0.0,0.0,0.0,0.0,0.0,0.0,0.0,0.0,R,1981-05-31,DEN,male,3,0.0,,,0.0,
Mario Alberto Cayo,0,1,0.0,2004,2004,1,0.0,0.0,0.0,0.0,0.0,0.0,0.0,0.0,0.0,U,1985-05-23,PER,male,1,0.0,,,0.0,
Fabio Di Mauro,0,3,0.0,1986,1989,4,0.0,0.0,0.0,0.0,0.0,0.0,0.0,0.0,0.0,R,,ITA,male,3,0.0,,,0.0,
Johann Coles,0,1,0.0,2011,2011,1,0.0,0.0,0.0,0.0,0.0,0.0,0.0,0.0,0.0,U,1990-07-18,HAI,male,1,0.0,,,0.0,
Gilles Kremer,8,17,32.0,2001,2015,15,0.0,0.0,0.0,0.0,0.0,0.0,0.0,0.0,0.0,R,1981-07-15,LUX,male,25,0.0,,,0.0,
Taylor Dent,146,136,51.773,1998,2010,13,1586.0,2051.0,21250.0,12140.0,9127.0,4445.0,3336.0,1038.0,1722.0,R,1981-04-24,USA,male,282,2652.0,79.496,60.279,6.106,9.652
S Saggoni,0,1,0.0,1973,1973,1,0.0,0.0,0.0,0.0,0.0,0.0,0.0,0.0,0.0,U,,UNK,male,1,0.0,,,0.0,
Bob Joyner,0,2,0.0,1970,1971,2,0.0,0.0,0.0,0.0,0.0,0.0,0.0,0.0,0.0,U,,UNK,male,2,0.0,,,0.0,
Cesar Escobar Serrano,0,1,0.0,2008,2008,1,0.0,0.0,0.0,0.0,0.0,0.0,0.0,0.0,0.0,U,1991-07-02,ESA,male,1,0.0,,,0.0,
Abdul Hakim Jteli,0,2,0.0,1989,1989,1,0.0,0.0,0.0,0.0,0.0,0.0,0.0,0.0,0.0,U,,LBA,male,2,0.0,,,0.0,
Oliver Anderson,0,1,0.0,2016,2016,1,1.0,3.0,52.0,30.0,22.0,9.0,8.0,3.0,6.0,U,1998-04-30,AUS,male,1,5.0,62.5,50.0,6.0,5.769
Omer Rashid,8,9,47.059,1991,1997,7,0.0,0.0,0.0,0.0,0.0,0.0,0.0,0.0,0.0,R,1972-06-04,PAK,male,17,0.0,,,0.0,
Eiji Takeuchi,1,5,16.667,1979,1985,7,0.0,0.0,0.0,0.0,0.0,0.0,0.0,0.0,0.0,R,,JPN,male,6,0.0,,,0.0,
Francois Godbout,0,2,0.0,1969,1969,1,0.0,0.0,0.0,0.0,0.0,0.0,0.0,0.0,0.0,U,1938-04-10,CAN,male,2,0.0,,,0.0,
Emilio Marturano,0,1,0.0,1989,1989,1,0.0,0.0,0.0,0.0,0.0,0.0,0.0,0.0,0.0,R,1967-05-24,ITA,male,1,0.0,,,0.0,
Bill Gilmour,1,3,25.0,1980,1981,2,0.0,0.0,0.0,0.0,0.0,0.0,0.0,0.0,0.0,R,1960-05-29,AUS,male,4,0.0,,,0.0,
Chris Woodruff,97,98,49.744,1993,2002,10,835.0,1115.0,15905.0,9599.0,6870.0,3029.0,2423.0,855.0,1402.0,R,1973-01-02,USA,male,195,1876.0,77.425,60.984,7.19,7.01
Mohammed Al Nabhani,2,6,25.0,2008,2009,2,0.0,0.0,0.0,0.0,0.0,0.0,0.0,0.0,0.0,R,1985-09-01,OMA,male,8,0.0,,,0.0,
Blaz Trupej,3,5,37.5,1994,1997,4,0.0,0.0,0.0,0.0,0.0,0.0,0.0,0.0,0.0,R,1972-02-02,SLO,male,8,0.0,,,0.0,
Hisham Hemeda,3,1,75.0,1994,1997,4,0.0,0.0,0.0,0.0,0.0,0.0,0.0,0.0,0.0,R,1978-05-01,EGY,male,4,0.0,,,0.0,
Rikard Bergh,1,8,11.111,1988,1993,6,7.0,16.0,230.0,113.0,91.0,54.0,36.0,9.0,17.0,L,1966-06-14,SWE,male,9,28.0,77.778,52.941,1.889,6.957
Denis Shapovalov,106,86,55.208,2016,2021,6,979.0,1584.0,16003.0,9381.0,7098.0,3431.0,2542.0,799.0,1217.0,L,1999-04-15,CAN,male,192,2124.0,83.556,65.653,6.339,9.898
Ove Nils Bengtson,83,121,40.686,1968,1979,12,0.0,0.0,0.0,0.0,0.0,0.0,0.0,0.0,0.0,R,1945-04-05,SWE,male,204,0.0,,,0.0,
R S Edwards,0,1,0.0,1970,1970,1,0.0,0.0,0.0,0.0,0.0,0.0,0.0,0.0,0.0,U,,GBR,male,1,0.0,,,0.0,
Miguel Gallardo Valles,15,14,51.724,2001,2014,14,6.0,6.0,259.0,166.0,99.0,43.0,40.0,17.0,34.0,R,1981-04-08,MEX,male,29,23.0,57.5,50.0,1.172,2.317
Nils Elvik,1,3,25.0,1968,1968,1,0.0,0.0,0.0,0.0,0.0,0.0,0.0,0.0,0.0,U,1945-01-29,NOR,male,4,0.0,,,0.0,
Soong Jae Cho,1,0,100.0,2011,2011,1,0.0,0.0,0.0,0.0,0.0,0.0,0.0,0.0,0.0,R,1990-12-20,KOR,male,1,0.0,,,0.0,
Ayoub Chakrouni,1,0,100.0,2014,2014,1,0.0,0.0,0.0,0.0,0.0,0.0,0.0,0.0,0.0,U,1991-06-10,MAR,male,1,0.0,,,0.0,
Diogo Rocha,1,2,33.333,2003,2004,2,7.0,2.0,149.0,89.0,46.0,18.0,26.0,6.0,22.0,R,1984-06-14,POR,male,3,10.0,38.462,27.273,7.333,1.342
Phil Siviter,1,3,25.0,1973,1974,2,0.0,0.0,0.0,0.0,0.0,0.0,0.0,0.0,0.0,R,1953-03-16,GBR,male,4,0.0,,,0.0,
Suresh Menon,0,2,0.0,1981,1981,1,0.0,0.0,0.0,0.0,0.0,0.0,0.0,0.0,0.0,U,,MAS,male,2,0.0,,,0.0,
Knud Erik Nielsen,0,4,0.0,1972,1974,3,0.0,0.0,0.0,0.0,0.0,0.0,0.0,0.0,0.0,U,1942-04-06,DEN,male,4,0.0,,,0.0,
Colin Fleming,1,2,33.333,2009,2011,3,5.0,11.0,151.0,94.0,70.0,19.0,24.0,8.0,15.0,R,1984-08-13,GBR,male,3,17.0,70.833,53.333,5.0,7.285
Mark Wooldridge,3,11,21.429,1980,1985,6,0.0,0.0,0.0,0.0,0.0,0.0,0.0,0.0,0.0,R,1962-07-07,USA,male,14,0.0,,,0.0,
Clement Ngoran,17,10,62.963,1986,1997,12,6.0,30.0,314.0,202.0,139.0,60.0,48.0,25.0,35.0,R,1969-08-07,CIV,male,27,38.0,79.167,71.429,1.296,9.554
Adam Malik,10,9,52.632,1983,1995,13,4.0,3.0,82.0,45.0,33.0,16.0,12.0,3.0,6.0,R,1967-05-10,MAS,male,19,9.0,75.0,50.0,0.316,3.659
Marko Djokovic,0,4,0.0,2008,2012,5,15.0,2.0,258.0,140.0,73.0,53.0,38.0,15.0,35.0,R,1991-08-20,SRB,male,4,18.0,47.368,42.857,8.75,0.775
Daniel Cukierman,1,1,50.0,2019,2020,2,2.0,4.0,75.0,48.0,35.0,14.0,10.0,9.0,10.0,U,1995-07-09,ISR,male,2,9.0,90.0,90.0,5.0,5.333
Brian Roe,0,3,0.0,1987,1988,2,0.0,0.0,0.0,0.0,0.0,0.0,0.0,0.0,0.0,L,1969-08-20,AUS,male,3,0.0,,,0.0,
Mohammed Nazreen Fuzi Nasruddin,0,1,0.0,2000,2000,1,0.0,0.0,0.0,0.0,0.0,0.0,0.0,0.0,0.0,U,1981-07-23,MAS,male,1,0.0,,,0.0,
Kimmer Coppejans,3,15,16.667,2014,2021,8,36.0,63.0,1342.0,892.0,572.0,215.0,207.0,70.0,135.0,R,1994-02-07,BEL,male,18,142.0,68.599,51.852,7.5,4.694
Oleg Ogorodov,46,49,48.421,1994,2003,10,155.0,272.0,4038.0,2387.0,1648.0,727.0,602.0,277.0,450.0,R,1972-07-16,UZB,male,95,429.0,71.262,61.556,4.737,6.736
Ricardo Rodriguez,19,8,70.37,2012,2018,7,31.0,30.0,1122.0,740.0,486.0,191.0,183.0,65.0,117.0,R,1993-04-28,VEN,male,27,131.0,71.585,55.556,4.333,2.674
Tiago Sousa,0,1,0.0,2001,2001,1,2.0,2.0,75.0,38.0,25.0,20.0,11.0,8.0,11.0,R,1978-11-14,POR,male,1,8.0,72.727,72.727,11.0,2.667
Alessandro Baldoni,0,6,0.0,1987,1988,2,0.0,0.0,0.0,0.0,0.0,0.0,0.0,0.0,0.0,R,1968-02-20,ITA,male,6,0.0,,,0.0,
James Auckland,2,1,66.667,2006,2006,1,9.0,35.0,219.0,134.0,101.0,50.0,35.0,8.0,11.0,R,1980-04-01,GBR,male,3,32.0,91.429,72.727,3.667,15.982
Victor Crivoi,16,35,31.373,2005,2013,9,80.0,143.0,2843.0,1826.0,1171.0,485.0,441.0,180.0,322.0,R,1982-05-25,ROU,male,51,299.0,67.8,55.901,6.314,5.03
Michal Przysiezny,26,72,26.531,2004,2018,15,289.0,604.0,6912.0,4039.0,2889.0,1382.0,1053.0,389.0,645.0,R,1984-02-16,POL,male,98,797.0,75.689,60.31,6.582,8.738
Ibrahim Mahmoud,1,4,20.0,1971,1980,10,0.0,0.0,0.0,0.0,0.0,0.0,0.0,0.0,0.0,R,,EGY,male,5,0.0,,,0.0,
Andrew Rae,1,5,16.667,1970,1979,10,0.0,0.0,0.0,0.0,0.0,0.0,0.0,0.0,0.0,R,,AUS,male,6,0.0,,,0.0,
Pierre Joly,1,9,10.0,1968,1974,7,0.0,0.0,0.0,0.0,0.0,0.0,0.0,0.0,0.0,R,,FRA,male,10,0.0,,,0.0,
Nik Razborsek,1,3,25.0,2012,2020,9,4.0,8.0,116.0,77.0,53.0,20.0,17.0,7.0,9.0,L,1993-10-04,SLO,male,4,15.0,88.235,77.778,2.25,6.897
Denis Yakimenko,0,2,0.0,1996,1997,2,0.0,0.0,0.0,0.0,0.0,0.0,0.0,0.0,0.0,R,1977-06-14,UKR,male,2,0.0,,,0.0,
Anders Henricsson,0,1,0.0,1983,1983,1,0.0,0.0,0.0,0.0,0.0,0.0,0.0,0.0,0.0,R,,SWE,male,1,0.0,,,0.0,
Jayendra Wijeyesekera,8,18,30.769,1989,1999,11,0.0,0.0,0.0,0.0,0.0,0.0,0.0,0.0,0.0,U,1970-01-12,SRI,male,26,0.0,,,0.0,
Philip Davydenko,1,2,33.333,2012,2014,3,6.0,3.0,248.0,175.0,110.0,32.0,33.0,21.0,32.0,U,1992-09-02,RUS,male,3,22.0,66.667,65.625,10.667,1.21
Randy Jones,0,1,0.0,1975,1975,1,0.0,0.0,0.0,0.0,0.0,0.0,0.0,0.0,0.0,R,,USA,male,1,0.0,,,0.0,
Ivan Kley,13,37,26.0,1983,1990,8,0.0,0.0,0.0,0.0,0.0,0.0,0.0,0.0,0.0,R,1958-06-29,BRA,male,50,0.0,,,0.0,
Gaurav Natekar,0,1,0.0,1992,1992,1,0.0,0.0,0.0,0.0,0.0,0.0,0.0,0.0,0.0,R,1972-04-04,IND,male,1,0.0,,,0.0,
Alexander Peya,19,47,28.788,2001,2012,12,230.0,246.0,4694.0,2864.0,1954.0,862.0,721.0,274.0,470.0,R,1980-06-27,AUT,male,66,525.0,72.816,58.298,7.121,5.241
Dmitry Vlasov,0,1,0.0,2001,2001,1,3.0,1.0,56.0,32.0,18.0,5.0,7.0,6.0,11.0,R,1982-07-11,RUS,male,1,2.0,28.571,54.545,11.0,1.786
Harvey Spiegel,0,3,0.0,1976,1979,4,0.0,0.0,0.0,0.0,0.0,0.0,0.0,0.0,0.0,R,,USA,male,3,0.0,,,0.0,
Francis Casey Alcantara,6,3,66.667,2009,2016,8,8.0,12.0,153.0,72.0,46.0,40.0,26.0,3.0,13.0,U,1992-02-04,PHI,male,9,16.0,61.538,23.077,1.444,7.843
Trevor Kronemann,0,1,0.0,1994,1994,1,7.0,4.0,73.0,38.0,28.0,12.0,9.0,2.0,5.0,R,1968-09-03,USA,male,1,6.0,66.667,40.0,5.0,5.479
Tomas Smid,403,233,63.365,1976,1989,14,0.0,0.0,0.0,0.0,0.0,0.0,0.0,0.0,0.0,R,1956-05-20,CZE,male,636,0.0,,,0.0,
Andy Fanowries,0,1,0.0,1968,1968,1,0.0,0.0,0.0,0.0,0.0,0.0,0.0,0.0,0.0,U,,,male,1,0.0,,,0.0,
Stephen Warboys,16,30,34.783,1969,1976,8,0.0,0.0,0.0,0.0,0.0,0.0,0.0,0.0,0.0,R,1953-10-25,GBR,male,46,0.0,,,0.0,
Ajit Perera,0,2,0.0,1975,1975,1,0.0,0.0,0.0,0.0,0.0,0.0,0.0,0.0,0.0,U,,SRI,male,2,0.0,,,0.0,
Michael Greenberg,0,1,0.0,1979,1979,1,0.0,0.0,0.0,0.0,0.0,0.0,0.0,0.0,0.0,R,1955-06-11,USA,male,1,0.0,,,0.0,
Nicolas Xiviller,1,0,100.0,2015,2015,1,0.0,0.0,0.0,0.0,0.0,0.0,0.0,0.0,0.0,,1998-11-11,URU,male,1,0.0,,,0.0,
Fabrice Martin,0,2,0.0,2015,2016,2,7.0,16.0,165.0,98.0,69.0,33.0,26.0,5.0,12.0,R,1986-09-11,FRA,male,2,19.0,73.077,41.667,6.0,9.697
Pedro Rebolledo,109,113,49.099,1978,1992,15,15.0,1.0,707.0,497.0,263.0,81.0,102.0,43.0,96.0,R,1960-12-17,CHI,male,222,49.0,48.039,44.792,0.432,0.141
Spencer Segura,1,9,10.0,1973,1976,4,0.0,0.0,0.0,0.0,0.0,0.0,0.0,0.0,0.0,R,,USA,male,10,0.0,,,0.0,
Pichet Boratisa,1,2,33.333,1981,1981,1,0.0,0.0,0.0,0.0,0.0,0.0,0.0,0.0,0.0,R,,THA,male,3,0.0,,,0.0,
Harold Mayot,0,2,0.0,2020,2020,1,3.0,7.0,208.0,106.0,67.0,54.0,27.0,8.0,15.0,U,2002-02-04,FRA,male,2,20.0,74.074,53.333,7.5,3.365
Koko Kunkel,0,1,0.0,1992,1992,1,0.0,0.0,0.0,0.0,0.0,0.0,0.0,0.0,0.0,U,1965-02-18,TOG,male,1,0.0,,,0.0,
Joao Maio,0,2,0.0,1984,1984,1,0.0,0.0,0.0,0.0,0.0,0.0,0.0,0.0,0.0,R,1991-11-02,POR,male,2,0.0,,,0.0,
Roger Smith,43,63,40.566,1986,2000,15,51.0,58.0,1495.0,846.0,581.0,292.0,216.0,95.0,167.0,R,1964-01-20,BAH,male,106,144.0,66.667,56.886,1.575,3.88
Simon Rea,0,4,0.0,2003,2004,2,17.0,2.0,136.0,70.0,40.0,24.0,17.0,11.0,20.0,L,1982-07-18,NZL,male,4,8.0,47.059,55.0,5.0,1.471
Razlan Rawi,1,3,25.0,2006,2009,4,0.0,0.0,0.0,0.0,0.0,0.0,0.0,0.0,0.0,R,1988-06-29,MAS,male,4,0.0,,,0.0,
Todd Woodbridge,216,200,51.923,1988,2005,18,1608.0,1055.0,29576.0,17480.0,12006.0,5741.0,4412.0,1622.0,2775.0,R,1971-04-02,AUS,male,416,3259.0,73.867,58.45,6.671,3.567
Minh Quan Do,1,1,50.0,2014,2014,1,0.0,0.0,0.0,0.0,0.0,0.0,0.0,0.0,0.0,R,1984-01-07,VIE,male,2,0.0,,,0.0,
Christopher Koutrouzas,0,2,0.0,2006,2010,5,0.0,0.0,0.0,0.0,0.0,0.0,0.0,0.0,0.0,U,1987-12-02,CYP,male,2,0.0,,,0.0,
Mehdi Tahiri,7,20,25.926,1993,2006,14,35.0,8.0,659.0,389.0,206.0,119.0,98.0,32.0,85.0,R,1977-07-28,MAR,male,27,45.0,45.918,37.647,3.148,1.214
Alexander Blom,7,10,41.176,2005,2011,7,0.0,0.0,0.0,0.0,0.0,0.0,0.0,0.0,0.0,R,1987-08-17,AHO,male,17,0.0,,,0.0,
Marin Cilic,516,284,64.5,2005,2021,17,2268.0,7091.0,62458.0,35370.0,27188.0,14254.0,10006.0,2867.0,4469.0,R,1988-09-28,CRO,male,800,8404.0,83.99,64.153,5.586,11.353
Mike Fedderly,0,2,0.0,1984,1984,1,0.0,0.0,0.0,0.0,0.0,0.0,0.0,0.0,0.0,R,,USA,male,2,0.0,,,0.0,
Eric Jelen,87,99,46.774,1983,1991,9,85.0,30.0,1936.0,1329.0,797.0,266.0,279.0,122.0,223.0,R,1965-03-11,GER,male,186,178.0,63.799,54.709,1.199,1.55
Oscar Rodriguez Sanchez,0,1,0.0,2005,2005,1,0.0,0.0,0.0,0.0,0.0,0.0,0.0,0.0,0.0,U,1984-10-07,COL,male,1,0.0,,,0.0,
Erling Tveit,0,7,0.0,2003,2010,8,2.0,5.0,67.0,43.0,24.0,9.0,10.0,3.0,8.0,L,1984-12-28,NOR,male,7,5.0,50.0,37.5,1.143,7.463
Warren Jacques,1,4,20.0,1968,1969,2,0.0,0.0,0.0,0.0,0.0,0.0,0.0,0.0,0.0,R,1938-03-10,AUS,male,5,0.0,,,0.0,
Alfonso Mora,0,2,0.0,1985,1985,1,0.0,0.0,0.0,0.0,0.0,0.0,0.0,0.0,0.0,R,1964-05-23,VEN,male,2,0.0,,,0.0,
Pascal Schaul,2,3,40.0,1998,2002,5,0.0,0.0,0.0,0.0,0.0,0.0,0.0,0.0,0.0,U,1979-01-11,LUX,male,5,0.0,,,0.0,
Steven Randjelovic,0,2,0.0,1998,1999,2,8.0,0.0,102.0,48.0,28.0,17.0,15.0,7.0,17.0,R,1975-04-21,AUS,male,2,5.0,33.333,41.176,8.5,0.0
Slah Mbarek,0,1,0.0,2008,2008,1,0.0,0.0,0.0,0.0,0.0,0.0,0.0,0.0,0.0,R,1989-02-02,TUN,male,1,0.0,,,0.0,
Jerome Hanquez,0,2,0.0,1995,1997,3,5.0,4.0,141.0,62.0,37.0,39.0,19.0,17.0,24.0,R,1974-03-11,FRA,male,2,12.0,63.158,70.833,12.0,2.837
Marcelo Tomas Barrios Vera,2,3,40.0,2017,2021,5,11.0,22.0,375.0,218.0,156.0,76.0,57.0,23.0,38.0,U,1997-12-10,CHI,male,5,42.0,73.684,60.526,7.6,5.867
Mark Ferreira,0,2,0.0,1997,1997,1,0.0,0.0,0.0,0.0,0.0,0.0,0.0,0.0,0.0,R,1967-03-01,IND,male,2,0.0,,,0.0,
Ludi Wijono,0,1,0.0,1984,1984,1,0.0,0.0,0.0,0.0,0.0,0.0,0.0,0.0,0.0,U,1955-06-15,INA,male,1,0.0,,,0.0,
Milos Raonic,374,181,67.387,2009,2021,13,1689.0,8073.0,40981.0,25776.0,21005.0,8389.0,6849.0,1376.0,1975.0,R,1990-12-27,CAN,male,555,6250.0,91.254,69.671,3.559,19.699
Stuart Sarnia,0,5,0.0,1979,1984,6,0.0,0.0,0.0,0.0,0.0,0.0,0.0,0.0,0.0,R,,JAM,male,5,0.0,,,0.0,
Mauro Rezzonico,0,1,0.0,1971,1971,1,0.0,0.0,0.0,0.0,0.0,0.0,0.0,0.0,0.0,U,,ITA,male,1,0.0,,,0.0,
Mark Webster,0,4,0.0,1990,1991,2,0.0,0.0,0.0,0.0,0.0,0.0,0.0,0.0,0.0,U,1962-01-06,TRI,male,4,0.0,,,0.0,
Suk Young Jeong,4,5,44.444,2010,2013,4,0.0,0.0,45.0,29.0,14.0,5.0,7.0,6.0,11.0,R,1993-04-12,KOR,male,9,2.0,28.571,54.545,1.222,0.0
Tomas Nydahl,29,54,34.94,1987,1998,12,284.0,172.0,4958.0,3252.0,2155.0,737.0,744.0,268.0,500.0,R,1968-03-21,SWE,male,83,512.0,68.817,53.6,6.024,3.469
John Arbanas,0,1,0.0,1991,1991,1,4.0,7.0,109.0,60.0,41.0,20.0,15.0,4.0,9.0,R,1970-02-07,AUS,male,1,10.0,66.667,44.444,9.0,6.422
Andrew Richardson,4,10,28.571,1992,1998,7,64.0,116.0,1392.0,809.0,596.0,244.0,193.0,91.0,141.0,L,1974-03-14,GBR,male,14,143.0,74.093,64.539,10.071,8.333
Tai Wei Liu,1,2,33.333,2004,2004,1,0.0,0.0,0.0,0.0,0.0,0.0,0.0,0.0,0.0,L,,TPE,male,3,0.0,,,0.0,
Jiri Vesely,127,143,47.037,2013,2021,9,946.0,1994.0,21261.0,13729.0,9887.0,3837.0,3340.0,1073.0,1707.0,L,1993-07-10,CZE,male,270,2706.0,81.018,62.859,6.322,9.379
Per Henricsson,2,7,22.222,1986,1990,5,0.0,0.0,0.0,0.0,0.0,0.0,0.0,0.0,0.0,R,1969-08-09,SWE,male,9,0.0,,,0.0,
Shelby Cannon,2,8,20.0,1987,1993,7,6.0,3.0,157.0,92.0,59.0,24.0,22.0,17.0,27.0,L,1966-08-19,USA,male,10,12.0,54.545,62.963,2.7,1.911
Woody Hunt,1,2,33.333,1989,1990,2,0.0,0.0,0.0,0.0,0.0,0.0,0.0,0.0,0.0,R,1966-12-03,USA,male,3,0.0,,,0.0,
Jose Llamas,0,2,0.0,1977,1978,2,0.0,0.0,0.0,0.0,0.0,0.0,0.0,0.0,0.0,R,,MEX,male,2,0.0,,,0.0,
Charlie Pasarell,169,165,50.599,1968,1979,12,0.0,0.0,0.0,0.0,0.0,0.0,0.0,0.0,0.0,R,1944-02-12,USA,male,334,0.0,,,0.0,
Jacek Niedzwiedzki,9,4,69.231,1974,1977,4,0.0,0.0,0.0,0.0,0.0,0.0,0.0,0.0,0.0,R,,POL,male,13,0.0,,,0.0,
Benoit Paire,225,243,48.077,2010,2021,12,2315.0,4018.0,39163.0,20317.0,15134.0,8649.0,5905.0,2225.0,3723.0,R,1989-05-08,FRA,male,468,4407.0,74.632,59.764,7.955,10.26
Julio Cesar Campozano,12,12,50.0,2006,2014,9,0.0,0.0,0.0,0.0,0.0,0.0,0.0,0.0,0.0,R,1986-01-31,ECU,male,24,0.0,,,0.0,
Amine Ahouda,2,5,28.571,2016,2019,4,29.0,6.0,381.0,204.0,139.0,75.0,59.0,17.0,36.0,U,1997-09-11,MAR,male,7,40.0,67.797,47.222,5.143,1.575
Michael Lammer,7,22,24.138,2003,2015,13,59.0,56.0,1614.0,942.0,603.0,328.0,254.0,97.0,182.0,R,1982-03-25,SUI,male,29,169.0,66.535,53.297,6.276,3.47
Daniel Orsanic,14,30,31.818,1990,1998,9,105.0,63.0,2807.0,1699.0,1085.0,511.0,415.0,200.0,337.0,L,1968-06-11,ARG,male,44,278.0,66.988,59.347,7.659,2.244
Dean Martin,0,1,0.0,1979,1979,1,0.0,0.0,0.0,0.0,0.0,0.0,0.0,0.0,0.0,R,1951-11-17,USA,male,1,0.0,,,0.0,
Carlos Romero,0,2,0.0,1968,1970,3,0.0,0.0,0.0,0.0,0.0,0.0,0.0,0.0,0.0,U,,ARG,male,2,0.0,,,0.0,
Andy Moffat,0,1,0.0,1971,1971,1,0.0,0.0,0.0,0.0,0.0,0.0,0.0,0.0,0.0,U,,USA,male,1,0.0,,,0.0,
Tom Mozur,6,10,37.5,1968,1970,3,0.0,0.0,0.0,0.0,0.0,0.0,0.0,0.0,0.0,R,,USA,male,16,0.0,,,0.0,
Gabriel Moraru,0,2,0.0,2003,2012,10,1.0,3.0,106.0,64.0,32.0,18.0,17.0,11.0,21.0,R,1982-01-28,ROU,male,2,7.0,41.176,52.381,10.5,2.83
Stefano Cobolli,1,2,33.333,1998,2000,3,6.0,4.0,252.0,174.0,94.0,42.0,39.0,15.0,31.0,R,1977-03-02,ITA,male,3,23.0,58.974,48.387,10.333,1.587
Pedro Sousa,14,25,35.897,2006,2021,16,95.0,101.0,2519.0,1708.0,1097.0,359.0,382.0,164.0,287.0,R,1988-05-27,POR,male,39,259.0,67.801,57.143,7.359,4.01
Jun Chao Xu,0,1,0.0,2008,2008,1,2.0,2.0,65.0,37.0,21.0,16.0,10.0,5.0,8.0,U,1988-09-22,CHN,male,1,7.0,70.0,62.5,8.0,3.077
Ivo Lagzdins,0,3,0.0,1997,2000,4,0.0,0.0,0.0,0.0,0.0,0.0,0.0,0.0,0.0,U,1980-09-02,LAT,male,3,0.0,,,0.0,
Clark Graebner,203,90,69.283,1968,1976,9,0.0,0.0,0.0,0.0,0.0,0.0,0.0,0.0,0.0,R,1943-11-04,USA,male,293,0.0,,,0.0,
U Timm,0,2,0.0,1973,1974,2,0.0,0.0,0.0,0.0,0.0,0.0,0.0,0.0,0.0,R,,USA,male,2,0.0,,,0.0,
Emilio Nava,0,1,0.0,2019,2019,1,1.0,2.0,54.0,37.0,24.0,4.0,8.0,2.0,6.0,U,2001-12-02,USA,male,1,4.0,50.0,33.333,6.0,3.704
Felipe Rios,0,1,0.0,2011,2011,1,6.0,0.0,44.0,29.0,15.0,3.0,7.0,0.0,5.0,R,1992-03-04,CHI,male,1,2.0,28.571,0.0,5.0,0.0
Vladimir Korotkov,22,19,53.659,1968,1974,7,0.0,0.0,0.0,0.0,0.0,0.0,0.0,0.0,0.0,R,1948-04-23,RUS,male,41,0.0,,,0.0,
Bernabe Zapata Miralles,1,4,20.0,2018,2021,4,15.0,10.0,425.0,259.0,160.0,78.0,66.0,30.0,55.0,R,1997-01-12,ESP,male,5,41.0,62.121,54.545,11.0,2.353
Illya Marchenko,59,88,40.136,2008,2020,13,549.0,621.0,10609.0,6125.0,4332.0,2121.0,1611.0,594.0,1001.0,R,1987-09-08,UKR,male,147,1204.0,74.736,59.341,6.81,5.854
N Lennon,0,1,0.0,1969,1969,1,0.0,0.0,0.0,0.0,0.0,0.0,0.0,0.0,0.0,U,,IRL,male,1,0.0,,,0.0,
Toomas Leius,3,2,60.0,1969,1969,1,0.0,0.0,0.0,0.0,0.0,0.0,0.0,0.0,0.0,U,,EST,male,5,0.0,,,0.0,
Joao Guedes,1,0,100.0,1982,1982,1,0.0,0.0,0.0,0.0,0.0,0.0,0.0,0.0,0.0,R,,BRA,male,1,0.0,,,0.0,
Yazan Al Kasim,0,1,0.0,2001,2001,1,0.0,0.0,0.0,0.0,0.0,0.0,0.0,0.0,0.0,U,1984-08-14,SYR,male,1,0.0,,,0.0,
Jan Hajek,36,77,31.858,1972,2014,43,198.0,317.0,7028.0,4411.0,2815.0,1231.0,1076.0,457.0,811.0,R,1983-08-07,CZE,male,113,722.0,67.1,56.35,7.177,4.511
Jan Willem Lodder,2,2,50.0,1986,1988,3,0.0,0.0,0.0,0.0,0.0,0.0,0.0,0.0,0.0,R,1966-11-03,NED,male,4,0.0,,,0.0,
Christian Duxin,0,2,0.0,1968,1970,3,0.0,0.0,0.0,0.0,0.0,0.0,0.0,0.0,0.0,R,,FRA,male,2,0.0,,,0.0,
Victor Eke,1,8,11.111,1972,1979,8,0.0,0.0,0.0,0.0,0.0,0.0,0.0,0.0,0.0,R,1954-11-11,AUS,male,9,0.0,,,0.0,
Howard Joffe,1,1,50.0,1995,1995,1,5.0,13.0,175.0,80.0,65.0,45.0,26.0,7.0,12.0,R,1971-10-24,RSA,male,2,21.0,80.769,58.333,6.0,7.429
Jaroslav Pospisil,1,7,12.5,2005,2013,9,41.0,15.0,540.0,288.0,186.0,111.0,82.0,42.0,76.0,R,1981-02-09,CZE,male,8,48.0,58.537,55.263,9.5,2.778
Wayne Ferreira,455,273,62.5,1990,2005,16,2055.0,4809.0,56709.0,31346.0,23366.0,12762.0,8687.0,2720.0,4472.0,R,1971-09-15,RSA,male,728,6935.0,79.832,60.823,6.143,8.48
Petros Baghdatis,0,2,0.0,2006,2007,2,0.0,0.0,0.0,0.0,0.0,0.0,0.0,0.0,0.0,U,1979-01-16,CYP,male,2,0.0,,,0.0,
Potito Starace,158,188,45.665,2003,2014,12,475.0,807.0,25327.0,18373.0,12021.0,3550.0,3862.0,1438.0,2364.0,R,1981-07-14,ITA,male,346,2936.0,76.023,60.829,6.832,3.186
Andrey Kuznetsov,79,98,44.633,2009,2020,12,505.0,885.0,13645.0,7889.0,5632.0,2871.0,2133.0,709.0,1212.0,R,1991-02-22,RUS,male,177,1630.0,76.418,58.498,6.847,6.486
Metin Gurel,0,2,0.0,1983,1983,1,0.0,0.0,0.0,0.0,0.0,0.0,0.0,0.0,0.0,U,1965-03-31,TUR,male,2,0.0,,,0.0,
Neoclis Neocleous,0,1,0.0,1989,1989,1,0.0,0.0,0.0,0.0,0.0,0.0,0.0,0.0,0.0,U,1970-08-29,CYP,male,1,0.0,,,0.0,
Martin Blackman,2,14,12.5,1987,1996,10,14.0,26.0,676.0,429.0,284.0,117.0,95.0,46.0,71.0,R,1970-03-05,USA,male,16,70.0,73.684,64.789,4.438,3.846
Louis Gloria,4,17,19.048,1993,1996,4,96.0,56.0,1749.0,1109.0,704.0,270.0,255.0,118.0,211.0,L,1969-04-15,USA,male,21,162.0,63.529,55.924,10.048,3.202
John Van Lottum,58,91,38.926,1996,2006,11,491.0,521.0,11355.0,6109.0,4237.0,2557.0,1728.0,701.0,1195.0,R,1976-04-10,NED,male,149,1234.0,71.412,58.661,8.02,4.588
J Griman,0,1,0.0,1971,1971,1,0.0,0.0,0.0,0.0,0.0,0.0,0.0,0.0,0.0,U,,ESP,male,1,0.0,,,0.0,
Kasidit Samrej,0,1,0.0,2019,2019,1,0.0,0.0,0.0,0.0,0.0,0.0,0.0,0.0,0.0,U,2001-01-26,THA,male,1,0.0,,,0.0,
Peter Tudhope,0,2,0.0,1969,1971,3,0.0,0.0,0.0,0.0,0.0,0.0,0.0,0.0,0.0,U,,RSA,male,2,0.0,,,0.0,
Luis Felipe Noriega,1,0,100.0,2002,2002,1,0.0,0.0,0.0,0.0,0.0,0.0,0.0,0.0,0.0,U,1983-06-20,PER,male,1,0.0,,,0.0,
Tony Giammalva,43,61,41.346,1976,1985,10,0.0,0.0,0.0,0.0,0.0,0.0,0.0,0.0,0.0,R,1958-04-21,USA,male,104,0.0,,,0.0,
Santiago Giraldo,167,203,45.135,2006,2020,15,526.0,1248.0,26424.0,16792.0,11463.0,4865.0,4056.0,1402.0,2352.0,R,1987-11-27,COL,male,370,3106.0,76.578,59.609,6.357,4.723
Inigo Cervantes Huegun,17,32,34.694,2010,2017,8,206.0,316.0,3766.0,1922.0,1370.0,876.0,586.0,192.0,358.0,R,1989-11-30,ESP,male,49,420.0,71.672,53.631,7.306,8.391
Manuel Gallardo,0,1,0.0,1971,1971,1,0.0,0.0,0.0,0.0,0.0,0.0,0.0,0.0,0.0,U,,MEX,male,1,0.0,,,0.0,
R Mayer,0,1,0.0,1977,1977,1,0.0,0.0,0.0,0.0,0.0,0.0,0.0,0.0,0.0,R,,USA,male,1,0.0,,,0.0,
Karim Mohamed Maamoun,4,7,36.364,2012,2020,9,26.0,12.0,373.0,210.0,132.0,66.0,54.0,29.0,52.0,R,1991-04-09,EGY,male,11,31.0,57.407,55.769,4.727,3.217
Benjamin Mitchell,0,5,0.0,2012,2016,5,27.0,41.0,490.0,278.0,197.0,104.0,73.0,28.0,44.0,R,1992-11-30,AUS,male,5,57.0,78.082,63.636,8.8,8.367
Mario Caimo,0,1,0.0,1973,1973,1,0.0,0.0,0.0,0.0,0.0,0.0,0.0,0.0,0.0,U,,ITA,male,1,0.0,,,0.0,
Emmanuel Marmillod,0,1,0.0,1987,1987,1,0.0,0.0,0.0,0.0,0.0,0.0,0.0,0.0,0.0,L,1971-09-13,SUI,male,1,0.0,,,0.0,
Edwin Kempes,10,17,37.037,1999,2002,4,88.0,132.0,2186.0,1264.0,894.0,457.0,337.0,116.0,197.0,R,1976-06-23,NED,male,27,256.0,75.964,58.883,7.296,6.038
Gianluigi Quinzi,1,1,50.0,2017,2017,1,8.0,18.0,215.0,114.0,74.0,47.0,26.0,24.0,31.0,L,1996-02-01,ITA,male,2,19.0,73.077,77.419,15.5,8.372
Henry Whitesell,0,1,0.0,1971,1971,1,0.0,0.0,0.0,0.0,0.0,0.0,0.0,0.0,0.0,U,,USA,male,1,0.0,,,0.0,
Pietro Angelini,0,1,0.0,1998,1998,1,5.0,0.0,55.0,23.0,10.0,18.0,9.0,2.0,6.0,R,1971-12-07,ITA,male,1,5.0,55.556,33.333,6.0,0.0
Gianluca Naso,3,11,21.429,2005,2013,9,37.0,52.0,994.0,547.0,378.0,202.0,141.0,71.0,113.0,R,1987-01-06,ITA,male,14,99.0,70.213,62.832,8.071,5.231
Jeff Davis,1,1,50.0,1981,1981,1,0.0,0.0,0.0,0.0,0.0,0.0,0.0,0.0,0.0,R,,USA,male,2,0.0,,,0.0,
Hiram Silfa,0,2,0.0,1993,1993,1,0.0,0.0,0.0,0.0,0.0,0.0,0.0,0.0,0.0,R,1974-03-22,DOM,male,2,0.0,,,0.0,
Michael Linzer,0,2,0.0,2016,2016,1,2.0,1.0,95.0,54.0,30.0,14.0,15.0,6.0,15.0,R,1989-11-02,AUT,male,2,6.0,40.0,40.0,7.5,1.053
Martin Mulligan,87,61,58.784,1968,1975,8,0.0,0.0,0.0,0.0,0.0,0.0,0.0,0.0,0.0,R,1940-10-18,AUS,male,148,0.0,,,0.0,
Peter Bertran,1,1,50.0,2013,2014,2,0.0,0.0,0.0,0.0,0.0,0.0,0.0,0.0,0.0,,1996-03-05,DOM,male,2,0.0,,,0.0,
Max Franklin,3,2,60.0,1974,1980,7,0.0,0.0,0.0,0.0,0.0,0.0,0.0,0.0,0.0,U,,GBR,male,5,0.0,,,0.0,
Sutarjo Sugiarto,2,7,22.222,1968,1971,4,0.0,0.0,0.0,0.0,0.0,0.0,0.0,0.0,0.0,R,,INA,male,9,0.0,,,0.0,
Dick Bosse,0,2,0.0,1990,1992,3,8.0,5.0,163.0,100.0,66.0,23.0,19.0,8.0,14.0,R,1967-08-01,RSA,male,2,13.0,68.421,57.143,7.0,3.067
Tetsuya Chaen,0,2,0.0,1998,2006,9,7.0,3.0,135.0,81.0,48.0,30.0,22.0,7.0,14.0,R,1973-11-05,JPN,male,2,15.0,68.182,50.0,7.0,2.222
Ramon Gallardo,0,1,0.0,1971,1971,1,0.0,0.0,0.0,0.0,0.0,0.0,0.0,0.0,0.0,U,,ESP,male,1,0.0,,,0.0,
Jose L Asensio,0,1,0.0,1968,1968,1,0.0,0.0,0.0,0.0,0.0,0.0,0.0,0.0,0.0,U,,UNK,male,1,0.0,,,0.0,
Shoukri Moubarek,0,1,0.0,1974,1974,1,0.0,0.0,0.0,0.0,0.0,0.0,0.0,0.0,0.0,U,,POL,male,1,0.0,,,0.0,
J A Underwood,0,1,0.0,1970,1970,1,0.0,0.0,0.0,0.0,0.0,0.0,0.0,0.0,0.0,U,,GBR,male,1,0.0,,,0.0,
Sebastian Korda,8,6,57.143,2018,2021,4,39.0,73.0,1170.0,786.0,526.0,199.0,184.0,67.0,110.0,U,2000-07-05,USA,male,14,141.0,76.63,60.909,7.857,6.239
Gastao Elias,27,54,33.333,2006,2018,13,225.0,302.0,5730.0,3007.0,2093.0,1343.0,875.0,319.0,568.0,R,1990-11-24,POR,male,81,626.0,71.543,56.162,7.012,5.271
Ian Flanagan,2,1,66.667,2004,2004,1,4.0,19.0,197.0,112.0,83.0,42.0,29.0,10.0,16.0,U,1982-01-15,GBR,male,3,23.0,79.31,62.5,5.333,9.645
Kaipo Marshall,0,1,0.0,2020,2020,1,4.0,1.0,43.0,20.0,9.0,9.0,7.0,2.0,8.0,U,2002-03-21,BAR,male,1,1.0,14.286,25.0,8.0,2.326
Dmitrii Baskov,0,1,0.0,2015,2015,1,0.0,0.0,0.0,0.0,0.0,0.0,0.0,0.0,0.0,R,1994-12-19,MDA,male,1,0.0,,,0.0,
Syrym Abdukhalikov,3,1,75.0,2007,2008,2,0.0,0.0,0.0,0.0,0.0,0.0,0.0,0.0,0.0,R,1987-08-07,KAZ,male,4,0.0,,,0.0,
Hans Hansson,1,4,20.0,1980,1982,3,0.0,0.0,0.0,0.0,0.0,0.0,0.0,0.0,0.0,R,,AUS,male,5,0.0,,,0.0,
Jim Bochte,0,1,0.0,1970,1970,1,0.0,0.0,0.0,0.0,0.0,0.0,0.0,0.0,0.0,U,,USA,male,1,0.0,,,0.0,
Steve Cornell,0,5,0.0,1969,1971,3,0.0,0.0,0.0,0.0,0.0,0.0,0.0,0.0,0.0,R,1949-05-26,USA,male,5,0.0,,,0.0,
Kenny De Schepper,27,61,30.682,2011,2018,8,373.0,715.0,7039.0,4703.0,3365.0,1134.0,1085.0,400.0,604.0,L,1987-05-29,FRA,male,88,881.0,81.198,66.225,6.864,10.158
Paul Thompson,0,4,0.0,1969,1975,7,0.0,0.0,0.0,0.0,0.0,0.0,0.0,0.0,0.0,U,,UNK,male,4,0.0,,,0.0,
Javier Roch,0,1,0.0,1976,1976,1,0.0,0.0,0.0,0.0,0.0,0.0,0.0,0.0,0.0,R,,ESP,male,1,0.0,,,0.0,
Hira Lal Rahman,2,4,33.333,1990,1992,3,0.0,0.0,0.0,0.0,0.0,0.0,0.0,0.0,0.0,U,1971-01-21,BAN,male,6,0.0,,,0.0,
Marco Trungelliti,12,15,44.444,2012,2020,9,102.0,81.0,2353.0,1354.0,884.0,493.0,354.0,161.0,267.0,R,1990-01-31,ARG,male,27,248.0,70.056,60.3,9.889,3.442
Ronald Agenor,195,216,47.445,1984,2001,18,314.0,468.0,13176.0,8516.0,5451.0,2246.0,1984.0,790.0,1402.0,R,1964-11-13,USA,male,411,1372.0,69.153,56.348,3.411,3.552
Mubarak Al Tobaishi,0,3,0.0,1998,1999,2,0.0,0.0,0.0,0.0,0.0,0.0,0.0,0.0,0.0,U,1982-09-13,QAT,male,3,0.0,,,0.0,
Ronan Fearon,1,5,16.667,1969,1973,5,0.0,0.0,0.0,0.0,0.0,0.0,0.0,0.0,0.0,U,,IRL,male,6,0.0,,,0.0,
Thierry Bernasconi,6,14,30.0,1969,1974,6,0.0,0.0,0.0,0.0,0.0,0.0,0.0,0.0,0.0,R,,FRA,male,20,0.0,,,0.0,
Wanaro Ngodrella,14,17,45.161,1969,1975,7,0.0,0.0,0.0,0.0,0.0,0.0,0.0,0.0,0.0,R,1949-10-19,FRA,male,31,0.0,,,0.0,
Wanaro Ngodrella,14,17,45.161,1969,1975,7,0.0,0.0,0.0,0.0,0.0,0.0,0.0,0.0,0.0,U,1949-10-18,FRA,male,31,0.0,,,0.0,
Amir Weintraub,10,13,43.478,2011,2019,9,23.0,27.0,650.0,433.0,284.0,95.0,101.0,32.0,65.0,R,1986-09-16,ISR,male,23,68.0,67.327,49.231,2.826,4.154
John Holladay,3,14,17.647,1974,1977,4,0.0,0.0,0.0,0.0,0.0,0.0,0.0,0.0,0.0,R,,USA,male,17,0.0,,,0.0,
John Holladay,3,14,17.647,1974,1977,4,0.0,0.0,0.0,0.0,0.0,0.0,0.0,0.0,0.0,U,1954-02-24,USA,male,17,0.0,,,0.0,
Ludovic Walter,0,1,0.0,2011,2011,1,2.0,11.0,54.0,37.0,33.0,10.0,10.0,0.0,1.0,U,1983-01-04,FRA,male,1,9.0,90.0,0.0,1.0,20.37
John Hui,3,9,25.0,1995,2002,8,5.0,1.0,96.0,44.0,22.0,18.0,15.0,9.0,19.0,R,1978-01-03,HKG,male,12,5.0,33.333,47.368,1.583,1.042
Hachiro Shibata,1,1,50.0,1981,1981,1,0.0,0.0,0.0,0.0,0.0,0.0,0.0,0.0,0.0,R,,JPN,male,2,0.0,,,0.0,
Tarek Ben Soltane,0,1,0.0,2003,2003,1,0.0,0.0,0.0,0.0,0.0,0.0,0.0,0.0,0.0,U,1985-01-16,TUN,male,1,0.0,,,0.0,
Bojidar Pampoulov,2,5,28.571,1971,1982,12,0.0,0.0,0.0,0.0,0.0,0.0,0.0,0.0,0.0,R,1949-04-29,BUL,male,7,0.0,,,0.0,
Alexander Slabinsky,0,2,0.0,2008,2011,4,5.0,12.0,122.0,68.0,53.0,24.0,19.0,6.0,11.0,R,1986-03-06,GBR,male,2,14.0,73.684,54.545,5.5,9.836
Fred Drilling,0,1,0.0,1972,1972,1,0.0,0.0,0.0,0.0,0.0,0.0,0.0,0.0,0.0,,1942-12-28,USA,male,1,0.0,,,0.0,
Jan Lennard Struff,142,165,46.254,2013,2021,9,1114.0,2740.0,24594.0,13751.0,10514.0,5371.0,3861.0,1152.0,1892.0,R,1990-04-25,GER,male,307,3121.0,80.834,60.888,6.163,11.141
Jesus Bandres,0,3,0.0,2014,2017,4,2.0,11.0,132.0,74.0,40.0,32.0,18.0,12.0,19.0,U,1991-01-30,VEN,male,3,11.0,61.111,63.158,6.333,8.333
Crawford Henry,0,1,0.0,1973,1973,1,0.0,0.0,0.0,0.0,0.0,0.0,0.0,0.0,0.0,R,,USA,male,1,0.0,,,0.0,
Andrew Carlson,0,1,0.0,2003,2003,1,5.0,8.0,50.0,30.0,17.0,6.0,8.0,3.0,8.0,L,1977-08-18,USA,male,1,3.0,37.5,37.5,8.0,16.0
Michail Elgin,3,5,37.5,2001,2009,9,20.0,39.0,413.0,252.0,169.0,70.0,62.0,26.0,44.0,R,1981-10-14,RUS,male,8,44.0,70.968,59.091,5.5,9.443
Chee Yen Chen,1,3,25.0,1994,1997,4,0.0,0.0,0.0,0.0,0.0,0.0,0.0,0.0,0.0,U,1973-08-30,SIN,male,4,0.0,,,0.0,
Stephen Taylor,0,1,0.0,1975,1975,1,0.0,0.0,0.0,0.0,0.0,0.0,0.0,0.0,0.0,U,,IRL,male,1,0.0,,,0.0,
Dan Bleckinger,5,10,33.333,1968,1973,6,0.0,0.0,0.0,0.0,0.0,0.0,0.0,0.0,0.0,R,1947-05-27,USA,male,15,0.0,,,0.0,
German Puentes,13,28,31.707,1993,2001,9,109.0,55.0,3111.0,2028.0,1208.0,510.0,456.0,199.0,371.0,R,1972-12-18,ESP,male,41,284.0,62.281,53.639,9.049,1.768
Robbie Weiss,39,69,36.111,1983,1995,13,220.0,190.0,5572.0,3724.0,2435.0,861.0,862.0,314.0,568.0,R,1966-12-01,USA,male,108,608.0,70.534,55.282,5.259,3.41
Alvaro Fillol,28,72,28.0,1975,1985,11,0.0,0.0,0.0,0.0,0.0,0.0,0.0,0.0,0.0,R,1952-12-04,CHI,male,100,0.0,,,0.0,
Barry Mackay,10,19,34.483,1968,1974,7,0.0,0.0,0.0,0.0,0.0,0.0,0.0,0.0,0.0,R,1935-08-31,USA,male,29,0.0,,,0.0,
Graeme Thomson,6,14,30.0,1971,1977,7,0.0,0.0,0.0,0.0,0.0,0.0,0.0,0.0,0.0,R,,AUS,male,20,0.0,,,0.0,
Graeme Thomson,6,14,30.0,1971,1977,7,0.0,0.0,0.0,0.0,0.0,0.0,0.0,0.0,0.0,U,,UNK,male,20,0.0,,,0.0,
Malek Jaziri,95,135,41.304,2003,2021,19,695.0,894.0,17628.0,9469.0,6701.0,3965.0,2632.0,1062.0,1718.0,R,1984-01-20,TUN,male,230,1976.0,75.076,61.816,7.47,5.071
Carlos Roberto Paez,0,2,0.0,1991,1991,1,0.0,0.0,0.0,0.0,0.0,0.0,0.0,0.0,0.0,U,1972-06-21,CRC,male,2,0.0,,,0.0,
Soren Wedege,1,0,100.0,2010,2010,1,0.0,0.0,0.0,0.0,0.0,0.0,0.0,0.0,0.0,R,1989-09-07,DEN,male,1,0.0,,,0.0,
Roman Safiullin,2,4,33.333,2017,2021,5,10.0,27.0,507.0,319.0,215.0,95.0,79.0,31.0,52.0,U,1997-08-07,RUS,male,6,58.0,73.418,59.615,8.667,5.325
Birger Andersson,34,61,35.789,1969,1980,12,0.0,0.0,0.0,0.0,0.0,0.0,0.0,0.0,0.0,R,,SWE,male,95,0.0,,,0.0,
Birger Andersson,34,61,35.789,1969,1980,12,0.0,0.0,0.0,0.0,0.0,0.0,0.0,0.0,0.0,R,1951-03-26,SWE,male,95,0.0,,,0.0,
Andres Weisskopf,0,3,0.0,2011,2013,3,0.0,0.0,0.0,0.0,0.0,0.0,0.0,0.0,0.0,R,1984-10-17,ESA,male,3,0.0,,,0.0,
Bob Abbott,0,1,0.0,1968,1968,1,0.0,0.0,0.0,0.0,0.0,0.0,0.0,0.0,0.0,U,,USA,male,1,0.0,,,0.0,
Armand Strombach,3,4,42.857,1994,1996,3,0.0,0.0,0.0,0.0,0.0,0.0,0.0,0.0,0.0,R,1976-03-12,LAT,male,7,0.0,,,0.0,
Mal Anderson,63,46,57.798,1968,1981,14,0.0,0.0,0.0,0.0,0.0,0.0,0.0,0.0,0.0,R,1935-03-03,AUS,male,109,0.0,,,0.0,
Robert Angelo,2,5,28.571,1993,1997,5,0.0,0.0,0.0,0.0,0.0,0.0,0.0,0.0,0.0,R,1970-07-31,PHI,male,7,0.0,,,0.0,
Michael Mmoh,10,22,31.25,2016,2021,6,138.0,173.0,2793.0,1846.0,1250.0,428.0,433.0,159.0,282.0,R,1998-01-10,USA,male,32,310.0,71.594,56.383,8.812,6.194
A Luttrell,0,1,0.0,1980,1980,1,0.0,0.0,0.0,0.0,0.0,0.0,0.0,0.0,0.0,R,,AUS,male,1,0.0,,,0.0,
Ivan Beros,1,1,50.0,1999,1999,1,0.0,3.0,97.0,66.0,38.0,10.0,13.0,4.0,11.0,R,1979-12-30,CRO,male,2,6.0,46.154,36.364,5.5,3.093
B Chaffey,0,1,0.0,1976,1976,1,0.0,0.0,0.0,0.0,0.0,0.0,0.0,0.0,0.0,U,,USA,male,1,0.0,,,0.0,
Tuna Altuna,0,1,0.0,2010,2010,1,0.0,0.0,0.0,0.0,0.0,0.0,0.0,0.0,0.0,R,1989-01-30,TUR,male,1,0.0,,,0.0,
Jim Mcmanus,67,141,32.212,1968,1978,11,0.0,0.0,0.0,0.0,0.0,0.0,0.0,0.0,0.0,L,1940-09-16,USA,male,208,0.0,,,0.0,
Frederico Gil,66,75,46.809,2004,2013,10,238.0,276.0,8835.0,5652.0,3662.0,1585.0,1348.0,530.0,912.0,R,1985-03-24,POR,male,141,966.0,71.662,58.114,6.468,3.124
Sultan Khalfan,2,16,11.111,1995,2007,13,29.0,4.0,418.0,228.0,121.0,69.0,59.0,40.0,77.0,R,1977-03-16,QAT,male,18,22.0,37.288,51.948,4.278,0.957
Jason Goodall,0,5,0.0,1985,1989,5,0.0,0.0,0.0,0.0,0.0,0.0,0.0,0.0,0.0,R,1967-01-23,GBR,male,5,0.0,,,0.0,
Larry Turville,6,14,30.0,1969,1978,10,0.0,0.0,0.0,0.0,0.0,0.0,0.0,0.0,0.0,R,1949-06-04,USA,male,20,0.0,,,0.0,
Jurij Rodionov,2,8,20.0,2018,2020,3,27.0,65.0,929.0,592.0,391.0,165.0,137.0,53.0,88.0,L,1999-05-16,AUT,male,10,102.0,74.453,60.227,8.8,6.997
Peter Mcnamara,164,115,58.781,1974,1987,14,0.0,0.0,0.0,0.0,0.0,0.0,0.0,0.0,0.0,R,1955-07-05,AUS,male,279,0.0,,,0.0,
Jan Hordijk,13,15,46.429,1969,1974,6,0.0,0.0,0.0,0.0,0.0,0.0,0.0,0.0,0.0,R,,NED,male,28,0.0,,,0.0,
Peter Holenstein,0,3,0.0,1968,1970,3,0.0,0.0,0.0,0.0,0.0,0.0,0.0,0.0,0.0,U,,SUI,male,3,0.0,,,0.0,
Gunther Gnettner,1,5,16.667,1973,1981,9,0.0,0.0,0.0,0.0,0.0,0.0,0.0,0.0,0.0,R,1956-01-12,GER,male,6,0.0,,,0.0,
Tim Henman,425,238,64.103,1994,2007,14,2291.0,3558.0,51905.0,30027.0,22203.0,11076.0,8055.0,2626.0,4174.0,R,1974-09-06,GBR,male,663,6507.0,80.782,62.913,6.296,6.855
Khalid Al Nabhani,1,5,16.667,2008,2009,2,0.0,0.0,0.0,0.0,0.0,0.0,0.0,0.0,0.0,R,1982-09-02,OMA,male,6,0.0,,,0.0,
Jose Baires,1,4,20.0,1997,2000,4,0.0,0.0,0.0,0.0,0.0,0.0,0.0,0.0,0.0,U,1979-12-05,ESA,male,5,0.0,,,0.0,
R Buckley,0,1,0.0,1977,1977,1,0.0,0.0,0.0,0.0,0.0,0.0,0.0,0.0,0.0,U,,AUS,male,1,0.0,,,0.0,
Howard Herr,2,5,28.571,1986,1994,9,2.0,0.0,48.0,40.0,14.0,4.0,7.0,2.0,8.0,R,1962-08-16,RSA,male,7,1.0,14.286,25.0,1.143,0.0
Simon Shen,1,0,100.0,2002,2002,1,0.0,0.0,0.0,0.0,0.0,0.0,0.0,0.0,0.0,U,1976-09-10,TPE,male,1,0.0,,,0.0,
Farhad Tadayon,2,1,66.667,1998,1998,1,0.0,0.0,0.0,0.0,0.0,0.0,0.0,0.0,0.0,U,1973-07-28,IRI,male,3,0.0,,,0.0,
Bryan Juinio,6,2,75.0,1998,1999,2,0.0,0.0,0.0,0.0,0.0,0.0,0.0,0.0,0.0,R,1974-10-10,USA,male,8,0.0,,,0.0,
Olivier Patience,26,52,33.333,2002,2010,9,228.0,326.0,6821.0,4271.0,2811.0,1243.0,1019.0,380.0,661.0,R,1980-03-25,FRA,male,78,738.0,72.424,57.489,8.474,4.779
Cyril Suk,1,16,5.882,1987,1994,8,17.0,2.0,411.0,219.0,134.0,84.0,58.0,29.0,54.0,R,1967-01-29,CZE,male,17,33.0,56.897,53.704,3.176,0.487
Dieter Schultheiss,1,3,25.0,1968,1970,3,0.0,0.0,0.0,0.0,0.0,0.0,0.0,0.0,0.0,U,,AUT,male,4,0.0,,,0.0,
Roman Margoulis,0,2,0.0,2008,2008,1,0.0,0.0,0.0,0.0,0.0,0.0,0.0,0.0,0.0,R,1988-01-29,LUX,male,2,0.0,,,0.0,
William Krulewitz,0,1,0.0,1970,1970,1,0.0,0.0,0.0,0.0,0.0,0.0,0.0,0.0,0.0,U,,,male,1,0.0,,,0.0,
Jimmy Brown,135,163,45.302,1972,1992,21,21.0,17.0,1191.0,935.0,527.0,121.0,185.0,62.0,132.0,R,1965-04-28,USA,male,298,115.0,62.162,46.97,0.443,1.427
David De Miguel,17,33,34.0,1984,1992,9,0.0,0.0,73.0,40.0,25.0,15.0,11.0,4.0,8.0,R,1965-02-07,ESP,male,50,7.0,63.636,50.0,0.16,0.0
Fabian Barriola,0,1,0.0,1971,1971,1,0.0,0.0,0.0,0.0,0.0,0.0,0.0,0.0,0.0,U,1950-02-21,URU,male,1,0.0,,,0.0,
Helmut Beermann,0,2,0.0,1977,1982,6,0.0,0.0,0.0,0.0,0.0,0.0,0.0,0.0,0.0,R,1955-03-09,GER,male,2,0.0,,,0.0,
Slimane Saoudi,7,14,33.333,2002,2009,8,23.0,13.0,389.0,232.0,153.0,77.0,65.0,15.0,33.0,L,1975-07-23,ALG,male,21,47.0,72.308,45.455,1.571,3.342
Salvador Cabeza,1,6,14.286,1971,1977,7,0.0,0.0,0.0,0.0,0.0,0.0,0.0,0.0,0.0,R,,ESP,male,7,0.0,,,0.0,
Salvador Cabeza,1,6,14.286,1971,1977,7,0.0,0.0,0.0,0.0,0.0,0.0,0.0,0.0,0.0,U,,ESP,male,7,0.0,,,0.0,
Daniel Omaboe,0,2,0.0,1996,1997,2,0.0,0.0,0.0,0.0,0.0,0.0,0.0,0.0,0.0,R,1975-10-15,GHA,male,2,0.0,,,0.0,
Cliff Richey,311,136,69.575,1968,1978,11,0.0,0.0,0.0,0.0,0.0,0.0,0.0,0.0,0.0,R,1946-12-31,USA,male,447,0.0,,,0.0,
Zizou Bergs,1,1,50.0,2020,2020,1,4.0,15.0,174.0,116.0,78.0,32.0,28.0,15.0,20.0,R,1999-06-03,BEL,male,2,23.0,82.143,75.0,10.0,8.621
Eyal Erlich,6,11,35.294,1993,1998,6,55.0,34.0,828.0,468.0,299.0,152.0,126.0,53.0,100.0,R,1977-01-01,ISR,male,17,79.0,62.698,53.0,5.882,4.106
Jerome Vanier,5,16,23.81,1977,1985,9,0.0,0.0,0.0,0.0,0.0,0.0,0.0,0.0,0.0,L,1957-11-02,FRA,male,21,0.0,,,0.0,
Marinko Matosevic,64,95,40.252,2010,2015,6,444.0,688.0,12073.0,7208.0,4888.0,2346.0,1826.0,698.0,1193.0,R,1985-08-08,AUS,male,159,1331.0,72.892,58.508,7.503,5.699
Alex Nizet,0,1,0.0,1991,1991,1,6.0,0.0,57.0,31.0,16.0,11.0,10.0,9.0,15.0,R,1967-02-22,USA,male,1,4.0,40.0,60.0,15.0,0.0
Jan Weinzierl,0,2,0.0,1995,2003,9,8.0,5.0,161.0,94.0,63.0,25.0,26.0,3.0,12.0,R,1973-05-01,GER,male,2,17.0,65.385,25.0,6.0,3.106
Juho Paukku,1,11,8.333,2006,2014,9,0.0,0.0,0.0,0.0,0.0,0.0,0.0,0.0,0.0,L,1986-07-19,FIN,male,12,0.0,,,0.0,
Nodar Itonishvili,0,5,0.0,2008,2009,2,0.0,0.0,0.0,0.0,0.0,0.0,0.0,0.0,0.0,R,1984-11-14,GEO,male,5,0.0,,,0.0,
Ricardo Rivera,0,1,0.0,1982,1982,1,0.0,0.0,0.0,0.0,0.0,0.0,0.0,0.0,0.0,R,1961-04-08,ARG,male,1,0.0,,,0.0,
Louk Sanders,53,68,43.802,1973,1982,10,0.0,0.0,0.0,0.0,0.0,0.0,0.0,0.0,0.0,R,1950-05-09,NED,male,121,0.0,,,0.0,
Sergei Leonyuk,1,0,100.0,1981,1981,1,0.0,0.0,0.0,0.0,0.0,0.0,0.0,0.0,0.0,U,1960-04-03,URS,male,1,0.0,,,0.0,
Larry Scott,1,17,5.556,1986,1989,4,0.0,0.0,0.0,0.0,0.0,0.0,0.0,0.0,0.0,R,1964-11-21,USA,male,18,0.0,,,0.0,
David Vega Hernandez,0,1,0.0,2015,2015,1,1.0,1.0,50.0,33.0,17.0,7.0,7.0,3.0,7.0,R,1994-06-23,ESP,male,1,3.0,42.857,42.857,7.0,2.0
Scott Carnahan,7,15,31.818,1974,1982,9,0.0,0.0,0.0,0.0,0.0,0.0,0.0,0.0,0.0,R,1953-10-24,USA,male,22,0.0,,,0.0,
Christian Saravia,0,1,0.0,2009,2009,1,0.0,0.0,0.0,0.0,0.0,0.0,0.0,0.0,0.0,U,1989-10-17,GUA,male,1,0.0,,,0.0,
Nuno Matias,0,1,0.0,2002,2002,1,3.0,0.0,51.0,21.0,14.0,9.0,7.0,5.0,9.0,R,1977-12-08,POR,male,1,3.0,42.857,55.556,9.0,0.0
Dale Power,3,10,23.077,1972,1983,12,0.0,0.0,0.0,0.0,0.0,0.0,0.0,0.0,0.0,R,1949-10-02,CAN,male,13,0.0,,,0.0,
Noam Behr,7,14,33.333,1990,2001,12,70.0,73.0,1200.0,704.0,472.0,251.0,175.0,55.0,99.0,L,1975-10-13,ISR,male,21,131.0,74.857,55.556,4.714,6.083
Kevin Mccollum,0,1,0.0,1972,1972,1,0.0,0.0,0.0,0.0,0.0,0.0,0.0,0.0,0.0,U,,UNK,male,1,0.0,,,0.0,
Darren Patten,0,2,0.0,1989,1990,2,0.0,0.0,0.0,0.0,0.0,0.0,0.0,0.0,0.0,R,1970-08-10,AUS,male,2,0.0,,,0.0,
Alexandr Zotov,0,1,0.0,2006,2006,1,0.0,0.0,0.0,0.0,0.0,0.0,0.0,0.0,0.0,L,1988-05-08,BLR,male,1,0.0,,,0.0,
Jaime Pinto Bravo,73,106,40.782,1968,1983,16,0.0,0.0,0.0,0.0,0.0,0.0,0.0,0.0,0.0,R,1939-10-09,CHI,male,179,0.0,,,0.0,
Christian Bemba,0,2,0.0,1991,1991,1,0.0,0.0,0.0,0.0,0.0,0.0,0.0,0.0,0.0,U,1967-11-22,CGO,male,2,0.0,,,0.0,
Ilia Kushev,2,5,28.571,2003,2006,4,0.0,0.0,0.0,0.0,0.0,0.0,0.0,0.0,0.0,R,1980-12-13,BUL,male,7,0.0,,,0.0,
Joseph Rush,0,1,0.0,1968,1968,1,0.0,0.0,0.0,0.0,0.0,0.0,0.0,0.0,0.0,U,,USA,male,1,0.0,,,0.0,
Felipe Rivera,5,11,31.25,1989,1993,5,19.0,25.0,671.0,381.0,249.0,138.0,103.0,48.0,85.0,R,1971-05-10,CHI,male,16,66.0,64.078,56.471,5.312,3.726
Charles Chang,0,2,0.0,1972,1973,2,0.0,0.0,0.0,0.0,0.0,0.0,0.0,0.0,0.0,U,,UNK,male,2,0.0,,,0.0,
Andrey Golubev,65,116,35.912,2007,2015,9,534.0,679.0,12320.0,7248.0,4946.0,2526.0,1871.0,695.0,1182.0,R,1987-07-22,KAZ,male,181,1384.0,73.971,58.799,6.53,5.511
Saeid Ahmadvand,1,0,100.0,2004,2004,1,0.0,0.0,0.0,0.0,0.0,0.0,0.0,0.0,0.0,L,1976-03-21,IRI,male,1,0.0,,,0.0,
Compton Russell,0,5,0.0,1971,1981,11,0.0,0.0,0.0,0.0,0.0,0.0,0.0,0.0,0.0,U,,CAR,male,5,0.0,,,0.0,
Richard Gasquet,540,330,62.069,2002,2021,20,2001.0,4565.0,64070.0,39507.0,28820.0,13071.0,10281.0,2910.0,4778.0,R,1986-06-18,FRA,male,870,8413.0,81.831,60.904,5.492,7.125
Dominique Bedel,55,78,41.353,1975,1984,10,0.0,0.0,0.0,0.0,0.0,0.0,0.0,0.0,0.0,R,1957-02-20,FRA,male,133,0.0,,,0.0,
Jorge Gonzalez,4,7,36.364,1993,1997,5,0.0,0.0,0.0,0.0,0.0,0.0,0.0,0.0,0.0,R,1972-06-30,PUR,male,11,0.0,,,0.0,
Lenny Schloss,5,23,17.857,1968,1972,5,0.0,0.0,0.0,0.0,0.0,0.0,0.0,0.0,0.0,R,,USA,male,28,0.0,,,0.0,
Lenny Schloss,5,23,17.857,1968,1972,5,0.0,0.0,0.0,0.0,0.0,0.0,0.0,0.0,0.0,,,USA,male,28,0.0,,,0.0,
Lenny Schloss,5,23,17.857,1968,1972,5,0.0,0.0,0.0,0.0,0.0,0.0,0.0,0.0,0.0,U,,USA,male,28,0.0,,,0.0,
Michael Venus,9,16,36.0,2006,2020,15,54.0,102.0,956.0,505.0,370.0,191.0,146.0,59.0,105.0,R,1987-10-16,NZL,male,25,100.0,68.493,56.19,4.2,10.669
Horst Ritter,0,1,0.0,1968,1968,1,0.0,0.0,0.0,0.0,0.0,0.0,0.0,0.0,0.0,U,,GER,male,1,0.0,,,0.0,
A Hill,0,1,0.0,1971,1971,1,0.0,0.0,0.0,0.0,0.0,0.0,0.0,0.0,0.0,U,,RSA,male,1,0.0,,,0.0,
Alexander Tavkhelidze,0,1,0.0,2009,2009,1,0.0,0.0,0.0,0.0,0.0,0.0,0.0,0.0,0.0,U,1989-10-14,GEO,male,1,0.0,,,0.0,
Didier Frantz,0,1,0.0,1979,1979,1,0.0,0.0,0.0,0.0,0.0,0.0,0.0,0.0,0.0,R,,FRA,male,1,0.0,,,0.0,
Ayrton Wibowo,0,3,0.0,2008,2009,2,0.0,0.0,0.0,0.0,0.0,0.0,0.0,0.0,0.0,U,1988-08-17,INA,male,3,0.0,,,0.0,
Gary Donnelly,13,28,31.707,1985,1987,3,0.0,0.0,0.0,0.0,0.0,0.0,0.0,0.0,0.0,R,1962-06-03,USA,male,41,0.0,,,0.0,
Anand Amritraj,78,136,36.449,1969,1984,16,0.0,0.0,0.0,0.0,0.0,0.0,0.0,0.0,0.0,R,1952-03-20,IND,male,214,0.0,,,0.0,
Jack Sock,166,132,55.705,2010,2020,11,1287.0,1985.0,23870.0,13941.0,10299.0,5240.0,3794.0,1142.0,1816.0,R,1992-09-24,USA,male,298,3120.0,82.235,62.885,6.094,8.316
Richard Gallien,1,1,50.0,1983,1983,1,0.0,0.0,0.0,0.0,0.0,0.0,0.0,0.0,0.0,R,,USA,male,2,0.0,,,0.0,
Gonzalo Lama,7,3,70.0,2014,2018,5,15.0,15.0,512.0,338.0,240.0,98.0,81.0,25.0,36.0,R,1993-04-27,CHI,male,10,70.0,86.42,69.444,3.6,2.93
Zhe Li,4,13,23.529,2008,2019,12,17.0,29.0,854.0,570.0,341.0,137.0,127.0,52.0,102.0,R,1986-09-20,CHN,male,17,77.0,60.63,50.98,6.0,3.396
Graeme Foster,0,1,0.0,1996,1996,1,0.0,0.0,0.0,0.0,0.0,0.0,0.0,0.0,0.0,U,1966-06-29,HKG,male,1,0.0,,,0.0,
Roberto Carballes Baena,54,65,45.378,2013,2021,9,381.0,347.0,9320.0,5833.0,3918.0,1720.0,1422.0,531.0,910.0,R,1993-03-23,ESP,male,119,1043.0,73.347,58.352,7.647,3.723
Stephan Bienz,0,1,0.0,1985,1985,1,0.0,0.0,0.0,0.0,0.0,0.0,0.0,0.0,0.0,R,,SUI,male,1,0.0,,,0.0,
Mohsen Hossein Zade,0,4,0.0,2011,2018,8,2.0,0.0,50.0,39.0,17.0,4.0,8.0,3.0,8.0,U,1990-08-05,IRI,male,4,3.0,37.5,37.5,2.0,0.0
John Andrews,29,39,42.647,1971,1977,7,0.0,0.0,0.0,0.0,0.0,0.0,0.0,0.0,0.0,R,1952-02-05,USA,male,68,0.0,,,0.0,
John Andrews,29,39,42.647,1971,1977,7,0.0,0.0,0.0,0.0,0.0,0.0,0.0,0.0,0.0,U,1952-05-02,USA,male,68,0.0,,,0.0,
Ruan Roelofse,2,7,22.222,2012,2020,9,2.0,5.0,79.0,49.0,27.0,19.0,12.0,5.0,8.0,R,1989-11-18,RSA,male,9,9.0,75.0,62.5,0.889,6.329
Gianluca Pozzi,144,219,39.669,1986,2001,16,925.0,1265.0,25037.0,11980.0,8575.0,6335.0,3801.0,1450.0,2516.0,L,1965-06-17,ITA,male,363,2735.0,71.955,57.631,6.931,5.053
Eduardo Gorostiaga,0,5,0.0,1968,1970,3,0.0,0.0,0.0,0.0,0.0,0.0,0.0,0.0,0.0,U,,BOL,male,5,0.0,,,0.0,
Janko Tipsarevic,284,253,52.886,2001,2019,19,1246.0,3375.0,38960.0,21959.0,16157.0,8827.0,6098.0,1913.0,3129.0,R,1984-06-22,SRB,male,537,4882.0,80.059,61.138,5.827,8.663
Christian Vinck,17,44,27.869,1994,2003,10,210.0,188.0,4926.0,3189.0,2080.0,834.0,747.0,316.0,526.0,L,1975-09-03,GER,male,61,537.0,71.888,60.076,8.623,3.816
Phivos Zachariades,0,1,0.0,1986,1986,1,0.0,0.0,0.0,0.0,0.0,0.0,0.0,0.0,0.0,U,1958-08-25,CYP,male,1,0.0,,,0.0,
Julian Stamatov,12,12,50.0,1981,1988,8,0.0,0.0,0.0,0.0,0.0,0.0,0.0,0.0,0.0,R,,BUL,male,24,0.0,,,0.0,
Chin Chuan Chow,0,2,0.0,1988,1988,1,0.0,0.0,0.0,0.0,0.0,0.0,0.0,0.0,0.0,U,1964-08-26,MAS,male,2,0.0,,,0.0,
Neil Golden,0,1,0.0,1973,1973,1,0.0,0.0,0.0,0.0,0.0,0.0,0.0,0.0,0.0,R,,USA,male,1,0.0,,,0.0,
Bill Cowan,2,7,22.222,1980,1987,8,0.0,0.0,0.0,0.0,0.0,0.0,0.0,0.0,0.0,R,1959-04-28,CAN,male,9,0.0,,,0.0,
Jan Satral,1,4,20.0,2016,2017,2,24.0,43.0,499.0,276.0,197.0,99.0,72.0,43.0,63.0,R,1990-07-24,CZE,male,5,52.0,72.222,68.254,12.6,8.617
Marcel Felder,19,14,57.576,2000,2013,14,0.0,0.0,0.0,0.0,0.0,0.0,0.0,0.0,0.0,R,1984-07-09,URU,male,33,0.0,,,0.0,
Eddie Smatt,0,1,0.0,1972,1972,1,0.0,0.0,0.0,0.0,0.0,0.0,0.0,0.0,0.0,U,,JAM,male,1,0.0,,,0.0,
Les Nicholson,0,1,0.0,1969,1969,1,0.0,0.0,0.0,0.0,0.0,0.0,0.0,0.0,0.0,U,,,male,1,0.0,,,0.0,
Hector Gonzalez,0,2,0.0,1969,1969,1,0.0,0.0,0.0,0.0,0.0,0.0,0.0,0.0,0.0,U,,MEX,male,2,0.0,,,0.0,
Alex Obrien,86,123,41.148,1991,2001,11,548.0,905.0,17141.0,10854.0,7460.0,3109.0,2583.0,934.0,1577.0,R,1970-03-07,USA,male,209,1940.0,75.106,59.226,7.545,5.28
Erik Ulleberg,0,4,0.0,1974,1975,2,0.0,0.0,0.0,0.0,0.0,0.0,0.0,0.0,0.0,U,1950-09-13,NOR,male,4,0.0,,,0.0,
Nomi Qamar,2,3,40.0,2001,2004,4,0.0,0.0,0.0,0.0,0.0,0.0,0.0,0.0,0.0,U,1982-08-16,PAK,male,5,0.0,,,0.0,
Joris De Loore,1,4,20.0,2016,2018,3,14.0,51.0,449.0,268.0,210.0,96.0,71.0,15.0,26.0,R,1993-04-21,BEL,male,5,60.0,84.507,57.692,5.2,11.359
Kevin Menton,2,5,28.571,1971,1978,8,0.0,0.0,0.0,0.0,0.0,0.0,0.0,0.0,0.0,U,,UNK,male,7,0.0,,,0.0,
Martin Antonio Vergara Del Puerto,1,0,100.0,2020,2020,1,0.0,0.0,0.0,0.0,0.0,0.0,0.0,0.0,0.0,U,,PAR,male,1,0.0,,,0.0,
Ivor Grazette,0,2,0.0,2002,2002,1,0.0,0.0,0.0,0.0,0.0,0.0,0.0,0.0,0.0,U,1974-08-22,TRI,male,2,0.0,,,0.0,
Duck Hee Lee,1,1,50.0,2019,2019,1,16.0,10.0,156.0,85.0,53.0,36.0,22.0,7.0,15.0,R,1998-05-29,KOR,male,2,14.0,63.636,46.667,7.5,6.41
Kehinde Ajayi,1,1,50.0,1974,1980,7,0.0,0.0,0.0,0.0,0.0,0.0,0.0,0.0,0.0,R,,NGR,male,2,0.0,,,0.0,
AJ Mitha,1,1,50.0,1972,1972,1,0.0,0.0,0.0,0.0,0.0,0.0,0.0,0.0,0.0,U,,,male,2,0.0,,,0.0,
Laurent Recouderc,3,12,20.0,2007,2010,4,33.0,54.0,1316.0,700.0,475.0,305.0,203.0,82.0,141.0,R,1984-07-10,FRA,male,15,144.0,70.936,58.156,9.4,4.103
Johan Kriek,279,159,63.699,1977,1992,16,55.0,34.0,568.0,313.0,219.0,111.0,82.0,42.0,66.0,R,1958-04-05,USA,male,438,58.0,70.732,63.636,0.151,5.986
Johan Vekemans,0,1,0.0,1987,1987,1,0.0,0.0,0.0,0.0,0.0,0.0,0.0,0.0,0.0,R,1964-06-12,NED,male,1,0.0,,,0.0,
Johan Vekemans,0,1,0.0,1987,1987,1,0.0,0.0,0.0,0.0,0.0,0.0,0.0,0.0,0.0,R,1964-12-06,NED,male,1,0.0,,,0.0,
Dennis Gibson,0,1,0.0,1978,1978,1,0.0,0.0,0.0,0.0,0.0,0.0,0.0,0.0,0.0,R,,USA,male,1,0.0,,,0.0,
Antony Emerson,0,2,0.0,1985,1987,3,0.0,0.0,0.0,0.0,0.0,0.0,0.0,0.0,0.0,R,1963-03-29,AUS,male,2,0.0,,,0.0,
Francisco Gallardo,0,1,0.0,1972,1972,1,0.0,0.0,0.0,0.0,0.0,0.0,0.0,0.0,0.0,U,,MEX,male,1,0.0,,,0.0,
Francisco Gallardo,0,1,0.0,1972,1972,1,0.0,0.0,0.0,0.0,0.0,0.0,0.0,0.0,0.0,U,,,male,1,0.0,,,0.0,
Nour Nehme,0,1,0.0,2015,2015,1,0.0,0.0,0.0,0.0,0.0,0.0,0.0,0.0,0.0,,1997-07-07,LIB,male,1,0.0,,,0.0,
Julian Ganzabal,58,68,46.032,1968,1977,10,0.0,0.0,0.0,0.0,0.0,0.0,0.0,0.0,0.0,R,1946-08-25,ARG,male,126,0.0,,,0.0,
Haluk Akkoyun,0,2,0.0,2012,2012,1,0.0,0.0,0.0,0.0,0.0,0.0,0.0,0.0,0.0,R,1981-04-25,TUR,male,2,0.0,,,0.0,
Hee Seok Chung,7,1,87.5,2002,2006,5,0.0,0.0,0.0,0.0,0.0,0.0,0.0,0.0,0.0,R,1977-01-29,KOR,male,8,0.0,,,0.0,
John Benson,1,6,14.286,1980,1981,2,0.0,0.0,0.0,0.0,0.0,0.0,0.0,0.0,0.0,R,1959-07-02,USA,male,7,0.0,,,0.0,
Seung Bok Baek,0,2,0.0,2002,2002,1,0.0,0.0,0.0,0.0,0.0,0.0,0.0,0.0,0.0,R,1974-01-20,KOR,male,2,0.0,,,0.0,
Rafael Osuna,4,3,57.143,1968,1969,2,0.0,0.0,0.0,0.0,0.0,0.0,0.0,0.0,0.0,R,1938-09-15,MEX,male,7,0.0,,,0.0,
Lothar Pawlik,1,2,33.333,1968,1968,1,0.0,0.0,0.0,0.0,0.0,0.0,0.0,0.0,0.0,U,,GER,male,3,0.0,,,0.0,
Hendrik Jan Davids,6,20,23.077,1989,1997,9,61.0,94.0,1848.0,1068.0,737.0,371.0,277.0,119.0,194.0,L,1969-01-30,NED,male,26,202.0,72.924,61.34,7.462,5.087
Bobby Webb,4,8,33.333,1976,1981,6,0.0,0.0,0.0,0.0,0.0,0.0,0.0,0.0,0.0,R,,USA,male,12,0.0,,,0.0,
Mischa Zverev,134,198,40.361,2006,2020,15,714.0,1615.0,24944.0,16093.0,11141.0,4318.0,3866.0,1424.0,2356.0,L,1987-08-22,GER,male,332,2934.0,75.892,60.441,7.096,6.475
Robert Layton,0,1,0.0,1968,1968,1,0.0,0.0,0.0,0.0,0.0,0.0,0.0,0.0,0.0,R,,AUS,male,1,0.0,,,0.0,
Jared Donaldson,48,62,43.636,2014,2019,6,432.0,671.0,8734.0,4546.0,3358.0,2145.0,1366.0,409.0,714.0,R,1996-10-09,USA,male,110,1061.0,77.672,57.283,6.491,7.683
Abd Hazli Bin Zainuddin,1,3,25.0,2006,2010,5,0.0,0.0,0.0,0.0,0.0,0.0,0.0,0.0,0.0,R,1980-11-04,MAS,male,4,0.0,,,0.0,
Harry Fauquier,2,5,28.571,1968,1971,4,0.0,0.0,0.0,0.0,0.0,0.0,0.0,0.0,0.0,R,1942-01-01,CAN,male,7,0.0,,,0.0,
Mike Bryan,5,11,31.25,1997,2008,12,39.0,46.0,1031.0,648.0,444.0,184.0,162.0,55.0,102.0,R,1978-04-29,USA,male,16,115.0,70.988,53.922,6.375,4.462
Jean Baptiste Chanfreau,43,93,31.618,1968,1979,12,0.0,0.0,0.0,0.0,0.0,0.0,0.0,0.0,0.0,R,1947-01-17,FRA,male,136,0.0,,,0.0,
Sarp Agabigun,1,0,100.0,2018,2018,1,0.0,0.0,0.0,0.0,0.0,0.0,0.0,0.0,0.0,R,1997-06-12,TUR,male,1,0.0,,,0.0,
Brett Hansen Dent,0,1,0.0,1995,1995,1,3.0,6.0,95.0,58.0,39.0,12.0,13.0,8.0,14.0,R,1972-07-02,USA,male,1,7.0,53.846,57.143,14.0,6.316
B Larsen,0,1,0.0,1976,1976,1,0.0,0.0,0.0,0.0,0.0,0.0,0.0,0.0,0.0,R,,SWE,male,1,0.0,,,0.0,
Ryan Shane,0,1,0.0,2015,2015,1,13.0,17.0,119.0,60.0,47.0,20.0,17.0,4.0,11.0,U,1994-04-15,USA,male,1,10.0,58.824,36.364,11.0,14.286
Javier Frana,157,144,52.159,1986,1997,12,359.0,1257.0,16658.0,10273.0,7504.0,3274.0,2568.0,859.0,1352.0,L,1966-12-25,ARG,male,301,2075.0,80.802,63.536,4.492,7.546
Talito Corrales,0,1,0.0,1992,1992,1,0.0,0.0,0.0,0.0,0.0,0.0,0.0,0.0,0.0,R,,ESP,male,1,0.0,,,0.0,
Paul Torre,13,19,40.625,1980,1986,7,0.0,0.0,0.0,0.0,0.0,0.0,0.0,0.0,0.0,R,1953-05-18,FRA,male,32,0.0,,,0.0,
Jose Guerrero,7,18,28.0,1969,1975,7,0.0,0.0,0.0,0.0,0.0,0.0,0.0,0.0,0.0,R,,ESP,male,25,0.0,,,0.0,
Ramanathan Krishnan,5,7,41.667,1968,1975,8,0.0,0.0,0.0,0.0,0.0,0.0,0.0,0.0,0.0,R,1937-04-11,IND,male,12,0.0,,,0.0,
Shahzad Khan,0,3,0.0,2004,2005,2,0.0,0.0,0.0,0.0,0.0,0.0,0.0,0.0,0.0,R,1986-12-04,PAK,male,3,0.0,,,0.0,
Patrick Baur,54,88,38.028,1987,1997,11,340.0,388.0,7764.0,4401.0,3080.0,1683.0,1180.0,453.0,750.0,R,1965-05-03,GER,male,142,883.0,74.831,60.4,5.282,4.997
Eduardo Soriano,1,2,33.333,1968,1969,2,0.0,0.0,0.0,0.0,0.0,0.0,0.0,0.0,0.0,U,,ARG,male,3,0.0,,,0.0,
Bert Kearney,0,1,0.0,1968,1968,1,0.0,0.0,0.0,0.0,0.0,0.0,0.0,0.0,0.0,R,,AUS,male,1,0.0,,,0.0,
Gianni Mina,1,4,20.0,2010,2015,6,9.0,13.0,316.0,179.0,123.0,66.0,49.0,16.0,29.0,R,1992-02-09,FRA,male,5,36.0,73.469,55.172,5.8,4.114
Peter August Anker,0,1,0.0,2018,2018,1,1.0,3.0,49.0,33.0,12.0,7.0,8.0,1.0,7.0,U,1999-06-03,NOR,male,1,2.0,25.0,14.286,7.0,6.122
Pablo Bianchi,4,5,44.444,2001,2002,2,0.0,0.0,0.0,0.0,0.0,0.0,0.0,0.0,0.0,R,1975-02-27,URU,male,9,0.0,,,0.0,
Rich Anderson,0,2,0.0,1970,1971,2,0.0,0.0,0.0,0.0,0.0,0.0,0.0,0.0,0.0,U,,USA,male,2,0.0,,,0.0,
Jonathan Erlich,6,6,50.0,1994,2003,10,59.0,54.0,764.0,416.0,284.0,158.0,114.0,43.0,78.0,R,1977-04-05,ISR,male,12,79.0,69.298,55.128,6.5,7.068
Thierry Tulasne,214,195,52.323,1979,1991,13,16.0,5.0,215.0,119.0,73.0,34.0,28.0,19.0,34.0,R,1963-07-12,FRA,male,409,13.0,46.429,55.882,0.083,2.326
Andrew Anderson,0,1,0.0,2009,2009,1,2.0,1.0,62.0,41.0,22.0,9.0,9.0,5.0,10.0,R,1983-04-08,RSA,male,1,4.0,44.444,50.0,10.0,1.613
David Pratt,0,2,0.0,1972,1973,2,0.0,0.0,0.0,0.0,0.0,0.0,0.0,0.0,0.0,,,CAR,male,2,0.0,,,0.0,
Brad Holland,0,1,0.0,1980,1980,1,0.0,0.0,0.0,0.0,0.0,0.0,0.0,0.0,0.0,R,,USA,male,1,0.0,,,0.0,
Brian Macphie,26,37,41.27,1992,2000,9,247.0,514.0,4869.0,2761.0,2038.0,1027.0,743.0,244.0,402.0,L,1972-05-11,USA,male,63,585.0,78.735,60.697,6.381,10.557
Massimo Boscatto,0,2,0.0,1988,1990,3,0.0,0.0,0.0,0.0,0.0,0.0,0.0,0.0,0.0,R,1971-06-21,ITA,male,2,0.0,,,0.0,
John Patrick Smith,5,22,18.519,2013,2021,9,51.0,167.0,2123.0,1376.0,939.0,372.0,343.0,102.0,188.0,L,1989-12-04,AUS,male,27,257.0,74.927,54.255,6.963,7.866
Mohammed Abdulla,0,1,0.0,2005,2005,1,6.0,0.0,49.0,22.0,14.0,10.0,8.0,1.0,5.0,U,1985-05-23,QAT,male,1,4.0,50.0,20.0,5.0,0.0
Ruben Fernandez,0,1,0.0,1997,1997,1,7.0,6.0,78.0,41.0,31.0,13.0,12.0,4.0,8.0,R,1978-01-12,ESP,male,1,8.0,66.667,50.0,8.0,7.692
Geza Varga,11,19,36.667,1968,1976,9,0.0,0.0,0.0,0.0,0.0,0.0,0.0,0.0,0.0,R,,HUN,male,30,0.0,,,0.0,
Travis Rettenmaier,2,2,50.0,2005,2006,2,16.0,24.0,304.0,189.0,139.0,57.0,50.0,18.0,30.0,R,1983-08-06,USA,male,4,38.0,76.0,60.0,7.5,7.895
Cary Leeds,1,9,10.0,1979,1983,5,0.0,0.0,0.0,0.0,0.0,0.0,0.0,0.0,0.0,R,,USA,male,10,0.0,,,0.0,
Nicholas Kalogeropoulos,38,51,42.697,1968,1981,14,0.0,0.0,0.0,0.0,0.0,0.0,0.0,0.0,0.0,R,1945-02-18,GRE,male,89,0.0,,,0.0,
Guiliano Fanfani,0,1,0.0,1968,1968,1,0.0,0.0,0.0,0.0,0.0,0.0,0.0,0.0,0.0,U,,ITA,male,1,0.0,,,0.0,
Christophe Rochus,113,205,35.535,1999,2010,12,890.0,547.0,22625.0,13739.0,8734.0,4134.0,3425.0,1364.0,2530.0,R,1978-12-15,BEL,male,318,2259.0,65.956,53.913,7.956,2.418
E Vasquez,0,1,0.0,1977,1977,1,0.0,0.0,0.0,0.0,0.0,0.0,0.0,0.0,0.0,U,,UNK,male,1,0.0,,,0.0,
Enzo Couacaud,0,1,0.0,2020,2020,1,1.0,9.0,69.0,42.0,30.0,8.0,10.0,2.0,6.0,R,1995-03-01,FRA,male,1,6.0,60.0,33.333,6.0,13.043
Mikael Tillstrom,99,98,50.254,1992,2000,9,585.0,734.0,16187.0,9625.0,6588.0,3197.0,2412.0,915.0,1555.0,R,1972-03-05,SWE,male,197,1772.0,73.466,58.842,7.893,4.535
Stephane Bonneau,6,19,24.0,1980,1987,8,0.0,0.0,0.0,0.0,0.0,0.0,0.0,0.0,0.0,R,1961-12-08,CAN,male,25,0.0,,,0.0,
M Cano,0,1,0.0,1972,1972,1,0.0,0.0,0.0,0.0,0.0,0.0,0.0,0.0,0.0,U,,ARG,male,1,0.0,,,0.0,
Douglas Palm,13,38,25.49,1972,1979,8,0.0,0.0,0.0,0.0,0.0,0.0,0.0,0.0,0.0,R,,SWE,male,51,0.0,,,0.0,
Douglas Palm,13,38,25.49,1972,1979,8,0.0,0.0,0.0,0.0,0.0,0.0,0.0,0.0,0.0,R,1955-05-06,SWE,male,51,0.0,,,0.0,
Steve Wedderburn,0,2,0.0,1971,1971,1,0.0,0.0,0.0,0.0,0.0,0.0,0.0,0.0,0.0,R,,AUS,male,2,0.0,,,0.0,
Bill Wright,0,1,0.0,1974,1974,1,0.0,0.0,0.0,0.0,0.0,0.0,0.0,0.0,0.0,R,,USA,male,1,0.0,,,0.0,
Nicolas Pereira,79,120,39.698,1987,1997,11,351.0,652.0,8699.0,5324.0,3890.0,1556.0,1310.0,447.0,738.0,R,1970-09-29,VEN,male,199,1019.0,77.786,60.569,3.709,7.495
Bullus Hussaini,0,1,0.0,1979,1979,1,0.0,0.0,0.0,0.0,0.0,0.0,0.0,0.0,0.0,R,,NGR,male,1,0.0,,,0.0,
Peter Smylie,1,1,50.0,1977,1977,1,0.0,0.0,0.0,0.0,0.0,0.0,0.0,0.0,0.0,R,1958-10-11,AUS,male,2,0.0,,,0.0,
Andrei Soltoianu,0,1,0.0,2015,2015,1,0.0,0.0,0.0,0.0,0.0,0.0,0.0,0.0,0.0,R,1993-10-04,MDA,male,1,0.0,,,0.0,
Kwasi Ahenkora,1,1,50.0,2002,2003,2,0.0,0.0,0.0,0.0,0.0,0.0,0.0,0.0,0.0,U,1982-04-05,GHA,male,2,0.0,,,0.0,
Dennis Breetzke,0,2,0.0,1969,1971,3,0.0,0.0,0.0,0.0,0.0,0.0,0.0,0.0,0.0,U,,RSA,male,2,0.0,,,0.0,
Roberto Arguello,60,82,42.254,1979,1990,12,0.0,0.0,0.0,0.0,0.0,0.0,0.0,0.0,0.0,U,1963-05-12,ARG,male,142,0.0,,,0.0,
Mohammed Reza Tavakoli,10,8,55.556,1993,2000,8,0.0,0.0,0.0,0.0,0.0,0.0,0.0,0.0,0.0,U,1971-12-12,IRI,male,18,0.0,,,0.0,
Leonardo Lavalle,73,100,42.197,1985,1998,14,180.0,212.0,3976.0,2508.0,1703.0,697.0,608.0,215.0,387.0,L,1967-07-14,MEX,male,173,436.0,71.711,55.556,2.237,5.332
Juan Torralbo,2,4,33.333,1976,1980,5,0.0,0.0,0.0,0.0,0.0,0.0,0.0,0.0,0.0,R,,ESP,male,6,0.0,,,0.0,
U Friscic,0,1,0.0,1970,1970,1,0.0,0.0,0.0,0.0,0.0,0.0,0.0,0.0,0.0,U,,UNK,male,1,0.0,,,0.0,
Warren Maher,17,37,31.481,1977,1983,7,0.0,0.0,0.0,0.0,0.0,0.0,0.0,0.0,0.0,R,1957-01-15,AUS,male,54,0.0,,,0.0,
Maximilian Marterer,25,49,33.784,2015,2020,6,141.0,440.0,5507.0,3483.0,2429.0,1080.0,877.0,275.0,458.0,L,1995-06-15,GER,male,74,694.0,79.133,60.044,6.189,7.99
Francois Errard,0,2,0.0,1983,1984,2,0.0,0.0,0.0,0.0,0.0,0.0,0.0,0.0,0.0,R,1967-09-10,FRA,male,2,0.0,,,0.0,
Diego Hidalgo,0,1,0.0,2012,2012,1,0.0,0.0,0.0,0.0,0.0,0.0,0.0,0.0,0.0,U,1993-04-18,ECU,male,1,0.0,,,0.0,
Jason Engelhardt,0,1,0.0,2008,2008,1,0.0,0.0,0.0,0.0,0.0,0.0,0.0,0.0,0.0,U,1982-12-08,AHO,male,1,0.0,,,0.0,
Rodolfo Rake,0,1,0.0,1997,1997,1,7.0,2.0,86.0,48.0,24.0,13.0,12.0,4.0,11.0,R,1979-07-13,PER,male,1,5.0,41.667,36.364,11.0,2.326
Ichiro Nakanishi,0,1,0.0,1984,1984,1,0.0,0.0,0.0,0.0,0.0,0.0,0.0,0.0,0.0,R,,JPN,male,1,0.0,,,0.0,
Wayne Bryan,0,1,0.0,1974,1974,1,0.0,0.0,0.0,0.0,0.0,0.0,0.0,0.0,0.0,U,,USA,male,1,0.0,,,0.0,
Filip Krajinovic,84,81,50.909,2009,2021,13,304.0,748.0,12415.0,7948.0,5438.0,2257.0,1929.0,707.0,1171.0,R,1992-02-27,SRB,male,165,1465.0,75.946,60.376,7.097,6.025
Mark Gurr,1,3,25.0,1987,1994,8,0.0,0.0,0.0,0.0,0.0,0.0,0.0,0.0,0.0,R,1966-02-18,ZIM,male,4,0.0,,,0.0,
Peter Adolph,0,1,0.0,1976,1976,1,0.0,0.0,0.0,0.0,0.0,0.0,0.0,0.0,0.0,U,,USA,male,1,0.0,,,0.0,
Aleksandre Metreveli,2,4,33.333,2019,2020,2,10.0,10.0,192.0,112.0,71.0,35.0,26.0,12.0,23.0,R,1993-08-10,GEO,male,6,15.0,57.692,52.174,3.833,5.208
Damion Johnson,0,6,0.0,2006,2009,4,0.0,0.0,0.0,0.0,0.0,0.0,0.0,0.0,0.0,R,1985-05-03,JAM,male,6,0.0,,,0.0,
Stefan Simonsson,95,114,45.455,1977,1986,10,0.0,0.0,0.0,0.0,0.0,0.0,0.0,0.0,0.0,R,1960-01-05,SWE,male,209,0.0,,,0.0,
Nicolas Salama,1,1,50.0,2009,2010,2,0.0,0.0,0.0,0.0,0.0,0.0,0.0,0.0,0.0,U,1991-01-21,PAR,male,2,0.0,,,0.0,
Florian Allgauer,0,1,0.0,1999,1999,1,3.0,5.0,61.0,41.0,32.0,4.0,9.0,5.0,7.0,R,1979-01-07,ITA,male,1,7.0,77.778,71.429,7.0,8.197
Stefan Svensson,2,11,15.385,1975,1983,9,0.0,0.0,0.0,0.0,0.0,0.0,0.0,0.0,0.0,R,1962-02-17,SWE,male,13,0.0,,,0.0,
Ken Binns,3,3,50.0,1969,1972,4,0.0,0.0,0.0,0.0,0.0,0.0,0.0,0.0,0.0,R,1935-02-08,CAN,male,6,0.0,,,0.0,
Ross Walker,0,3,0.0,1972,1972,1,0.0,0.0,0.0,0.0,0.0,0.0,0.0,0.0,0.0,U,,USA,male,3,0.0,,,0.0,
Mykyta Mashtakov,0,1,0.0,2017,2017,1,1.0,0.0,63.0,43.0,22.0,5.0,10.0,6.0,13.0,U,1999-03-18,UKR,male,1,3.0,30.0,46.154,13.0,0.0
Valerio Baiardo,0,1,0.0,1979,1979,1,0.0,0.0,0.0,0.0,0.0,0.0,0.0,0.0,0.0,R,,ITA,male,1,0.0,,,0.0,
Unknown Terrade,0,1,0.0,1971,1971,1,0.0,0.0,0.0,0.0,0.0,0.0,0.0,0.0,0.0,U,,ITA,male,1,0.0,,,0.0,
Vasuthevan Ortchuan,0,1,0.0,2000,2000,1,0.0,0.0,0.0,0.0,0.0,0.0,0.0,0.0,0.0,U,1973-04-22,MAS,male,1,0.0,,,0.0,
Jui Chen Hung,4,4,50.0,2014,2016,3,6.0,5.0,181.0,124.0,80.0,28.0,31.0,8.0,19.0,R,1990-03-01,TPE,male,8,20.0,64.516,42.105,2.375,2.762
Wesley Whitehouse,4,7,36.364,1998,2007,10,54.0,90.0,772.0,423.0,312.0,163.0,119.0,32.0,59.0,L,1979-03-13,RSA,male,11,92.0,77.311,54.237,5.364,11.658
Gilles Simon,493,367,57.326,2004,2021,18,1919.0,3606.0,67416.0,38614.0,26832.0,14834.0,10365.0,3735.0,6187.0,R,1984-12-27,FRA,male,860,7913.0,76.343,60.369,7.194,5.349
Reyno Summers,0,2,0.0,1968,1968,1,0.0,0.0,0.0,0.0,0.0,0.0,0.0,0.0,0.0,R,,RSA,male,2,0.0,,,0.0,
Carlos Chavez,0,1,0.0,1991,1991,1,0.0,0.0,0.0,0.0,0.0,0.0,0.0,0.0,0.0,U,1963-11-21,GUA,male,1,0.0,,,0.0,
Fritz Schunck,0,1,0.0,1972,1972,1,0.0,0.0,0.0,0.0,0.0,0.0,0.0,0.0,0.0,R,,USA,male,1,0.0,,,0.0,
Marian Laudin,1,4,20.0,1968,1973,6,0.0,0.0,0.0,0.0,0.0,0.0,0.0,0.0,0.0,R,,NED,male,5,0.0,,,0.0,
Michael Vrbensky,0,1,0.0,2021,2021,1,0.0,6.0,79.0,45.0,30.0,14.0,11.0,7.0,10.0,U,1999-12-26,CZE,male,1,8.0,72.727,70.0,10.0,7.595
Marco Gilardelli,0,4,0.0,1968,1973,6,0.0,0.0,0.0,0.0,0.0,0.0,0.0,0.0,0.0,R,,ITA,male,4,0.0,,,0.0,
Alvaro Margets,0,2,0.0,1978,1979,2,0.0,0.0,0.0,0.0,0.0,0.0,0.0,0.0,0.0,R,1959-07-26,ESP,male,2,0.0,,,0.0,
Edvaldo Oliveira,0,4,0.0,1982,1989,8,0.0,0.0,0.0,0.0,0.0,0.0,0.0,0.0,0.0,R,1963-11-18,BRA,male,4,0.0,,,0.0,
Izak Van Der Merwe,16,14,53.333,2006,2012,7,62.0,98.0,1044.0,585.0,439.0,238.0,165.0,46.0,78.0,R,1984-01-26,RSA,male,30,133.0,80.606,58.974,2.6,9.387
H Lerke,0,1,0.0,1977,1977,1,0.0,0.0,0.0,0.0,0.0,0.0,0.0,0.0,0.0,U,,GER,male,1,0.0,,,0.0,
Eui Jong Chang,9,13,40.909,1991,1995,5,22.0,23.0,561.0,314.0,220.0,113.0,89.0,34.0,63.0,R,1969-04-01,KOR,male,22,60.0,67.416,53.968,2.864,4.1
Martin Alund,7,10,41.176,2013,2014,2,38.0,55.0,1480.0,922.0,607.0,291.0,219.0,101.0,159.0,R,1985-12-26,ARG,male,17,161.0,73.516,63.522,9.353,3.716
Nicolas Jarry,53,57,48.182,2013,2021,9,308.0,960.0,9146.0,5779.0,4178.0,1760.0,1424.0,444.0,705.0,R,1995-10-11,CHI,male,110,1163.0,81.671,62.979,6.409,10.496
Gilles Muller,227,207,52.304,2000,2018,19,1440.0,5279.0,32745.0,20074.0,15681.0,6357.0,5202.0,1559.0,2342.0,L,1983-05-09,LUX,male,434,4419.0,84.948,66.567,5.396,16.122
Janis Skroderis,0,1,0.0,2005,2005,1,0.0,0.0,0.0,0.0,0.0,0.0,0.0,0.0,0.0,R,1983-08-14,LAT,male,1,0.0,,,0.0,
Daniel Yoo,0,1,0.0,2004,2004,1,5.0,3.0,55.0,36.0,25.0,3.0,8.0,5.0,9.0,L,1985-09-25,KOR,male,1,4.0,50.0,55.556,9.0,5.455
Norm Schellenger,1,3,25.0,1985,1986,2,0.0,0.0,0.0,0.0,0.0,0.0,0.0,0.0,0.0,R,1961-01-12,USA,male,4,0.0,,,0.0,
Pavel Snobel,0,4,0.0,2003,2008,6,20.0,22.0,345.0,176.0,112.0,79.0,49.0,34.0,52.0,L,1980-02-28,CZE,male,4,31.0,63.265,65.385,13.0,6.377
Herbert Rapp,0,2,0.0,1969,1971,3,0.0,0.0,0.0,0.0,0.0,0.0,0.0,0.0,0.0,U,1948-09-22,USA,male,2,0.0,,,0.0,
Federico Delbonis,131,155,45.804,2009,2021,13,977.0,1055.0,22437.0,13583.0,9460.0,4539.0,3467.0,1214.0,2006.0,L,1990-10-05,ARG,male,286,2675.0,77.156,60.518,7.014,4.702
Yassine Amier,0,10,0.0,1979,1987,9,0.0,0.0,0.0,0.0,0.0,0.0,0.0,0.0,0.0,U,1962-02-28,ALG,male,10,0.0,,,0.0,
A El Ghani,0,1,0.0,1977,1977,1,0.0,0.0,0.0,0.0,0.0,0.0,0.0,0.0,0.0,U,,UAE,male,1,0.0,,,0.0,
Fredrik Bergh,0,1,0.0,1997,1997,1,4.0,0.0,80.0,39.0,28.0,20.0,13.0,2.0,6.0,R,1975-04-22,SWE,male,1,9.0,69.231,33.333,6.0,0.0
Yosuke Watanuki,2,3,40.0,2018,2019,2,22.0,28.0,348.0,197.0,146.0,79.0,56.0,16.0,27.0,U,1998-04-12,JPN,male,5,45.0,80.357,59.259,5.4,8.046
Ferenc Csepai,0,6,0.0,1986,1988,3,0.0,0.0,0.0,0.0,0.0,0.0,0.0,0.0,0.0,R,1957-04-09,HUN,male,6,0.0,,,0.0,
Philipp Oswald,1,3,25.0,2008,2014,7,27.0,35.0,305.0,185.0,127.0,58.0,47.0,16.0,29.0,R,1986-01-23,AUT,male,4,34.0,72.34,55.172,7.25,11.475
Pietro Marzano,6,15,28.571,1969,1976,8,0.0,0.0,0.0,0.0,0.0,0.0,0.0,0.0,0.0,R,,ITA,male,21,0.0,,,0.0,
Adam Kennedy,0,3,0.0,2002,2003,2,16.0,19.0,210.0,127.0,80.0,37.0,30.0,11.0,22.0,R,1983-02-09,AUS,male,3,19.0,63.333,50.0,7.333,9.048
Rainer Janson,0,1,0.0,1968,1968,1,0.0,0.0,0.0,0.0,0.0,0.0,0.0,0.0,0.0,U,,GER,male,1,0.0,,,0.0,
Marcello Bassanelli,0,1,0.0,1987,1987,1,0.0,0.0,0.0,0.0,0.0,0.0,0.0,0.0,0.0,L,,ITA,male,1,0.0,,,0.0,
Kevin Anderson,344,236,59.31,2007,2021,15,1707.0,7208.0,46508.0,30030.0,23094.0,8729.0,7540.0,1950.0,2954.0,R,1986-05-18,RSA,male,580,6536.0,86.684,66.012,5.093,15.498
Bruce Foxworth,8,13,38.095,1977,1985,9,0.0,0.0,0.0,0.0,0.0,0.0,0.0,0.0,0.0,R,1956-09-25,USA,male,21,0.0,,,0.0,
George Hardie,58,116,33.333,1972,1981,10,0.0,0.0,0.0,0.0,0.0,0.0,0.0,0.0,0.0,L,1953-02-19,USA,male,174,0.0,,,0.0,
George Hardie,58,116,33.333,1972,1981,10,0.0,0.0,0.0,0.0,0.0,0.0,0.0,0.0,0.0,L,1953-02-14,USA,male,174,0.0,,,0.0,
Vladimir Zednik,86,113,43.216,1969,1980,12,0.0,0.0,0.0,0.0,0.0,0.0,0.0,0.0,0.0,R,1947-02-01,CZE,male,199,0.0,,,0.0,
Andrian Raturandang,2,16,11.111,1996,2001,6,0.0,1.0,70.0,46.0,24.0,14.0,9.0,12.0,15.0,R,1976-07-29,INA,male,18,6.0,66.667,80.0,0.833,1.429
Steven Schranz,0,3,0.0,1986,1989,4,0.0,0.0,0.0,0.0,0.0,0.0,0.0,0.0,0.0,R,1966-11-29,MLT,male,3,0.0,,,0.0,
Israel Matos Gil,0,2,0.0,2004,2005,2,7.0,4.0,134.0,77.0,48.0,22.0,18.0,8.0,16.0,U,1982-12-14,ESP,male,2,10.0,55.556,50.0,8.0,2.985
Brian Devening,2,8,20.0,1992,1994,3,35.0,23.0,924.0,562.0,351.0,158.0,128.0,71.0,116.0,R,1967-07-16,USA,male,10,83.0,64.844,61.207,11.6,2.489
Alberto Emmanuel Alvarado Larin,0,8,0.0,2011,2020,10,16.0,2.0,258.0,170.0,90.0,39.0,33.0,24.0,41.0,U,1994-12-01,ESA,male,8,16.0,48.485,58.537,5.125,0.775
Roberto Graetz,0,3,0.0,1968,1971,4,0.0,0.0,0.0,0.0,0.0,0.0,0.0,0.0,0.0,U,,UNK,male,3,0.0,,,0.0,
Matt Mitchell,43,80,34.959,1976,1985,10,0.0,0.0,0.0,0.0,0.0,0.0,0.0,0.0,0.0,R,1957-03-16,USA,male,123,0.0,,,0.0,
Marcelo Rios,363,176,67.347,1993,2003,11,1399.0,2288.0,37661.0,21726.0,15436.0,8416.0,5840.0,1904.0,3123.0,L,1975-12-26,CHI,male,539,4621.0,79.127,60.967,5.794,6.075
Daniel Elsner,8,27,22.857,1997,2005,9,160.0,95.0,2642.0,1429.0,908.0,545.0,393.0,174.0,324.0,R,1979-01-04,GER,male,35,243.0,61.832,53.704,9.257,3.596
Jock Eitel Reetz,0,1,0.0,1971,1971,1,0.0,0.0,0.0,0.0,0.0,0.0,0.0,0.0,0.0,U,,GER,male,1,0.0,,,0.0,
Alain Bouteleux,0,2,0.0,1969,1970,2,0.0,0.0,0.0,0.0,0.0,0.0,0.0,0.0,0.0,U,,FRA,male,2,0.0,,,0.0,
Jehad Sheet,0,2,0.0,1991,1991,1,0.0,0.0,0.0,0.0,0.0,0.0,0.0,0.0,0.0,U,1956-11-11,SYR,male,2,0.0,,,0.0,
Audley Bell,0,3,0.0,1972,1973,2,0.0,0.0,0.0,0.0,0.0,0.0,0.0,0.0,0.0,U,,JAM,male,3,0.0,,,0.0,
Edgar Hernandez Perez,1,6,14.286,2004,2007,4,0.0,0.0,0.0,0.0,0.0,0.0,0.0,0.0,0.0,U,1985-06-29,CUB,male,7,0.0,,,0.0,
David Skoch,5,12,29.412,1993,2008,16,36.0,23.0,1123.0,646.0,378.0,231.0,159.0,76.0,137.0,R,1976-11-06,CZE,male,17,98.0,61.635,55.474,8.059,2.048
Russell Simpson,133,177,42.903,1971,1987,17,0.0,0.0,0.0,0.0,0.0,0.0,0.0,0.0,0.0,R,1954-02-22,NZL,male,310,0.0,,,0.0,
Yuval Hirsch,0,1,0.0,1990,1990,1,0.0,0.0,0.0,0.0,0.0,0.0,0.0,0.0,0.0,R,1971-03-03,ISR,male,1,0.0,,,0.0,
Givaldo Barbosa,12,40,23.077,1978,1989,12,0.0,0.0,0.0,0.0,0.0,0.0,0.0,0.0,0.0,R,1954-01-25,BRA,male,52,0.0,,,0.0,
Vivian Gotto,0,2,0.0,1968,1971,4,0.0,0.0,0.0,0.0,0.0,0.0,0.0,0.0,0.0,U,,IRL,male,2,0.0,,,0.0,
George Amaya,6,10,37.5,1974,1980,7,0.0,0.0,0.0,0.0,0.0,0.0,0.0,0.0,0.0,L,1950-02-12,USA,male,16,0.0,,,0.0,
Christian Bergstrom,128,127,50.196,1985,1996,12,305.0,345.0,11341.0,7489.0,4801.0,1909.0,1685.0,643.0,1110.0,R,1967-07-19,SWE,male,255,1218.0,72.285,57.928,4.353,3.042
Dirk Dier,6,15,28.571,1989,1998,10,36.0,91.0,1409.0,814.0,569.0,276.0,210.0,71.0,125.0,R,1972-02-16,GER,male,21,156.0,74.286,56.8,5.952,6.458
Pfungwa Mahefu,0,2,0.0,2005,2006,2,0.0,0.0,0.0,0.0,0.0,0.0,0.0,0.0,0.0,U,1982-08-04,ZIM,male,2,0.0,,,0.0,
Peter Carlsson,9,21,30.0,1982,1987,6,0.0,0.0,0.0,0.0,0.0,0.0,0.0,0.0,0.0,L,1963-04-13,SWE,male,30,0.0,,,0.0,
J Luna,0,1,0.0,1977,1977,1,0.0,0.0,0.0,0.0,0.0,0.0,0.0,0.0,0.0,U,,ESP,male,1,0.0,,,0.0,
Dave Simmonds,2,4,33.333,1969,1977,9,0.0,0.0,0.0,0.0,0.0,0.0,0.0,0.0,0.0,U,,NZL,male,6,0.0,,,0.0,
Ivo Bratanov,2,2,50.0,1998,2002,5,0.0,0.0,0.0,0.0,0.0,0.0,0.0,0.0,0.0,R,1978-03-07,BUL,male,4,0.0,,,0.0,
Gwinyai Tongoona,0,5,0.0,1994,2006,13,0.0,0.0,0.0,0.0,0.0,0.0,0.0,0.0,0.0,U,1973-10-10,ZIM,male,5,0.0,,,0.0,
Kodzo Apeti,0,1,0.0,1992,1992,1,0.0,0.0,0.0,0.0,0.0,0.0,0.0,0.0,0.0,R,1967-11-09,TOG,male,1,0.0,,,0.0,
Hiroki Kondo,1,3,25.0,2001,2008,8,7.0,8.0,227.0,115.0,72.0,45.0,35.0,26.0,43.0,R,1982-11-05,JPN,male,4,18.0,51.429,60.465,10.75,3.524
Alvaro Garron,0,2,0.0,1987,1987,1,0.0,0.0,0.0,0.0,0.0,0.0,0.0,0.0,0.0,R,,BOL,male,2,0.0,,,0.0,
Hyeon Chung,78,69,53.061,2013,2019,7,390.0,511.0,10479.0,6531.0,4581.0,2005.0,1669.0,502.0,881.0,R,1996-05-19,KOR,male,147,1290.0,77.292,56.981,5.993,4.876
Kenny Smith,0,2,0.0,1969,1971,3,0.0,0.0,0.0,0.0,0.0,0.0,0.0,0.0,0.0,U,,RSA,male,2,0.0,,,0.0,
Adam Skrzypczak,3,1,75.0,1996,1996,1,0.0,0.0,0.0,0.0,0.0,0.0,0.0,0.0,0.0,R,1974-01-30,POL,male,4,0.0,,,0.0,
Steve Denton,76,76,50.0,1978,1987,10,0.0,0.0,0.0,0.0,0.0,0.0,0.0,0.0,0.0,R,1956-09-05,USA,male,152,0.0,,,0.0,
Merv Guse,1,1,50.0,1968,1968,1,0.0,0.0,0.0,0.0,0.0,0.0,0.0,0.0,0.0,R,,AUS,male,2,0.0,,,0.0,
Dennis Schmid,0,1,0.0,1995,1995,1,8.0,4.0,72.0,38.0,29.0,16.0,13.0,1.0,5.0,R,1969-06-24,USA,male,1,9.0,69.231,20.0,5.0,5.556
Goran Prpic,110,96,53.398,1983,1996,14,250.0,229.0,8005.0,5786.0,3661.0,1076.0,1246.0,438.0,819.0,R,1964-05-04,CRO,male,206,865.0,69.422,53.48,3.976,2.861
Mike Hatfield,0,1,0.0,1971,1971,1,0.0,0.0,0.0,0.0,0.0,0.0,0.0,0.0,0.0,U,,USA,male,1,0.0,,,0.0,
Tomas Gonzalez,0,1,0.0,1968,1968,1,0.0,0.0,0.0,0.0,0.0,0.0,0.0,0.0,0.0,U,,PER,male,1,0.0,,,0.0,
Dan Nahirny,0,3,0.0,1984,1986,3,0.0,0.0,0.0,0.0,0.0,0.0,0.0,0.0,0.0,R,1967-03-11,USA,male,3,0.0,,,0.0,
Ivo Werner,3,10,23.077,1983,1988,6,0.0,0.0,0.0,0.0,0.0,0.0,0.0,0.0,0.0,R,1960-08-19,GER,male,13,0.0,,,0.0,
John Roddick,0,1,0.0,1993,1993,1,2.0,2.0,44.0,18.0,14.0,12.0,8.0,2.0,5.0,R,1976-07-04,USA,male,1,5.0,62.5,40.0,5.0,4.545
Nicolas Lapentti,305,278,52.316,1994,2010,17,1404.0,2459.0,41978.0,25343.0,17729.0,8014.0,6441.0,2340.0,3960.0,R,1976-08-13,ECU,male,583,4821.0,74.849,59.091,6.792,5.858
Juan Hernandez,0,2,0.0,1974,1981,8,0.0,0.0,0.0,0.0,0.0,0.0,0.0,0.0,0.0,R,,MEX,male,2,0.0,,,0.0,
Jerry Williams,0,1,0.0,1991,1991,1,0.0,0.0,0.0,0.0,0.0,0.0,0.0,0.0,0.0,U,1962-09-29,ECA,male,1,0.0,,,0.0,
Jairo Velasco Jr,1,1,50.0,1982,1982,1,0.0,0.0,0.0,0.0,0.0,0.0,0.0,0.0,0.0,R,1974-01-21,ESP,male,2,0.0,,,0.0,
Vincenzo Franchitti,11,29,27.5,1968,1978,11,0.0,0.0,0.0,0.0,0.0,0.0,0.0,0.0,0.0,R,,ITA,male,40,0.0,,,0.0,
Vincenzo Franchitti,11,29,27.5,1968,1978,11,0.0,0.0,0.0,0.0,0.0,0.0,0.0,0.0,0.0,U,1950-05-22,ITA,male,40,0.0,,,0.0,
Thanasi Kokkinakis,28,45,38.356,2013,2021,9,282.0,657.0,6100.0,3607.0,2695.0,1210.0,930.0,332.0,510.0,R,1996-04-10,AUS,male,73,752.0,80.86,65.098,6.986,10.77
Andrei Vasilevski,1,5,16.667,2009,2012,4,5.0,5.0,82.0,40.0,29.0,18.0,12.0,4.0,7.0,R,1991-05-28,BLR,male,6,9.0,75.0,57.143,1.167,6.098
Kuen Yiep Ho,0,7,0.0,1991,1997,7,0.0,0.0,0.0,0.0,0.0,0.0,0.0,0.0,0.0,U,1971-01-20,SIN,male,7,0.0,,,0.0,
Eric Baer,0,1,0.0,1971,1971,1,0.0,0.0,0.0,0.0,0.0,0.0,0.0,0.0,0.0,R,,USA,male,1,0.0,,,0.0,
Lorenzo Musetti,5,3,62.5,2020,2020,1,13.0,19.0,526.0,337.0,229.0,88.0,76.0,29.0,46.0,R,2002-03-03,ITA,male,8,59.0,77.632,63.043,5.75,3.612
Chieh Fu Wang,2,1,66.667,2014,2015,2,0.0,0.0,0.0,0.0,0.0,0.0,0.0,0.0,0.0,U,1993-09-11,TPE,male,3,0.0,,,0.0,
Naser Al Obaidly,0,4,0.0,2013,2015,3,0.0,0.0,0.0,0.0,0.0,0.0,0.0,0.0,0.0,U,1995-03-11,KUW,male,4,0.0,,,0.0,
Bernard Boileau,39,47,45.349,1977,1985,9,0.0,0.0,0.0,0.0,0.0,0.0,0.0,0.0,0.0,R,1959-05-25,BEL,male,86,0.0,,,0.0,
Gustavo Castillo,0,1,0.0,1969,1969,1,0.0,0.0,0.0,0.0,0.0,0.0,0.0,0.0,0.0,,,COL,male,1,0.0,,,0.0,
Gustavo Castillo,0,1,0.0,1969,1969,1,0.0,0.0,0.0,0.0,0.0,0.0,0.0,0.0,0.0,U,,COL,male,1,0.0,,,0.0,
Peter Mors,1,3,25.0,1969,1971,3,0.0,0.0,0.0,0.0,0.0,0.0,0.0,0.0,0.0,U,1942-02-17,RSA,male,4,0.0,,,0.0,
Ivan Dupasquier,12,24,33.333,1978,1983,6,0.0,0.0,0.0,0.0,0.0,0.0,0.0,0.0,0.0,R,1961-11-23,SUI,male,36,0.0,,,0.0,
Wei Ju Chen,4,4,50.0,1995,1998,4,0.0,0.0,0.0,0.0,0.0,0.0,0.0,0.0,0.0,R,1978-04-11,TPE,male,8,0.0,,,0.0,
Jesse Witten,2,9,18.182,2005,2010,6,53.0,68.0,1037.0,548.0,375.0,244.0,167.0,53.0,104.0,R,1982-10-15,USA,male,11,116.0,69.461,50.962,9.455,6.557
Ugo Colombini,0,1,0.0,1986,1986,1,0.0,0.0,0.0,0.0,0.0,0.0,0.0,0.0,0.0,R,1967-10-07,ITA,male,1,0.0,,,0.0,
Craig Tregonning,0,1,0.0,1983,1983,1,0.0,0.0,0.0,0.0,0.0,0.0,0.0,0.0,0.0,R,,AUS,male,1,0.0,,,0.0,
Stephane Sansoni,1,3,25.0,1990,1993,4,9.0,2.0,208.0,117.0,81.0,33.0,32.0,8.0,20.0,R,1967-08-12,FRA,male,4,20.0,62.5,40.0,5.0,0.962
Milos Sekulic,0,1,0.0,2013,2013,1,5.0,2.0,55.0,27.0,16.0,10.0,7.0,4.0,8.0,R,1989-11-04,SWE,male,1,3.0,42.857,50.0,8.0,3.636
Lee Merry,0,1,0.0,1974,1974,1,0.0,0.0,0.0,0.0,0.0,0.0,0.0,0.0,0.0,U,,USA,male,1,0.0,,,0.0,
Geoff Bluett,1,2,33.333,1968,1968,1,0.0,0.0,0.0,0.0,0.0,0.0,0.0,0.0,0.0,R,1941-05-20,GBR,male,3,0.0,,,0.0,
Alexey Vatutin,2,4,33.333,2018,2019,2,26.0,7.0,560.0,344.0,211.0,93.0,80.0,28.0,60.0,U,1992-10-27,RUS,male,6,48.0,60.0,46.667,10.0,1.25
Yung Yan Lin,0,1,0.0,1975,1975,1,0.0,0.0,0.0,0.0,0.0,0.0,0.0,0.0,0.0,U,,TPE,male,1,0.0,,,0.0,
Gustavo Ramirez,4,7,36.364,2003,2014,12,0.0,0.0,0.0,0.0,0.0,0.0,0.0,0.0,0.0,U,1986-01-05,PAR,male,11,0.0,,,0.0,
Welry Fritz,6,11,35.294,1978,1980,3,0.0,0.0,0.0,0.0,0.0,0.0,0.0,0.0,0.0,R,1951-02-19,CAN,male,17,0.0,,,0.0,
Fernando Gonzalez,357,192,65.027,1998,2012,15,2046.0,3473.0,41285.0,25224.0,18687.0,8283.0,6533.0,1962.0,3084.0,R,1980-07-29,CHI,male,549,5411.0,82.826,63.619,5.617,8.412
Lawson Duncan,102,104,49.515,1984,1991,8,0.0,2.0,141.0,109.0,67.0,14.0,19.0,9.0,15.0,R,1964-10-26,USA,male,206,13.0,68.421,60.0,0.073,1.418
Greg Rusedski,347,247,58.418,1992,2006,15,2611.0,5980.0,46835.0,27206.0,21510.0,10092.0,7316.0,2033.0,3095.0,L,1973-09-06,GBR,male,594,6254.0,85.484,65.687,5.21,12.768
Marcelo Filippini,245,241,50.412,1985,2000,16,563.0,510.0,22041.0,14648.0,9339.0,3694.0,3367.0,1379.0,2379.0,R,1967-08-04,URU,male,486,2367.0,70.3,57.966,4.895,2.314
Christian Janssens,0,1,0.0,1968,1968,1,0.0,0.0,0.0,0.0,0.0,0.0,0.0,0.0,0.0,R,,BEL,male,1,0.0,,,0.0,
Matt Reid,0,1,0.0,2013,2013,1,7.0,12.0,85.0,51.0,34.0,12.0,13.0,7.0,12.0,R,1990-07-17,AUS,male,1,8.0,61.538,58.333,12.0,14.118
J Frederick,0,1,0.0,1974,1974,1,0.0,0.0,0.0,0.0,0.0,0.0,0.0,0.0,0.0,U,,USA,male,1,0.0,,,0.0,
Marco Aurelio Nunez,0,1,0.0,2011,2011,1,0.0,0.0,0.0,0.0,0.0,0.0,0.0,0.0,0.0,L,1993-05-21,MEX,male,1,0.0,,,0.0,
Marco Aurelio Nunez,0,1,0.0,2011,2011,1,0.0,0.0,0.0,0.0,0.0,0.0,0.0,0.0,0.0,L,1993-05-21,MEX,male,1,0.0,,,0.0,
Robert Machan,17,33,34.0,1970,1983,14,0.0,0.0,0.0,0.0,0.0,0.0,0.0,0.0,0.0,R,,HUN,male,50,0.0,,,0.0,
Robert Machan,17,33,34.0,1970,1983,14,0.0,0.0,0.0,0.0,0.0,0.0,0.0,0.0,0.0,U,1948-10-18,HUN,male,50,0.0,,,0.0,
Maurice Pollock,0,2,0.0,1968,1971,4,0.0,0.0,0.0,0.0,0.0,0.0,0.0,0.0,0.0,U,,IRL,male,2,0.0,,,0.0,
Ivo Heuberger,27,67,28.723,1997,2005,9,327.0,566.0,6643.0,3434.0,2436.0,1476.0,1003.0,401.0,688.0,R,1976-02-19,SUI,male,94,716.0,71.386,58.285,7.319,8.52
Tarmo Jokinen,1,1,50.0,1968,1968,1,0.0,0.0,0.0,0.0,0.0,0.0,0.0,0.0,0.0,U,1946-11-03,FIN,male,2,0.0,,,0.0,
Sever Muresan,2,3,40.0,1970,1973,4,0.0,0.0,0.0,0.0,0.0,0.0,0.0,0.0,0.0,R,1948-10-23,ROU,male,5,0.0,,,0.0,
Gustavo Tiberti,12,27,30.769,1980,1986,7,0.0,0.0,0.0,0.0,0.0,0.0,0.0,0.0,0.0,R,1959-12-11,ARG,male,39,0.0,,,0.0,
Harald Neuner,0,2,0.0,1973,1974,2,0.0,0.0,0.0,0.0,0.0,0.0,0.0,0.0,0.0,R,1954-04-04,GER,male,2,0.0,,,0.0,
E Topham,0,1,0.0,1974,1974,1,0.0,0.0,0.0,0.0,0.0,0.0,0.0,0.0,0.0,U,,,male,1,0.0,,,0.0,
Ergi Kirkin,0,2,0.0,2019,2021,3,7.0,7.0,153.0,82.0,47.0,31.0,23.0,9.0,21.0,R,1999-01-27,TUR,male,2,11.0,47.826,42.857,10.5,4.575
Wojceh Jamroz,0,1,0.0,1986,1986,1,0.0,0.0,0.0,0.0,0.0,0.0,0.0,0.0,0.0,R,1967-03-23,POL,male,1,0.0,,,0.0,
Gabriel Urpi,43,67,39.091,1978,1987,10,0.0,0.0,0.0,0.0,0.0,0.0,0.0,0.0,0.0,R,1961-08-16,ESP,male,110,0.0,,,0.0,
Rolf Hertzog,1,4,20.0,1986,1988,3,0.0,0.0,0.0,0.0,0.0,0.0,0.0,0.0,0.0,R,1968-04-25,SUI,male,5,0.0,,,0.0,
Luca Bottazzi,5,12,29.412,1981,1985,5,0.0,0.0,0.0,0.0,0.0,0.0,0.0,0.0,0.0,R,1963-04-01,ITA,male,17,0.0,,,0.0,
Mike Machette,22,63,25.882,1968,1979,12,0.0,0.0,0.0,0.0,0.0,0.0,0.0,0.0,0.0,R,1951-01-27,USA,male,85,0.0,,,0.0,
R Blanco,0,2,0.0,1971,1972,2,0.0,0.0,0.0,0.0,0.0,0.0,0.0,0.0,0.0,U,,UNK,male,2,0.0,,,0.0,
Gabriel Monroy,1,1,50.0,1981,1981,1,0.0,0.0,0.0,0.0,0.0,0.0,0.0,0.0,0.0,R,,COL,male,2,0.0,,,0.0,
Anthony Fawcett,1,7,12.5,1971,1981,11,0.0,0.0,0.0,0.0,0.0,0.0,0.0,0.0,0.0,R,,RSA,male,8,0.0,,,0.0,
Thomas Muster,585,226,72.133,1984,2011,28,1275.0,1533.0,41422.0,25762.0,17753.0,8375.0,6374.0,2248.0,3569.0,L,1967-10-02,AUT,male,811,5053.0,79.275,62.987,4.401,3.701
Goran Bosalevski,0,2,0.0,1999,2008,10,0.0,0.0,0.0,0.0,0.0,0.0,0.0,0.0,0.0,R,1978-04-10,HKG,male,2,0.0,,,0.0,
Istvan Gulyas,47,45,51.087,1968,1973,6,0.0,0.0,0.0,0.0,0.0,0.0,0.0,0.0,0.0,R,1931-10-14,HUN,male,92,0.0,,,0.0,
Istvan Gulyas,47,45,51.087,1968,1973,6,0.0,0.0,0.0,0.0,0.0,0.0,0.0,0.0,0.0,U,1931-10-13,UNK,male,92,0.0,,,0.0,
Milan Trneny,0,1,0.0,1991,1991,1,4.0,1.0,88.0,30.0,19.0,32.0,13.0,9.0,13.0,R,1971-03-06,CZE,male,1,9.0,69.231,69.231,13.0,1.136
Akshai Misra,0,1,0.0,1973,1973,1,0.0,0.0,0.0,0.0,0.0,0.0,0.0,0.0,0.0,R,,IND,male,1,0.0,,,0.0,
Guillermo Stevens,0,1,0.0,1982,1982,1,0.0,0.0,0.0,0.0,0.0,0.0,0.0,0.0,0.0,R,1960-04-22,MEX,male,1,0.0,,,0.0,
Juan Balcells,41,47,46.591,1998,2003,6,185.0,449.0,6881.0,4910.0,3348.0,1045.0,1070.0,391.0,601.0,R,1975-06-20,ESP,male,88,860.0,80.374,65.058,6.83,6.525
Eric Taino,13,20,39.394,1999,2008,10,77.0,141.0,2059.0,1101.0,772.0,505.0,319.0,87.0,156.0,L,1975-03-18,PHI,male,33,250.0,78.37,55.769,4.727,6.848
Christoph Meyer,3,3,50.0,1970,1985,16,0.0,0.0,0.0,0.0,0.0,0.0,0.0,0.0,0.0,R,,SUI,male,6,0.0,,,0.0,
Nick Boyne,0,1,0.0,1974,1974,1,0.0,0.0,0.0,0.0,0.0,0.0,0.0,0.0,0.0,U,,NZL,male,1,0.0,,,0.0,
Abdel Majid Soudani,2,3,40.0,1983,1985,3,0.0,0.0,0.0,0.0,0.0,0.0,0.0,0.0,0.0,U,1959-04-13,TUN,male,5,0.0,,,0.0,
Mike Kreiss,3,18,14.286,1968,1973,6,0.0,0.0,0.0,0.0,0.0,0.0,0.0,0.0,0.0,R,,USA,male,21,0.0,,,0.0,
Alexander Vasquez,0,2,0.0,2000,2001,2,0.0,0.0,0.0,0.0,0.0,0.0,0.0,0.0,0.0,U,1976-09-12,GUA,male,2,0.0,,,0.0,
Andres Bucaro,0,2,0.0,2013,2014,2,0.0,0.0,0.0,0.0,0.0,0.0,0.0,0.0,0.0,U,1990-11-26,GUA,male,2,0.0,,,0.0,
Mike Barr,0,1,0.0,1982,1982,1,0.0,0.0,0.0,0.0,0.0,0.0,0.0,0.0,0.0,R,1956-06-27,USA,male,1,0.0,,,0.0,
Allan Burns,0,1,0.0,1971,1971,1,0.0,0.0,0.0,0.0,0.0,0.0,0.0,0.0,0.0,U,,UNK,male,1,0.0,,,0.0,
Gyorgy Balazs,2,2,50.0,2004,2011,8,0.0,0.0,0.0,0.0,0.0,0.0,0.0,0.0,0.0,R,1985-07-24,HUN,male,4,0.0,,,0.0,
Tony Parun P071,3,19,13.636,1969,1980,12,0.0,0.0,0.0,0.0,0.0,0.0,0.0,0.0,0.0,R,,NZL,male,22,0.0,,,0.0,
Ian C Vermaak,0,1,0.0,1970,1970,1,0.0,0.0,0.0,0.0,0.0,0.0,0.0,0.0,0.0,,1933-03-28,RSA,male,1,0.0,,,0.0,
Mark Woodforde,273,267,50.556,1985,2000,16,1276.0,1674.0,29253.0,16858.0,11957.0,6125.0,4430.0,1675.0,2706.0,L,1965-09-23,AUS,male,540,3399.0,76.727,61.899,5.011,5.722
David Pate,149,137,52.098,1981,1995,15,113.0,165.0,2539.0,1560.0,1048.0,461.0,386.0,160.0,273.0,R,1962-04-16,USA,male,286,273.0,70.725,58.608,0.955,6.499
Dimitri Mazur,2,1,66.667,2000,2004,5,0.0,0.0,0.0,0.0,0.0,0.0,0.0,0.0,0.0,R,1979-09-08,UZB,male,3,0.0,,,0.0,
Dinko Halachev,0,1,0.0,2014,2014,1,0.0,0.0,0.0,0.0,0.0,0.0,0.0,0.0,0.0,U,1984-10-22,BUL,male,1,0.0,,,0.0,
John El Khoury,0,1,0.0,2006,2006,1,0.0,0.0,0.0,0.0,0.0,0.0,0.0,0.0,0.0,R,1985-09-14,LIB,male,1,0.0,,,0.0,
D B Huges,0,1,0.0,1970,1970,1,0.0,0.0,0.0,0.0,0.0,0.0,0.0,0.0,0.0,U,,GBR,male,1,0.0,,,0.0,
Abdulla Hajji,0,3,0.0,2007,2010,4,6.0,0.0,129.0,83.0,41.0,7.0,22.0,5.0,21.0,U,1990-12-05,QAT,male,3,6.0,27.273,23.81,7.0,0.0
Thien Nguyen Hoang,3,3,50.0,2014,2016,3,19.0,12.0,281.0,154.0,101.0,65.0,42.0,18.0,31.0,R,1995-03-12,VIE,male,6,29.0,69.048,58.065,5.167,4.27
Khairuddin Baharom,0,2,0.0,1987,1987,1,0.0,0.0,0.0,0.0,0.0,0.0,0.0,0.0,0.0,U,,MAS,male,2,0.0,,,0.0,
Gabriel Markus,57,67,45.968,1988,1996,9,284.0,193.0,9039.0,5764.0,3756.0,1627.0,1364.0,508.0,890.0,R,1970-03-31,ARG,male,124,982.0,71.994,57.079,7.177,2.135
Jan Kodes,392,205,65.662,1968,1983,16,0.0,0.0,0.0,0.0,0.0,0.0,0.0,0.0,0.0,R,1946-03-01,CZE,male,597,0.0,,,0.0,
Edison Mandarino,46,35,56.79,1968,1977,10,0.0,0.0,0.0,0.0,0.0,0.0,0.0,0.0,0.0,U,1941-03-26,BRA,male,81,0.0,,,0.0,
Laith Azzouni,1,0,100.0,1992,1992,1,0.0,0.0,0.0,0.0,0.0,0.0,0.0,0.0,0.0,U,1977-11-15,JOR,male,1,0.0,,,0.0,
Mohammed Ahmed Saleh,0,2,0.0,1990,1990,1,0.0,0.0,0.0,0.0,0.0,0.0,0.0,0.0,0.0,U,1972-07-09,BRN,male,2,0.0,,,0.0,
V Skacel,0,1,0.0,1970,1970,1,0.0,0.0,0.0,0.0,0.0,0.0,0.0,0.0,0.0,U,,GBR,male,1,0.0,,,0.0,
Ian Pollard,0,1,0.0,1971,1971,1,0.0,0.0,0.0,0.0,0.0,0.0,0.0,0.0,0.0,U,1953-06-14,AUS,male,1,0.0,,,0.0,
Mohammad Ghareeb,26,15,63.415,2001,2016,16,37.0,57.0,760.0,443.0,304.0,151.0,110.0,49.0,80.0,R,1980-07-22,KUW,male,41,79.0,71.818,61.25,1.951,7.5
Michael Joyce,45,59,43.269,1991,2003,13,381.0,369.0,8457.0,4826.0,3292.0,1737.0,1261.0,468.0,821.0,R,1973-02-01,USA,male,104,908.0,72.006,57.004,7.894,4.363
Hussain Akbari,2,4,33.333,1972,1974,3,0.0,0.0,0.0,0.0,0.0,0.0,0.0,0.0,0.0,U,,IRI,male,6,0.0,,,0.0,
Saketh Myneni,1,3,25.0,2016,2017,2,21.0,44.0,443.0,246.0,166.0,82.0,66.0,37.0,62.0,R,1987-10-19,IND,male,4,41.0,62.121,59.677,15.5,9.932
Enrique Bruix,0,1,0.0,1968,1968,1,0.0,0.0,0.0,0.0,0.0,0.0,0.0,0.0,0.0,U,,UNK,male,1,0.0,,,0.0,
Miloslav Lacek,0,4,0.0,1981,1984,4,0.0,0.0,0.0,0.0,0.0,0.0,0.0,0.0,0.0,L,1959-04-16,CZE,male,4,0.0,,,0.0,
Barry Smith,0,1,0.0,1971,1971,1,0.0,0.0,0.0,0.0,0.0,0.0,0.0,0.0,0.0,U,,NZL,male,1,0.0,,,0.0,
Pekka Saila,4,10,28.571,1970,1975,6,0.0,0.0,0.0,0.0,0.0,0.0,0.0,0.0,0.0,R,,FIN,male,14,0.0,,,0.0,
Nouhoun Sangare,2,2,50.0,1995,1998,4,0.0,0.0,0.0,0.0,0.0,0.0,0.0,0.0,0.0,R,1975-06-03,CIV,male,4,0.0,,,0.0,
Hiroyuki Bamba,0,1,0.0,1979,1979,1,0.0,0.0,0.0,0.0,0.0,0.0,0.0,0.0,0.0,R,,JPN,male,1,0.0,,,0.0,
Carlos Salamanca,3,4,42.857,2003,2013,11,4.0,8.0,61.0,38.0,25.0,9.0,9.0,4.0,8.0,L,1983-01-15,COL,male,7,5.0,55.556,50.0,1.143,13.115
Madhusudhan Nair,0,1,0.0,1984,1984,1,0.0,0.0,0.0,0.0,0.0,0.0,0.0,0.0,0.0,R,,IND,male,1,0.0,,,0.0,
Walter Redondo,3,5,37.5,1981,1982,2,0.0,0.0,0.0,0.0,0.0,0.0,0.0,0.0,0.0,R,,USA,male,8,0.0,,,0.0,
Shozo Shiraishi,5,15,25.0,1975,1989,15,0.0,0.0,0.0,0.0,0.0,0.0,0.0,0.0,0.0,R,1958-01-27,JPN,male,20,0.0,,,0.0,
Pete Sampras,620,180,77.5,1988,2002,15,2564.0,7249.0,56308.0,33484.0,27130.0,12008.0,8783.0,2084.0,3076.0,R,1971-08-12,USA,male,800,7791.0,88.705,67.75,3.845,12.874
Dishan Herath,1,3,25.0,1992,1992,1,0.0,0.0,0.0,0.0,0.0,0.0,0.0,0.0,0.0,U,1974-04-21,SRI,male,4,0.0,,,0.0,
Seong Chan Hong,2,3,40.0,2015,2018,4,12.0,17.0,363.0,222.0,146.0,67.0,56.0,27.0,46.0,R,1997-06-30,KOR,male,5,37.0,66.071,58.696,9.2,4.683
Pavel Hutka,36,56,39.13,1974,1981,8,0.0,0.0,0.0,0.0,0.0,0.0,0.0,0.0,0.0,R,1949-02-28,CZE,male,92,0.0,,,0.0,
Dinu Pescariu,31,59,34.444,1990,2001,12,179.0,173.0,5542.0,3693.0,2265.0,853.0,818.0,355.0,651.0,R,1974-04-12,ROU,male,90,522.0,63.814,54.531,7.233,3.122
Sam Barry,1,7,12.5,2012,2015,4,0.0,0.0,0.0,0.0,0.0,0.0,0.0,0.0,0.0,R,1992-01-27,IRL,male,8,0.0,,,0.0,
Manuel De Sousa,1,3,25.0,1978,1983,6,0.0,0.0,0.0,0.0,0.0,0.0,0.0,0.0,0.0,U,1958-05-17,POR,male,4,0.0,,,0.0,
Blaise Bicknell,1,1,50.0,2020,2020,1,0.0,0.0,0.0,0.0,0.0,0.0,0.0,0.0,0.0,U,,USA,male,2,0.0,,,0.0,
Jenson Brooksby,1,2,33.333,2018,2019,2,7.0,14.0,330.0,198.0,125.0,59.0,51.0,25.0,44.0,U,2000-10-26,USA,male,3,32.0,62.745,56.818,14.667,4.242
Jesse Flores,0,2,0.0,2020,2020,1,0.0,0.0,0.0,0.0,0.0,0.0,0.0,0.0,0.0,U,1995-03-31,CAN,male,2,0.0,,,0.0,
U Calle,0,1,0.0,1976,1976,1,0.0,0.0,0.0,0.0,0.0,0.0,0.0,0.0,0.0,R,,UNK,male,1,0.0,,,0.0,
Thomaz Koch,118,110,51.754,1968,1983,16,0.0,0.0,0.0,0.0,0.0,0.0,0.0,0.0,0.0,L,1945-05-11,BRA,male,228,0.0,,,0.0,
Alois Beust,0,1,0.0,1994,1994,1,2.0,4.0,99.0,48.0,30.0,24.0,16.0,8.0,14.0,R,1970-02-08,FRA,male,1,10.0,62.5,57.143,14.0,4.04
Gerald Mild,4,4,50.0,1982,1987,6,0.0,0.0,0.0,0.0,0.0,0.0,0.0,0.0,0.0,R,1962-04-08,AUT,male,8,0.0,,,0.0,
U Stebler,0,1,0.0,1970,1970,1,0.0,0.0,0.0,0.0,0.0,0.0,0.0,0.0,0.0,U,,UNK,male,1,0.0,,,0.0,
Anthony Hammond,2,8,20.0,1968,1973,6,0.0,0.0,0.0,0.0,0.0,0.0,0.0,0.0,0.0,R,,AUS,male,10,0.0,,,0.0,
Anthony Hammond,2,8,20.0,1968,1973,6,0.0,0.0,0.0,0.0,0.0,0.0,0.0,0.0,0.0,,1950-03-16,AUS,male,10,0.0,,,0.0,
Dusan Lojda,0,1,0.0,2010,2010,1,4.0,1.0,70.0,40.0,26.0,9.0,11.0,4.0,10.0,L,1988-03-08,CZE,male,1,5.0,45.455,40.0,10.0,1.429
Sergio Palmieri,5,14,26.316,1968,1971,4,0.0,0.0,0.0,0.0,0.0,0.0,0.0,0.0,0.0,R,1945-11-28,ITA,male,19,0.0,,,0.0,
Mehdi Jdi,0,1,0.0,2015,2015,1,0.0,0.0,0.0,0.0,0.0,0.0,0.0,0.0,0.0,R,1988-12-13,MAR,male,1,0.0,,,0.0,
Emilio Montano,19,47,28.788,1973,1981,9,0.0,0.0,0.0,0.0,0.0,0.0,0.0,0.0,0.0,R,1953-12-18,MEX,male,66,0.0,,,0.0,
Todd Widom,5,5,50.0,2004,2009,6,24.0,34.0,883.0,551.0,370.0,154.0,123.0,51.0,83.0,R,1983-04-24,USA,male,10,91.0,73.984,61.446,8.3,3.851
Yu Hui Lien,11,12,47.826,1990,1997,8,0.0,0.0,0.0,0.0,0.0,0.0,0.0,0.0,0.0,R,1970-06-19,TPE,male,23,0.0,,,0.0,
Enrique Caviglia,2,8,20.0,1973,1977,5,0.0,0.0,0.0,0.0,0.0,0.0,0.0,0.0,0.0,R,,ARG,male,10,0.0,,,0.0,
Bernard Montrenaud,6,18,25.0,1968,1973,6,0.0,0.0,0.0,0.0,0.0,0.0,0.0,0.0,0.0,R,,FRA,male,24,0.0,,,0.0,
Thierry Pham,6,5,54.545,1984,1988,5,0.0,0.0,0.0,0.0,0.0,0.0,0.0,0.0,0.0,R,1962-04-28,FRA,male,11,0.0,,,0.0,
Jorge Bardou,10,27,27.027,1983,1988,6,0.0,0.0,0.0,0.0,0.0,0.0,0.0,0.0,0.0,R,1965-03-05,ESP,male,37,0.0,,,0.0,
Herve Bardot,0,1,0.0,1986,1986,1,0.0,0.0,0.0,0.0,0.0,0.0,0.0,0.0,0.0,R,,FRA,male,1,0.0,,,0.0,
Alexios Halebian,0,1,0.0,2017,2017,1,1.0,6.0,56.0,34.0,23.0,12.0,9.0,3.0,5.0,L,1994-06-08,USA,male,1,7.0,77.778,60.0,5.0,10.714
Chi Wan Kim,1,3,25.0,1992,1994,3,10.0,5.0,232.0,120.0,80.0,59.0,34.0,15.0,24.0,R,1968-10-01,KOR,male,4,25.0,73.529,62.5,6.0,2.155
Joe Meyers,3,5,37.5,1978,1982,5,0.0,0.0,0.0,0.0,0.0,0.0,0.0,0.0,0.0,R,,USA,male,8,0.0,,,0.0,
Eno Polo,7,15,31.818,1986,1994,9,0.0,0.0,0.0,0.0,0.0,0.0,0.0,0.0,0.0,R,1967-05-30,KEN,male,22,0.0,,,0.0,
Tomas Zib,42,91,31.579,1998,2008,11,255.0,457.0,9520.0,5654.0,3784.0,1895.0,1450.0,559.0,978.0,R,1976-01-31,CZE,male,133,1031.0,71.103,57.157,7.353,4.8
M Munoz,0,1,0.0,1971,1971,1,0.0,0.0,0.0,0.0,0.0,0.0,0.0,0.0,0.0,U,,ESP,male,1,0.0,,,0.0,
Marek Marksoo,0,1,0.0,2013,2013,1,0.0,0.0,0.0,0.0,0.0,0.0,0.0,0.0,0.0,U,1993-05-05,EST,male,1,0.0,,,0.0,
C Graham,0,1,0.0,1970,1970,1,0.0,0.0,0.0,0.0,0.0,0.0,0.0,0.0,0.0,U,,GBR,male,1,0.0,,,0.0,
Renzo Olivo,23,30,43.396,2014,2020,7,262.0,179.0,4411.0,2610.0,1742.0,854.0,654.0,282.0,484.0,R,1992-03-15,ARG,male,53,452.0,69.113,58.264,9.132,4.058
Nicolae Frunza,0,1,0.0,2018,2018,1,3.0,1.0,88.0,57.0,41.0,18.0,14.0,3.0,5.0,R,1997-11-15,ROU,male,1,12.0,85.714,60.0,5.0,1.136
Stephen Nugent,1,1,50.0,2003,2006,4,0.0,0.0,0.0,0.0,0.0,0.0,0.0,0.0,0.0,R,1981-09-04,IRL,male,2,0.0,,,0.0,
Roger Knapp,4,5,44.444,1984,1985,2,0.0,0.0,0.0,0.0,0.0,0.0,0.0,0.0,0.0,L,1959-09-07,USA,male,9,0.0,,,0.0,
Davide Scala,7,12,36.842,1997,1999,3,49.0,53.0,1369.0,749.0,521.0,277.0,202.0,83.0,148.0,R,1972-01-02,ITA,male,19,137.0,67.822,56.081,7.789,3.871
Bart Wuyts,45,52,46.392,1988,1993,6,304.0,28.0,5689.0,4058.0,2333.0,659.0,844.0,389.0,756.0,R,1969-09-15,BEL,male,97,477.0,56.517,51.455,7.794,0.492
Roger Becker,0,1,0.0,1968,1968,1,0.0,0.0,0.0,0.0,0.0,0.0,0.0,0.0,0.0,R,1934-02-06,GBR,male,1,0.0,,,0.0,
Tony Pickard,0,1,0.0,1968,1968,1,0.0,0.0,0.0,0.0,0.0,0.0,0.0,0.0,0.0,U,1934-09-13,GBR,male,1,0.0,,,0.0,
Jonathan Eysseric,0,4,0.0,2007,2017,11,25.0,8.0,353.0,180.0,118.0,66.0,53.0,23.0,49.0,L,1990-05-27,FRA,male,4,27.0,50.943,46.939,12.25,2.266
Radoslaw Nijaki,1,1,50.0,2002,2003,2,6.0,2.0,38.0,20.0,12.0,8.0,3.0,7.0,8.0,R,1982-01-25,POL,male,2,2.0,66.667,87.5,4.0,5.263
Karl Coombes,2,9,18.182,1968,1974,7,0.0,0.0,0.0,0.0,0.0,0.0,0.0,0.0,0.0,R,1947-12-17,AUS,male,11,0.0,,,0.0,
Francisco Clavet,382,320,54.416,1988,2003,16,1444.0,1168.0,49775.0,31702.0,20721.0,9325.0,7621.0,2791.0,4823.0,L,1968-10-24,ESP,male,702,5589.0,73.337,57.869,6.87,2.347
Nathan Pasha,0,1,0.0,2014,2014,1,10.0,6.0,60.0,29.0,21.0,10.0,10.0,0.0,4.0,U,1992-07-15,USA,male,1,6.0,60.0,0.0,4.0,10.0
Jose Antonio Sanchez De Luna,0,3,0.0,2005,2008,4,4.0,1.0,189.0,138.0,68.0,15.0,27.0,17.0,36.0,R,1984-10-18,ESP,male,3,8.0,29.63,47.222,12.0,0.529
Marcos Daniel,24,66,26.667,2002,2011,10,179.0,361.0,6158.0,3778.0,2488.0,1110.0,943.0,380.0,676.0,R,1978-07-04,BRA,male,90,647.0,68.611,56.213,7.511,5.862
Zoran Petkovic,1,1,50.0,1980,1982,3,0.0,0.0,0.0,0.0,0.0,0.0,0.0,0.0,0.0,U,,YUG,male,2,0.0,,,0.0,
Bertrand Lacombe,2,10,16.667,1988,1997,10,0.0,0.0,0.0,0.0,0.0,0.0,0.0,0.0,0.0,R,,HAI,male,12,0.0,,,0.0,
Tapio Nurminen,0,4,0.0,1994,1998,5,3.0,4.0,86.0,54.0,33.0,13.0,14.0,6.0,12.0,R,1975-10-12,FIN,male,4,8.0,57.143,50.0,3.0,4.651
Emil Ruusuvuori,14,15,48.276,2018,2021,4,115.0,139.0,2183.0,1425.0,999.0,368.0,346.0,102.0,184.0,R,1999-04-02,FIN,male,29,264.0,76.301,55.435,6.345,6.367
Benjamin Bonzi,4,5,44.444,2017,2021,5,22.0,46.0,793.0,455.0,316.0,155.0,126.0,50.0,86.0,U,1996-06-09,FRA,male,9,90.0,71.429,58.14,9.556,5.801
Vojtech Flegl,0,1,0.0,1989,1989,1,0.0,0.0,0.0,0.0,0.0,0.0,0.0,0.0,0.0,R,1967-06-24,CZE,male,1,0.0,,,0.0,
Martijn Van Haasteren,3,4,42.857,2009,2011,3,0.0,0.0,0.0,0.0,0.0,0.0,0.0,0.0,0.0,R,1980-09-12,AHO,male,7,0.0,,,0.0,
Leighton Alfred,0,1,0.0,1985,1985,1,0.0,0.0,0.0,0.0,0.0,0.0,0.0,0.0,0.0,L,1962-08-27,GBR,male,1,0.0,,,0.0,
Mervyn Webster,0,1,0.0,1969,1969,1,0.0,0.0,0.0,0.0,0.0,0.0,0.0,0.0,0.0,U,,RSA,male,1,0.0,,,0.0,
Brian Joelson,0,1,0.0,1993,1993,1,7.0,16.0,199.0,116.0,88.0,42.0,26.0,9.0,14.0,R,1961-09-30,USA,male,1,21.0,80.769,64.286,14.0,8.04
Fritz Don,0,1,0.0,1978,1978,1,0.0,0.0,0.0,0.0,0.0,0.0,0.0,0.0,0.0,R,1956-05-13,NED,male,1,0.0,,,0.0,
Bob Alloo,0,5,0.0,1969,1970,2,0.0,0.0,0.0,0.0,0.0,0.0,0.0,0.0,0.0,R,1949-05-07,USA,male,5,0.0,,,0.0,
Pierre Hugues Herbert,87,109,44.388,2013,2021,9,774.0,1702.0,16651.0,9830.0,7241.0,3455.0,2574.0,813.0,1303.0,R,1991-03-18,FRA,male,196,2084.0,80.963,62.394,6.648,10.222
Martin Strelba,39,59,39.796,1987,1993,7,93.0,100.0,2314.0,1313.0,853.0,454.0,354.0,129.0,251.0,R,1967-03-22,CZE,male,98,232.0,65.537,51.394,2.561,4.322
John Allgood,0,1,0.0,1968,1968,1,0.0,0.0,0.0,0.0,0.0,0.0,0.0,0.0,0.0,U,,USA,male,1,0.0,,,0.0,
Daniil Medvedev,167,84,66.534,2016,2021,6,844.0,1995.0,19009.0,11324.0,8455.0,3991.0,3042.0,890.0,1425.0,R,1996-02-11,RUS,male,251,2507.0,82.413,62.456,5.677,10.495
Denys Maasdorp,1,4,20.0,1982,1987,6,0.0,0.0,0.0,0.0,0.0,0.0,0.0,0.0,0.0,R,1963-06-17,RSA,male,5,0.0,,,0.0,
Michael Wayman,4,10,28.571,1974,1978,5,0.0,0.0,0.0,0.0,0.0,0.0,0.0,0.0,0.0,R,1953-05-06,GBR,male,14,0.0,,,0.0,
Roberto Azar,49,87,36.029,1986,1993,8,205.0,114.0,4910.0,3366.0,2070.0,675.0,742.0,324.0,588.0,L,1966-03-21,ARG,male,136,478.0,64.42,55.102,4.324,2.322
Nick Barone,0,1,0.0,1969,1969,1,0.0,0.0,0.0,0.0,0.0,0.0,0.0,0.0,0.0,R,,USA,male,1,0.0,,,0.0,
Jose Cordeiro,0,4,0.0,1979,1981,3,0.0,0.0,0.0,0.0,0.0,0.0,0.0,0.0,0.0,R,1961-05-28,POR,male,4,0.0,,,0.0,
Wen Lung Chang,1,1,50.0,2001,2002,2,0.0,0.0,0.0,0.0,0.0,0.0,0.0,0.0,0.0,U,1980-07-10,TPE,male,2,0.0,,,0.0,
Olivier Soules,0,7,0.0,1990,1992,3,1.0,8.0,250.0,150.0,105.0,47.0,39.0,16.0,28.0,R,1967-03-24,FRA,male,7,27.0,69.231,57.143,4.0,3.2
Jean Marc Piacentile,0,3,0.0,1982,1986,5,0.0,0.0,0.0,0.0,0.0,0.0,0.0,0.0,0.0,R,1963-04-18,FRA,male,3,0.0,,,0.0,
Dominic Thiem,303,160,65.443,2011,2021,11,1266.0,2666.0,36068.0,21739.0,16112.0,7628.0,5774.0,1656.0,2630.0,R,1993-09-03,AUT,male,463,4800.0,83.131,62.966,5.68,7.392
Hector Nevares,0,2,0.0,1997,1997,1,0.0,0.0,0.0,0.0,0.0,0.0,0.0,0.0,0.0,R,,PUR,male,2,0.0,,,0.0,
Robert Casey C100,1,6,14.286,1971,1980,10,0.0,0.0,0.0,0.0,0.0,0.0,0.0,0.0,0.0,R,1962-09-16,AUS,male,7,0.0,,,0.0,
Luis Garcia,0,1,0.0,1969,1969,1,0.0,0.0,0.0,0.0,0.0,0.0,0.0,0.0,0.0,U,,UNK,male,1,0.0,,,0.0,
Mikhail Ledovskikh,3,11,21.429,2006,2015,10,52.0,105.0,914.0,498.0,352.0,157.0,132.0,65.0,114.0,R,1986-08-08,RUS,male,14,83.0,62.879,57.018,8.143,11.488
Chris Haggard,1,2,33.333,1996,1997,2,12.0,11.0,227.0,131.0,94.0,45.0,34.0,21.0,30.0,L,1971-04-28,RSA,male,3,25.0,73.529,70.0,10.0,4.846
Juan Pablo Brzezicki,6,17,26.087,2005,2011,7,52.0,39.0,1793.0,1166.0,695.0,305.0,270.0,125.0,225.0,R,1982-04-12,ARG,male,23,170.0,62.963,55.556,9.783,2.175
Andre Agassi,800,235,77.295,1986,2006,21,1942.0,3763.0,61130.0,38328.0,27962.0,12313.0,9679.0,2848.0,4378.0,R,1970-04-29,USA,male,1035,8149.0,84.193,65.053,4.23,6.156
Andres Vatrican,0,2,0.0,1968,1969,2,0.0,0.0,0.0,0.0,0.0,0.0,0.0,0.0,0.0,U,,MON,male,2,0.0,,,0.0,
Shan Jiang,0,2,0.0,1999,2001,3,1.0,0.0,34.0,27.0,7.0,2.0,6.0,1.0,7.0,R,1980-10-08,CHN,male,2,0.0,0.0,14.286,3.5,0.0
Oswaldo Cruz,0,1,0.0,1973,1973,1,0.0,0.0,0.0,0.0,0.0,0.0,0.0,0.0,0.0,R,,BRA,male,1,0.0,,,0.0,
Schalk Van Der Merwe,10,20,33.333,1978,1986,9,0.0,0.0,0.0,0.0,0.0,0.0,0.0,0.0,0.0,R,1961-04-16,RSA,male,30,0.0,,,0.0,
Alberto Laborde,0,2,0.0,1981,1981,1,0.0,0.0,0.0,0.0,0.0,0.0,0.0,0.0,0.0,U,1952-10-05,URU,male,2,0.0,,,0.0,
Gavaskar Williams,1,3,25.0,1992,1992,1,0.0,0.0,0.0,0.0,0.0,0.0,0.0,0.0,0.0,U,1971-10-26,ECA,male,4,0.0,,,0.0,
Jakub Herm Zahlava,0,2,0.0,2000,2001,2,9.0,0.0,119.0,75.0,46.0,20.0,17.0,10.0,17.0,R,1980-05-12,GER,male,2,10.0,58.824,58.824,8.5,0.0
Cristian Paiz,3,5,37.5,2001,2009,9,0.0,0.0,0.0,0.0,0.0,0.0,0.0,0.0,0.0,U,1981-08-28,GUA,male,8,0.0,,,0.0,
Alberto Lim,2,4,33.333,2017,2020,4,18.0,20.0,276.0,172.0,115.0,57.0,43.0,14.0,24.0,R,1999-05-18,PHI,male,6,33.0,76.744,58.333,4.0,7.246
Eugenio Castigliano,12,12,50.0,1968,1973,6,0.0,0.0,0.0,0.0,0.0,0.0,0.0,0.0,0.0,R,,ITA,male,24,0.0,,,0.0,
Eugenio Castigliano,12,12,50.0,1968,1973,6,0.0,0.0,0.0,0.0,0.0,0.0,0.0,0.0,0.0,U,1946-02-06,ITA,male,24,0.0,,,0.0,
Stefan Lochbihler,3,7,30.0,1989,1989,1,0.0,0.0,0.0,0.0,0.0,0.0,0.0,0.0,0.0,R,1965-10-01,AUT,male,10,0.0,,,0.0,
Juan Carlos Saez,3,0,100.0,2015,2015,1,0.0,0.0,0.0,0.0,0.0,0.0,0.0,0.0,0.0,R,1991-08-05,CHI,male,3,0.0,,,0.0,
V Rudj,0,1,0.0,1970,1970,1,0.0,0.0,0.0,0.0,0.0,0.0,0.0,0.0,0.0,U,,RUS,male,1,0.0,,,0.0,
Sean Brawley,2,6,25.0,1982,1984,3,0.0,0.0,0.0,0.0,0.0,0.0,0.0,0.0,0.0,R,1960-10-24,USA,male,8,0.0,,,0.0,
Guillermo Minutella,0,1,0.0,1985,1985,1,0.0,0.0,0.0,0.0,0.0,0.0,0.0,0.0,0.0,R,,ARG,male,1,0.0,,,0.0,
Houcine Saber,2,9,18.182,1977,1988,12,0.0,0.0,0.0,0.0,0.0,0.0,0.0,0.0,0.0,R,,MAR,male,11,0.0,,,0.0,
Nicolas Romero,1,1,50.0,1989,1989,1,0.0,0.0,0.0,0.0,0.0,0.0,0.0,0.0,0.0,R,1969-12-05,ESP,male,2,0.0,,,0.0,
Peter Doohan,49,79,38.281,1979,1992,14,12.0,8.0,165.0,109.0,68.0,30.0,26.0,5.0,12.0,R,1961-05-02,AUS,male,128,19.0,73.077,41.667,0.094,4.848
Chris Lewis,208,170,55.026,1974,1985,12,0.0,0.0,0.0,0.0,0.0,0.0,0.0,0.0,0.0,U,1982-05-10,GBR,male,378,0.0,,,0.0,
Alexander Zverev Sr,11,13,45.833,1981,1987,7,0.0,0.0,0.0,0.0,0.0,0.0,0.0,0.0,0.0,R,1960-01-22,RUS,male,24,0.0,,,0.0,
Kim Tiilikainen,7,8,46.667,1995,2003,9,14.0,0.0,253.0,172.0,77.0,27.0,36.0,18.0,43.0,R,1975-07-08,FIN,male,15,11.0,30.556,41.86,2.867,0.0
Bruno Oresar,54,69,43.902,1984,1991,8,5.0,5.0,344.0,223.0,143.0,61.0,49.0,23.0,37.0,R,1967-04-21,CRO,male,123,35.0,71.429,62.162,0.301,1.453
J A Southworth,0,2,0.0,1970,1974,5,0.0,0.0,0.0,0.0,0.0,0.0,0.0,0.0,0.0,U,,GBR,male,2,0.0,,,0.0,
Sebastien Graeff,2,6,25.0,1994,1998,5,0.0,0.0,0.0,0.0,0.0,0.0,0.0,0.0,0.0,R,1975-11-15,MON,male,8,0.0,,,0.0,
Sebastian Fitz,0,1,0.0,2004,2004,1,2.0,6.0,90.0,61.0,43.0,12.0,13.0,6.0,9.0,R,1979-08-12,GER,male,1,10.0,76.923,66.667,9.0,6.667
Sergio Galdos,4,0,100.0,2009,2013,5,0.0,0.0,0.0,0.0,0.0,0.0,0.0,0.0,0.0,R,1990-01-02,PER,male,4,0.0,,,0.0,
Federico Sansonetti,5,5,50.0,2004,2009,6,0.0,0.0,0.0,0.0,0.0,0.0,0.0,0.0,0.0,R,1986-11-06,URU,male,10,0.0,,,0.0,
Massimo Pelosini,0,1,0.0,1971,1971,1,0.0,0.0,0.0,0.0,0.0,0.0,0.0,0.0,0.0,U,,ITA,male,1,0.0,,,0.0,
Paul Baccanello,2,8,20.0,2000,2007,8,51.0,82.0,877.0,526.0,385.0,182.0,136.0,41.0,69.0,R,1979-06-12,AUS,male,10,108.0,79.412,59.42,6.9,9.35
Jose Luis Clerc,360,120,75.0,1976,1989,14,0.0,0.0,0.0,0.0,0.0,0.0,0.0,0.0,0.0,R,1958-08-16,ARG,male,480,0.0,,,0.0,
Nicolas Kicker,19,28,40.426,2016,2021,6,119.0,105.0,3549.0,2223.0,1464.0,678.0,555.0,203.0,352.0,R,1992-08-16,ARG,male,47,406.0,73.153,57.67,7.489,2.959
Prakash Amritraj,20,32,38.462,2002,2013,12,88.0,145.0,2382.0,1428.0,992.0,492.0,381.0,123.0,214.0,R,1983-10-02,IND,male,52,290.0,76.115,57.477,4.115,6.087
Jan Sandberg,0,1,0.0,1982,1982,1,0.0,0.0,0.0,0.0,0.0,0.0,0.0,0.0,0.0,R,1963-05-04,SWE,male,1,0.0,,,0.0,
Ferdi Taygan,42,88,32.308,1973,1983,11,0.0,0.0,0.0,0.0,0.0,0.0,0.0,0.0,0.0,R,1956-12-05,USA,male,130,0.0,,,0.0,
Andrei Cherkasov,146,165,46.945,1988,2000,13,545.0,458.0,17312.0,10434.0,6773.0,3323.0,2576.0,1049.0,1844.0,R,1970-07-04,RUS,male,311,1781.0,69.138,56.887,5.929,2.646
Randolf Scheller,0,6,0.0,1981,1983,3,0.0,0.0,0.0,0.0,0.0,0.0,0.0,0.0,0.0,R,1962-07-14,GER,male,6,0.0,,,0.0,
Renald Etienne,0,1,0.0,1988,1988,1,0.0,0.0,0.0,0.0,0.0,0.0,0.0,0.0,0.0,R,1957-07-14,USA,male,1,0.0,,,0.0,
Frank Ofori,20,10,66.667,1989,1997,9,0.0,0.0,0.0,0.0,0.0,0.0,0.0,0.0,0.0,R,1971-03-18,GHA,male,30,0.0,,,0.0,
Alex Bolt,10,19,34.483,2015,2021,7,91.0,242.0,2717.0,1626.0,1135.0,557.0,429.0,145.0,247.0,L,1993-01-05,AUS,male,29,327.0,76.224,58.704,8.517,8.907
Glenn Hamilton,0,2,0.0,1973,1974,2,0.0,0.0,0.0,0.0,0.0,0.0,0.0,0.0,0.0,R,,AUS,male,2,0.0,,,0.0,
George Khrikadze,0,3,0.0,2007,2009,3,0.0,0.0,0.0,0.0,0.0,0.0,0.0,0.0,0.0,U,1988-12-04,GEO,male,3,0.0,,,0.0,
Brendan Evans,6,15,28.571,2004,2010,7,67.0,150.0,1718.0,1088.0,763.0,296.0,265.0,96.0,162.0,R,1986-04-08,USA,male,21,199.0,75.094,59.259,7.714,8.731
Michael Lai,5,3,62.5,2006,2009,4,0.0,0.0,0.0,0.0,0.0,0.0,0.0,0.0,0.0,R,1987-01-20,HKG,male,8,0.0,,,0.0,
Tunde Segodo,0,1,0.0,2013,2013,1,0.0,0.0,0.0,0.0,0.0,0.0,0.0,0.0,0.0,U,1994-11-21,BEN,male,1,0.0,,,0.0,
Sergi Bruguera,399,219,64.563,1988,2002,15,902.0,1761.0,35950.0,21243.0,14783.0,7502.0,5563.0,1957.0,3292.0,R,1971-01-16,ESP,male,618,4228.0,76.002,59.447,5.327,4.898
Robin Vik,16,33,32.653,2003,2009,7,190.0,179.0,3883.0,2440.0,1591.0,606.0,595.0,226.0,437.0,R,1980-02-05,CZE,male,49,384.0,64.538,51.716,8.918,4.61
Hugo Chapacu,6,12,33.333,1986,1990,5,0.0,0.0,0.0,0.0,0.0,0.0,0.0,0.0,0.0,R,1962-05-05,PAR,male,18,0.0,,,0.0,
Meer Mohammed Khan,1,0,100.0,1975,1975,1,0.0,0.0,0.0,0.0,0.0,0.0,0.0,0.0,0.0,U,,PAK,male,1,0.0,,,0.0,
Santiago Ventura,38,59,39.175,2004,2010,7,296.0,361.0,7172.0,3859.0,2620.0,1542.0,1087.0,435.0,781.0,R,1980-01-05,ESP,male,97,741.0,68.169,55.698,8.052,5.033
Massimo Di Domenico,13,29,30.952,1968,1978,11,0.0,0.0,0.0,0.0,0.0,0.0,0.0,0.0,0.0,R,,ITA,male,42,0.0,,,0.0,
Massimo Di Domenico,13,29,30.952,1968,1978,11,0.0,0.0,0.0,0.0,0.0,0.0,0.0,0.0,0.0,U,1945-12-15,ITA,male,42,0.0,,,0.0,
Alejandro Pierola,16,43,27.119,1973,1983,11,0.0,0.0,0.0,0.0,0.0,0.0,0.0,0.0,0.0,R,1949-11-20,CHI,male,59,0.0,,,0.0,
Zibusiso Ncube,0,2,0.0,2003,2005,3,0.0,0.0,0.0,0.0,0.0,0.0,0.0,0.0,0.0,U,1978-10-31,ZIM,male,2,0.0,,,0.0,
Lawrence Hall,2,5,28.571,1978,1982,5,0.0,0.0,0.0,0.0,0.0,0.0,0.0,0.0,0.0,R,,AUS,male,7,0.0,,,0.0,
Pedro Cachin,3,4,42.857,2016,2020,5,11.0,23.0,424.0,246.0,169.0,84.0,66.0,17.0,33.0,R,1995-04-12,ARG,male,7,50.0,75.758,51.515,4.714,5.425
Andrew Mclean,0,1,0.0,1993,1993,1,10.0,2.0,88.0,41.0,25.0,13.0,11.0,5.0,12.0,R,,AUS,male,1,4.0,36.364,41.667,12.0,2.273
Andrew Mclean,0,1,0.0,1993,1993,1,10.0,2.0,88.0,41.0,25.0,13.0,11.0,5.0,12.0,R,,AUS,male,1,4.0,36.364,41.667,12.0,2.273
Bent Ove Pedersen,9,6,60.0,1988,1993,6,3.0,8.0,219.0,127.0,76.0,50.0,33.0,11.0,22.0,R,1967-07-11,NOR,male,15,22.0,66.667,50.0,1.467,3.653
Hazuan Hizan,1,4,20.0,2000,2002,3,0.0,0.0,0.0,0.0,0.0,0.0,0.0,0.0,0.0,U,1978-05-12,MAS,male,5,0.0,,,0.0,
Jesus Hernandez,0,1,0.0,1972,1972,1,0.0,0.0,0.0,0.0,0.0,0.0,0.0,0.0,0.0,,,PHI,male,1,0.0,,,0.0,
Santiago Mora,0,2,0.0,1987,1988,2,0.0,0.0,0.0,0.0,0.0,0.0,0.0,0.0,0.0,R,1968-02-26,ESP,male,2,0.0,,,0.0,
Ray Keenan,0,2,0.0,1971,1971,1,0.0,0.0,0.0,0.0,0.0,0.0,0.0,0.0,0.0,U,,UNK,male,2,0.0,,,0.0,
Robert Wilson,14,16,46.667,1968,1974,7,0.0,0.0,0.0,0.0,0.0,0.0,0.0,0.0,0.0,R,1935-11-22,GBR,male,30,0.0,,,0.0,
Marcus Hilpert,1,2,33.333,1996,1997,2,21.0,10.0,198.0,91.0,66.0,41.0,30.0,17.0,30.0,R,1971-07-01,GER,male,3,17.0,56.667,56.667,10.0,5.051
Maximo Gonzalez,30,60,33.333,2007,2017,11,235.0,155.0,7564.0,4878.0,3049.0,1269.0,1121.0,548.0,910.0,R,1983-07-20,ARG,male,90,759.0,67.707,60.22,10.111,2.049
Fernando Meligeni,200,208,49.02,1991,2003,13,1241.0,1310.0,29161.0,16523.0,11378.0,6204.0,4434.0,1670.0,2859.0,L,1971-04-12,BRA,male,408,3245.0,73.184,58.412,7.007,4.492
Charles Honey,0,3,0.0,1985,1989,5,0.0,0.0,0.0,0.0,0.0,0.0,0.0,0.0,0.0,R,1962-02-13,RSA,male,3,0.0,,,0.0,
Julio Goes,10,38,20.833,1980,1989,10,0.0,0.0,0.0,0.0,0.0,0.0,0.0,0.0,0.0,R,1955-10-25,BRA,male,48,0.0,,,0.0,
Krassimir Lazarov,10,12,45.455,1983,1989,7,0.0,0.0,0.0,0.0,0.0,0.0,0.0,0.0,0.0,R,1966-03-06,BUL,male,22,0.0,,,0.0,
Yaman Esin,0,1,0.0,1984,1984,1,0.0,0.0,0.0,0.0,0.0,0.0,0.0,0.0,0.0,U,,TUR,male,1,0.0,,,0.0,
Dustin Brown,62,98,38.75,2003,2019,17,741.0,1407.0,13535.0,8219.0,6050.0,2602.0,2076.0,710.0,1114.0,R,1984-12-08,GER,male,160,1672.0,80.539,63.734,6.962,10.395
Shai Friedman,0,1,0.0,1990,1990,1,0.0,0.0,0.0,0.0,0.0,0.0,0.0,0.0,0.0,R,,ISR,male,1,0.0,,,0.0,
Marcelo Barboza,2,0,100.0,2001,2001,1,0.0,0.0,0.0,0.0,0.0,0.0,0.0,0.0,0.0,R,1980-07-15,URU,male,2,0.0,,,0.0,
Roy Schwegman,1,2,33.333,1969,1971,3,0.0,0.0,0.0,0.0,0.0,0.0,0.0,0.0,0.0,U,,RSA,male,3,0.0,,,0.0,
Tom Gorman,262,192,57.709,1968,1980,13,0.0,0.0,0.0,0.0,0.0,0.0,0.0,0.0,0.0,R,1946-12-19,USA,male,454,0.0,,,0.0,
Tom Gorman,262,192,57.709,1968,1980,13,0.0,0.0,0.0,0.0,0.0,0.0,0.0,0.0,0.0,U,1946-01-19,USA,male,454,0.0,,,0.0,
Santiago Maresca,1,3,25.0,2013,2016,4,0.0,0.0,0.0,0.0,0.0,0.0,0.0,0.0,0.0,U,1994-09-14,URU,male,4,0.0,,,0.0,
Julius Gotovskis,0,1,0.0,2011,2011,1,0.0,0.0,0.0,0.0,0.0,0.0,0.0,0.0,0.0,R,1993-01-16,LTU,male,1,0.0,,,0.0,
John Sadri,140,123,53.232,1976,1987,12,0.0,0.0,0.0,0.0,0.0,0.0,0.0,0.0,0.0,R,1956-09-19,USA,male,263,0.0,,,0.0,
Mariano Albert Ferrando,0,1,0.0,2002,2002,1,0.0,2.0,59.0,47.0,27.0,7.0,9.0,4.0,6.0,R,1982-04-26,ESP,male,1,7.0,77.778,66.667,6.0,3.39
Teimuraz Kakulia,5,5,50.0,1968,1974,7,0.0,0.0,0.0,0.0,0.0,0.0,0.0,0.0,0.0,U,1947-04-26,URS,male,10,0.0,,,0.0,
Hans Simonsson,37,65,36.275,1978,1985,8,0.0,0.0,0.0,0.0,0.0,0.0,0.0,0.0,0.0,R,1962-05-01,SWE,male,102,0.0,,,0.0,
Muhammad Althaf Dhaifullah,0,1,0.0,2018,2018,1,1.0,1.0,57.0,42.0,25.0,4.0,8.0,2.0,6.0,R,2000-11-19,INA,male,1,4.0,50.0,33.333,6.0,1.754
Jai Dilouie,4,14,22.222,1977,1982,6,0.0,0.0,0.0,0.0,0.0,0.0,0.0,0.0,0.0,R,1958-09-11,USA,male,18,0.0,,,0.0,
Andreas Beck,41,66,38.318,2004,2016,13,438.0,459.0,8453.0,5016.0,3479.0,1783.0,1303.0,470.0,763.0,L,1986-02-05,GER,male,107,1010.0,77.513,61.599,7.131,5.43
Erwin Jager,2,2,50.0,1971,1973,3,0.0,0.0,0.0,0.0,0.0,0.0,0.0,0.0,0.0,U,,GER,male,4,0.0,,,0.0,
Loic Didavi,0,1,0.0,2013,2013,1,0.0,0.0,0.0,0.0,0.0,0.0,0.0,0.0,0.0,U,1987-04-30,BEN,male,1,0.0,,,0.0,
Evgeni Mikheev,0,1,0.0,1998,1998,1,0.0,0.0,0.0,0.0,0.0,0.0,0.0,0.0,0.0,R,1977-07-07,BLR,male,1,0.0,,,0.0,
Timur Ganiev,0,1,0.0,1998,1998,1,1.0,1.0,60.0,31.0,20.0,11.0,8.0,6.0,10.0,R,1975-10-24,UZB,male,1,4.0,50.0,60.0,10.0,1.667
Don Mccormick,3,12,20.0,1969,1974,6,0.0,0.0,0.0,0.0,0.0,0.0,0.0,0.0,0.0,R,1945-04-12,CAN,male,15,0.0,,,0.0,
Joel Allen,0,1,0.0,2003,2003,1,0.0,0.0,0.0,0.0,0.0,0.0,0.0,0.0,0.0,R,1981-11-09,HAI,male,1,0.0,,,0.0,
Mohammed Noor Noordin,0,2,0.0,2004,2004,1,0.0,0.0,0.0,0.0,0.0,0.0,0.0,0.0,0.0,U,1983-08-27,MAS,male,2,0.0,,,0.0,
George Kalovelonis,19,34,35.849,1981,1994,14,5.0,18.0,205.0,116.0,70.0,31.0,29.0,19.0,33.0,R,1959-08-23,GRE,male,53,15.0,51.724,57.576,0.623,8.78
Balazs Veress,1,1,50.0,1998,2002,5,0.0,0.0,0.0,0.0,0.0,0.0,0.0,0.0,0.0,R,1980-10-12,HUN,male,2,0.0,,,0.0,
Andy Andrews,12,32,27.273,1975,1985,11,0.0,0.0,0.0,0.0,0.0,0.0,0.0,0.0,0.0,R,1959-01-01,USA,male,44,0.0,,,0.0,
Stephane Grenier,1,3,25.0,1988,1990,3,0.0,0.0,0.0,0.0,0.0,0.0,0.0,0.0,0.0,R,1968-01-09,FRA,male,4,0.0,,,0.0,
Michele Fioroni,0,6,0.0,1984,1989,6,0.0,0.0,0.0,0.0,0.0,0.0,0.0,0.0,0.0,R,1965-02-16,ITA,male,6,0.0,,,0.0,
Lindsay Murphy,0,1,0.0,1971,1971,1,0.0,0.0,0.0,0.0,0.0,0.0,0.0,0.0,0.0,U,,,male,1,0.0,,,0.0,
Danny Obryant,1,10,9.091,1968,1972,5,0.0,0.0,0.0,0.0,0.0,0.0,0.0,0.0,0.0,R,,USA,male,11,0.0,,,0.0,
Amable Plaza,0,1,0.0,1971,1971,1,0.0,0.0,0.0,0.0,0.0,0.0,0.0,0.0,0.0,U,,VEN,male,1,0.0,,,0.0,
Thorsten Poelzl,2,4,33.333,1994,1995,2,0.0,0.0,0.0,0.0,0.0,0.0,0.0,0.0,0.0,U,1974-08-19,HKG,male,6,0.0,,,0.0,
Stefano Mezzadri,0,1,0.0,1987,1987,1,0.0,0.0,0.0,0.0,0.0,0.0,0.0,0.0,0.0,R,,SUI,male,1,0.0,,,0.0,
Bjorn Wahlstrom,0,1,0.0,1975,1975,1,0.0,0.0,0.0,0.0,0.0,0.0,0.0,0.0,0.0,R,,SWE,male,1,0.0,,,0.0,
Hans Fredborg,0,1,0.0,1986,1986,1,0.0,0.0,0.0,0.0,0.0,0.0,0.0,0.0,0.0,R,1962-09-12,SWE,male,1,0.0,,,0.0,
Bernard Fritz,51,77,39.844,1977,1984,8,0.0,0.0,0.0,0.0,0.0,0.0,0.0,0.0,0.0,R,1953-10-05,FRA,male,128,0.0,,,0.0,
Hyun Joon Suk,0,2,0.0,2005,2005,1,0.0,0.0,0.0,0.0,0.0,0.0,0.0,0.0,0.0,R,1985-06-09,KOR,male,2,0.0,,,0.0,
Pancho Castillo,0,4,0.0,1968,1969,2,0.0,0.0,0.0,0.0,0.0,0.0,0.0,0.0,0.0,R,,COL,male,4,0.0,,,0.0,
Warren Green,0,1,0.0,1989,1989,1,0.0,0.0,0.0,0.0,0.0,0.0,0.0,0.0,0.0,R,,RSA,male,1,0.0,,,0.0,
Graham Oliver,1,2,33.333,1975,1977,3,0.0,0.0,0.0,0.0,0.0,0.0,0.0,0.0,0.0,U,,NZL,male,3,0.0,,,0.0,
Russell Barlow,1,6,14.286,1985,1989,5,0.0,0.0,0.0,0.0,0.0,0.0,0.0,0.0,0.0,L,1962-12-18,AUS,male,7,0.0,,,0.0,
Leonardo Azzaro,0,3,0.0,2006,2006,1,2.0,8.0,224.0,144.0,100.0,40.0,34.0,18.0,27.0,L,1978-05-30,ITA,male,3,25.0,73.529,66.667,9.0,3.571
James Lemke,0,1,0.0,2010,2010,1,5.0,0.0,60.0,38.0,19.0,7.0,10.0,0.0,6.0,R,1988-01-25,AUS,male,1,4.0,40.0,0.0,6.0,0.0
James Ferguson,0,1,0.0,1971,1971,1,0.0,0.0,0.0,0.0,0.0,0.0,0.0,0.0,0.0,U,,AUS,male,1,0.0,,,0.0,
Stefano Ianni,1,1,50.0,2006,2006,1,8.0,3.0,108.0,60.0,41.0,21.0,15.0,9.0,14.0,R,1981-01-31,ITA,male,2,10.0,66.667,64.286,7.0,2.778
Guillermo Vilas,847,245,77.564,1968,1992,25,5.0,0.0,192.0,135.0,81.0,29.0,30.0,7.0,17.0,L,1952-08-17,ARG,male,1092,20.0,66.667,41.176,0.016,0.0
Mathieu Rodrigues,1,1,50.0,2011,2011,1,6.0,5.0,165.0,85.0,58.0,36.0,23.0,15.0,22.0,R,1985-11-07,FRA,male,2,16.0,69.565,68.182,11.0,3.03
Unknown Quartarolo,0,1,0.0,1971,1971,1,0.0,0.0,0.0,0.0,0.0,0.0,0.0,0.0,0.0,U,,ITA,male,1,0.0,,,0.0,
Patricio Arquez,0,1,0.0,2001,2001,1,1.0,0.0,46.0,25.0,9.0,9.0,7.0,1.0,7.0,R,1980-04-12,ARG,male,1,1.0,14.286,14.286,7.0,0.0
Alexander Schad,0,4,0.0,1989,1989,1,0.0,0.0,0.0,0.0,0.0,0.0,0.0,0.0,0.0,U,1971-03-18,DOM,male,4,0.0,,,0.0,
Victor Pecci,347,229,60.243,1972,1990,19,0.0,0.0,0.0,0.0,0.0,0.0,0.0,0.0,0.0,R,1955-10-15,PAR,male,576,0.0,,,0.0,
Gilles Elseneer,14,21,40.0,2001,2005,5,145.0,245.0,3087.0,1897.0,1370.0,575.0,475.0,158.0,262.0,R,1978-03-06,BEL,male,35,371.0,78.105,60.305,7.486,7.937
Rainer Schuettler,306,313,49.435,1995,2011,17,1788.0,1964.0,45438.0,26942.0,18391.0,9435.0,7074.0,2476.0,4294.0,R,1976-04-25,GER,male,619,5256.0,74.3,57.662,6.937,4.322
Thomas Haug,0,1,0.0,2003,2003,1,0.0,0.0,0.0,0.0,0.0,0.0,0.0,0.0,0.0,U,1978-09-06,NOR,male,1,0.0,,,0.0,
Juan Manuel Hidalgo,0,1,0.0,1979,1979,1,0.0,0.0,0.0,0.0,0.0,0.0,0.0,0.0,0.0,R,,ESP,male,1,0.0,,,0.0,
Allan Skelton,0,1,0.0,1968,1968,1,0.0,0.0,0.0,0.0,0.0,0.0,0.0,0.0,0.0,U,,CAN,male,1,0.0,,,0.0,
Per Jemsby,5,7,41.667,1969,1974,6,0.0,0.0,0.0,0.0,0.0,0.0,0.0,0.0,0.0,R,,SWE,male,12,0.0,,,0.0,
Jaidip Mukherjea,11,14,44.0,1968,1975,8,0.0,0.0,0.0,0.0,0.0,0.0,0.0,0.0,0.0,R,,IND,male,25,0.0,,,0.0,
Marcelo Charpentier,8,24,25.0,1994,2003,10,105.0,51.0,2662.0,1852.0,1115.0,374.0,380.0,165.0,295.0,L,1973-07-11,ARG,male,32,250.0,65.789,55.932,9.219,1.916
William Ward,0,1,0.0,2004,2004,1,0.0,0.0,0.0,0.0,0.0,0.0,0.0,0.0,0.0,L,1986-03-04,NZL,male,1,0.0,,,0.0,
Ross Hutchins,0,1,0.0,2009,2009,1,3.0,6.0,79.0,47.0,34.0,17.0,11.0,2.0,3.0,R,1985-02-22,GBR,male,1,10.0,90.909,66.667,3.0,7.595
Mounged Bouhassoun,0,2,0.0,1988,1988,1,0.0,0.0,0.0,0.0,0.0,0.0,0.0,0.0,0.0,U,1962-05-15,SYR,male,2,0.0,,,0.0,
Rodrigo Rappaccioli,1,0,100.0,2010,2010,1,0.0,0.0,0.0,0.0,0.0,0.0,0.0,0.0,0.0,U,1990-09-26,ESA,male,1,0.0,,,0.0,
Arnaud Boetsch,162,153,51.429,1987,1999,13,933.0,1011.0,21407.0,12287.0,8673.0,4511.0,3242.0,1151.0,1913.0,R,1969-04-01,FRA,male,315,2480.0,76.496,60.167,6.073,4.723
Piet Van Eysden,0,1,0.0,1970,1970,1,0.0,0.0,0.0,0.0,0.0,0.0,0.0,0.0,0.0,U,,UNK,male,1,0.0,,,0.0,
Karim Alayli,3,20,13.043,1999,2015,17,0.0,0.0,0.0,0.0,0.0,0.0,0.0,0.0,0.0,R,1983-03-24,LIB,male,23,0.0,,,0.0,
Ney Keller,0,4,0.0,1981,1983,3,0.0,0.0,0.0,0.0,0.0,0.0,0.0,0.0,0.0,R,1958-12-02,BRA,male,4,0.0,,,0.0,
Denis Kudla,52,97,34.899,2010,2020,11,521.0,877.0,12221.0,7096.0,4928.0,2581.0,1904.0,668.0,1152.0,R,1992-08-17,USA,male,149,1420.0,74.58,57.986,7.732,7.176
Thomas Shimada,0,5,0.0,1993,2003,11,16.0,14.0,283.0,143.0,87.0,66.0,44.0,19.0,37.0,R,1975-02-10,JPN,male,5,26.0,59.091,51.351,7.4,4.947
Scoville Jenkins,6,15,28.571,2004,2009,6,108.0,131.0,1866.0,1138.0,757.0,342.0,280.0,132.0,218.0,R,1986-09-23,USA,male,21,194.0,69.286,60.55,10.381,7.02
Piotr Szczepanik,0,2,0.0,1998,1999,2,0.0,0.0,0.0,0.0,0.0,0.0,0.0,0.0,0.0,R,1978-12-23,POL,male,2,0.0,,,0.0,
R Frost,0,1,0.0,1970,1970,1,0.0,0.0,0.0,0.0,0.0,0.0,0.0,0.0,0.0,U,,GBR,male,1,0.0,,,0.0,
Menno Oosting,25,32,43.86,1984,1994,11,14.0,30.0,295.0,159.0,112.0,62.0,46.0,16.0,29.0,R,1964-05-17,NED,male,57,33.0,71.739,55.172,0.509,10.169
R Harvey,0,1,0.0,1968,1968,1,0.0,0.0,0.0,0.0,0.0,0.0,0.0,0.0,0.0,R,,AUS,male,1,0.0,,,0.0,
Abdel Aslam Mahmoudi,1,4,20.0,1975,1977,3,0.0,0.0,0.0,0.0,0.0,0.0,0.0,0.0,0.0,R,1935-12-30,ALG,male,5,0.0,,,0.0,
Grant Stafford,80,106,43.011,1990,2000,11,707.0,649.0,14086.0,8417.0,5673.0,2565.0,2125.0,855.0,1510.0,R,1971-05-27,RSA,male,186,1470.0,69.176,56.623,8.118,4.607
Per Larsson,0,4,0.0,1978,1980,3,0.0,0.0,0.0,0.0,0.0,0.0,0.0,0.0,0.0,R,,SWE,male,4,0.0,,,0.0,
John Mattke,5,8,38.462,1982,1985,4,0.0,0.0,0.0,0.0,0.0,0.0,0.0,0.0,0.0,R,1958-10-29,USA,male,13,0.0,,,0.0,
Mark Harner,0,1,0.0,1982,1982,1,0.0,0.0,0.0,0.0,0.0,0.0,0.0,0.0,0.0,U,,USA,male,1,0.0,,,0.0,
Ivan Cerovic,0,1,0.0,2006,2006,1,0.0,0.0,0.0,0.0,0.0,0.0,0.0,0.0,0.0,L,1982-03-01,CRO,male,1,0.0,,,0.0,
Robert Haillet,0,2,0.0,1968,1969,2,0.0,0.0,0.0,0.0,0.0,0.0,0.0,0.0,0.0,R,,FRA,male,2,0.0,,,0.0,
Takashi Hoshiki,0,1,0.0,1973,1973,1,0.0,0.0,0.0,0.0,0.0,0.0,0.0,0.0,0.0,R,,JPN,male,1,0.0,,,0.0,
Reda Galou,7,3,70.0,1986,1990,5,0.0,0.0,0.0,0.0,0.0,0.0,0.0,0.0,0.0,R,1965-02-26,ALG,male,10,0.0,,,0.0,
Max Senior,1,4,20.0,1968,1973,6,0.0,0.0,0.0,0.0,0.0,0.0,0.0,0.0,0.0,R,,AUS,male,5,0.0,,,0.0,
Alejandro Aramburu,4,12,25.0,1989,1994,6,1.0,0.0,166.0,145.0,72.0,12.0,24.0,14.0,25.0,R,1969-02-14,PER,male,16,13.0,54.167,56.0,1.562,0.0
Gene Russo,0,1,0.0,1973,1973,1,0.0,0.0,0.0,0.0,0.0,0.0,0.0,0.0,0.0,R,,USA,male,1,0.0,,,0.0,
Rolando Zalameda,0,1,0.0,1982,1982,1,0.0,0.0,0.0,0.0,0.0,0.0,0.0,0.0,0.0,R,,PHI,male,1,0.0,,,0.0,
Gustavo Herrero,0,1,0.0,1968,1968,1,0.0,0.0,0.0,0.0,0.0,0.0,0.0,0.0,0.0,U,,ARG,male,1,0.0,,,0.0,
Daniel Langre,1,0,100.0,2004,2004,1,0.0,0.0,0.0,0.0,0.0,0.0,0.0,0.0,0.0,R,1981-03-07,MEX,male,1,0.0,,,0.0,
Hatem Debbeche,0,1,0.0,1988,1988,1,0.0,0.0,0.0,0.0,0.0,0.0,0.0,0.0,0.0,U,1969-02-11,TUN,male,1,0.0,,,0.0,
Mark Lewis,3,6,33.333,1980,1984,5,0.0,0.0,0.0,0.0,0.0,0.0,0.0,0.0,0.0,R,,NZL,male,9,0.0,,,0.0,
Robert Kroll,0,1,0.0,1994,1994,1,3.0,1.0,69.0,39.0,21.0,14.0,10.0,8.0,13.0,R,1972-12-30,GER,male,1,5.0,50.0,61.538,13.0,1.449
Gil Kovalski,1,2,33.333,1990,1992,3,3.0,5.0,43.0,24.0,12.0,7.0,7.0,2.0,7.0,R,,ISR,male,3,2.0,28.571,28.571,2.333,11.628
Steve Faulk,18,44,29.032,1968,1974,7,0.0,0.0,0.0,0.0,0.0,0.0,0.0,0.0,0.0,R,1947-06-01,USA,male,62,0.0,,,0.0,
Michael Hill,2,5,28.571,1999,2000,2,51.0,73.0,634.0,354.0,273.0,124.0,99.0,31.0,54.0,R,1974-06-30,AUS,male,7,76.0,76.768,57.407,7.714,11.514
John Whiteford,0,1,0.0,1980,1980,1,0.0,0.0,0.0,0.0,0.0,0.0,0.0,0.0,0.0,R,,GBR,male,1,0.0,,,0.0,
Tahsin Gursoy,0,1,0.0,1971,1971,1,0.0,0.0,0.0,0.0,0.0,0.0,0.0,0.0,0.0,U,1944-08-29,TUR,male,1,0.0,,,0.0,
Howard Sands,5,7,41.667,1984,1985,2,0.0,0.0,0.0,0.0,0.0,0.0,0.0,0.0,0.0,R,1962-02-05,USA,male,12,0.0,,,0.0,
Mike Scheidweiler,6,13,31.579,1998,2014,17,0.0,0.0,0.0,0.0,0.0,0.0,0.0,0.0,0.0,R,1981-11-14,LUX,male,19,0.0,,,0.0,
Chris Walsh,1,1,50.0,1973,1973,1,0.0,0.0,0.0,0.0,0.0,0.0,0.0,0.0,0.0,U,,AUS,male,2,0.0,,,0.0,
Ruan Kruger,1,1,50.0,1971,1971,1,0.0,0.0,0.0,0.0,0.0,0.0,0.0,0.0,0.0,U,,RSA,male,2,0.0,,,0.0,
William Lock,2,0,100.0,2003,2006,4,0.0,0.0,0.0,0.0,0.0,0.0,0.0,0.0,0.0,R,1985-01-25,PER,male,2,0.0,,,0.0,
Oskars Vaskis,1,1,50.0,1997,1999,3,0.0,0.0,0.0,0.0,0.0,0.0,0.0,0.0,0.0,R,1980-01-02,LAT,male,2,0.0,,,0.0,
Jimmy Parker,0,6,0.0,1968,1974,7,0.0,0.0,0.0,0.0,0.0,0.0,0.0,0.0,0.0,R,1943-03-06,USA,male,6,0.0,,,0.0,
Grzegorz Panfil,1,3,25.0,2006,2011,6,0.0,4.0,45.0,28.0,15.0,7.0,8.0,0.0,4.0,L,1988-01-01,POL,male,4,4.0,50.0,0.0,1.0,8.889
John James,82,120,40.594,1968,1982,15,0.0,0.0,0.0,0.0,0.0,0.0,0.0,0.0,0.0,R,1951-03-07,AUS,male,202,0.0,,,0.0,
Ali Yenilmez,0,1,0.0,1976,1976,1,0.0,0.0,0.0,0.0,0.0,0.0,0.0,0.0,0.0,U,,TUR,male,1,0.0,,,0.0,
Andrei Daescu,0,1,0.0,2012,2012,1,0.0,0.0,0.0,0.0,0.0,0.0,0.0,0.0,0.0,R,1988-08-28,ROU,male,1,0.0,,,0.0,
Johan Hede,0,1,0.0,1997,1997,1,1.0,1.0,110.0,65.0,40.0,22.0,15.0,10.0,15.0,R,1974-07-10,SWE,male,1,10.0,66.667,66.667,15.0,0.909
Matthias Mauritz,0,2,0.0,1968,1970,3,0.0,0.0,0.0,0.0,0.0,0.0,0.0,0.0,0.0,U,,GER,male,2,0.0,,,0.0,
Jorgen Ulrich,9,22,29.032,1968,1972,5,0.0,0.0,0.0,0.0,0.0,0.0,0.0,0.0,0.0,R,1935-08-21,DEN,male,31,0.0,,,0.0,
Peter Langsford,1,5,16.667,1974,1980,7,0.0,0.0,0.0,0.0,0.0,0.0,0.0,0.0,0.0,R,,AUS,male,6,0.0,,,0.0,
Slim Hamza,0,2,0.0,2011,2013,3,0.0,0.0,0.0,0.0,0.0,0.0,0.0,0.0,0.0,R,1992-06-09,TUN,male,2,0.0,,,0.0,
Per Hjertquist,50,70,41.667,1976,1984,9,0.0,0.0,0.0,0.0,0.0,0.0,0.0,0.0,0.0,R,1960-04-06,SWE,male,120,0.0,,,0.0,
Aaron Krickstein,347,210,62.298,1983,1996,14,472.0,869.0,17231.0,10073.0,6936.0,3621.0,2575.0,962.0,1606.0,R,1967-08-02,USA,male,557,1931.0,74.99,59.9,2.883,5.043
Jerry Joseph,1,3,25.0,1999,2003,5,0.0,0.0,0.0,0.0,0.0,0.0,0.0,0.0,0.0,U,1980-05-04,HAI,male,4,0.0,,,0.0,
Philip Gubenco,0,1,0.0,1999,1999,1,1.0,2.0,48.0,23.0,11.0,13.0,7.0,4.0,8.0,L,1982-03-14,CAN,male,1,3.0,42.857,50.0,8.0,4.167
Jae Sik Kim,4,5,44.444,1990,1992,3,7.0,2.0,151.0,69.0,46.0,29.0,20.0,14.0,25.0,R,1967-05-17,KOR,male,9,9.0,45.0,56.0,2.778,1.325
Robert Reininger,14,32,30.435,1973,1983,11,0.0,0.0,0.0,0.0,0.0,0.0,0.0,0.0,0.0,R,1958-01-01,AUT,male,46,0.0,,,0.0,
Miguel Dungo,1,3,25.0,1989,1989,1,0.0,0.0,0.0,0.0,0.0,0.0,0.0,0.0,0.0,R,1965-01-23,PHI,male,4,0.0,,,0.0,
Ayed Zatar,0,3,0.0,2016,2019,4,7.0,21.0,150.0,85.0,65.0,31.0,21.0,12.0,16.0,R,1996-03-29,PAR,male,3,17.0,80.952,75.0,5.333,14.0
Dmitro Tolok,1,0,100.0,2004,2004,1,0.0,0.0,0.0,0.0,0.0,0.0,0.0,0.0,0.0,R,1986-01-16,UKR,male,1,0.0,,,0.0,
Raymond Sarmiento,0,1,0.0,2019,2019,1,3.0,2.0,69.0,37.0,18.0,16.0,10.0,4.0,9.0,R,1992-07-24,USA,male,1,5.0,50.0,44.444,9.0,2.899
Raymond Mapp,0,1,0.0,1973,1973,1,0.0,0.0,0.0,0.0,0.0,0.0,0.0,0.0,0.0,U,,UNK,male,1,0.0,,,0.0,
Hans Schwaier,62,89,41.06,1981,1990,10,0.0,0.0,0.0,0.0,0.0,0.0,0.0,0.0,0.0,R,1964-03-24,GER,male,151,0.0,,,0.0,
Josko Topic,0,1,0.0,2013,2013,1,12.0,1.0,57.0,33.0,16.0,5.0,7.0,5.0,12.0,U,1983-12-08,CRO,male,1,0.0,0.0,41.667,12.0,1.754
Gary Thoroughood,1,1,50.0,1972,1972,1,0.0,0.0,0.0,0.0,0.0,0.0,0.0,0.0,0.0,R,,AUS,male,2,0.0,,,0.0,
J Fannin,0,1,0.0,1974,1974,1,0.0,0.0,0.0,0.0,0.0,0.0,0.0,0.0,0.0,U,,USA,male,1,0.0,,,0.0,
Seung Hoon Lee,0,2,0.0,2000,2001,2,0.0,0.0,0.0,0.0,0.0,0.0,0.0,0.0,0.0,R,1979-05-22,KOR,male,2,0.0,,,0.0,
Mike Fishbach,13,33,28.261,1975,1982,8,0.0,0.0,0.0,0.0,0.0,0.0,0.0,0.0,0.0,R,1954-12-01,USA,male,46,0.0,,,0.0,
Greg Shephard,0,1,0.0,1970,1970,1,0.0,0.0,0.0,0.0,0.0,0.0,0.0,0.0,0.0,R,,USA,male,1,0.0,,,0.0,
Dane Sweeny,1,1,50.0,2021,2021,1,13.0,3.0,137.0,86.0,55.0,20.0,20.0,7.0,14.0,R,2001-02-12,AUS,male,2,13.0,65.0,50.0,7.0,2.19
Zdravko Mincek,1,1,50.0,1975,1975,1,0.0,0.0,0.0,0.0,0.0,0.0,0.0,0.0,0.0,,,YUG,male,2,0.0,,,0.0,
Zdravko Mincek,1,1,50.0,1975,1975,1,0.0,0.0,0.0,0.0,0.0,0.0,0.0,0.0,0.0,U,,YUG,male,2,0.0,,,0.0,
Wan Gao,0,1,0.0,2008,2008,1,0.0,0.0,0.0,0.0,0.0,0.0,0.0,0.0,0.0,U,1987-08-24,CHN,male,1,0.0,,,0.0,
Javier Garcia Sintes,0,1,0.0,2001,2001,1,6.0,2.0,54.0,32.0,18.0,7.0,8.0,8.0,13.0,R,1979-05-02,ESP,male,1,3.0,37.5,61.538,13.0,3.704
Paul Gerken,89,94,48.634,1968,1977,10,0.0,0.0,0.0,0.0,0.0,0.0,0.0,0.0,0.0,R,1950-03-15,USA,male,183,0.0,,,0.0,
Harry Brittain,1,2,33.333,1974,1975,2,0.0,0.0,0.0,0.0,0.0,0.0,0.0,0.0,0.0,R,,CAN,male,3,0.0,,,0.0,
Olivier Mutis,24,39,38.095,1995,2005,11,200.0,244.0,5272.0,2809.0,1880.0,1158.0,780.0,318.0,564.0,R,1978-02-02,FRA,male,63,534.0,68.462,56.383,8.952,4.628
Ioannis Kabakoglou,1,2,33.333,1986,1989,4,0.0,0.0,0.0,0.0,0.0,0.0,0.0,0.0,0.0,U,1970-01-31,GRE,male,3,0.0,,,0.0,
Denis Langaskens,6,2,75.0,1988,1989,2,0.0,0.0,0.0,0.0,0.0,0.0,0.0,0.0,0.0,R,1966-09-20,BEL,male,8,0.0,,,0.0,
Terence Chia,2,2,50.0,1993,1993,1,0.0,0.0,0.0,0.0,0.0,0.0,0.0,0.0,0.0,R,,MAS,male,4,0.0,,,0.0,
Stefan Kinsch,0,2,0.0,1984,1984,1,0.0,0.0,0.0,0.0,0.0,0.0,0.0,0.0,0.0,U,1964-12-19,LUX,male,2,0.0,,,0.0,
Ciprian Petre Porumb,0,1,0.0,1993,1993,1,2.0,6.0,74.0,41.0,25.0,14.0,9.0,8.0,12.0,R,1971-03-06,ROU,male,1,5.0,55.556,66.667,12.0,8.108
Jim Pugh,70,81,46.358,1986,1995,10,55.0,50.0,1083.0,671.0,437.0,175.0,171.0,72.0,136.0,R,1964-02-05,USA,male,151,107.0,62.573,52.941,0.901,4.617
Dick Metz,0,1,0.0,1982,1982,1,0.0,0.0,0.0,0.0,0.0,0.0,0.0,0.0,0.0,R,,USA,male,1,0.0,,,0.0,
Mahmoud Nader Al Baloushi,0,1,0.0,2008,2008,1,4.0,1.0,52.0,35.0,16.0,5.0,7.0,5.0,10.0,U,1980-06-03,UAE,male,1,2.0,28.571,50.0,10.0,1.923
Mahmoud Nader Al Baloushi,0,1,0.0,2008,2008,1,4.0,1.0,52.0,35.0,16.0,5.0,7.0,5.0,10.0,U,1980-06-30,UAE,male,1,2.0,28.571,50.0,10.0,1.923
V Bercham,0,1,0.0,1968,1968,1,0.0,0.0,0.0,0.0,0.0,0.0,0.0,0.0,0.0,U,,,male,1,0.0,,,0.0,
Vishal Uppal,0,1,0.0,2006,2006,1,6.0,2.0,53.0,24.0,15.0,9.0,8.0,0.0,5.0,R,1976-11-10,IND,male,1,3.0,37.5,0.0,5.0,3.774
Tore Meinecke,40,51,43.956,1985,1989,5,0.0,0.0,0.0,0.0,0.0,0.0,0.0,0.0,0.0,R,1967-07-21,GER,male,91,0.0,,,0.0,
Rainer Eitzinger,4,6,40.0,2005,2008,4,25.0,12.0,667.0,451.0,288.0,106.0,100.0,37.0,65.0,R,1983-06-28,AUT,male,10,72.0,72.0,56.923,6.5,1.799
Jan Leschly,36,28,56.25,1968,1972,5,0.0,0.0,0.0,0.0,0.0,0.0,0.0,0.0,0.0,L,1940-09-11,DEN,male,64,0.0,,,0.0,
Vadim Davletshin,0,1,0.0,2003,2003,1,6.0,6.0,79.0,42.0,30.0,20.0,10.0,5.0,7.0,U,1984-10-07,RUS,male,1,8.0,80.0,71.429,7.0,7.595
Horace Reid,0,1,0.0,1979,1979,1,0.0,0.0,0.0,0.0,0.0,0.0,0.0,0.0,0.0,R,1955-08-14,USA,male,1,0.0,,,0.0,
Kenneth Thome Bolanos,1,1,50.0,1990,1990,1,0.0,0.0,0.0,0.0,0.0,0.0,0.0,0.0,0.0,R,1968-11-01,CRC,male,2,0.0,,,0.0,
Aziz Zouhir,0,4,0.0,1982,1984,3,0.0,0.0,0.0,0.0,0.0,0.0,0.0,0.0,0.0,R,1953-04-26,TUN,male,4,0.0,,,0.0,
Hady Habib,5,3,62.5,2015,2019,5,17.0,30.0,274.0,179.0,144.0,53.0,48.0,12.0,16.0,,1998-08-21,LIB,male,8,44.0,91.667,75.0,2.0,10.949
Sandon Stolle,96,114,45.714,1989,1999,11,1070.0,1385.0,16655.0,9668.0,7161.0,3174.0,2515.0,817.0,1408.0,R,1970-07-13,AUS,male,210,1924.0,76.501,58.026,6.705,8.316
Samir Iftikhar,2,4,33.333,2011,2015,5,0.0,0.0,0.0,0.0,0.0,0.0,0.0,0.0,0.0,U,1992-03-23,PAK,male,6,0.0,,,0.0,
U Lockington,1,1,50.0,1970,1970,1,0.0,0.0,0.0,0.0,0.0,0.0,0.0,0.0,0.0,U,,UNK,male,2,0.0,,,0.0,
Sergei Likhachev,5,15,25.0,1968,1973,6,0.0,0.0,0.0,0.0,0.0,0.0,0.0,0.0,0.0,R,1940-03-20,RUS,male,20,0.0,,,0.0,
Claude England,0,2,0.0,1980,1982,3,0.0,0.0,0.0,0.0,0.0,0.0,0.0,0.0,0.0,R,,NZL,male,2,0.0,,,0.0,
Muzammil Murtaza,0,1,0.0,2018,2018,1,4.0,4.0,51.0,33.0,18.0,6.0,8.0,2.0,7.0,R,1999-11-12,PAK,male,1,3.0,37.5,28.571,7.0,7.843
Mauricio Echazu,13,14,48.148,2004,2018,15,16.0,14.0,443.0,303.0,194.0,66.0,70.0,34.0,56.0,R,1989-01-21,PER,male,27,48.0,68.571,60.714,2.074,3.16
Wilfredo Gonzalez,4,5,44.444,2010,2020,11,12.0,15.0,357.0,242.0,168.0,59.0,55.0,11.0,22.0,R,1993-01-06,GUA,male,9,44.0,80.0,50.0,2.444,4.202
Jordi Munoz Abreu,0,7,0.0,2015,2020,6,28.0,4.0,347.0,223.0,121.0,47.0,51.0,32.0,60.0,U,1990-01-17,VEN,male,7,23.0,45.098,53.333,8.571,1.153
Adrians Zguns,0,2,0.0,2004,2009,6,0.0,0.0,0.0,0.0,0.0,0.0,0.0,0.0,0.0,R,1981-12-01,LAT,male,2,0.0,,,0.0,
Janez Semrajc,4,0,100.0,2008,2013,6,0.0,0.0,0.0,0.0,0.0,0.0,0.0,0.0,0.0,U,1989-07-24,SLO,male,4,0.0,,,0.0,
Alberto Riba,2,1,66.667,1971,1972,2,0.0,0.0,0.0,0.0,0.0,0.0,0.0,0.0,0.0,U,,,male,3,0.0,,,0.0,
Paolo Lazzari,0,1,0.0,1973,1973,1,0.0,0.0,0.0,0.0,0.0,0.0,0.0,0.0,0.0,U,,ITA,male,1,0.0,,,0.0,
Jack Gorsuch,0,3,0.0,1973,1975,3,0.0,0.0,0.0,0.0,0.0,0.0,0.0,0.0,0.0,U,1956-08-09,USA,male,3,0.0,,,0.0,
Steven Kangwa,1,4,20.0,1990,1991,2,0.0,0.0,0.0,0.0,0.0,0.0,0.0,0.0,0.0,R,1966-11-25,ZAM,male,5,0.0,,,0.0,
Jiri Vanek,67,115,36.813,1995,2009,15,523.0,1050.0,14577.0,8535.0,5872.0,2718.0,2167.0,912.0,1552.0,R,1978-04-24,CZE,male,182,1527.0,70.466,58.763,8.527,7.203
Casper Ruud,60,52,53.571,2016,2021,6,282.0,475.0,8462.0,5560.0,3904.0,1528.0,1330.0,421.0,676.0,R,1998-12-22,NOR,male,112,1075.0,80.827,62.278,6.036,5.613
Francois Jauffret,194,131,59.692,1968,1980,13,0.0,0.0,0.0,0.0,0.0,0.0,0.0,0.0,0.0,R,1942-02-09,FRA,male,325,0.0,,,0.0,
L Weatherhog,0,1,0.0,1968,1968,1,0.0,0.0,0.0,0.0,0.0,0.0,0.0,0.0,0.0,R,,AUS,male,1,0.0,,,0.0,
Christoffer Konigsfeldt,0,2,0.0,2013,2018,6,1.0,4.0,68.0,36.0,26.0,12.0,10.0,7.0,10.0,R,1989-07-12,DEN,male,2,7.0,70.0,70.0,5.0,5.882
Adrien Bossel,0,5,0.0,2013,2017,5,13.0,29.0,295.0,177.0,119.0,51.0,38.0,26.0,35.0,L,1986-12-28,SUI,male,5,29.0,76.316,74.286,7.0,9.831
Patricio Cornejo,119,176,40.339,1968,1978,11,0.0,0.0,0.0,0.0,0.0,0.0,0.0,0.0,0.0,R,1944-06-06,CHI,male,295,0.0,,,0.0,
Franco Ferreiro,3,5,37.5,2003,2009,7,22.0,15.0,490.0,324.0,218.0,82.0,69.0,27.0,43.0,R,1984-07-01,BRA,male,8,53.0,76.812,62.791,5.375,3.061
Bjorn Fratangelo,20,35,36.364,2015,2021,7,198.0,256.0,4526.0,2551.0,1734.0,1012.0,688.0,244.0,424.0,R,1993-07-19,USA,male,55,508.0,73.837,57.547,7.709,5.656
Nicolas Coutelot,13,19,40.625,2000,2003,4,114.0,108.0,2811.0,1717.0,1137.0,506.0,408.0,210.0,328.0,R,1977-02-09,FRA,male,32,290.0,71.078,64.024,10.25,3.842
Francesco Michelotti,0,2,0.0,1992,1992,1,7.0,3.0,227.0,165.0,92.0,26.0,29.0,23.0,36.0,R,1969-10-23,ITA,male,2,16.0,55.172,63.889,18.0,1.322
Loic Courteau,21,32,39.623,1981,1988,8,0.0,0.0,0.0,0.0,0.0,0.0,0.0,0.0,0.0,R,1964-01-06,FRA,male,53,0.0,,,0.0,
R W Davies,1,1,50.0,1970,1970,1,0.0,0.0,0.0,0.0,0.0,0.0,0.0,0.0,0.0,U,,GBR,male,2,0.0,,,0.0,
Baris Ergun,2,1,66.667,2000,2001,2,0.0,0.0,0.0,0.0,0.0,0.0,0.0,0.0,0.0,R,1975-03-11,TUR,male,3,0.0,,,0.0,
Keith Evans,2,7,22.222,1990,1996,7,73.0,80.0,727.0,407.0,300.0,153.0,107.0,38.0,60.0,R,1969-03-22,USA,male,9,85.0,79.439,63.333,6.667,11.004
William Coghlan,4,10,28.571,1968,1975,8,0.0,0.0,0.0,0.0,0.0,0.0,0.0,0.0,0.0,R,,AUS,male,14,0.0,,,0.0,
Damian Patriarca,0,1,0.0,2006,2006,1,5.0,0.0,83.0,49.0,34.0,12.0,15.0,3.0,9.0,R,1983-06-28,ARG,male,1,9.0,60.0,33.333,9.0,0.0
Leonardo Ramirez,0,1,0.0,2006,2006,1,0.0,0.0,0.0,0.0,0.0,0.0,0.0,0.0,0.0,U,1983-10-06,PER,male,1,0.0,,,0.0,
Ching Lam,0,1,0.0,2020,2020,1,0.0,0.0,0.0,0.0,0.0,0.0,0.0,0.0,0.0,R,1999-09-03,HKG,male,1,0.0,,,0.0,
Marcelo Saliola,0,1,0.0,1991,1991,1,2.0,3.0,60.0,39.0,19.0,9.0,8.0,6.0,11.0,L,1973-12-31,BRA,male,1,3.0,37.5,54.545,11.0,5.0
Ernie Fernandez,9,11,45.0,1980,1997,18,0.0,0.0,0.0,0.0,0.0,0.0,0.0,0.0,0.0,R,1960-06-08,PUR,male,20,0.0,,,0.0,
Michael Sangster,1,3,25.0,1968,1969,2,0.0,0.0,0.0,0.0,0.0,0.0,0.0,0.0,0.0,R,1940-09-11,GBR,male,4,0.0,,,0.0,
Sachio Kato,1,9,10.0,1973,1981,9,0.0,0.0,0.0,0.0,0.0,0.0,0.0,0.0,0.0,R,,JPN,male,10,0.0,,,0.0,
Claudio Pistolesi,77,108,41.622,1985,1993,9,102.0,119.0,4315.0,2888.0,1802.0,700.0,654.0,279.0,485.0,R,1967-08-25,ITA,male,185,448.0,68.502,57.526,2.622,2.758
Yannos Hadjigeorgiou,0,11,0.0,1985,1993,9,0.0,0.0,0.0,0.0,0.0,0.0,0.0,0.0,0.0,R,1964-03-13,CYP,male,11,0.0,,,0.0,
P Mortoire,1,1,50.0,1970,1970,1,0.0,0.0,0.0,0.0,0.0,0.0,0.0,0.0,0.0,U,,GBR,male,2,0.0,,,0.0,
Hao Sheng Koay,0,1,0.0,2016,2016,1,2.0,2.0,58.0,30.0,18.0,12.0,9.0,3.0,7.0,U,1998-07-27,MAS,male,1,5.0,55.556,42.857,7.0,3.448
Bob Howe,11,20,35.484,1968,1971,4,0.0,0.0,0.0,0.0,0.0,0.0,0.0,0.0,0.0,R,1925-08-03,AUS,male,31,0.0,,,0.0,
Ruben Bemelmans,28,58,32.558,2010,2020,11,246.0,497.0,7205.0,4630.0,3230.0,1298.0,1104.0,381.0,615.0,L,1988-01-14,BEL,male,86,870.0,78.804,61.951,7.151,6.898
Jose Maria Blasi,0,1,0.0,1969,1969,1,0.0,0.0,0.0,0.0,0.0,0.0,0.0,0.0,0.0,R,,ESP,male,1,0.0,,,0.0,
Dan Cantwell,0,1,0.0,1996,1996,1,5.0,2.0,58.0,30.0,13.0,11.0,8.0,4.0,10.0,R,,USA,male,1,2.0,25.0,40.0,10.0,3.448
Juan Borba,0,3,0.0,2014,2019,6,0.0,0.0,0.0,0.0,0.0,0.0,0.0,0.0,0.0,R,1996-04-12,PAR,male,3,0.0,,,0.0,
Diego Cubas,1,1,50.0,2004,2004,1,0.0,0.0,0.0,0.0,0.0,0.0,0.0,0.0,0.0,R,1986-03-14,BRA,male,2,0.0,,,0.0,
Rodrigo Vallejo,0,3,0.0,1999,2001,3,0.0,0.0,0.0,0.0,0.0,0.0,0.0,0.0,0.0,U,1974-03-13,DOM,male,3,0.0,,,0.0,
Larry Cousins,0,1,0.0,1971,1971,1,0.0,0.0,0.0,0.0,0.0,0.0,0.0,0.0,0.0,U,,RSA,male,1,0.0,,,0.0,
Jeevan Nedunchezhiyan,0,1,0.0,2013,2013,1,3.0,0.0,58.0,35.0,16.0,13.0,10.0,1.0,6.0,L,1988-10-20,IND,male,1,5.0,50.0,16.667,6.0,0.0
Dave Michau,0,2,0.0,1970,1971,2,0.0,0.0,0.0,0.0,0.0,0.0,0.0,0.0,0.0,U,,RSA,male,2,0.0,,,0.0,
John Paish,25,49,33.784,1968,1980,13,0.0,0.0,0.0,0.0,0.0,0.0,0.0,0.0,0.0,L,1940-03-23,GBR,male,74,0.0,,,0.0,
John Paish,25,49,33.784,1968,1980,13,0.0,0.0,0.0,0.0,0.0,0.0,0.0,0.0,0.0,L,1948-03-25,GBR,male,74,0.0,,,0.0,
Juan Ignacio Muntanola,18,28,39.13,1971,1978,8,0.0,0.0,0.0,0.0,0.0,0.0,0.0,0.0,0.0,R,,ESP,male,46,0.0,,,0.0,
Thomas Gollwitzer,1,5,16.667,1992,1995,4,24.0,13.0,459.0,259.0,161.0,88.0,69.0,26.0,53.0,R,1966-07-24,GER,male,6,42.0,60.87,49.057,8.833,2.832
Stewart Doyle,0,2,0.0,1991,1991,1,0.0,0.0,0.0,0.0,0.0,0.0,0.0,0.0,0.0,U,1974-02-03,IRL,male,2,0.0,,,0.0,
Tom Campbell,0,1,0.0,1972,1972,1,0.0,0.0,0.0,0.0,0.0,0.0,0.0,0.0,0.0,U,,USA,male,1,0.0,,,0.0,
Luciano Ramazzini,1,1,50.0,2013,2017,5,2.0,0.0,78.0,56.0,31.0,5.0,11.0,3.0,10.0,R,1994-01-04,GUA,male,2,4.0,36.364,30.0,5.0,0.0
Alberto Jimenez,1,0,100.0,1981,1981,1,0.0,0.0,0.0,0.0,0.0,0.0,0.0,0.0,0.0,U,,COL,male,1,0.0,,,0.0,
Sebastien Leblanc,2,4,33.333,1989,1997,9,20.0,14.0,301.0,168.0,118.0,60.0,44.0,15.0,27.0,L,1973-12-27,CAN,male,6,32.0,72.727,55.556,4.5,4.651
Leos Friedl,3,4,42.857,2000,2006,7,27.0,21.0,572.0,358.0,234.0,106.0,93.0,21.0,48.0,R,1977-01-01,CZE,male,7,66.0,70.968,43.75,6.857,3.671
Luka Belic,0,3,0.0,2006,2008,3,10.0,12.0,201.0,122.0,78.0,32.0,30.0,17.0,30.0,R,1988-10-14,CRO,male,3,17.0,56.667,56.667,10.0,5.97
Gert Vilms,0,1,0.0,2001,2001,1,0.0,0.0,0.0,0.0,0.0,0.0,0.0,0.0,0.0,U,1980-02-22,EST,male,1,0.0,,,0.0,
Yen Hsun Lu,158,228,40.933,2001,2021,21,1236.0,1548.0,27319.0,16550.0,11641.0,5417.0,4287.0,1480.0,2503.0,R,1983-08-14,TPE,male,386,3264.0,76.137,59.129,6.484,5.666
Juan Carlos Yunis,0,1,0.0,1982,1982,1,0.0,0.0,0.0,0.0,0.0,0.0,0.0,0.0,0.0,R,1960-01-17,ARG,male,1,0.0,,,0.0,
Jordan Thompson,57,76,42.857,2014,2021,8,311.0,780.0,11176.0,7133.0,5010.0,1968.0,1769.0,586.0,981.0,R,1994-04-20,AUS,male,133,1374.0,77.671,59.735,7.376,6.979
Chris Mayotte,31,50,38.272,1977,1982,6,0.0,0.0,0.0,0.0,0.0,0.0,0.0,0.0,0.0,R,1957-09-16,USA,male,81,0.0,,,0.0,
Ian Beverly,0,2,0.0,1971,1973,3,0.0,0.0,0.0,0.0,0.0,0.0,0.0,0.0,0.0,U,,UNK,male,2,0.0,,,0.0,
Torsten Popp,0,2,0.0,2006,2006,1,20.0,4.0,127.0,67.0,41.0,24.0,18.0,10.0,19.0,R,1983-11-25,GER,male,2,9.0,50.0,52.632,9.5,3.15
Martin Vassallo Arguello,47,81,36.719,2002,2010,9,322.0,333.0,9364.0,6335.0,4039.0,1459.0,1422.0,571.0,1002.0,R,1980-02-10,ARG,male,128,991.0,69.691,56.986,7.828,3.556
Wouter Fok,2,2,50.0,1977,1978,2,0.0,0.0,0.0,0.0,0.0,0.0,0.0,0.0,0.0,R,,NED,male,4,0.0,,,0.0,
Tomas Behrend,39,72,35.135,1997,2006,10,427.0,417.0,8202.0,4925.0,3304.0,1505.0,1254.0,502.0,893.0,R,1974-12-12,GER,male,111,863.0,68.82,56.215,8.045,5.084
Tomas Carbonell,178,193,47.978,1986,1999,14,1060.0,610.0,20893.0,14222.0,9105.0,2892.0,3156.0,1314.0,2363.0,R,1968-08-07,ESP,male,371,2107.0,66.762,55.607,6.369,2.92
Marat Safin,363,243,59.901,1998,2009,12,1396.0,4884.0,47497.0,26261.0,19687.0,11052.0,7447.0,2261.0,3624.0,R,1980-01-27,RUS,male,606,6084.0,81.697,62.39,5.98,10.283
Alejandro Gattiker,3,21,12.5,1979,1984,6,0.0,0.0,0.0,0.0,0.0,0.0,0.0,0.0,0.0,R,1958-05-05,ARG,male,24,0.0,,,0.0,
Ivan Navarro,35,65,35.0,2004,2012,9,316.0,671.0,7449.0,4537.0,3307.0,1436.0,1155.0,372.0,605.0,R,1981-10-19,ESP,male,100,922.0,79.827,61.488,6.05,9.008
Charles Mckinley,2,2,50.0,1968,1969,2,0.0,0.0,0.0,0.0,0.0,0.0,0.0,0.0,0.0,R,1941-01-05,USA,male,4,0.0,,,0.0,
Jean Baptiste Perlant,2,4,33.333,1998,1998,1,25.0,46.0,645.0,393.0,281.0,114.0,97.0,32.0,58.0,R,1977-02-22,FRA,male,6,71.0,73.196,55.172,9.667,7.132
Rick Fagel,46,93,33.094,1975,1983,9,0.0,0.0,0.0,0.0,0.0,0.0,0.0,0.0,0.0,R,1953-11-29,USA,male,139,0.0,,,0.0,
M Abid Ali Khan Akbar,2,2,50.0,2015,2018,4,2.0,3.0,82.0,49.0,33.0,16.0,12.0,4.0,7.0,U,1990-07-22,PAK,male,4,9.0,75.0,57.143,1.75,3.659
Mike Vermeer,0,4,0.0,2011,2012,2,0.0,0.0,0.0,0.0,0.0,0.0,0.0,0.0,0.0,U,1992-11-08,LUX,male,4,0.0,,,0.0,
Dawid Olejniczak,3,4,42.857,2007,2008,2,12.0,13.0,211.0,118.0,82.0,40.0,33.0,12.0,23.0,R,1983-03-01,POL,male,7,22.0,66.667,52.174,3.286,6.161
Hakar Zahr,4,12,25.0,1969,1972,4,0.0,0.0,0.0,0.0,0.0,0.0,0.0,0.0,0.0,R,,SWE,male,16,0.0,,,0.0,
Julien Jeanpierre,3,2,60.0,2004,2004,1,21.0,17.0,467.0,306.0,206.0,74.0,71.0,38.0,56.0,R,1980-03-10,FRA,male,5,53.0,74.648,67.857,11.2,3.64
Sebastian Dominguez,0,1,0.0,2019,2019,1,0.0,0.0,0.0,0.0,0.0,0.0,0.0,0.0,0.0,,2002-06-22,GUA,male,1,0.0,,,0.0,
Soon Woo Kwon,18,20,47.368,2018,2021,4,120.0,166.0,3087.0,1905.0,1320.0,612.0,482.0,162.0,271.0,R,1997-12-02,KOR,male,38,373.0,77.386,59.779,7.132,5.377
Seung Ho Ji,1,4,20.0,1991,1992,2,8.0,4.0,266.0,152.0,97.0,48.0,38.0,25.0,39.0,R,1968-01-28,KOR,male,5,24.0,63.158,64.103,7.8,1.504
Daniel Windahl,0,2,0.0,2016,2016,1,4.0,2.0,130.0,81.0,35.0,19.0,19.0,12.0,27.0,R,1996-07-20,SWE,male,2,4.0,21.053,44.444,13.5,1.538
Kevin Cheruiyot,0,1,0.0,2020,2020,1,0.0,0.0,0.0,0.0,0.0,0.0,0.0,0.0,0.0,R,1998-01-28,KEN,male,1,0.0,,,0.0,
John Fort,1,14,6.667,1970,1975,6,0.0,0.0,0.0,0.0,0.0,0.0,0.0,0.0,0.0,R,1949-09-28,USA,male,15,0.0,,,0.0,
Rik De Voest,33,53,38.372,2002,2014,13,107.0,226.0,4389.0,2651.0,1808.0,844.0,652.0,259.0,429.0,R,1980-06-05,RSA,male,86,482.0,73.926,60.373,4.988,5.149
Barry King,1,2,33.333,2011,2011,1,0.0,0.0,0.0,0.0,0.0,0.0,0.0,0.0,0.0,R,1985-01-22,IRL,male,3,0.0,,,0.0,
Satoshi Iwabuchi,6,15,28.571,1995,2008,14,40.0,33.0,1025.0,656.0,402.0,173.0,160.0,65.0,126.0,L,1975-10-07,JPN,male,21,99.0,61.875,51.587,6.0,3.22
Alberto Capitan,0,1,0.0,1976,1976,1,0.0,0.0,0.0,0.0,0.0,0.0,0.0,0.0,0.0,U,,ESP,male,1,0.0,,,0.0,
Scott Davis,163,149,52.244,1980,1992,13,184.0,106.0,2635.0,1477.0,1027.0,527.0,395.0,117.0,228.0,R,1962-08-27,USA,male,312,284.0,71.899,51.316,0.731,4.023
Rodrigo Rafael,4,3,57.143,1985,1987,3,0.0,0.0,0.0,0.0,0.0,0.0,0.0,0.0,0.0,U,1960-03-01,PHI,male,7,0.0,,,0.0,
Joel Figueras,0,1,0.0,1988,1988,1,0.0,0.0,0.0,0.0,0.0,0.0,0.0,0.0,0.0,R,1964-09-07,ESP,male,1,0.0,,,0.0,
Blake Strode,0,1,0.0,2012,2012,1,3.0,8.0,54.0,32.0,24.0,8.0,10.0,2.0,6.0,R,1987-07-09,USA,male,1,6.0,60.0,33.333,6.0,14.815
Roman Valent,0,1,0.0,2009,2009,1,2.0,1.0,46.0,27.0,16.0,7.0,8.0,0.0,4.0,R,1983-07-08,SUI,male,1,4.0,50.0,0.0,4.0,2.174
Weller Evans,0,1,0.0,1981,1981,1,0.0,0.0,0.0,0.0,0.0,0.0,0.0,0.0,0.0,R,1954-11-19,USA,male,1,0.0,,,0.0,
Massimiliano Narducci,18,22,45.0,1985,1989,5,0.0,0.0,0.0,0.0,0.0,0.0,0.0,0.0,0.0,R,1964-02-25,ITA,male,40,0.0,,,0.0,
Umesha Wallooppillai,11,4,73.333,1988,1991,4,0.0,0.0,0.0,0.0,0.0,0.0,0.0,0.0,0.0,U,1972-09-17,SRI,male,15,0.0,,,0.0,
Stephen Furlong,1,2,33.333,1985,1986,2,0.0,0.0,0.0,0.0,0.0,0.0,0.0,0.0,0.0,R,1967-10-01,AUS,male,3,0.0,,,0.0,
Daniel Danilovic,0,3,0.0,2009,2009,1,0.0,0.0,0.0,0.0,0.0,0.0,0.0,0.0,0.0,R,1988-07-25,SWE,male,3,0.0,,,0.0,
Milan Srejber,92,101,47.668,1985,1991,7,10.0,8.0,118.0,69.0,44.0,19.0,17.0,8.0,15.0,R,1963-12-30,CZE,male,193,10.0,58.824,53.333,0.078,6.78
Paul Smith,0,2,0.0,1977,1980,4,0.0,0.0,0.0,0.0,0.0,0.0,0.0,0.0,0.0,R,,NZL,male,2,0.0,,,0.0,
Sam Warburg,5,10,33.333,2006,2008,3,45.0,75.0,1170.0,788.0,521.0,200.0,185.0,57.0,103.0,R,1983-04-29,USA,male,15,139.0,75.135,55.34,6.867,6.41
Vittorio Crotta,7,15,31.818,1968,1973,6,0.0,0.0,0.0,0.0,0.0,0.0,0.0,0.0,0.0,R,,ITA,male,22,0.0,,,0.0,
Vittorio Crotta,7,15,31.818,1968,1973,6,0.0,0.0,0.0,0.0,0.0,0.0,0.0,0.0,0.0,U,1946-04-12,ITA,male,22,0.0,,,0.0,
Andrew Painter,0,1,0.0,1995,1995,1,17.0,11.0,117.0,52.0,37.0,15.0,12.0,6.0,13.0,R,1975-07-18,AUS,male,1,5.0,41.667,46.154,13.0,9.402
Warren Girle,0,1,0.0,1979,1979,1,0.0,0.0,0.0,0.0,0.0,0.0,0.0,0.0,0.0,R,,AUS,male,1,0.0,,,0.0,
Timothy Neilly,1,5,16.667,2008,2009,2,0.0,0.0,0.0,0.0,0.0,0.0,0.0,0.0,0.0,R,1987-08-24,BAH,male,6,0.0,,,0.0,
Manuel Castellanos,0,1,0.0,2016,2016,1,4.0,0.0,53.0,36.0,19.0,5.0,7.0,4.0,9.0,R,1996-08-04,DOM,male,1,2.0,28.571,44.444,9.0,0.0
Thiago Alves,7,27,20.588,2001,2013,13,77.0,81.0,2251.0,1440.0,917.0,390.0,350.0,124.0,236.0,R,1982-05-22,BRA,male,34,238.0,68.0,52.542,6.941,3.598
A H Davies,0,1,0.0,1970,1970,1,0.0,0.0,0.0,0.0,0.0,0.0,0.0,0.0,0.0,U,,GBR,male,1,0.0,,,0.0,
Peter Feigl,106,106,50.0,1975,1985,11,0.0,0.0,0.0,0.0,0.0,0.0,0.0,0.0,0.0,R,1951-11-30,AUT,male,212,0.0,,,0.0,
Rocky Vasquez,0,1,0.0,1976,1976,1,0.0,0.0,0.0,0.0,0.0,0.0,0.0,0.0,0.0,R,,USA,male,1,0.0,,,0.0,
Markus Gunthardt,2,15,11.765,1978,1983,6,0.0,0.0,0.0,0.0,0.0,0.0,0.0,0.0,0.0,R,1957-09-10,SUI,male,17,0.0,,,0.0,
Jeff Robbins,0,2,0.0,1968,1980,13,0.0,0.0,0.0,0.0,0.0,0.0,0.0,0.0,0.0,R,1959-03-01,USA,male,2,0.0,,,0.0,
Mahammad Abid,0,5,0.0,2012,2017,6,2.0,1.0,32.0,16.0,8.0,0.0,6.0,3.0,9.0,U,1994-06-03,PAK,male,5,0.0,0.0,33.333,1.8,3.125
Ricardo Mena,15,15,50.0,1990,2008,19,0.0,0.0,0.0,0.0,0.0,0.0,0.0,0.0,0.0,R,1971-10-22,PAR,male,30,0.0,,,0.0,
Jean Marc Bazanne,0,2,0.0,2011,2011,1,0.0,0.0,0.0,0.0,0.0,0.0,0.0,0.0,0.0,R,1989-07-29,HAI,male,2,0.0,,,0.0,
Zsombor Piros,2,3,40.0,2018,2019,2,14.0,30.0,514.0,337.0,220.0,85.0,79.0,30.0,53.0,U,1999-10-13,HUN,male,5,56.0,70.886,56.604,10.6,5.837
Marvin Rolle,0,6,0.0,2001,2009,9,0.0,0.0,0.0,0.0,0.0,0.0,0.0,0.0,0.0,R,1983-11-15,BAH,male,6,0.0,,,0.0,
Tsolak Gevorgyan,0,6,0.0,2001,2002,2,0.0,0.0,0.0,0.0,0.0,0.0,0.0,0.0,0.0,U,1975-08-18,ARM,male,6,0.0,,,0.0,
Emil Reinberg,0,1,0.0,2018,2018,1,1.0,4.0,59.0,24.0,14.0,12.0,7.0,4.0,9.0,R,1997-04-20,USA,male,1,2.0,28.571,44.444,9.0,6.78
Chiraid Mukherjea,4,7,36.364,1969,1977,9,0.0,0.0,0.0,0.0,0.0,0.0,0.0,0.0,0.0,R,1953-08-14,IND,male,11,0.0,,,0.0,
Mohamed Mamoun,5,5,50.0,2002,2009,8,0.0,0.0,0.0,0.0,0.0,0.0,0.0,0.0,0.0,R,1981-10-15,EGY,male,10,0.0,,,0.0,
G Doughty,0,1,0.0,1969,1969,1,0.0,0.0,0.0,0.0,0.0,0.0,0.0,0.0,0.0,U,,IRL,male,1,0.0,,,0.0,
Dale Collings,23,39,37.097,1974,1982,9,0.0,0.0,0.0,0.0,0.0,0.0,0.0,0.0,0.0,R,1955-12-16,AUS,male,62,0.0,,,0.0,
William Notar,0,1,0.0,1985,1985,1,0.0,0.0,0.0,0.0,0.0,0.0,0.0,0.0,0.0,R,1962-09-29,USA,male,1,0.0,,,0.0,
Helge Koll Frafjord,2,11,15.385,1994,2004,11,0.0,0.0,0.0,0.0,0.0,0.0,0.0,0.0,0.0,U,1975-05-31,NOR,male,13,0.0,,,0.0,
Giorgio Carneade,1,5,16.667,1989,1990,2,0.0,0.0,0.0,0.0,0.0,0.0,0.0,0.0,0.0,R,,ECU,male,6,0.0,,,0.0,
Gabriel Trujillo Soler,1,1,50.0,2008,2008,1,3.0,8.0,119.0,78.0,51.0,22.0,21.0,7.0,13.0,R,1979-09-30,ESP,male,2,15.0,71.429,53.846,6.5,6.723
Harold Solomon,454,232,66.181,1969,1991,23,2.0,0.0,60.0,32.0,18.0,6.0,9.0,8.0,15.0,R,1952-09-17,USA,male,686,2.0,22.222,53.333,0.022,0.0
Mazen Osama,1,0,100.0,2014,2014,1,0.0,0.0,0.0,0.0,0.0,0.0,0.0,0.0,0.0,U,1995-02-09,EGY,male,1,0.0,,,0.0,
Samson Ahinakwa,1,1,50.0,1989,1989,1,0.0,0.0,0.0,0.0,0.0,0.0,0.0,0.0,0.0,U,,GHA,male,2,0.0,,,0.0,
Tyler Chin,0,1,0.0,2009,2009,1,0.0,0.0,0.0,0.0,0.0,0.0,0.0,0.0,0.0,U,1988-07-03,JAM,male,1,0.0,,,0.0,
Pedro Sakamoto,0,1,0.0,2019,2019,1,2.0,2.0,41.0,25.0,14.0,6.0,8.0,0.0,4.0,U,1993-06-29,BRA,male,1,4.0,50.0,0.0,4.0,4.878
Stefan Edberg,622,197,75.946,1982,1996,15,1320.0,1062.0,28714.0,17663.0,12856.0,5698.0,4423.0,1401.0,2185.0,R,1966-01-19,SWE,male,819,3639.0,82.274,64.119,2.668,3.699
Ljuben Genov,0,5,0.0,1970,1973,4,0.0,0.0,0.0,0.0,0.0,0.0,0.0,0.0,0.0,U,1945-09-02,BUL,male,5,0.0,,,0.0,
John Whitlinger,33,59,35.87,1973,1980,8,0.0,0.0,0.0,0.0,0.0,0.0,0.0,0.0,0.0,R,1954-02-04,USA,male,92,0.0,,,0.0,
Colin Stubs,8,19,29.63,1968,1974,7,0.0,0.0,0.0,0.0,0.0,0.0,0.0,0.0,0.0,R,1941-02-27,AUS,male,27,0.0,,,0.0,
Eylon Sinai,0,3,0.0,1979,1984,6,0.0,0.0,0.0,0.0,0.0,0.0,0.0,0.0,0.0,R,,ISR,male,3,0.0,,,0.0,
Karim Fliss,0,1,0.0,1986,1986,1,0.0,0.0,0.0,0.0,0.0,0.0,0.0,0.0,0.0,U,1968-05-26,TUN,male,1,0.0,,,0.0,
Jose Cordon,0,3,0.0,1970,1972,3,0.0,0.0,0.0,0.0,0.0,0.0,0.0,0.0,0.0,U,,UNK,male,3,0.0,,,0.0,
Adrian Menendez Maceiras,6,18,25.0,2012,2019,8,59.0,112.0,2009.0,1218.0,813.0,381.0,299.0,108.0,196.0,R,1985-10-28,ESP,male,24,211.0,70.569,55.102,8.167,5.575
Wojtek Fibak,382,208,64.746,1974,1987,14,0.0,0.0,0.0,0.0,0.0,0.0,0.0,0.0,0.0,R,1952-08-03,POL,male,590,0.0,,,0.0,
Wojtek Fibak,382,208,64.746,1974,1987,14,0.0,0.0,0.0,0.0,0.0,0.0,0.0,0.0,0.0,R,1952-08-30,POL,male,590,0.0,,,0.0,
Steve Wood,0,2,0.0,1980,1987,8,0.0,0.0,0.0,0.0,0.0,0.0,0.0,0.0,0.0,R,1962-06-25,AUS,male,2,0.0,,,0.0,
Deniss Pavlovs,4,4,50.0,2002,2011,10,0.0,0.0,0.0,0.0,0.0,0.0,0.0,0.0,0.0,R,1983-04-15,LAT,male,8,0.0,,,0.0,
Corrado Barazzutti,289,189,60.46,1971,1984,14,0.0,0.0,0.0,0.0,0.0,0.0,0.0,0.0,0.0,R,1953-02-19,ITA,male,478,0.0,,,0.0,
Francois Synnaeghal,0,1,0.0,1980,1980,1,0.0,0.0,0.0,0.0,0.0,0.0,0.0,0.0,0.0,U,,CAN,male,1,0.0,,,0.0,
Jose Bernard,2,1,66.667,2003,2004,2,0.0,0.0,0.0,0.0,0.0,0.0,0.0,0.0,0.0,U,1980-07-17,DOM,male,3,0.0,,,0.0,
Yibing Wu,3,8,27.273,2017,2019,3,26.0,46.0,778.0,437.0,305.0,161.0,119.0,49.0,85.0,R,1999-10-14,CHN,male,11,83.0,69.748,57.647,7.727,5.913
U Unknown,14,134,9.459,1968,1987,20,0.0,0.0,0.0,0.0,0.0,0.0,0.0,0.0,0.0,U,,UNK,male,148,0.0,,,0.0,
Vicente Zarazua,2,7,22.222,1970,1973,4,0.0,0.0,0.0,0.0,0.0,0.0,0.0,0.0,0.0,U,1944-08-27,MEX,male,9,0.0,,,0.0,
Lucas Arnold Ker,22,30,42.308,1996,2000,5,230.0,129.0,4058.0,2455.0,1634.0,693.0,592.0,259.0,440.0,R,1974-10-12,ARG,male,52,411.0,69.426,58.864,8.462,3.179
Robert Morrison,1,1,50.0,1971,1971,1,0.0,0.0,0.0,0.0,0.0,0.0,0.0,0.0,0.0,U,,RSA,male,2,0.0,,,0.0,
Olli Rahnasto,19,22,46.341,1982,1991,10,3.0,1.0,34.0,17.0,6.0,6.0,6.0,1.0,6.0,R,1965-12-28,FIN,male,41,1.0,16.667,16.667,0.146,2.941
Bill Bowrey,80,75,51.613,1968,1974,7,0.0,0.0,0.0,0.0,0.0,0.0,0.0,0.0,0.0,R,1943-12-25,AUS,male,155,0.0,,,0.0,
Jose Prats,1,1,50.0,1968,1968,1,0.0,0.0,0.0,0.0,0.0,0.0,0.0,0.0,0.0,U,,ARG,male,2,0.0,,,0.0,
Louis Pretorius,1,1,50.0,1968,1968,1,0.0,0.0,0.0,0.0,0.0,0.0,0.0,0.0,0.0,R,1993-08-29,RSA,male,2,0.0,,,0.0,
Christo Steyn,40,46,46.512,1983,1988,6,0.0,0.0,0.0,0.0,0.0,0.0,0.0,0.0,0.0,R,1961-05-01,RSA,male,86,0.0,,,0.0,
Barry Cowan,5,21,19.231,1994,2002,9,143.0,202.0,2211.0,1266.0,946.0,415.0,327.0,136.0,215.0,L,1974-08-25,GBR,male,26,248.0,75.841,63.256,8.269,9.136
Scott Griekspoor,0,1,0.0,2018,2018,1,7.0,5.0,112.0,62.0,43.0,23.0,15.0,4.0,7.0,R,1991-01-10,NED,male,1,12.0,80.0,57.143,7.0,4.464
Luca Nardi,0,1,0.0,2020,2020,1,4.0,2.0,77.0,43.0,29.0,14.0,14.0,4.0,9.0,R,2003-08-06,ITA,male,1,9.0,64.286,44.444,9.0,2.597
Chris Greendale,0,1,0.0,1973,1973,1,0.0,0.0,0.0,0.0,0.0,0.0,0.0,0.0,0.0,U,,,male,1,0.0,,,0.0,
Tony Lloyd,2,2,50.0,1977,1980,4,0.0,0.0,0.0,0.0,0.0,0.0,0.0,0.0,0.0,R,1956-12-03,GBR,male,4,0.0,,,0.0,
Renouk Wijemanne,1,0,100.0,1999,1999,1,0.0,0.0,0.0,0.0,0.0,0.0,0.0,0.0,0.0,U,1981-10-18,SRI,male,1,0.0,,,0.0,
Wei Jen Cheng,5,7,41.667,1999,2003,5,0.0,0.0,0.0,0.0,0.0,0.0,0.0,0.0,0.0,R,1980-12-02,TPE,male,12,0.0,,,0.0,
Pierre Ludovic Duclos,1,3,25.0,2010,2012,3,11.0,16.0,290.0,177.0,119.0,55.0,43.0,20.0,31.0,R,1986-01-08,CAN,male,4,32.0,74.419,64.516,7.75,5.517
Dexter Macbride,0,1,0.0,1987,1987,1,0.0,0.0,0.0,0.0,0.0,0.0,0.0,0.0,0.0,R,1964-10-21,USA,male,1,0.0,,,0.0,
Larry Stefanki,46,69,40.0,1979,1990,12,0.0,0.0,0.0,0.0,0.0,0.0,0.0,0.0,0.0,R,1957-07-23,USA,male,115,0.0,,,0.0,
Raymond Moore,259,267,49.24,1968,1982,15,0.0,0.0,0.0,0.0,0.0,0.0,0.0,0.0,0.0,R,1946-08-24,RSA,male,526,0.0,,,0.0,
Mehdi Benyebka,1,1,50.0,1991,1991,1,0.0,0.0,0.0,0.0,0.0,0.0,0.0,0.0,0.0,R,1969-09-26,ALG,male,2,0.0,,,0.0,
Jose Castanon,3,20,13.043,1970,1979,10,0.0,0.0,0.0,0.0,0.0,0.0,0.0,0.0,0.0,R,,ESP,male,23,0.0,,,0.0,
John Williams,1,3,25.0,1968,1973,6,0.0,0.0,0.0,0.0,0.0,0.0,0.0,0.0,0.0,U,,GBR,male,4,0.0,,,0.0,
Masaru Suishu,0,1,0.0,1982,1982,1,0.0,0.0,0.0,0.0,0.0,0.0,0.0,0.0,0.0,R,,JPN,male,1,0.0,,,0.0,
Adrian Pena,0,1,0.0,1968,1968,1,0.0,0.0,0.0,0.0,0.0,0.0,0.0,0.0,0.0,R,,COL,male,1,0.0,,,0.0,
Paul Goldstein,83,112,42.564,1993,2007,15,520.0,460.0,15324.0,9489.0,6167.0,2819.0,2272.0,983.0,1659.0,R,1976-08-04,USA,male,195,1596.0,70.246,59.253,8.508,3.002
Ilou Lonfo,4,5,44.444,1990,2001,12,0.0,0.0,0.0,0.0,0.0,0.0,0.0,0.0,0.0,R,1974-02-04,CIV,male,9,0.0,,,0.0,
Carl Sundberg,2,0,100.0,2006,2006,1,0.0,0.0,0.0,0.0,0.0,0.0,0.0,0.0,0.0,U,1988-01-11,NOR,male,2,0.0,,,0.0,
Ruben Torres,0,1,0.0,2000,2000,1,0.0,0.0,0.0,0.0,0.0,0.0,0.0,0.0,0.0,R,1981-02-23,COL,male,1,0.0,,,0.0,
Adrian Cruciat,1,2,33.333,2008,2008,1,3.0,12.0,160.0,100.0,71.0,25.0,26.0,10.0,17.0,R,1983-03-31,ROU,male,3,19.0,73.077,58.824,5.667,7.5
Ron Hightower,6,18,25.0,1980,1983,4,0.0,0.0,0.0,0.0,0.0,0.0,0.0,0.0,0.0,R,1958-12-12,USA,male,24,0.0,,,0.0,
Xavier Daufresne,16,24,40.0,1988,1995,8,71.0,91.0,2226.0,1363.0,897.0,398.0,324.0,155.0,262.0,R,1968-12-24,BEL,male,40,217.0,66.975,59.16,6.55,4.088
Jerry Dewitts,0,1,0.0,1968,1968,1,0.0,0.0,0.0,0.0,0.0,0.0,0.0,0.0,0.0,,1931-07-02,USA,male,1,0.0,,,0.0,
Bill Colson,1,4,20.0,1968,1969,2,0.0,0.0,0.0,0.0,0.0,0.0,0.0,0.0,0.0,R,1950-05-22,USA,male,5,0.0,,,0.0,
Phil Tovey,0,1,0.0,1973,1973,1,0.0,0.0,0.0,0.0,0.0,0.0,0.0,0.0,0.0,U,,UNK,male,1,0.0,,,0.0,
Keith Carpenter,1,9,10.0,1968,1975,8,0.0,0.0,0.0,0.0,0.0,0.0,0.0,0.0,0.0,R,1941-08-03,CAN,male,10,0.0,,,0.0,
Yusuke Takahashi,0,1,0.0,2017,2017,1,2.0,4.0,87.0,43.0,28.0,22.0,15.0,4.0,9.0,U,1997-10-17,JPN,male,1,10.0,66.667,44.444,9.0,4.598
Kevin Moir,3,10,23.077,1981,1988,8,0.0,0.0,0.0,0.0,0.0,0.0,0.0,0.0,0.0,R,1961-10-14,RSA,male,13,0.0,,,0.0,
Toufiq Zhalan,1,1,50.0,1997,1997,1,0.0,0.0,0.0,0.0,0.0,0.0,0.0,0.0,0.0,U,1973-12-06,LIB,male,2,0.0,,,0.0,
Joseph Lizardo,12,11,52.174,1992,1999,8,0.0,0.0,0.0,0.0,0.0,0.0,0.0,0.0,0.0,R,1969-01-17,PHI,male,23,0.0,,,0.0,
Gary Lemon,1,1,50.0,1985,1985,1,0.0,0.0,0.0,0.0,0.0,0.0,0.0,0.0,0.0,R,1961-04-16,USA,male,2,0.0,,,0.0,
I Mckenzie,0,1,0.0,1971,1971,1,0.0,0.0,0.0,0.0,0.0,0.0,0.0,0.0,0.0,U,,IRL,male,1,0.0,,,0.0,
Remzi Aydin,2,2,50.0,1971,1979,9,0.0,0.0,0.0,0.0,0.0,0.0,0.0,0.0,0.0,U,1948-10-28,TUR,male,4,0.0,,,0.0,
Daryl Delicata,0,7,0.0,1987,1996,10,0.0,0.0,0.0,0.0,0.0,0.0,0.0,0.0,0.0,U,1966-03-27,MLT,male,7,0.0,,,0.0,
Gaston Escofet,0,1,0.0,1979,1979,1,0.0,0.0,0.0,0.0,0.0,0.0,0.0,0.0,0.0,R,,ESP,male,1,0.0,,,0.0,
Guillaume Couillard,3,7,30.0,2003,2009,7,0.0,0.0,0.0,0.0,0.0,0.0,0.0,0.0,0.0,R,1975-12-10,MON,male,10,0.0,,,0.0,
Jim Courier,436,190,69.649,1987,2000,14,1236.0,2416.0,37637.0,23372.0,17327.0,7602.0,5900.0,1626.0,2570.0,R,1970-08-17,USA,male,626,4956.0,84.0,63.268,4.105,6.419
Nicolas Almagro,397,276,58.99,2003,2018,16,1642.0,5415.0,51110.0,29685.0,22203.0,11311.0,8134.0,2322.0,3748.0,R,1985-08-21,ESP,male,673,6708.0,82.469,61.953,5.569,10.595
Vladimir Pavicevic,2,1,66.667,2002,2002,1,0.0,0.0,0.0,0.0,0.0,0.0,0.0,0.0,0.0,R,1977-02-26,SRB,male,3,0.0,,,0.0,
Evghenii Plugariov,2,3,40.0,2001,2002,2,0.0,0.0,0.0,0.0,0.0,0.0,0.0,0.0,0.0,R,1980-07-02,MDA,male,5,0.0,,,0.0,
Moncef Zehar,3,3,50.0,1986,1990,5,0.0,0.0,0.0,0.0,0.0,0.0,0.0,0.0,0.0,R,1968-02-18,ALG,male,6,0.0,,,0.0,
F Egyir,1,0,100.0,2002,2002,1,0.0,0.0,0.0,0.0,0.0,0.0,0.0,0.0,0.0,,,GHA,male,1,0.0,,,0.0,
Brett Dickinson,3,7,30.0,1985,1987,3,0.0,0.0,0.0,0.0,0.0,0.0,0.0,0.0,0.0,R,1962-12-04,USA,male,10,0.0,,,0.0,
Hasan Ibrahim,0,1,0.0,2020,2020,1,2.0,1.0,112.0,82.0,60.0,18.0,16.0,7.0,8.0,U,1995-08-17,GER,male,1,15.0,93.75,87.5,8.0,0.893
Chareonchai Tritilinant,0,2,0.0,1985,1985,1,0.0,0.0,0.0,0.0,0.0,0.0,0.0,0.0,0.0,U,,THA,male,2,0.0,,,0.0,
Olivier Delaitre,95,142,40.084,1986,1998,13,659.0,556.0,14105.0,7598.0,5212.0,3155.0,2121.0,798.0,1407.0,R,1967-06-01,FRA,male,237,1512.0,71.287,56.716,5.937,3.942
Eddie Myers,1,1,50.0,1980,1980,1,0.0,0.0,0.0,0.0,0.0,0.0,0.0,0.0,0.0,R,,AUS,male,2,0.0,,,0.0,
Paul Harsanyi,0,3,0.0,1998,2001,4,11.0,6.0,183.0,96.0,46.0,38.0,27.0,13.0,30.0,U,1974-12-30,USA,male,3,10.0,37.037,43.333,10.0,3.279
Gael Monfils,487,281,63.411,2004,2021,18,2667.0,6122.0,59950.0,37511.0,27287.0,11211.0,9461.0,2900.0,4716.0,R,1986-09-01,FRA,male,768,7645.0,80.805,61.493,6.141,10.212
