name,f_year,l_year,tournament_duration,total_matches,minutes,surface,best_of,t_month,most_wins,df,ace,svpt,1stIn,1stWon,2ndWon,SvGms,bpSaved,bpFaced
ATP Next Gen Finals,2018,2018,1,16,89.125,Hard,3,11,Stefanos Tsitsipas,52.0,176.5,1698.0,1101.5,849.0,296.0,270.0,98.0,138.0
Acapulco,2001,2020,20,620,99.05,Hard,3,2,David Ferrer,2442.5,4866.5,64777.5,39432.5,28441.5,13070.5,10212.5,3283.0,5331.5
Adelaide,1972,2020,49,1119,90.342,Hard,3,1,Lleyton Hewitt,2506.0,4677.0,62614.5,36849.0,26667.0,13628.0,9836.5,3131.5,4972.5
Adelaide-2,1982,1982,1,31,0.0,Grass,3,1,Rod Frawley,0.0,0.0,0.0,0.0,0.0,0.0,0.0,0.0,0.0
Aix en Provence,1977,1984,8,124,0.0,Clay,3,4,Guillermo Vilas,0.0,0.0,0.0,0.0,0.0,0.0,0.0,0.0,0.0
Algiers,1975,1975,1,31,0.0,Clay,3,2,Birger Andersson,0.0,0.0,0.0,0.0,0.0,0.0,0.0,0.0,0.0
Amersfoort,2002,2008,7,213,93.259,Clay,3,7,Nicolas Massu,737.5,1375.0,21901.0,13383.5,9440.5,4390.0,3386.5,1176.0,1886.0
Amsterdam,1995,2001,7,217,93.46,Clay,3,7,Younes El Aynaoui,782.5,1310.5,23774.5,14475.5,10090.0,4746.5,3687.5,1220.0,2055.0
Antalya,2017,2021,5,112,96.464,Grass,3,6,Adrian Mannarino,468.0,1128.5,12225.5,7659.5,5738.5,2379.0,1927.0,565.0,862.5
Antwerp,1997,2020,24,197,97.649,Hard,3,10,Diego Schwartzman,855.0,1883.0,21387.5,12427.5,9276.0,4671.5,3387.0,1012.5,1620.5
Aptos,1973,1973,1,31,0.0,Hard,3,9,Jeff Austin,0.0,0.0,0.0,0.0,0.0,0.0,0.0,0.0,0.0
Athens,1986,1994,9,279,97.82,Clay,3,10,Jordi Arrese,324.5,416.5,12785.5,8336.0,5598.0,2234.0,1989.5,698.0,1197.5
Athens Olympics,2004,2004,1,64,0.0,Hard,3,8,Nicolas Massu,0.0,0.0,0.0,0.0,0.0,0.0,0.0,0.0,0.0
Atlanta,1970,2019,50,718,94.503,Hard,3,7,John Isner,2564.0,5263.0,61737.0,36753.0,26568.5,12992.5,9697.5,3146.5,5073.0
Atlanta Olympics,1996,1996,1,64,0.0,Hard,3,7,Andre Agassi,0.0,0.0,0.0,0.0,0.0,0.0,0.0,0.0,0.0
Atlanta WCT,1973,1974,2,62,0.0,Clay,3,3,Dick Stockton,0.0,0.0,0.0,0.0,0.0,0.0,0.0,0.0,0.0
Atp Cup,2020,2021,2,116,104.293,Hard,3,1,Novak Djokovic,448.0,1073.5,12117.5,7692.5,5652.5,2227.0,1906.0,616.0,974.0
Auckland,1969,2020,52,1492,91.199,Hard,3,1,David Ferrer,3485.5,6926.0,93612.0,56835.5,40857.0,19275.5,14633.0,4705.5,7481.0
Australian Chps.,1968,1968,1,61,0.0,Grass,5,1,Bill Bowrey,0.0,0.0,0.0,0.0,0.0,0.0,0.0,0.0,0.0
Australian Open,1969,2021,53,5542,144.473,Hard,5,1,Roger Federer,22985.0,51100.5,653411.0,402579.5,292143.5,126700.5,100868.0,31723.0,51572.0
Australian Open-2,1977,1977,1,63,0.0,Grass,5,12,Vitas Gerulaitis,0.0,0.0,0.0,0.0,0.0,0.0,0.0,0.0,0.0
Aviles,1975,1976,2,62,0.0,Clay,3,10,Nikola Pilic,0.0,0.0,0.0,0.0,0.0,0.0,0.0,0.0,0.0
Bahia,1983,1983,1,31,0.0,Hard,3,11,Pedro Rebolledo,0.0,0.0,0.0,0.0,0.0,0.0,0.0,0.0,0.0
Baltimore,1972,1973,2,22,0.0,Hard,3,1,Jimmy Connors,0.0,0.0,0.0,0.0,0.0,0.0,0.0,0.0,0.0
Bangalore,1976,1976,1,31,0.0,Clay,3,11,Kim Warwick,0.0,0.0,0.0,0.0,0.0,0.0,0.0,0.0,0.0
Bangkok,2003,2013,11,317,94.082,Hard,3,9,Jarkko Nieminen,996.5,3285.5,34180.0,21586.5,15864.5,6583.5,5416.0,1607.5,2533.5
Barcelona,1968,2019,52,2987,97.656,Clay,3,4,Rafael Nadal,4613.0,7860.0,163226.0,102422.0,69832.0,31191.0,25169.0,9102.5,14992.5
Barcelona Olympics,1992,1992,1,63,0.0,Clay,5,7,Marc Rosset,0.0,0.0,0.0,0.0,0.0,0.0,0.0,0.0,0.0
Barcelona WCT,1971,1976,6,67,0.0,Clay,3,2,Manuel Orantes,0.0,0.0,0.0,0.0,0.0,0.0,0.0,0.0,0.0
Bari,1984,1989,6,186,0.0,Clay,3,4,Lawson Duncan,0.0,0.0,0.0,0.0,0.0,0.0,0.0,0.0,0.0
Barranquilla,1969,1969,1,6,0.0,Clay,3,3,Ilie Nastase,0.0,0.0,0.0,0.0,0.0,0.0,0.0,0.0,0.0
Basel,1978,2019,42,1023,93.857,Hard,3,10,Roger Federer,2643.0,6569.0,66041.5,38641.5,29287.0,14574.5,10579.5,2876.5,4581.5
Bastad,1969,2019,51,1557,94.696,Clay,3,7,Tommy Robredo,3299.5,4029.0,88822.0,54718.5,37016.5,17100.5,13656.5,5154.0,8577.0
Beijing,1997,2019,23,523,94.714,Hard,3,9,Novak Djokovic,2093.5,4356.0,53887.5,32520.0,23608.5,11056.5,8492.0,2721.0,4373.0
Beijing Olympics,2008,2008,1,64,102.317,Hard,3,8,Rafael Nadal,255.5,486.5,6651.0,3881.0,2853.0,1465.5,1065.0,308.0,502.0
Belgrade,2009,2012,4,108,100.701,Clay,3,5,Novak Djokovic,442.0,623.0,11425.5,6944.5,4808.5,2275.5,1752.5,636.5,1046.0
Berkeley,1970,1971,2,126,0.0,Hard,3,9,Arthur Ashe,0.0,0.0,0.0,0.0,0.0,0.0,0.0,0.0,0.0
Berlin,1971,1979,9,179,0.0,Clay,3,6,Hans Jurgen Pohmann,0.0,0.0,0.0,0.0,0.0,0.0,0.0,0.0,0.0
Bermuda,1975,1996,22,109,96.583,Clay,3,4,Javier Frana,181.0,320.5,6739.0,4389.5,2956.5,1183.5,1029.0,387.5,631.0
Birmingham,1973,1994,22,109,99.806,Clay,3,4,Jimmy Connors,140.5,164.5,3321.5,1983.5,1376.0,680.5,510.0,177.5,288.5
Boca Raton,1975,1976,2,62,0.0,Hard,3,2,Jimmy Connors,0.0,0.0,0.0,0.0,0.0,0.0,0.0,0.0,0.0
Boca West,1984,1986,3,158,0.0,Hard,3,2,Jimmy Connors,0.0,0.0,0.0,0.0,0.0,0.0,0.0,0.0,0.0
Bogota,1977,2015,39,422,88.477,Clay,3,9,Victor Pecci,1738.0,2482.5,32098.0,18712.0,13686.5,6786.5,5026.0,1603.5,2635.0
Bologna,1985,1998,14,434,98.437,Clay,3,5,Javier Sanchez,838.5,1089.5,26254.5,16062.5,10777.0,5153.5,4050.0,1491.5,2538.0
Bombay,1974,1979,6,93,0.0,Clay,3,11,Vijay Amritraj,0.0,0.0,0.0,0.0,0.0,0.0,0.0,0.0,0.0
Bordeaux,1979,1995,17,527,91.916,Clay,3,9,Ronald Agenor,520.0,792.0,16116.5,9470.0,6570.0,3450.0,2480.5,856.5,1420.0
Boston,1969,1999,31,1193,90.826,Clay,3,7,Guillermo Vilas,469.0,679.5,9910.0,5501.0,4017.5,2283.5,1538.5,518.5,820.5
Boston WCT,1971,1972,2,62,0.0,Hard,3,8,Cliff Drysdale,0.0,0.0,0.0,0.0,0.0,0.0,0.0,0.0,0.0
Bournemouth,1968,1999,32,639,84.633,Clay,3,4,Manuel Orantes,448.5,633.5,12473.0,7383.0,5100.5,2627.5,1930.5,664.0,1119.0
Bretton Woods,1972,1974,3,77,0.0,Clay,3,8,Vijay Amritraj,0.0,0.0,0.0,0.0,0.0,0.0,0.0,0.0,0.0
Brighton,2000,2000,1,31,83.345,Hard,3,11,Tim Henman,145.0,264.0,2955.5,1615.0,1206.5,685.0,467.0,150.0,249.0
Brisbane,1972,2018,47,725,97.61,Hard,3,12,Mark Edmondson,1351.5,3921.0,40370.5,24432.0,18140.0,8415.0,6379.0,1916.5,2981.5
Bristol,1969,1989,21,454,0.0,Grass,3,6,Johan Kriek,0.0,0.0,0.0,0.0,0.0,0.0,0.0,0.0,0.0
Brussels,1969,1982,14,325,0.0,Clay,3,6,Balazs Taroczy,0.0,0.0,0.0,0.0,0.0,0.0,0.0,0.0,0.0
Bucharest,1993,2016,24,716,96.449,Clay,3,9,Gilles Simon,2214.0,3194.0,74449.5,46348.5,31411.5,14368.0,11489.5,4282.0,7082.5
Budapest,2017,2019,3,81,100.407,Clay,3,4,Aljaz Bedene,236.0,466.0,8788.5,5629.0,3900.0,1635.0,1393.0,464.5,767.0
Buenos Aires,1968,2020,53,1300,101.95,Clay,3,2,Guillermo Vilas,2255.5,3174.5,74536.0,47269.5,32463.5,13984.5,11528.5,4037.5,6637.0
Buzios,1991,1992,2,62,92.306,Hard,3,11,Jaime Oncins,210.5,249.5,6481.0,4144.5,2840.5,1187.0,994.0,379.0,604.0
Cairo,1975,1982,8,185,0.0,Clay,3,3,Francois Jauffret,0.0,0.0,0.0,0.0,0.0,0.0,0.0,0.0,0.0
Calcutta,1975,1978,4,62,0.0,Clay,3,12,Vijay Amritraj,0.0,0.0,0.0,0.0,0.0,0.0,0.0,0.0,0.0
Cambridge,1970,1970,1,5,0.0,Clay,3,3,Cliff Richey,0.0,0.0,0.0,0.0,0.0,0.0,0.0,0.0,0.0
Canada Masters,1990,2019,30,1698,95.908,Hard,3,8,Rafael Nadal,7452.5,14991.5,177715.0,104783.5,77126.0,38178.0,27882.0,8816.0,13854.5
Cap D'Adge WCT,1982,1982,1,31,0.0,Clay,3,7,Tomas Smid,0.0,0.0,0.0,0.0,0.0,0.0,0.0,0.0,0.0
Caracas,1969,1983,15,113,0.0,Hard,3,2,Raul Ramirez,0.0,0.0,0.0,0.0,0.0,0.0,0.0,0.0,0.0
Caracas WCT,1975,1976,2,43,0.0,Clay,3,3,Raul Ramirez,0.0,0.0,0.0,0.0,0.0,0.0,0.0,0.0,0.0
Casablanca,1990,2015,26,751,95.999,Clay,3,5,Younes El Aynaoui,2749.0,3226.0,74891.0,45556.5,30771.0,14729.0,11549.0,4180.5,7186.0
Catania,1971,1971,1,32,0.0,Clay,3,4,Jan Kodes,0.0,0.0,0.0,0.0,0.0,0.0,0.0,0.0,0.0
Charleston,1988,1989,2,62,0.0,Clay,3,4,Lawson Duncan,0.0,0.0,0.0,0.0,0.0,0.0,0.0,0.0,0.0
Charlotte,1970,1993,24,204,97.413,Clay,3,4,Jaime Yzaga,295.0,438.5,9646.5,5983.0,4110.0,1879.0,1502.0,547.5,903.0
Charlotte WCT,1972,1973,2,61,0.0,Clay,3,4,Ken Rosewall,0.0,0.0,0.0,0.0,0.0,0.0,0.0,0.0,0.0
Chengdu,2016,2019,4,108,98.676,Hard,3,9,Pablo Carreno Busta,435.5,1270.5,12176.5,7619.0,5715.0,2371.0,1946.5,510.5,823.5
Chennai,1997,2017,21,627,91.616,Hard,3,12,Carlos Moya,2439.5,4618.0,64065.0,37810.5,27193.5,13826.5,10079.5,3177.0,5187.5
Chorpus Christi,1970,1970,1,7,0.0,Hard,3,2,Ken Rosewall,0.0,0.0,0.0,0.0,0.0,0.0,0.0,0.0,0.0
Cincinnati,1968,1989,22,1270,0.0,Hard,3,8,Jimmy Connors,0.0,0.0,0.0,0.0,0.0,0.0,0.0,0.0,0.0
Cincinnati Masters,1990,2020,31,1761,94.911,Hard,3,8,Roger Federer,7591.5,17626.5,182191.5,107239.0,80430.0,39538.0,28889.0,8395.0,13197.5
Cleveland,1978,1985,8,217,0.0,Hard,3,8,Gene Mayer,0.0,0.0,0.0,0.0,0.0,0.0,0.0,0.0,0.0
Cleveland WCT,1972,1972,1,31,0.0,Hard,3,8,Mark Cox,0.0,0.0,0.0,0.0,0.0,0.0,0.0,0.0,0.0
Cologne,1978,1992,15,279,99.467,Hard,3,10,Nick Saviano,72.5,132.0,3214.5,1981.5,1324.5,625.5,494.0,183.5,309.5
Cologne 1,2020,2020,1,27,107.185,Hard,3,10,Alexander Zverev,108.5,161.0,2972.0,1812.5,1248.0,589.5,460.5,178.5,291.0
Cologne 2,2020,2020,1,27,102.407,Hard,3,10,Alexander Zverev,122.5,171.5,2883.0,1786.5,1249.5,520.5,438.0,190.5,299.0
Colombus,1978,1980,3,93,0.0,Hard,3,8,Brian Gottfried,0.0,0.0,0.0,0.0,0.0,0.0,0.0,0.0,0.0
Columbus,1971,1984,14,388,0.0,Hard,3,8,Jimmy Connors,0.0,0.0,0.0,0.0,0.0,0.0,0.0,0.0,0.0
Copenhagen,2000,2003,4,124,93.726,Hard,3,2,Andreas Vinciguerra,611.0,988.5,13731.5,7822.0,5651.0,3084.5,2133.5,674.0,1113.5
Coral Springs,1993,1998,6,186,94.016,Clay,3,5,Jason Stoltenberg,756.5,1245.0,19856.0,11851.0,8301.5,4145.0,3065.0,1062.0,1726.0
Cordoba,2019,2021,3,81,109.568,Clay,3,2,Juan Ignacio Londero,347.5,415.5,8981.5,5683.0,3881.5,1679.0,1375.0,536.0,852.5
Costa Do Sauipe,2001,2011,11,337,100.955,Clay,3,2,Nicolas Almagro,1220.5,2033.0,34264.5,20757.0,14501.5,6945.0,5380.5,1822.5,3050.5
Dallas,1983,1983,1,31,0.0,Hard,3,9,Andres Gomez,0.0,0.0,0.0,0.0,0.0,0.0,0.0,0.0,0.0
Davis Cup AFR QF: ALG vs CIV,1986,1986,1,4,0.0,Clay,5,3,Reda Galou,0.0,0.0,0.0,0.0,0.0,0.0,0.0,0.0,0.0
Davis Cup AFR QF: KEN vs ZIM,1987,1987,1,4,0.0,Clay,5,3,Byron Black,0.0,0.0,0.0,0.0,0.0,0.0,0.0,0.0,0.0
Davis Cup AFR QF: MAR vs KEN,1986,1986,1,4,0.0,Hard,5,3,Paul Wekesa,0.0,0.0,0.0,0.0,0.0,0.0,0.0,0.0,0.0
Davis Cup AFR QF: MEX vs KOR,1971,1971,1,4,0.0,Clay,5,5,Joaquin Loyo Mayo,0.0,0.0,0.0,0.0,0.0,0.0,0.0,0.0,0.0
Davis Cup AFR QF: SEN vs ALG,1987,1987,1,4,0.0,Hard,5,3,Yahiya Doumbia,0.0,0.0,0.0,0.0,0.0,0.0,0.0,0.0,0.0
Davis Cup AFR QF: SEN vs NGR,1986,1986,1,4,0.0,Hard,5,3,Nduka Odizor,0.0,0.0,0.0,0.0,0.0,0.0,0.0,0.0,0.0
Davis Cup AFR QF: ZIM vs LBA,1986,1986,1,4,0.0,Hard,5,3,Orlando Lourenco,0.0,0.0,0.0,0.0,0.0,0.0,0.0,0.0,0.0
Davis Cup AFR R1: SEN vs MAR,1987,1987,1,4,0.0,Hard,5,1,Yahiya Doumbia,0.0,0.0,0.0,0.0,0.0,0.0,0.0,0.0,0.0
Davis Cup AFR R1: TUN vs NGR,1986,1986,1,4,0.0,Clay,5,1,Nduka Odizor,0.0,0.0,0.0,0.0,0.0,0.0,0.0,0.0,0.0
Davis Cup AFR SF: ALG vs NGR,1986,1986,1,4,0.0,Clay,5,4,Tony Mmoh,0.0,0.0,0.0,0.0,0.0,0.0,0.0,0.0,0.0
Davis Cup AFR SF: NZL vs KOR,1980,1980,1,2,0.0,Grass,5,2,Onny Parun,0.0,0.0,0.0,0.0,0.0,0.0,0.0,0.0,0.0
Davis Cup AFR SF: SEN vs EGY,1987,1987,1,4,0.0,Hard,5,4,Yahiya Doumbia,0.0,0.0,0.0,0.0,0.0,0.0,0.0,0.0,0.0
Davis Cup AFR SF: ZIM vs MAR,1986,1986,1,4,0.0,Hard,5,4,Haroon Ismail,0.0,0.0,0.0,0.0,0.0,0.0,0.0,0.0,0.0
Davis Cup AFR SF: ZIM vs NGR,1987,1987,1,4,0.0,Hard,5,4,Byron Black,0.0,0.0,0.0,0.0,0.0,0.0,0.0,0.0,0.0
Davis Cup AME F: ARG vs USA,1977,1980,4,8,0.0,Clay,5,3,Guillermo Vilas,0.0,0.0,0.0,0.0,0.0,0.0,0.0,0.0,0.0
Davis Cup AME F: BRA vs CAN,1970,1970,1,4,0.0,Clay,5,7,Mike Belkin,0.0,0.0,0.0,0.0,0.0,0.0,0.0,0.0,0.0
Davis Cup AME F: BRA vs ECU,1987,1987,1,4,0.0,Clay,5,10,Luiz Mattar,0.0,0.0,0.0,0.0,0.0,0.0,0.0,0.0,0.0
Davis Cup AME F: BRA vs MEX,1969,1985,17,8,0.0,Clay,5,7,Thomaz Koch,0.0,0.0,0.0,0.0,0.0,0.0,0.0,0.0,0.0
Davis Cup AME F: CAN vs COL,1982,1982,1,3,0.0,Hard,5,3,Rejean Genois,0.0,0.0,0.0,0.0,0.0,0.0,0.0,0.0,0.0
Davis Cup AME F: CAN vs NZL,1970,1970,1,4,0.0,Clay,5,6,Brian Fairlie,0.0,0.0,0.0,0.0,0.0,0.0,0.0,0.0,0.0
Davis Cup AME F: CAN vs PAR,1982,1982,1,4,0.0,Hard,5,5,Francisco Gonzalez,0.0,0.0,0.0,0.0,0.0,0.0,0.0,0.0,0.0
Davis Cup AME F: CHI vs ARG,1986,1986,1,4,0.0,Clay,5,10,Horacio De La Pena,0.0,0.0,0.0,0.0,0.0,0.0,0.0,0.0,0.0
Davis Cup AME F: CHI vs BRA,1984,1984,1,4,0.0,Clay,5,9,Hans Gildemeister,0.0,0.0,0.0,0.0,0.0,0.0,0.0,0.0,0.0
Davis Cup AME F: COL vs VEN,1981,1981,1,4,0.0,Clay,5,2,Carlos Behar,0.0,0.0,0.0,0.0,0.0,0.0,0.0,0.0,0.0
Davis Cup AME F: ECU vs BRA,1983,1983,1,4,0.0,Clay,5,9,Ricardo Ycaza,0.0,0.0,0.0,0.0,0.0,0.0,0.0,0.0,0.0
Davis Cup AME F: MEX vs AUS,1969,1969,1,4,0.0,Clay,5,5,Rafael Osuna,0.0,0.0,0.0,0.0,0.0,0.0,0.0,0.0,0.0
Davis Cup AME F: MEX vs BRA,1971,1971,1,4,0.0,Clay,5,7,Thomaz Koch,0.0,0.0,0.0,0.0,0.0,0.0,0.0,0.0,0.0
Davis Cup AME F: MEX vs NZL,1971,1971,1,4,0.0,Clay,5,6,Onny Parun,0.0,0.0,0.0,0.0,0.0,0.0,0.0,0.0,0.0
Davis Cup AME F: MEX vs USA,1972,1980,9,12,0.0,Clay,5,2,Harold Solomon,0.0,0.0,0.0,0.0,0.0,0.0,0.0,0.0,0.0
Davis Cup AME F: USA vs COL,1979,1979,1,4,0.0,Hard,5,3,John McEnroe,0.0,0.0,0.0,0.0,0.0,0.0,0.0,0.0,0.0
Davis Cup AME F: USA vs MEX,1968,1968,1,4,0.0,Hard,5,5,Arthur Ashe,0.0,0.0,0.0,0.0,0.0,0.0,0.0,0.0,0.0
Davis Cup AME PR: ARG vs ECU,1976,1976,1,4,0.0,Clay,5,11,Ricardo Cano,0.0,0.0,0.0,0.0,0.0,0.0,0.0,0.0,0.0
Davis Cup AME PR: BOL vs PER,1976,1976,1,4,0.0,Clay,5,10,Ramiro Gonzalo Benavides Saravia,0.0,0.0,0.0,0.0,0.0,0.0,0.0,0.0,0.0
Davis Cup AME PR: CAN vs MEX,1979,1979,1,4,0.0,Hard,5,10,Marcello Lara,0.0,0.0,0.0,0.0,0.0,0.0,0.0,0.0,0.0
Davis Cup AME PR: CAR vs CAN,1973,1979,7,8,0.0,Hard,5,10,Josef Brabenec,0.0,0.0,0.0,0.0,0.0,0.0,0.0,0.0,0.0
Davis Cup AME PR: CAR vs USA,1974,1974,1,4,0.0,Clay,5,10,Tom Gorman,0.0,0.0,0.0,0.0,0.0,0.0,0.0,0.0,0.0
Davis Cup AME PR: ECU vs ARG,1975,1975,1,4,0.0,Clay,5,10,Julian Ganzabal,0.0,0.0,0.0,0.0,0.0,0.0,0.0,0.0,0.0
Davis Cup AME PR: MEX vs CAN,1973,1978,6,12,0.0,Clay,5,10,Marcello Lara,0.0,0.0,0.0,0.0,0.0,0.0,0.0,0.0,0.0
Davis Cup AME PR: MEX vs CAR,1975,1975,1,4,0.0,Clay,5,11,Luis Baraldi,0.0,0.0,0.0,0.0,0.0,0.0,0.0,0.0,0.0
Davis Cup AME PR: URU vs ECU,1976,1976,1,4,0.0,Clay,5,10,Ricardo Ycaza,0.0,0.0,0.0,0.0,0.0,0.0,0.0,0.0,0.0
Davis Cup AME PR: USA vs MEX,1975,1975,1,4,0.0,Hard,5,1,Raul Ramirez,0.0,0.0,0.0,0.0,0.0,0.0,0.0,0.0,0.0
Davis Cup AME PR: USA vs VEN,1975,1975,1,4,0.0,Hard,5,10,Jimmy Connors,0.0,0.0,0.0,0.0,0.0,0.0,0.0,0.0,0.0
Davis Cup AME QF: ARG vs BRA,1975,1975,1,4,0.0,Clay,5,12,Lito Alvarez,0.0,0.0,0.0,0.0,0.0,0.0,0.0,0.0,0.0
Davis Cup AME QF: ARG vs URU,1986,1986,1,4,0.0,Clay,5,3,Horacio De La Pena,0.0,0.0,0.0,0.0,0.0,0.0,0.0,0.0,0.0
Davis Cup AME QF: BRA vs ARG,1976,1976,1,4,0.0,Clay,5,12,Guillermo Vilas,0.0,0.0,0.0,0.0,0.0,0.0,0.0,0.0,0.0
Davis Cup AME QF: BRA vs PER,1984,1984,1,4,0.0,Clay,5,3,Marcos Hocevar,0.0,0.0,0.0,0.0,0.0,0.0,0.0,0.0,0.0
Davis Cup AME QF: CAN vs VEN,1983,1983,1,4,0.0,Hard,5,3,Rejean Genois,0.0,0.0,0.0,0.0,0.0,0.0,0.0,0.0,0.0
Davis Cup AME QF: CAR vs BRA,1986,1986,1,4,0.0,Hard,5,3,Nelson Aerts,0.0,0.0,0.0,0.0,0.0,0.0,0.0,0.0,0.0
Davis Cup AME QF: CAR vs CHI,1987,1987,1,4,0.0,Hard,5,3,Ricardo Acuna,0.0,0.0,0.0,0.0,0.0,0.0,0.0,0.0,0.0
Davis Cup AME QF: CAR vs URU,1984,1984,1,4,0.0,Clay,5,3,Hugo Roverano,0.0,0.0,0.0,0.0,0.0,0.0,0.0,0.0,0.0
Davis Cup AME QF: CHI vs CAN,1986,1986,1,4,0.0,Clay,5,3,Hans Gildemeister,0.0,0.0,0.0,0.0,0.0,0.0,0.0,0.0,0.0
Davis Cup AME QF: CHI vs COL,1984,1984,1,4,0.0,Clay,5,1,Ricardo Acuna,0.0,0.0,0.0,0.0,0.0,0.0,0.0,0.0,0.0
Davis Cup AME QF: CHN vs KOR,1984,1984,1,3,0.0,Clay,5,3,Wei You,0.0,0.0,0.0,0.0,0.0,0.0,0.0,0.0,0.0
Davis Cup AME QF: COL vs BRA,1983,1983,1,4,0.0,Clay,5,3,Cassio Motta,0.0,0.0,0.0,0.0,0.0,0.0,0.0,0.0,0.0
Davis Cup AME QF: COL vs PER,1986,1986,1,3,0.0,Clay,5,3,Jaime Yzaga,0.0,0.0,0.0,0.0,0.0,0.0,0.0,0.0,0.0
Davis Cup AME QF: ECU vs BOL,1987,1987,1,4,0.0,Clay,5,3,Andres Gomez,0.0,0.0,0.0,0.0,0.0,0.0,0.0,0.0,0.0
Davis Cup AME QF: ECU vs CAR,1983,1983,1,4,0.0,Clay,5,3,Raul Antonio Viver,0.0,0.0,0.0,0.0,0.0,0.0,0.0,0.0,0.0
Davis Cup AME QF: JPN vs CHN,1983,1983,1,4,0.0,Hard,5,3,Tsuyoshi Fukui,0.0,0.0,0.0,0.0,0.0,0.0,0.0,0.0,0.0
Davis Cup AME QF: JPN vs PHI,1984,1984,1,4,0.0,Hard,5,3,Shozo Shiraishi,0.0,0.0,0.0,0.0,0.0,0.0,0.0,0.0,0.0
Davis Cup AME QF: MEX vs CAN,1984,1984,1,4,0.0,Clay,5,3,Jorge Lozano,0.0,0.0,0.0,0.0,0.0,0.0,0.0,0.0,0.0
Davis Cup AME QF: MEX vs PER,1985,1985,1,4,0.0,Clay,5,3,Francisco Maciel,0.0,0.0,0.0,0.0,0.0,0.0,0.0,0.0,0.0
Davis Cup AME QF: MEX vs USA,1975,1975,1,4,0.0,Clay,5,12,Raul Ramirez,0.0,0.0,0.0,0.0,0.0,0.0,0.0,0.0,0.0
Davis Cup AME QF: PER vs CAN,1987,1987,1,4,0.0,Clay,5,3,Martin Wostenholme,0.0,0.0,0.0,0.0,0.0,0.0,0.0,0.0,0.0
Davis Cup AME QF: URU vs BRA,1987,1987,1,4,0.0,Clay,5,3,Luiz Mattar,0.0,0.0,0.0,0.0,0.0,0.0,0.0,0.0,0.0
Davis Cup AME QF: URU vs COL,1985,1985,1,4,0.0,Clay,5,3,Diego Perez,0.0,0.0,0.0,0.0,0.0,0.0,0.0,0.0,0.0
Davis Cup AME QF: URU vs MEX,1983,1983,1,4,0.0,Clay,5,3,Jose Luis Damiani,0.0,0.0,0.0,0.0,0.0,0.0,0.0,0.0,0.0
Davis Cup AME QF: USA vs MEX,1976,1976,1,4,0.0,Hard,5,12,Roscoe Tanner,0.0,0.0,0.0,0.0,0.0,0.0,0.0,0.0,0.0
Davis Cup AME QF: VEN vs BRA,1985,1985,1,4,0.0,Hard,5,3,Marcos Hocevar,0.0,0.0,0.0,0.0,0.0,0.0,0.0,0.0,0.0
Davis Cup AME R1: CAR vs CUB,1987,1987,1,4,0.0,Clay,5,1,Juan Pino,0.0,0.0,0.0,0.0,0.0,0.0,0.0,0.0,0.0
Davis Cup AME R1: COL vs URU,1987,1987,1,4,0.0,Clay,5,1,Diego Perez,0.0,0.0,0.0,0.0,0.0,0.0,0.0,0.0,0.0
Davis Cup AME R1: PER vs BRA,1983,1983,1,4,0.0,Clay,5,1,Carlos Kirmayr,0.0,0.0,0.0,0.0,0.0,0.0,0.0,0.0,0.0
Davis Cup AME R1: VEN vs CAN,1987,1987,1,4,0.0,Hard,5,1,Martin Wostenholme,0.0,0.0,0.0,0.0,0.0,0.0,0.0,0.0,0.0
Davis Cup AME R1: VEN vs MEX,1984,1984,1,4,0.0,Hard,5,1,Fernando Perez Pascal,0.0,0.0,0.0,0.0,0.0,0.0,0.0,0.0,0.0
Davis Cup AME R1: VEN vs URU,1986,1986,1,4,0.0,Hard,5,1,Diego Perez,0.0,0.0,0.0,0.0,0.0,0.0,0.0,0.0,0.0
Davis Cup AME SF: ARG vs CHI,1977,1977,1,2,0.0,Clay,5,3,Ricardo Cano,0.0,0.0,0.0,0.0,0.0,0.0,0.0,0.0,0.0
Davis Cup AME SF: ARG vs PER,1986,1986,1,4,0.0,Clay,5,7,Pablo Arraya,0.0,0.0,0.0,0.0,0.0,0.0,0.0,0.0,0.0
Davis Cup AME SF: AUS vs INA,1976,1976,1,4,0.0,Grass,5,1,Tony Roche,0.0,0.0,0.0,0.0,0.0,0.0,0.0,0.0,0.0
Davis Cup AME SF: AUS vs JPN,1975,1975,1,4,0.0,Grass,5,1,John Newcombe,0.0,0.0,0.0,0.0,0.0,0.0,0.0,0.0,0.0
Davis Cup AME SF: BRA vs CHI,1986,1986,1,4,0.0,Clay,5,7,Pedro Rebolledo,0.0,0.0,0.0,0.0,0.0,0.0,0.0,0.0,0.0
Davis Cup AME SF: BRA vs COL,1985,1985,1,4,0.0,Clay,5,8,Dacio Campos,0.0,0.0,0.0,0.0,0.0,0.0,0.0,0.0,0.0
Davis Cup AME SF: BRA vs URU,1984,1984,1,4,0.0,Clay,5,5,Diego Perez,0.0,0.0,0.0,0.0,0.0,0.0,0.0,0.0,0.0
Davis Cup AME SF: CAN vs CAR,1970,1970,1,4,0.0,Clay,5,6,John Sharpe,0.0,0.0,0.0,0.0,0.0,0.0,0.0,0.0,0.0
Davis Cup AME SF: CAN vs ECU,1987,1987,1,4,0.0,Hard,5,7,Andres Gomez,0.0,0.0,0.0,0.0,0.0,0.0,0.0,0.0,0.0
Davis Cup AME SF: CAN vs MEX,1972,1985,14,8,0.0,Clay,5,8,Francisco Maciel,0.0,0.0,0.0,0.0,0.0,0.0,0.0,0.0,0.0
Davis Cup AME SF: CHI vs ARG,1976,1976,1,2,0.0,Clay,5,3,Guillermo Vilas,0.0,0.0,0.0,0.0,0.0,0.0,0.0,0.0,0.0
Davis Cup AME SF: CHI vs BRA,1987,1987,1,4,0.0,Clay,5,7,Pedro Rebolledo,0.0,0.0,0.0,0.0,0.0,0.0,0.0,0.0,0.0
Davis Cup AME SF: CHI vs MEX,1984,1984,1,4,0.0,Clay,5,5,Pedro Rebolledo,0.0,0.0,0.0,0.0,0.0,0.0,0.0,0.0,0.0
Davis Cup AME SF: CHN vs JPN,1984,1984,1,4,0.0,Clay,5,5,Tsuyoshi Fukui,0.0,0.0,0.0,0.0,0.0,0.0,0.0,0.0,0.0
Davis Cup AME SF: COL vs CAN,1981,1981,1,4,0.0,Clay,5,1,Alejandro Cortes,0.0,0.0,0.0,0.0,0.0,0.0,0.0,0.0,0.0
Davis Cup AME SF: COL vs CAR,1982,1982,1,4,0.0,Clay,5,1,Alejandro Cortes,0.0,0.0,0.0,0.0,0.0,0.0,0.0,0.0,0.0
Davis Cup AME SF: ECU vs CAN,1983,1983,1,4,0.0,Clay,5,5,Andres Gomez,0.0,0.0,0.0,0.0,0.0,0.0,0.0,0.0,0.0
Davis Cup AME SF: JPN vs AUS,1978,1978,1,4,0.0,Clay,5,1,Geoff Masters,0.0,0.0,0.0,0.0,0.0,0.0,0.0,0.0,0.0
Davis Cup AME SF: MEX vs CAN,1968,1971,4,8,0.0,Clay,5,5,Joaquin Loyo Mayo,0.0,0.0,0.0,0.0,0.0,0.0,0.0,0.0,0.0
Davis Cup AME SF: MEX vs NZL,1970,1970,1,4,0.0,Clay,5,5,Onny Parun,0.0,0.0,0.0,0.0,0.0,0.0,0.0,0.0,0.0
Davis Cup AME SF: URU vs BRA,1983,1983,1,4,0.0,Clay,5,5,Diego Perez,0.0,0.0,0.0,0.0,0.0,0.0,0.0,0.0,0.0
Davis Cup AME SF: USA vs CAR,1968,1968,1,4,0.0,Hard,5,5,Arthur Ashe,0.0,0.0,0.0,0.0,0.0,0.0,0.0,0.0,0.0
Davis Cup AME SF: USA vs RSA,1977,1977,1,4,0.0,Hard,5,4,Brian Gottfried,0.0,0.0,0.0,0.0,0.0,0.0,0.0,0.0,0.0
Davis Cup AME SF: VEN vs CAN,1982,1982,1,4,0.0,Hard,5,1,Harry Fritz,0.0,0.0,0.0,0.0,0.0,0.0,0.0,0.0,0.0
Davis Cup AME SF: VEN vs CAR,1981,1981,1,4,0.0,Hard,5,1,Carlos Claverie,0.0,0.0,0.0,0.0,0.0,0.0,0.0,0.0,0.0
Davis Cup EUR F: AUS vs NZL,1976,1980,5,5,0.0,Grass,5,3,John Newcombe,0.0,0.0,0.0,0.0,0.0,0.0,0.0,0.0,0.0
Davis Cup EUR F: CHN vs NZL,1987,1987,1,4,0.0,Clay,5,10,Kelly Evernden,0.0,0.0,0.0,0.0,0.0,0.0,0.0,0.0,0.0
Davis Cup EUR F: ESP vs HUN,1981,1981,1,4,0.0,Clay,5,9,Balazs Taroczy,0.0,0.0,0.0,0.0,0.0,0.0,0.0,0.0,0.0
Davis Cup EUR F: ESP vs ITA,1968,1968,1,4,0.0,Clay,5,7,Juan Gisbert,0.0,0.0,0.0,0.0,0.0,0.0,0.0,0.0,0.0
Davis Cup EUR F: ESP vs SWE,1975,1975,1,4,0.0,Clay,5,7,Bjorn Borg,0.0,0.0,0.0,0.0,0.0,0.0,0.0,0.0,0.0
Davis Cup EUR F: ESP vs TCH,1972,1972,1,4,0.0,Clay,5,7,Juan Gisbert,0.0,0.0,0.0,0.0,0.0,0.0,0.0,0.0,0.0
Davis Cup EUR F: FRA vs ROU,1977,1977,1,4,0.0,Clay,5,7,Francois Jauffret,0.0,0.0,0.0,0.0,0.0,0.0,0.0,0.0,0.0
Davis Cup EUR F: FRG vs SUI,1983,1983,1,4,0.0,Clay,5,9,Heinz Gunthardt,0.0,0.0,0.0,0.0,0.0,0.0,0.0,0.0,0.0
Davis Cup EUR F: GBR vs ISR,1985,1985,1,4,0.0,Grass,5,10,John Lloyd,0.0,0.0,0.0,0.0,0.0,0.0,0.0,0.0,0.0
Davis Cup EUR F: GBR vs ITA,1976,1976,1,4,0.0,Grass,5,8,Antonio Zugarelli,0.0,0.0,0.0,0.0,0.0,0.0,0.0,0.0,0.0
Davis Cup EUR F: GBR vs ROU,1969,1969,1,4,0.0,Grass,5,8,Graham Stilwell,0.0,0.0,0.0,0.0,0.0,0.0,0.0,0.0,0.0
Davis Cup EUR F: GBR vs RSA,1969,1969,1,4,0.0,Grass,5,7,Bob Hewitt,0.0,0.0,0.0,0.0,0.0,0.0,0.0,0.0,0.0
Davis Cup EUR F: GBR vs TCH,1978,1978,1,4,0.0,Grass,5,9,Buster C Mottram,0.0,0.0,0.0,0.0,0.0,0.0,0.0,0.0,0.0
Davis Cup EUR F: HUN vs DEN,1982,1982,1,4,0.0,Clay,5,10,Peter Bastiansen,0.0,0.0,0.0,0.0,0.0,0.0,0.0,0.0,0.0
Davis Cup EUR F: HUN vs ESP,1984,1984,1,4,0.0,Clay,5,9,Sergio Casal,0.0,0.0,0.0,0.0,0.0,0.0,0.0,0.0,0.0
Davis Cup EUR F: IRL vs SUI,1982,1982,1,4,0.0,Hard,5,10,Matt Doyle,0.0,0.0,0.0,0.0,0.0,0.0,0.0,0.0,0.0
Davis Cup EUR F: ITA vs GBR,1979,1979,1,4,0.0,Clay,5,9,Corrado Barazzutti,0.0,0.0,0.0,0.0,0.0,0.0,0.0,0.0,0.0
Davis Cup EUR F: ITA vs ROU,1974,1974,1,4,0.0,Clay,5,8,Ilie Nastase,0.0,0.0,0.0,0.0,0.0,0.0,0.0,0.0,0.0
Davis Cup EUR F: ITA vs SWE,1980,1980,1,4,0.0,Clay,5,7,Corrado Barazzutti,0.0,0.0,0.0,0.0,0.0,0.0,0.0,0.0,0.0
Davis Cup EUR F: JPN vs IND,1983,1983,1,4,0.0,Hard,5,9,Ramesh Krishnan,0.0,0.0,0.0,0.0,0.0,0.0,0.0,0.0,0.0
Davis Cup EUR F: NZL vs AUS,1975,1979,5,11,0.0,Grass,5,3,John Alexander,0.0,0.0,0.0,0.0,0.0,0.0,0.0,0.0,0.0
Davis Cup EUR F: PAK vs JPN,1984,1984,1,4,0.0,Clay,5,9,Tsuyoshi Fukui,0.0,0.0,0.0,0.0,0.0,0.0,0.0,0.0,0.0
Davis Cup EUR F: ROU vs DEN,1985,1985,1,4,0.0,Clay,5,10,Florin Segarceanu,0.0,0.0,0.0,0.0,0.0,0.0,0.0,0.0,0.0
Davis Cup EUR F: ROU vs FRG,1971,1971,1,4,0.0,Clay,5,7,Ilie Nastase,0.0,0.0,0.0,0.0,0.0,0.0,0.0,0.0,0.0
Davis Cup EUR F: ROU vs TCH,1980,1980,1,4,0.0,Clay,5,7,Pavel Slozil,0.0,0.0,0.0,0.0,0.0,0.0,0.0,0.0,0.0
Davis Cup EUR F: ROU vs URS,1969,1973,5,8,0.0,Clay,5,7,Ilie Nastase,0.0,0.0,0.0,0.0,0.0,0.0,0.0,0.0,0.0
Davis Cup EUR F: SWE vs HUN,1978,1978,1,3,0.0,Clay,5,9,Kjell Johansson,0.0,0.0,0.0,0.0,0.0,0.0,0.0,0.0,0.0
Davis Cup EUR F: TCH vs ESP,1971,1971,1,4,0.0,Clay,5,7,Jan Kodes,0.0,0.0,0.0,0.0,0.0,0.0,0.0,0.0,0.0
Davis Cup EUR F: TCH vs FRA,1975,1975,1,4,0.0,Clay,5,7,Jan Kodes,0.0,0.0,0.0,0.0,0.0,0.0,0.0,0.0,0.0
Davis Cup EUR F: TCH vs ITA,1973,1973,1,4,0.0,Clay,5,8,Jiri Hrebec,0.0,0.0,0.0,0.0,0.0,0.0,0.0,0.0,0.0
Davis Cup EUR F: TCH vs SWE,1979,1979,1,4,0.0,Clay,5,9,Tomas Smid,0.0,0.0,0.0,0.0,0.0,0.0,0.0,0.0,0.0
Davis Cup EUR F: URS vs ISR,1984,1984,1,4,0.0,Clay,5,9,Andrei Chesnokov,0.0,0.0,0.0,0.0,0.0,0.0,0.0,0.0,0.0
Davis Cup EUR F: URS vs NED,1981,1981,1,4,0.0,Clay,5,9,Alexander Zverev Sr,0.0,0.0,0.0,0.0,0.0,0.0,0.0,0.0,0.0
Davis Cup EUR F: URS vs SUI,1987,1987,1,4,0.0,Clay,5,10,Andrei Chesnokov,0.0,0.0,0.0,0.0,0.0,0.0,0.0,0.0,0.0
Davis Cup EUR F: URS vs TCH,1974,1974,1,4,0.0,Clay,5,7,Alex Metreveli,0.0,0.0,0.0,0.0,0.0,0.0,0.0,0.0,0.0
Davis Cup EUR F: YUG vs HUN,1983,1983,1,3,0.0,Clay,5,9,Marko Ostoja,0.0,0.0,0.0,0.0,0.0,0.0,0.0,0.0,0.0
Davis Cup EUR PQ: ALG vs MAR,1979,1979,1,4,0.0,Clay,5,9,Omar Laimina,0.0,0.0,0.0,0.0,0.0,0.0,0.0,0.0,0.0
Davis Cup EUR PQ: IRI vs ALG,1976,1976,1,4,0.0,Clay,5,8,Taghi Akbari,0.0,0.0,0.0,0.0,0.0,0.0,0.0,0.0,0.0
Davis Cup EUR PQ: ISR vs LUX,1974,1974,1,4,0.0,Hard,5,8,Yehoshua Shalem,0.0,0.0,0.0,0.0,0.0,0.0,0.0,0.0,0.0
Davis Cup EUR PQ: ISR vs TUR,1976,1976,1,4,0.0,Hard,5,9,Shlomo Glickstein,0.0,0.0,0.0,0.0,0.0,0.0,0.0,0.0,0.0
Davis Cup EUR PQ: LUX vs POR,1975,1975,1,4,0.0,Clay,5,8,Jose Vilela,0.0,0.0,0.0,0.0,0.0,0.0,0.0,0.0,0.0
Davis Cup EUR PQ: NGR vs KEN,1974,1974,1,4,0.0,Hard,5,9,Yemisi Allan,0.0,0.0,0.0,0.0,0.0,0.0,0.0,0.0,0.0
Davis Cup EUR PQ: TUR vs LIB,1973,1973,1,4,0.0,Clay,5,10,Arif Kocak,0.0,0.0,0.0,0.0,0.0,0.0,0.0,0.0,0.0
Davis Cup EUR PR: ALG vs IRI,1977,1977,1,4,0.0,Clay,5,8,Mansour Bahrami,0.0,0.0,0.0,0.0,0.0,0.0,0.0,0.0,0.0
Davis Cup EUR PR: AUT vs GBR,1975,1975,1,4,0.0,Clay,5,5,Roger Taylor,0.0,0.0,0.0,0.0,0.0,0.0,0.0,0.0,0.0
Davis Cup EUR PR: BEL vs DEN,1977,1977,1,4,0.0,Clay,5,9,Bernard Boileau,0.0,0.0,0.0,0.0,0.0,0.0,0.0,0.0,0.0
Davis Cup EUR PR: BEL vs NOR,1974,1974,1,4,0.0,Hard,5,9,Bernard Mignot,0.0,0.0,0.0,0.0,0.0,0.0,0.0,0.0,0.0
Davis Cup EUR PR: EGY vs GBR,1974,1974,1,4,0.0,Clay,5,5,Ismail El Shafei,0.0,0.0,0.0,0.0,0.0,0.0,0.0,0.0,0.0
Davis Cup EUR PR: EGY vs POR,1978,1978,1,4,0.0,Clay,5,9,Abdel Gawad Mohammed,0.0,0.0,0.0,0.0,0.0,0.0,0.0,0.0,0.0
Davis Cup EUR PR: ESP vs DEN,1975,1975,1,4,0.0,Clay,5,5,Jose Higueras,0.0,0.0,0.0,0.0,0.0,0.0,0.0,0.0,0.0
Davis Cup EUR PR: ESP vs NOR,1974,1974,1,4,0.0,Clay,5,5,Jose Higueras,0.0,0.0,0.0,0.0,0.0,0.0,0.0,0.0,0.0
Davis Cup EUR PR: FRA vs BEL,1975,1975,1,4,0.0,Clay,5,5,Patrice Dominguez,0.0,0.0,0.0,0.0,0.0,0.0,0.0,0.0,0.0
Davis Cup EUR PR: FRG vs DEN,1974,1976,3,8,0.0,Clay,5,4,Hans Jurgen Pohmann,0.0,0.0,0.0,0.0,0.0,0.0,0.0,0.0,0.0
Davis Cup EUR PR: FRG vs NOR,1980,1980,1,3,0.0,Clay,5,2,Rolf Gehring,0.0,0.0,0.0,0.0,0.0,0.0,0.0,0.0,0.0
Davis Cup EUR PR: GRE vs DEN,1976,1978,3,7,0.0,Clay,5,9,Lars Elvstrom,0.0,0.0,0.0,0.0,0.0,0.0,0.0,0.0,0.0
Davis Cup EUR PR: GRE vs POR,1975,1975,1,4,0.0,Clay,5,9,Nicholas Kalogeropoulos,0.0,0.0,0.0,0.0,0.0,0.0,0.0,0.0,0.0
Davis Cup EUR PR: IRL vs NOR,1973,1973,1,4,0.0,Hard,5,4,Per Hegna,0.0,0.0,0.0,0.0,0.0,0.0,0.0,0.0,0.0
Davis Cup EUR PR: IRL vs POR,1977,1977,1,4,0.0,Grass,5,9,Sean Sorensen,0.0,0.0,0.0,0.0,0.0,0.0,0.0,0.0,0.0
Davis Cup EUR PR: IRL vs SWE,1978,1978,1,4,0.0,Hard,5,3,Bjorn Borg,0.0,0.0,0.0,0.0,0.0,0.0,0.0,0.0,0.0
Davis Cup EUR PR: ISR vs AUT,1978,1978,1,4,0.0,Hard,5,3,Steve Krulevitz,0.0,0.0,0.0,0.0,0.0,0.0,0.0,0.0,0.0
Davis Cup EUR PR: ISR vs FIN,1977,1977,1,4,0.0,Hard,5,9,Meir Wertheimer,0.0,0.0,0.0,0.0,0.0,0.0,0.0,0.0,0.0
Davis Cup EUR PR: ISR vs IRI,1972,1972,1,4,0.0,Hard,5,4,Hussain Akbari,0.0,0.0,0.0,0.0,0.0,0.0,0.0,0.0,0.0
Davis Cup EUR PR: ISR vs MON,1979,1979,1,4,0.0,Hard,5,9,Shlomo Glickstein,0.0,0.0,0.0,0.0,0.0,0.0,0.0,0.0,0.0
Davis Cup EUR PR: ISR vs SUI,1974,1974,1,4,0.0,Hard,5,9,Dimitri Sturdza,0.0,0.0,0.0,0.0,0.0,0.0,0.0,0.0,0.0
Davis Cup EUR PR: ITA vs DEN,1979,1979,1,4,0.0,Clay,5,3,Adriano Panatta,0.0,0.0,0.0,0.0,0.0,0.0,0.0,0.0,0.0
Davis Cup EUR PR: ITA vs POL,1976,1976,1,4,0.0,Clay,5,4,Adriano Panatta,0.0,0.0,0.0,0.0,0.0,0.0,0.0,0.0,0.0
Davis Cup EUR PR: MAR vs NOR,1977,1977,1,4,0.0,Clay,5,9,Omar Laimina,0.0,0.0,0.0,0.0,0.0,0.0,0.0,0.0,0.0
Davis Cup EUR PR: MON vs DEN,1974,1974,1,4,0.0,Clay,5,4,Lars Elvstrom,0.0,0.0,0.0,0.0,0.0,0.0,0.0,0.0,0.0
Davis Cup EUR PR: MON vs GBR,1978,1978,1,4,0.0,Clay,5,3,John Lloyd,0.0,0.0,0.0,0.0,0.0,0.0,0.0,0.0,0.0
Davis Cup EUR PR: NED vs DEN,1979,1979,1,4,0.0,Clay,5,9,Louk Sanders,0.0,0.0,0.0,0.0,0.0,0.0,0.0,0.0,0.0
Davis Cup EUR PR: NED vs FIN,1974,1974,1,4,0.0,Clay,5,5,Jan Hordijk,0.0,0.0,0.0,0.0,0.0,0.0,0.0,0.0,0.0
Davis Cup EUR PR: NED vs GRE,1977,1977,1,4,0.0,Clay,5,9,Louk Sanders,0.0,0.0,0.0,0.0,0.0,0.0,0.0,0.0,0.0
Davis Cup EUR PR: NED vs ISR,1976,1976,1,2,0.0,Clay,5,9,Louk Sanders,0.0,0.0,0.0,0.0,0.0,0.0,0.0,0.0,0.0
Davis Cup EUR PR: NED vs NOR,1978,1978,1,4,0.0,Clay,5,9,Louk Sanders,0.0,0.0,0.0,0.0,0.0,0.0,0.0,0.0,0.0
Davis Cup EUR PR: NED vs YUG,1977,1977,1,2,0.0,Clay,5,4,Zeljko Franulovic,0.0,0.0,0.0,0.0,0.0,0.0,0.0,0.0,0.0
Davis Cup EUR PR: NOR vs IRI,1974,1974,1,4,0.0,Hard,5,4,Per Hegna,0.0,0.0,0.0,0.0,0.0,0.0,0.0,0.0,0.0
Davis Cup EUR PR: NOR vs TUR,1979,1979,1,4,0.0,Clay,5,9,Per Hegna,0.0,0.0,0.0,0.0,0.0,0.0,0.0,0.0,0.0
Davis Cup EUR PR: POL vs NOR,1975,1976,2,8,0.0,Clay,5,9,Wojtek Fibak,0.0,0.0,0.0,0.0,0.0,0.0,0.0,0.0,0.0
Davis Cup EUR PR: POL vs POR,1974,1974,1,4,0.0,Clay,5,9,Jacek Niedzwiedzki,0.0,0.0,0.0,0.0,0.0,0.0,0.0,0.0,0.0
Davis Cup EUR PR: POR vs FRA,1974,1974,1,4,0.0,Clay,5,5,Francois Jauffret,0.0,0.0,0.0,0.0,0.0,0.0,0.0,0.0,0.0
Davis Cup EUR PR: POR vs IRL,1974,1974,1,4,0.0,Clay,5,4,Jose Vilela,0.0,0.0,0.0,0.0,0.0,0.0,0.0,0.0,0.0
Davis Cup EUR PR: POR vs MON,1976,1976,1,4,0.0,Clay,5,9,Bernard Balleret,0.0,0.0,0.0,0.0,0.0,0.0,0.0,0.0,0.0
Davis Cup EUR PR: POR vs SUI,1973,1973,1,4,0.0,Clay,5,4,Peter Kanderal,0.0,0.0,0.0,0.0,0.0,0.0,0.0,0.0,0.0
Davis Cup EUR PR: ROU vs BEL,1977,1977,1,4,0.0,Clay,5,4,Ilie Nastase,0.0,0.0,0.0,0.0,0.0,0.0,0.0,0.0,0.0
Davis Cup EUR PR: SRI vs PAK,1975,1975,1,4,0.0,Clay,5,10,Saeed Meer,0.0,0.0,0.0,0.0,0.0,0.0,0.0,0.0,0.0
Davis Cup EUR PR: SUI vs GBR,1976,1976,1,4,0.0,Clay,5,4,Buster C Mottram,0.0,0.0,0.0,0.0,0.0,0.0,0.0,0.0,0.0
Davis Cup EUR PR: SWE vs MON,1977,1977,1,4,0.0,Hard,5,4,Rolf Norberg,0.0,0.0,0.0,0.0,0.0,0.0,0.0,0.0,0.0
Davis Cup EUR PR: SWE vs POL,1974,1974,1,4,0.0,Clay,5,5,Bjorn Borg,0.0,0.0,0.0,0.0,0.0,0.0,0.0,0.0,0.0
Davis Cup EUR PR: TCH vs IRL,1977,1977,1,4,0.0,Clay,5,4,Jiri Hrebec,0.0,0.0,0.0,0.0,0.0,0.0,0.0,0.0,0.0
Davis Cup EUR PR: TCH vs NED,1978,1978,1,3,0.0,Clay,5,3,Jiri Hrebec,0.0,0.0,0.0,0.0,0.0,0.0,0.0,0.0,0.0
Davis Cup EUR PR: TPE vs PHI,1975,1975,1,3,0.0,Hard,5,10,Eddie Cruz,0.0,0.0,0.0,0.0,0.0,0.0,0.0,0.0,0.0
Davis Cup EUR PR: YUG vs POR,1979,1979,1,4,0.0,Clay,5,9,Zoltan Ilin,0.0,0.0,0.0,0.0,0.0,0.0,0.0,0.0,0.0
Davis Cup EUR PR: YUG vs ROU,1980,1980,1,4,0.0,Hard,5,2,Ilie Nastase,0.0,0.0,0.0,0.0,0.0,0.0,0.0,0.0,0.0
Davis Cup EUR QF: ALG vs ESP,1981,1981,1,4,0.0,Clay,5,6,Jose Garcia Requena,0.0,0.0,0.0,0.0,0.0,0.0,0.0,0.0,0.0
Davis Cup EUR QF: AUT vs ALG,1982,1982,1,4,0.0,Clay,5,6,Robert Reininger,0.0,0.0,0.0,0.0,0.0,0.0,0.0,0.0,0.0
Davis Cup EUR QF: AUT vs DEN,1981,1981,1,4,0.0,Clay,5,6,Peter Feigl,0.0,0.0,0.0,0.0,0.0,0.0,0.0,0.0,0.0
Davis Cup EUR QF: AUT vs GRE,1987,1987,1,4,0.0,Clay,5,6,Thomas Muster,0.0,0.0,0.0,0.0,0.0,0.0,0.0,0.0,0.0
Davis Cup EUR QF: AUT vs NOR,1984,1984,1,4,0.0,Clay,5,6,Bernhard Pils,0.0,0.0,0.0,0.0,0.0,0.0,0.0,0.0,0.0
Davis Cup EUR QF: AUT vs POR,1986,1986,1,4,0.0,Clay,5,6,Horst Skoff,0.0,0.0,0.0,0.0,0.0,0.0,0.0,0.0,0.0
Davis Cup EUR QF: BEL vs FRG,1983,1983,1,4,0.0,Clay,5,6,Michael Westphal,0.0,0.0,0.0,0.0,0.0,0.0,0.0,0.0,0.0
Davis Cup EUR QF: BEL vs ISR,1982,1982,1,2,0.0,Clay,5,6,Shahar Perkiss,0.0,0.0,0.0,0.0,0.0,0.0,0.0,0.0,0.0
Davis Cup EUR QF: BEL vs TCH,1968,1968,1,4,0.0,Clay,5,5,Patrick Hombergen,0.0,0.0,0.0,0.0,0.0,0.0,0.0,0.0,0.0
Davis Cup EUR QF: BUL vs BEL,1984,1984,1,4,0.0,Clay,5,6,Julian Stamatov,0.0,0.0,0.0,0.0,0.0,0.0,0.0,0.0,0.0
Davis Cup EUR QF: BUL vs EGY,1986,1986,1,4,0.0,Clay,5,6,Krassimir Lazarov,0.0,0.0,0.0,0.0,0.0,0.0,0.0,0.0,0.0
Davis Cup EUR QF: BUL vs FIN,1983,1983,1,4,0.0,Clay,5,6,Krassimir Lazarov,0.0,0.0,0.0,0.0,0.0,0.0,0.0,0.0,0.0
Davis Cup EUR QF: BUL vs SEN,1987,1987,1,4,0.0,Clay,5,6,Julian Stamatov,0.0,0.0,0.0,0.0,0.0,0.0,0.0,0.0,0.0
Davis Cup EUR QF: CHN vs HKG,1985,1985,1,4,0.0,Clay,5,3,Wei You,0.0,0.0,0.0,0.0,0.0,0.0,0.0,0.0,0.0
Davis Cup EUR QF: DEN vs BEL,1985,1985,1,4,0.0,Clay,5,6,Peter Bastiansen,0.0,0.0,0.0,0.0,0.0,0.0,0.0,0.0,0.0
Davis Cup EUR QF: DEN vs NED,1982,1982,1,2,0.0,Clay,5,6,Michael Mortensen,0.0,0.0,0.0,0.0,0.0,0.0,0.0,0.0,0.0
Davis Cup EUR QF: DEN vs POL,1972,1972,1,4,0.0,Clay,5,5,Wieslaw Gasiorek,0.0,0.0,0.0,0.0,0.0,0.0,0.0,0.0,0.0
Davis Cup EUR QF: EGY vs HUN,1981,1985,5,8,0.0,Clay,5,6,Balazs Taroczy,0.0,0.0,0.0,0.0,0.0,0.0,0.0,0.0,0.0
Davis Cup EUR QF: EGY vs NED,1983,1983,1,4,0.0,Clay,5,6,Huub Van Boeckel,0.0,0.0,0.0,0.0,0.0,0.0,0.0,0.0,0.0
Davis Cup EUR QF: EGY vs TCH,1973,1973,1,4,0.0,Clay,5,5,Jan Kodes,0.0,0.0,0.0,0.0,0.0,0.0,0.0,0.0,0.0
Davis Cup EUR QF: ESP vs BUL,1970,1970,1,4,0.0,Clay,5,5,Manuel Santana,0.0,0.0,0.0,0.0,0.0,0.0,0.0,0.0,0.0
Davis Cup EUR QF: ESP vs GBR,1975,1975,1,4,0.0,Clay,5,5,Manuel Orantes,0.0,0.0,0.0,0.0,0.0,0.0,0.0,0.0,0.0
Davis Cup EUR QF: ESP vs SWE,1968,1968,1,4,0.0,Clay,5,5,Juan Gisbert,0.0,0.0,0.0,0.0,0.0,0.0,0.0,0.0,0.0
Davis Cup EUR QF: ESP vs YUG,1983,1983,1,4,0.0,Clay,5,6,Marko Ostoja,0.0,0.0,0.0,0.0,0.0,0.0,0.0,0.0,0.0
Davis Cup EUR QF: FIN vs BUL,1981,1981,1,4,0.0,Clay,5,6,Leo Palin,0.0,0.0,0.0,0.0,0.0,0.0,0.0,0.0,0.0
Davis Cup EUR QF: FIN vs IRL,1984,1984,1,4,0.0,Clay,5,6,Olli Rahnasto,0.0,0.0,0.0,0.0,0.0,0.0,0.0,0.0,0.0
Davis Cup EUR QF: FRA vs AUT,1970,1970,1,4,0.0,Clay,5,5,Georges Goven,0.0,0.0,0.0,0.0,0.0,0.0,0.0,0.0,0.0
Davis Cup EUR QF: FRA vs ESP,1972,1972,1,4,0.0,Clay,5,5,Andres Gimeno,0.0,0.0,0.0,0.0,0.0,0.0,0.0,0.0,0.0
Davis Cup EUR QF: FRA vs FIN,1971,1971,1,2,0.0,Clay,5,5,Francois Jauffret,0.0,0.0,0.0,0.0,0.0,0.0,0.0,0.0,0.0
Davis Cup EUR QF: FRA vs SUI,1979,1979,1,4,0.0,Clay,5,6,Yannick Noah,0.0,0.0,0.0,0.0,0.0,0.0,0.0,0.0,0.0
Davis Cup EUR QF: FRA vs YUG,1975,1975,1,2,0.0,Clay,5,5,Patrice Dominguez,0.0,0.0,0.0,0.0,0.0,0.0,0.0,0.0,0.0
Davis Cup EUR QF: FRG vs GBR,1973,1973,1,4,0.0,Clay,5,5,Jurgen Fassbender,0.0,0.0,0.0,0.0,0.0,0.0,0.0,0.0,0.0
Davis Cup EUR QF: FRG vs SWE,1975,1975,1,4,0.0,Clay,5,5,Bjorn Borg,0.0,0.0,0.0,0.0,0.0,0.0,0.0,0.0,0.0
Davis Cup EUR QF: GBR vs AUT,1978,1978,1,4,0.0,Grass,5,6,Buster C Mottram,0.0,0.0,0.0,0.0,0.0,0.0,0.0,0.0,0.0
Davis Cup EUR QF: GBR vs IRL,1969,1969,1,4,0.0,Grass,5,5,Graham Stilwell,0.0,0.0,0.0,0.0,0.0,0.0,0.0,0.0,0.0
Davis Cup EUR QF: GBR vs POR,1985,1985,1,4,0.0,Grass,5,6,Steve Shaw,0.0,0.0,0.0,0.0,0.0,0.0,0.0,0.0,0.0
Davis Cup EUR QF: GBR vs ROU,1976,1976,1,4,0.0,Grass,5,5,Roger Taylor,0.0,0.0,0.0,0.0,0.0,0.0,0.0,0.0,0.0
Davis Cup EUR QF: GRE vs AUT,1985,1985,1,4,0.0,Clay,5,6,Thomas Muster,0.0,0.0,0.0,0.0,0.0,0.0,0.0,0.0,0.0
Davis Cup EUR QF: GRE vs FIN,1982,1982,1,4,0.0,Clay,5,6,Leo Palin,0.0,0.0,0.0,0.0,0.0,0.0,0.0,0.0,0.0
Davis Cup EUR QF: HKG vs CHN,1986,1986,1,2,0.0,Hard,5,5,Shu Hua Liu,0.0,0.0,0.0,0.0,0.0,0.0,0.0,0.0,0.0
Davis Cup EUR QF: HUN vs EGY,1984,1984,1,4,0.0,Clay,5,6,Balazs Taroczy,0.0,0.0,0.0,0.0,0.0,0.0,0.0,0.0,0.0
Davis Cup EUR QF: HUN vs YUG,1982,1982,1,4,0.0,Clay,5,6,Balazs Taroczy,0.0,0.0,0.0,0.0,0.0,0.0,0.0,0.0,0.0
Davis Cup EUR QF: HUN vs ZIM,1983,1983,1,4,0.0,Clay,5,6,Balazs Taroczy,0.0,0.0,0.0,0.0,0.0,0.0,0.0,0.0,0.0
Davis Cup EUR QF: IRL vs MON,1982,1982,1,4,0.0,Hard,5,6,Sean Sorensen,0.0,0.0,0.0,0.0,0.0,0.0,0.0,0.0,0.0
Davis Cup EUR QF: IRL vs NED,1987,1987,1,4,0.0,Hard,5,6,Michiel Schapers,0.0,0.0,0.0,0.0,0.0,0.0,0.0,0.0,0.0
Davis Cup EUR QF: ISR vs BEL,1986,1986,1,4,0.0,Hard,5,6,Shlomo Glickstein,0.0,0.0,0.0,0.0,0.0,0.0,0.0,0.0,0.0
Davis Cup EUR QF: ISR vs NED,1985,1985,1,4,0.0,Hard,5,6,Shlomo Glickstein,0.0,0.0,0.0,0.0,0.0,0.0,0.0,0.0,0.0
Davis Cup EUR QF: ISR vs POL,1984,1984,1,4,0.0,Hard,5,6,Shahar Perkiss,0.0,0.0,0.0,0.0,0.0,0.0,0.0,0.0,0.0
Davis Cup EUR QF: ISR vs ROU,1971,1971,1,4,0.0,Hard,5,5,Ion Tiriac,0.0,0.0,0.0,0.0,0.0,0.0,0.0,0.0,0.0
Davis Cup EUR QF: ITA vs AUT,1969,1969,1,4,0.0,Clay,5,5,Nicola Pietrangeli,0.0,0.0,0.0,0.0,0.0,0.0,0.0,0.0,0.0
Davis Cup EUR QF: ITA vs BUL,1973,1973,1,4,0.0,Clay,5,5,Paolo Bertolucci,0.0,0.0,0.0,0.0,0.0,0.0,0.0,0.0,0.0
Davis Cup EUR QF: ITA vs MON,1968,1968,1,4,0.0,Clay,5,5,Martin Mulligan,0.0,0.0,0.0,0.0,0.0,0.0,0.0,0.0,0.0
Davis Cup EUR QF: ITA vs NED,1972,1972,1,2,0.0,Clay,5,5,Adriano Panatta,0.0,0.0,0.0,0.0,0.0,0.0,0.0,0.0,0.0
Davis Cup EUR QF: ITA vs YUG,1976,1976,1,4,0.0,Clay,5,5,Corrado Barazzutti,0.0,0.0,0.0,0.0,0.0,0.0,0.0,0.0,0.0
Davis Cup EUR QF: MAR vs SUI,1982,1982,1,4,0.0,Clay,5,6,Heinz Gunthardt,0.0,0.0,0.0,0.0,0.0,0.0,0.0,0.0,0.0
Davis Cup EUR QF: MON vs HUN,1986,1986,1,4,0.0,Clay,5,6,Balazs Taroczy,0.0,0.0,0.0,0.0,0.0,0.0,0.0,0.0,0.0
Davis Cup EUR QF: MON vs IRL,1985,1985,1,4,0.0,Clay,5,6,Matt Doyle,0.0,0.0,0.0,0.0,0.0,0.0,0.0,0.0,0.0
Davis Cup EUR QF: MON vs ISR,1983,1983,1,4,0.0,Clay,5,6,Shlomo Glickstein,0.0,0.0,0.0,0.0,0.0,0.0,0.0,0.0,0.0
Davis Cup EUR QF: MON vs POL,1981,1981,1,4,0.0,Clay,5,6,Bernard Balleret,0.0,0.0,0.0,0.0,0.0,0.0,0.0,0.0,0.0
Davis Cup EUR QF: MON vs POR,1972,1972,1,4,0.0,Clay,5,5,Raul Peralta,0.0,0.0,0.0,0.0,0.0,0.0,0.0,0.0,0.0
Davis Cup EUR QF: MON vs TCH,1969,1969,1,4,0.0,Clay,5,5,Jan Kukal,0.0,0.0,0.0,0.0,0.0,0.0,0.0,0.0,0.0
Davis Cup EUR QF: NED vs IRL,1981,1981,1,4,0.0,Clay,5,6,Louk Sanders,0.0,0.0,0.0,0.0,0.0,0.0,0.0,0.0,0.0
Davis Cup EUR QF: NED vs ROU,1973,1973,1,4,0.0,Clay,5,5,Ilie Nastase,0.0,0.0,0.0,0.0,0.0,0.0,0.0,0.0,0.0
Davis Cup EUR QF: NGR vs NED,1986,1986,1,4,0.0,Clay,5,6,Menno Oosting,0.0,0.0,0.0,0.0,0.0,0.0,0.0,0.0,0.0
Davis Cup EUR QF: NOR vs AUT,1983,1983,1,4,0.0,Clay,5,6,Robert Reininger,0.0,0.0,0.0,0.0,0.0,0.0,0.0,0.0,0.0
Davis Cup EUR QF: NOR vs FRA,1973,1973,1,4,0.0,Clay,5,5,Patrick Proisy,0.0,0.0,0.0,0.0,0.0,0.0,0.0,0.0,0.0
Davis Cup EUR QF: NOR vs ROU,1968,1968,1,4,0.0,Clay,5,5,Ilie Nastase,0.0,0.0,0.0,0.0,0.0,0.0,0.0,0.0,0.0
Davis Cup EUR QF: NZL vs TPE,1985,1985,1,4,0.0,Hard,5,3,Russell Simpson,0.0,0.0,0.0,0.0,0.0,0.0,0.0,0.0,0.0
Davis Cup EUR QF: POL vs ROU,1986,1986,1,4,0.0,Clay,5,6,Florin Segarceanu,0.0,0.0,0.0,0.0,0.0,0.0,0.0,0.0,0.0
Davis Cup EUR QF: POR vs EGY,1982,1982,1,4,0.0,Clay,5,6,Tarek El Sakka,0.0,0.0,0.0,0.0,0.0,0.0,0.0,0.0,0.0
Davis Cup EUR QF: POR vs HUN,1987,1987,1,4,0.0,Clay,5,6,Joao Cunha Silva,0.0,0.0,0.0,0.0,0.0,0.0,0.0,0.0,0.0
Davis Cup EUR QF: ROU vs AUT,1980,1980,1,4,0.0,Hard,5,3,Ilie Nastase,0.0,0.0,0.0,0.0,0.0,0.0,0.0,0.0,0.0
Davis Cup EUR QF: ROU vs FRG,1979,1979,1,4,0.0,Clay,5,6,Ilie Nastase,0.0,0.0,0.0,0.0,0.0,0.0,0.0,0.0,0.0
Davis Cup EUR QF: ROU vs GRE,1970,1970,1,4,0.0,Clay,5,5,Ilie Nastase,0.0,0.0,0.0,0.0,0.0,0.0,0.0,0.0,0.0
Davis Cup EUR QF: ROU vs IRI,1972,1972,1,4,0.0,Clay,5,5,Ion Tiriac,0.0,0.0,0.0,0.0,0.0,0.0,0.0,0.0,0.0
Davis Cup EUR QF: ROU vs ISR,1969,1969,1,4,0.0,Clay,5,5,Ilie Nastase,0.0,0.0,0.0,0.0,0.0,0.0,0.0,0.0,0.0
Davis Cup EUR QF: ROU vs POL,1987,1987,1,4,0.0,Clay,5,6,Adrian Marcu,0.0,0.0,0.0,0.0,0.0,0.0,0.0,0.0,0.0
Davis Cup EUR QF: ROU vs TCH,1977,1977,1,3,0.0,Clay,5,5,Ilie Nastase,0.0,0.0,0.0,0.0,0.0,0.0,0.0,0.0,0.0
Davis Cup EUR QF: SUI vs BEL,1987,1987,1,4,0.0,Clay,5,6,Claudio Mezzadri,0.0,0.0,0.0,0.0,0.0,0.0,0.0,0.0,0.0
Davis Cup EUR QF: SUI vs GRE,1983,1986,4,8,0.0,Clay,5,6,Roland Stadler,0.0,0.0,0.0,0.0,0.0,0.0,0.0,0.0,0.0
Davis Cup EUR QF: SUI vs SEN,1984,1984,1,4,0.0,Clay,5,6,Roland Stadler,0.0,0.0,0.0,0.0,0.0,0.0,0.0,0.0,0.0
Davis Cup EUR QF: SUI vs ZIM,1985,1985,1,4,0.0,Clay,5,6,Jakob Hlasek,0.0,0.0,0.0,0.0,0.0,0.0,0.0,0.0,0.0
Davis Cup EUR QF: SWE vs ESP,1973,1973,1,4,0.0,Clay,5,5,Manuel Orantes,0.0,0.0,0.0,0.0,0.0,0.0,0.0,0.0,0.0
Davis Cup EUR QF: SWE vs FRG,1969,1969,1,4,0.0,Clay,5,5,Christian Kuhnke,0.0,0.0,0.0,0.0,0.0,0.0,0.0,0.0,0.0
Davis Cup EUR QF: SWE vs NED,1974,1974,1,3,0.0,Clay,5,5,Bjorn Borg,0.0,0.0,0.0,0.0,0.0,0.0,0.0,0.0,0.0
Davis Cup EUR QF: TCH vs POL,1978,1978,1,4,0.0,Clay,5,6,Wojtek Fibak,0.0,0.0,0.0,0.0,0.0,0.0,0.0,0.0,0.0
Davis Cup EUR QF: TCH vs POR,1971,1971,1,4,0.0,Clay,5,5,Frantisek Pala,0.0,0.0,0.0,0.0,0.0,0.0,0.0,0.0,0.0
Davis Cup EUR QF: TCH vs SWE,1972,1972,1,3,0.0,Clay,5,5,Jan Kodes,0.0,0.0,0.0,0.0,0.0,0.0,0.0,0.0,0.0
Davis Cup EUR QF: THA vs PAK,1987,1987,1,4,0.0,Hard,5,5,Haseeb Aslam,0.0,0.0,0.0,0.0,0.0,0.0,0.0,0.0,0.0
Davis Cup EUR QF: THA vs PHI,1985,1985,1,4,0.0,Hard,5,3,Rodrigo Rafael,0.0,0.0,0.0,0.0,0.0,0.0,0.0,0.0,0.0
Davis Cup EUR QF: TPE vs NZL,1987,1987,1,4,0.0,Hard,5,5,Bruce Derlin,0.0,0.0,0.0,0.0,0.0,0.0,0.0,0.0,0.0
Davis Cup EUR QF: TUR vs FRA,1986,1986,1,4,0.0,Clay,5,6,Thierry Pham,0.0,0.0,0.0,0.0,0.0,0.0,0.0,0.0,0.0
Davis Cup EUR QF: TUR vs ROU,1985,1985,1,4,0.0,Clay,5,6,Florin Segarceanu,0.0,0.0,0.0,0.0,0.0,0.0,0.0,0.0,0.0
Davis Cup EUR QF: TUR vs URS,1987,1987,1,4,0.0,Clay,5,6,Andrei Chesnokov,0.0,0.0,0.0,0.0,0.0,0.0,0.0,0.0,0.0
Davis Cup EUR QF: URS vs BEL,1981,1981,1,4,0.0,Clay,5,6,Konstantin Pugaev,0.0,0.0,0.0,0.0,0.0,0.0,0.0,0.0,0.0
Davis Cup EUR QF: URS vs CAN,1969,1969,1,4,0.0,Clay,5,5,Alex Metreveli,0.0,0.0,0.0,0.0,0.0,0.0,0.0,0.0,0.0
Davis Cup EUR QF: URS vs MON,1984,1984,1,4,0.0,Clay,5,6,Alexander Zverev Sr,0.0,0.0,0.0,0.0,0.0,0.0,0.0,0.0,0.0
Davis Cup EUR QF: YUG vs ESP,1969,1969,1,4,0.0,Clay,5,5,Manuel Orantes,0.0,0.0,0.0,0.0,0.0,0.0,0.0,0.0,0.0
Davis Cup EUR QF: YUG vs ISR,1981,1981,1,4,0.0,Clay,5,6,Shlomo Glickstein,0.0,0.0,0.0,0.0,0.0,0.0,0.0,0.0,0.0
Davis Cup EUR QF: YUG vs SWE,1978,1978,1,4,0.0,Clay,5,6,Bjorn Borg,0.0,0.0,0.0,0.0,0.0,0.0,0.0,0.0,0.0
Davis Cup EUR R1: ALG vs BUL,1983,1983,1,4,0.0,Clay,5,5,Julian Stamatov,0.0,0.0,0.0,0.0,0.0,0.0,0.0,0.0,0.0
Davis Cup EUR R1: AUT vs MAR,1983,1983,1,4,0.0,Hard,5,5,Gerald Mild,0.0,0.0,0.0,0.0,0.0,0.0,0.0,0.0,0.0
Davis Cup EUR R1: BEL vs BUL,1985,1985,1,3,0.0,Clay,5,5,Jan Van Langendonck,0.0,0.0,0.0,0.0,0.0,0.0,0.0,0.0,0.0
Davis Cup EUR R1: BEL vs TCH,1972,1972,1,4,0.0,Clay,5,5,Jan Kodes,0.0,0.0,0.0,0.0,0.0,0.0,0.0,0.0,0.0
Davis Cup EUR R1: BUL vs CYP,1986,1986,1,4,0.0,Clay,5,5,Krassimir Lazarov,0.0,0.0,0.0,0.0,0.0,0.0,0.0,0.0,0.0
Davis Cup EUR R1: BUL vs DEN,1982,1982,1,4,0.0,Clay,5,5,Michael Mortensen,0.0,0.0,0.0,0.0,0.0,0.0,0.0,0.0,0.0
Davis Cup EUR R1: CHN vs INA,1987,1987,1,4,0.0,Clay,5,3,Shu Hua Liu,0.0,0.0,0.0,0.0,0.0,0.0,0.0,0.0,0.0
Davis Cup EUR R1: CYP vs IRL,1985,1985,1,4,0.0,Clay,5,5,Sean Sorensen,0.0,0.0,0.0,0.0,0.0,0.0,0.0,0.0,0.0
Davis Cup EUR R1: DEN vs POR,1981,1981,1,4,0.0,Clay,5,5,Peter Bastiansen,0.0,0.0,0.0,0.0,0.0,0.0,0.0,0.0,0.0
Davis Cup EUR R1: DEN vs TCH,1969,1969,1,4,0.0,Clay,5,5,Jan Kodes,0.0,0.0,0.0,0.0,0.0,0.0,0.0,0.0,0.0
Davis Cup EUR R1: DEN vs URS,1971,1971,1,4,0.0,Clay,5,5,Vladimir Korotkov,0.0,0.0,0.0,0.0,0.0,0.0,0.0,0.0,0.0
Davis Cup EUR R1: EGY vs ALG,1985,1985,1,4,0.0,Clay,5,5,Tarek El Sakka,0.0,0.0,0.0,0.0,0.0,0.0,0.0,0.0,0.0
Davis Cup EUR R1: EGY vs GRE,1981,1981,1,4,0.0,Clay,5,5,Tarek El Sakka,0.0,0.0,0.0,0.0,0.0,0.0,0.0,0.0,0.0
Davis Cup EUR R1: EGY vs LUX,1984,1984,1,4,0.0,Clay,5,5,Tarek El Sakka,0.0,0.0,0.0,0.0,0.0,0.0,0.0,0.0,0.0
Davis Cup EUR R1: EGY vs MLT,1986,1986,1,4,0.0,Clay,5,5,Hisham Nasser,0.0,0.0,0.0,0.0,0.0,0.0,0.0,0.0,0.0
Davis Cup EUR R1: EGY vs NOR,1970,1970,1,3,0.0,Clay,5,5,Aly El Dawoudi,0.0,0.0,0.0,0.0,0.0,0.0,0.0,0.0,0.0
Davis Cup EUR R1: EGY vs TCH,1971,1971,1,4,0.0,Clay,5,4,Frantisek Pala,0.0,0.0,0.0,0.0,0.0,0.0,0.0,0.0,0.0
Davis Cup EUR R1: ESP vs ALG,1984,1984,1,4,0.0,Clay,5,5,Emilio Sanchez,0.0,0.0,0.0,0.0,0.0,0.0,0.0,0.0,0.0
Davis Cup EUR R1: ESP vs NED,1968,1968,1,4,0.0,Clay,5,5,Tom Okker,0.0,0.0,0.0,0.0,0.0,0.0,0.0,0.0,0.0
Davis Cup EUR R1: ESP vs RHO,1969,1969,1,4,0.0,Clay,5,5,Manuel Santana,0.0,0.0,0.0,0.0,0.0,0.0,0.0,0.0,0.0
Davis Cup EUR R1: FIN vs DEN,1972,1972,1,4,0.0,Clay,5,5,Pekka Saila,0.0,0.0,0.0,0.0,0.0,0.0,0.0,0.0,0.0
Davis Cup EUR R1: FIN vs POR,1968,1968,1,4,0.0,Clay,5,5,Pekka Petersen Dyggve,0.0,0.0,0.0,0.0,0.0,0.0,0.0,0.0,0.0
Davis Cup EUR R1: FIN vs SWE,1969,1969,1,4,0.0,Clay,5,5,Ove Nils Bengtson,0.0,0.0,0.0,0.0,0.0,0.0,0.0,0.0,0.0
Davis Cup EUR R1: FRA vs GBR,1972,1972,1,4,0.0,Clay,5,5,Patrick Proisy,0.0,0.0,0.0,0.0,0.0,0.0,0.0,0.0,0.0
Davis Cup EUR R1: FRG vs DEN,1970,1970,1,4,0.0,Clay,5,5,Christian Kuhnke,0.0,0.0,0.0,0.0,0.0,0.0,0.0,0.0,0.0
Davis Cup EUR R1: GBR vs AUT,1970,1970,1,4,0.0,Clay,5,5,Hans Kary,0.0,0.0,0.0,0.0,0.0,0.0,0.0,0.0,0.0
Davis Cup EUR R1: GBR vs FRA,1968,1968,1,2,0.0,Clay,5,5,Robert Wilson,0.0,0.0,0.0,0.0,0.0,0.0,0.0,0.0,0.0
Davis Cup EUR R1: GRE vs LUX,1987,1987,1,4,0.0,Clay,5,5,George Kalovelonis,0.0,0.0,0.0,0.0,0.0,0.0,0.0,0.0,0.0
Davis Cup EUR R1: GRE vs NOR,1985,1985,1,4,0.0,Clay,5,5,George Kalovelonis,0.0,0.0,0.0,0.0,0.0,0.0,0.0,0.0,0.0
Davis Cup EUR R1: GRE vs SYR,1986,1986,1,4,0.0,Clay,5,5,Fotis Vazeos,0.0,0.0,0.0,0.0,0.0,0.0,0.0,0.0,0.0
Davis Cup EUR R1: IRL vs BEL,1986,1986,1,4,0.0,Hard,5,5,Jan Van Langendonck,0.0,0.0,0.0,0.0,0.0,0.0,0.0,0.0,0.0
Davis Cup EUR R1: IRL vs LUX,1982,1982,1,4,0.0,Hard,5,5,Sean Sorensen,0.0,0.0,0.0,0.0,0.0,0.0,0.0,0.0,0.0
Davis Cup EUR R1: ISR vs NED,1973,1973,1,4,0.0,Hard,5,5,Jan Hordijk,0.0,0.0,0.0,0.0,0.0,0.0,0.0,0.0,0.0
Davis Cup EUR R1: ISR vs NOR,1971,1971,1,4,0.0,Hard,5,5,Josef Stabholz,0.0,0.0,0.0,0.0,0.0,0.0,0.0,0.0,0.0
Davis Cup EUR R1: ITA vs AUT,1972,1972,1,4,0.0,Clay,5,5,Corrado Barazzutti,0.0,0.0,0.0,0.0,0.0,0.0,0.0,0.0,0.0
Davis Cup EUR R1: ITA vs BEL,1969,1969,1,4,0.0,Clay,5,5,Nicola Pietrangeli,0.0,0.0,0.0,0.0,0.0,0.0,0.0,0.0,0.0
Davis Cup EUR R1: ITA vs BUL,1971,1971,1,4,0.0,Clay,5,4,Massimo Di Domenico,0.0,0.0,0.0,0.0,0.0,0.0,0.0,0.0,0.0
Davis Cup EUR R1: ITA vs HUN,1968,1968,1,4,0.0,Clay,5,5,Martin Mulligan,0.0,0.0,0.0,0.0,0.0,0.0,0.0,0.0,0.0
Davis Cup EUR R1: ITA vs TCH,1970,1970,1,4,0.0,Clay,5,5,Jan Kodes,0.0,0.0,0.0,0.0,0.0,0.0,0.0,0.0,0.0
Davis Cup EUR R1: LIB vs MAR,1972,1972,1,4,0.0,Clay,5,5,Omar Laimina,0.0,0.0,0.0,0.0,0.0,0.0,0.0,0.0,0.0
Davis Cup EUR R1: LUX vs BUL,1981,1981,1,4,0.0,Clay,5,5,Julian Stamatov,0.0,0.0,0.0,0.0,0.0,0.0,0.0,0.0,0.0
Davis Cup EUR R1: LUX vs NOR,1968,1968,1,4,0.0,Clay,5,5,Frithjof Prydz,0.0,0.0,0.0,0.0,0.0,0.0,0.0,0.0,0.0
Davis Cup EUR R1: MAR vs FIN,1984,1984,1,4,0.0,Clay,5,5,Olli Rahnasto,0.0,0.0,0.0,0.0,0.0,0.0,0.0,0.0,0.0
Davis Cup EUR R1: MAR vs HUN,1985,1985,1,4,0.0,Clay,5,5,Balazs Taroczy,0.0,0.0,0.0,0.0,0.0,0.0,0.0,0.0,0.0
Davis Cup EUR R1: MAR vs POL,1982,1982,1,4,0.0,Clay,5,5,Omar Laimina,0.0,0.0,0.0,0.0,0.0,0.0,0.0,0.0,0.0
Davis Cup EUR R1: MAR vs SWE,1973,1973,1,4,0.0,Clay,5,5,Bjorn Borg,0.0,0.0,0.0,0.0,0.0,0.0,0.0,0.0,0.0
Davis Cup EUR R1: MLT vs IRL,1987,1987,1,4,0.0,Hard,5,5,Matt Doyle,0.0,0.0,0.0,0.0,0.0,0.0,0.0,0.0,0.0
Davis Cup EUR R1: MON vs LUX,1983,1983,1,4,0.0,Clay,5,5,Michel Borfiga,0.0,0.0,0.0,0.0,0.0,0.0,0.0,0.0,0.0
Davis Cup EUR R1: MON vs MAR,1981,1981,1,3,0.0,Clay,5,5,Bernard Balleret,0.0,0.0,0.0,0.0,0.0,0.0,0.0,0.0,0.0
Davis Cup EUR R1: MON vs POR,1987,1987,1,4,0.0,Clay,5,5,Gilles Ganancia,0.0,0.0,0.0,0.0,0.0,0.0,0.0,0.0,0.0
Davis Cup EUR R1: MON vs ZIM,1984,1984,1,4,0.0,Clay,5,5,Bernard Balleret,0.0,0.0,0.0,0.0,0.0,0.0,0.0,0.0,0.0
Davis Cup EUR R1: NED vs CAN,1969,1969,1,4,0.0,Clay,5,5,Mike Belkin,0.0,0.0,0.0,0.0,0.0,0.0,0.0,0.0,0.0
Davis Cup EUR R1: NED vs FIN,1985,1985,1,4,0.0,Clay,5,5,Michiel Schapers,0.0,0.0,0.0,0.0,0.0,0.0,0.0,0.0,0.0
Davis Cup EUR R1: NED vs NOR,1972,1972,1,2,0.0,Clay,5,5,Jan Hordijk,0.0,0.0,0.0,0.0,0.0,0.0,0.0,0.0,0.0
Davis Cup EUR R1: NGR vs NOR,1986,1986,1,4,0.0,Clay,5,5,Tony Mmoh,0.0,0.0,0.0,0.0,0.0,0.0,0.0,0.0,0.0
Davis Cup EUR R1: NOR vs AUT,1969,1969,1,4,0.0,Clay,5,5,Ernst Blanke,0.0,0.0,0.0,0.0,0.0,0.0,0.0,0.0,0.0
Davis Cup EUR R1: NOR vs DEN,1973,1973,1,4,0.0,Clay,5,5,Per Hegna,0.0,0.0,0.0,0.0,0.0,0.0,0.0,0.0,0.0
Davis Cup EUR R1: NOR vs IRL,1981,1981,1,4,0.0,Clay,5,5,Matt Doyle,0.0,0.0,0.0,0.0,0.0,0.0,0.0,0.0,0.0
Davis Cup EUR R1: NOR vs POR,1984,1984,1,4,0.0,Clay,5,5,Morten Ronneberg,0.0,0.0,0.0,0.0,0.0,0.0,0.0,0.0,0.0
Davis Cup EUR R1: PAK vs SRI,1986,1986,1,4,0.0,Clay,5,3,Rashid Malik,0.0,0.0,0.0,0.0,0.0,0.0,0.0,0.0,0.0
Davis Cup EUR R1: POL vs BEL,1983,1983,1,4,0.0,Clay,5,5,Jan Van Langendonck,0.0,0.0,0.0,0.0,0.0,0.0,0.0,0.0,0.0
Davis Cup EUR R1: POL vs FIN,1986,1986,1,4,0.0,Clay,5,5,Olli Rahnasto,0.0,0.0,0.0,0.0,0.0,0.0,0.0,0.0,0.0
Davis Cup EUR R1: POL vs GRE,1984,1984,1,4,0.0,Clay,5,5,Wojtek Fibak,0.0,0.0,0.0,0.0,0.0,0.0,0.0,0.0,0.0
Davis Cup EUR R1: POL vs ZIM,1985,1985,1,4,0.0,Clay,5,5,Wojtek Kowalski,0.0,0.0,0.0,0.0,0.0,0.0,0.0,0.0,0.0
Davis Cup EUR R1: POR vs ISR,1969,1969,1,4,0.0,Clay,5,5,Eleazar Davidman,0.0,0.0,0.0,0.0,0.0,0.0,0.0,0.0,0.0
Davis Cup EUR R1: POR vs LUX,1985,1985,1,4,0.0,Clay,5,5,Joao Cunha Silva,0.0,0.0,0.0,0.0,0.0,0.0,0.0,0.0,0.0
Davis Cup EUR R1: POR vs MON,1970,1970,1,4,0.0,Clay,5,5,Patrick Landau,0.0,0.0,0.0,0.0,0.0,0.0,0.0,0.0,0.0
Davis Cup EUR R1: POR vs NED,1983,1983,1,4,0.0,Clay,5,5,Michiel Schapers,0.0,0.0,0.0,0.0,0.0,0.0,0.0,0.0,0.0
Davis Cup EUR R1: POR vs TUN,1982,1982,1,4,0.0,Clay,5,5,Pedro Cordeiro,0.0,0.0,0.0,0.0,0.0,0.0,0.0,0.0,0.0
Davis Cup EUR R1: POR vs TUR,1971,1971,1,4,0.0,Clay,5,5,Alfredo Vaz Pinto,0.0,0.0,0.0,0.0,0.0,0.0,0.0,0.0,0.0
Davis Cup EUR R1: POR vs ZIM,1986,1986,1,4,0.0,Clay,5,5,Phillip Tuckniss,0.0,0.0,0.0,0.0,0.0,0.0,0.0,0.0,0.0
Davis Cup EUR R1: ROU vs DEN,1968,1968,1,4,0.0,Clay,5,4,Ilie Nastase,0.0,0.0,0.0,0.0,0.0,0.0,0.0,0.0,0.0
Davis Cup EUR R1: ROU vs EGY,1969,1969,1,4,0.0,Clay,5,5,Ismail El Shafei,0.0,0.0,0.0,0.0,0.0,0.0,0.0,0.0,0.0
Davis Cup EUR R1: ROU vs NED,1971,1971,1,2,0.0,Clay,5,4,Ilie Nastase,0.0,0.0,0.0,0.0,0.0,0.0,0.0,0.0,0.0
Davis Cup EUR R1: ROU vs SUI,1972,1972,1,4,0.0,Clay,5,5,Ion Tiriac,0.0,0.0,0.0,0.0,0.0,0.0,0.0,0.0,0.0
Davis Cup EUR R1: SEN vs MON,1985,1985,1,4,0.0,Hard,5,5,Bernard Balleret,0.0,0.0,0.0,0.0,0.0,0.0,0.0,0.0,0.0
Davis Cup EUR R1: SEN vs TUN,1984,1984,1,4,0.0,Hard,5,5,Abdel Majid Soudani,0.0,0.0,0.0,0.0,0.0,0.0,0.0,0.0,0.0
Davis Cup EUR R1: SUI vs GBR,1969,1969,1,4,0.0,Clay,5,5,Mark Cox,0.0,0.0,0.0,0.0,0.0,0.0,0.0,0.0,0.0
Davis Cup EUR R1: SWE vs ESP,1970,1970,1,4,0.0,Clay,5,5,Manuel Santana,0.0,0.0,0.0,0.0,0.0,0.0,0.0,0.0,0.0
Davis Cup EUR R1: SWE vs FRA,1971,1971,1,4,0.0,Clay,5,5,Patrick Proisy,0.0,0.0,0.0,0.0,0.0,0.0,0.0,0.0,0.0
Davis Cup EUR R1: SWE vs NZL,1972,1972,1,4,0.0,Clay,5,5,Bjorn Borg,0.0,0.0,0.0,0.0,0.0,0.0,0.0,0.0,0.0
Davis Cup EUR R1: SWE vs RHO,1968,1968,1,4,0.0,Hard,5,5,Ove Nils Bengtson,0.0,0.0,0.0,0.0,0.0,0.0,0.0,0.0,0.0
Davis Cup EUR R1: SYR vs TUR,1987,1987,1,4,0.0,Hard,5,5,Necvet Demir,0.0,0.0,0.0,0.0,0.0,0.0,0.0,0.0,0.0
Davis Cup EUR R1: TCH vs BRA,1968,1968,1,4,0.0,Clay,5,5,Jan Kodes,0.0,0.0,0.0,0.0,0.0,0.0,0.0,0.0,0.0
Davis Cup EUR R1: TUN vs SUI,1985,1985,1,4,0.0,Clay,5,5,Roland Stadler,0.0,0.0,0.0,0.0,0.0,0.0,0.0,0.0,0.0
Davis Cup EUR R1: TUR vs BEL,1984,1984,1,4,0.0,Clay,5,5,Jan Van Langendonck,0.0,0.0,0.0,0.0,0.0,0.0,0.0,0.0,0.0
Davis Cup EUR R1: TUR vs GRE,1982,1982,1,4,0.0,Clay,5,5,Athanasios Anastopoulos,0.0,0.0,0.0,0.0,0.0,0.0,0.0,0.0,0.0
Davis Cup EUR R1: TUR vs LUX,1986,1986,1,4,0.0,Clay,5,5,Johnny Goudenbour,0.0,0.0,0.0,0.0,0.0,0.0,0.0,0.0,0.0
Davis Cup EUR R1: TUR vs ZIM,1983,1983,1,4,0.0,Clay,5,5,Orlando Lourenco,0.0,0.0,0.0,0.0,0.0,0.0,0.0,0.0,0.0
Davis Cup EUR R1: YUG vs GBR,1971,1971,1,2,0.0,Clay,5,4,Zeljko Franulovic,0.0,0.0,0.0,0.0,0.0,0.0,0.0,0.0,0.0
Davis Cup EUR R1: YUG vs NOR,1982,1982,1,4,0.0,Clay,5,5,Marko Ostoja,0.0,0.0,0.0,0.0,0.0,0.0,0.0,0.0,0.0
Davis Cup EUR R1: YUG vs TUN,1983,1983,1,2,0.0,Clay,5,5,Slobodan Zivojinovic,0.0,0.0,0.0,0.0,0.0,0.0,0.0,0.0,0.0
Davis Cup EUR R1: ZIM vs POL,1987,1987,1,4,0.0,Hard,5,5,Byron Black,0.0,0.0,0.0,0.0,0.0,0.0,0.0,0.0,0.0
Davis Cup EUR SF: ARG vs AUS,1977,1977,1,4,0.0,Clay,5,9,Guillermo Vilas,0.0,0.0,0.0,0.0,0.0,0.0,0.0,0.0,0.0
Davis Cup EUR SF: AUS vs TCH,1973,1973,1,4,0.0,Grass,5,11,Rod Laver,0.0,0.0,0.0,0.0,0.0,0.0,0.0,0.0,0.0
Davis Cup EUR SF: AUT vs HUN,1983,1983,1,4,0.0,Clay,5,7,Balazs Taroczy,0.0,0.0,0.0,0.0,0.0,0.0,0.0,0.0,0.0
Davis Cup EUR SF: AUT vs ISR,1985,1985,1,4,0.0,Clay,5,8,Thomas Muster,0.0,0.0,0.0,0.0,0.0,0.0,0.0,0.0,0.0
Davis Cup EUR SF: AUT vs ROU,1986,1986,1,4,0.0,Clay,5,7,Thomas Muster,0.0,0.0,0.0,0.0,0.0,0.0,0.0,0.0,0.0
Davis Cup EUR SF: AUT vs SUI,1982,1982,1,4,0.0,Clay,5,8,Heinz Gunthardt,0.0,0.0,0.0,0.0,0.0,0.0,0.0,0.0,0.0
Davis Cup EUR SF: AUT vs URS,1981,1981,1,3,0.0,Clay,5,7,Konstantin Pugaev,0.0,0.0,0.0,0.0,0.0,0.0,0.0,0.0,0.0
Davis Cup EUR SF: BEL vs HUN,1984,1984,1,4,0.0,Clay,5,7,Balazs Taroczy,0.0,0.0,0.0,0.0,0.0,0.0,0.0,0.0,0.0
Davis Cup EUR SF: BRA vs TCH,1971,1971,1,4,0.0,Clay,5,8,Edison Mandarino,0.0,0.0,0.0,0.0,0.0,0.0,0.0,0.0,0.0
Davis Cup EUR SF: BUL vs SUI,1987,1987,1,4,0.0,Clay,5,7,Claudio Mezzadri,0.0,0.0,0.0,0.0,0.0,0.0,0.0,0.0,0.0
Davis Cup EUR SF: BUL vs YUG,1983,1983,1,4,0.0,Clay,5,7,Marko Ostoja,0.0,0.0,0.0,0.0,0.0,0.0,0.0,0.0,0.0
Davis Cup EUR SF: DEN vs EGY,1982,1982,1,4,0.0,Clay,5,7,Peter Bastiansen,0.0,0.0,0.0,0.0,0.0,0.0,0.0,0.0,0.0
Davis Cup EUR SF: DEN vs ROU,1987,1987,1,4,0.0,Clay,5,7,Michael Tauson,0.0,0.0,0.0,0.0,0.0,0.0,0.0,0.0,0.0
Davis Cup EUR SF: ESP vs GBR,1968,1968,1,4,0.0,Clay,5,6,Manuel Santana,0.0,0.0,0.0,0.0,0.0,0.0,0.0,0.0,0.0
Davis Cup EUR SF: ESP vs IRL,1984,1984,1,4,0.0,Clay,5,7,Emilio Sanchez,0.0,0.0,0.0,0.0,0.0,0.0,0.0,0.0,0.0
Davis Cup EUR SF: ESP vs MON,1981,1981,1,4,0.0,Clay,5,7,Fernando Luna,0.0,0.0,0.0,0.0,0.0,0.0,0.0,0.0,0.0
Davis Cup EUR SF: ESP vs ROU,1969,1975,7,8,0.0,Clay,5,6,Ilie Nastase,0.0,0.0,0.0,0.0,0.0,0.0,0.0,0.0,0.0
Davis Cup EUR SF: ESP vs USA,1972,1972,1,4,0.0,Clay,5,8,Andres Gimeno,0.0,0.0,0.0,0.0,0.0,0.0,0.0,0.0,0.0
Davis Cup EUR SF: FIN vs NED,1981,1981,1,4,0.0,Clay,5,7,Louk Sanders,0.0,0.0,0.0,0.0,0.0,0.0,0.0,0.0,0.0
Davis Cup EUR SF: FRA vs BUL,1986,1986,1,4,0.0,Hard,5,7,Guy Forget,0.0,0.0,0.0,0.0,0.0,0.0,0.0,0.0,0.0
Davis Cup EUR SF: FRA vs ESP,1970,1970,1,4,0.0,Clay,5,6,Manuel Santana,0.0,0.0,0.0,0.0,0.0,0.0,0.0,0.0,0.0
Davis Cup EUR SF: FRA vs GBR,1978,1978,1,4,0.0,Clay,5,7,Buster C Mottram,0.0,0.0,0.0,0.0,0.0,0.0,0.0,0.0,0.0
Davis Cup EUR SF: FRA vs ITA,1975,1975,1,4,0.0,Clay,5,6,Francois Jauffret,0.0,0.0,0.0,0.0,0.0,0.0,0.0,0.0,0.0
Davis Cup EUR SF: FRA vs TCH,1979,1979,1,4,0.0,Clay,5,7,Ivan Lendl,0.0,0.0,0.0,0.0,0.0,0.0,0.0,0.0,0.0
Davis Cup EUR SF: FRG vs TCH,1968,1974,7,12,0.0,Clay,5,6,Jan Kodes,0.0,0.0,0.0,0.0,0.0,0.0,0.0,0.0,0.0
Davis Cup EUR SF: GBR vs BRA,1969,1969,1,4,0.0,Grass,5,7,Graham Stilwell,0.0,0.0,0.0,0.0,0.0,0.0,0.0,0.0,0.0
Davis Cup EUR SF: GBR vs ESP,1979,1979,1,4,0.0,Grass,5,7,Buster C Mottram,0.0,0.0,0.0,0.0,0.0,0.0,0.0,0.0,0.0
Davis Cup EUR SF: GBR vs FRA,1976,1976,1,4,0.0,Grass,5,7,Roger Taylor,0.0,0.0,0.0,0.0,0.0,0.0,0.0,0.0,0.0
Davis Cup EUR SF: GBR vs FRG,1969,1969,1,4,0.0,Grass,5,6,Mark Cox,0.0,0.0,0.0,0.0,0.0,0.0,0.0,0.0,0.0
Davis Cup EUR SF: GBR vs ROU,1980,1980,1,4,0.0,Grass,5,6,Ilie Nastase,0.0,0.0,0.0,0.0,0.0,0.0,0.0,0.0,0.0
Davis Cup EUR SF: GBR vs SUI,1985,1985,1,2,0.0,Grass,5,8,John Lloyd,0.0,0.0,0.0,0.0,0.0,0.0,0.0,0.0,0.0
Davis Cup EUR SF: HUN vs ISR,1982,1982,1,4,0.0,Clay,5,7,Balazs Taroczy,0.0,0.0,0.0,0.0,0.0,0.0,0.0,0.0,0.0
Davis Cup EUR SF: HUN vs SUI,1986,1986,1,4,0.0,Clay,5,7,Balazs Taroczy,0.0,0.0,0.0,0.0,0.0,0.0,0.0,0.0,0.0
Davis Cup EUR SF: HUN vs TCH,1976,1976,1,3,0.0,Clay,5,7,Balazs Taroczy,0.0,0.0,0.0,0.0,0.0,0.0,0.0,0.0,0.0
Davis Cup EUR SF: IND vs PAK,1973,1973,1,3,0.0,Grass,5,4,Vijay Amritraj,0.0,0.0,0.0,0.0,0.0,0.0,0.0,0.0,0.0
Davis Cup EUR SF: IRL vs FIN,1982,1982,1,4,0.0,Hard,5,7,Matt Doyle,0.0,0.0,0.0,0.0,0.0,0.0,0.0,0.0,0.0
Davis Cup EUR SF: ISR vs FRG,1983,1983,1,4,0.0,Hard,5,7,Michael Westphal,0.0,0.0,0.0,0.0,0.0,0.0,0.0,0.0,0.0
Davis Cup EUR SF: ISR vs HUN,1981,1981,1,4,0.0,Hard,5,7,Shlomo Glickstein,0.0,0.0,0.0,0.0,0.0,0.0,0.0,0.0,0.0
Davis Cup EUR SF: ISR vs SUI,1984,1984,1,4,0.0,Hard,5,7,Shlomo Glickstein,0.0,0.0,0.0,0.0,0.0,0.0,0.0,0.0,0.0
Davis Cup EUR SF: ITA vs ESP,1973,1973,1,4,0.0,Clay,5,7,Corrado Barazzutti,0.0,0.0,0.0,0.0,0.0,0.0,0.0,0.0,0.0
Davis Cup EUR SF: ITA vs FRA,1977,1977,1,4,0.0,Clay,5,9,Adriano Panatta,0.0,0.0,0.0,0.0,0.0,0.0,0.0,0.0,0.0
Davis Cup EUR SF: ITA vs HUN,1979,1979,1,4,0.0,Clay,5,7,Corrado Barazzutti,0.0,0.0,0.0,0.0,0.0,0.0,0.0,0.0,0.0
Davis Cup EUR SF: ITA vs SUI,1980,1980,1,4,0.0,Clay,5,6,Corrado Barazzutti,0.0,0.0,0.0,0.0,0.0,0.0,0.0,0.0,0.0
Davis Cup EUR SF: ITA vs SWE,1976,1976,1,3,0.0,Clay,5,7,Adriano Panatta,0.0,0.0,0.0,0.0,0.0,0.0,0.0,0.0,0.0
Davis Cup EUR SF: ITA vs TCH,1979,1979,1,4,0.0,Clay,5,10,Adriano Panatta,0.0,0.0,0.0,0.0,0.0,0.0,0.0,0.0,0.0
Davis Cup EUR SF: ITA vs URS,1968,1968,1,4,0.0,Clay,5,6,Alex Metreveli,0.0,0.0,0.0,0.0,0.0,0.0,0.0,0.0,0.0
Davis Cup EUR SF: JPN vs THA,1982,1982,1,4,0.0,Clay,5,3,Tsuyoshi Fukui,0.0,0.0,0.0,0.0,0.0,0.0,0.0,0.0,0.0
Davis Cup EUR SF: MEX vs COL,1973,1978,6,8,0.0,Clay,5,12,Raul Ramirez,0.0,0.0,0.0,0.0,0.0,0.0,0.0,0.0,0.0
Davis Cup EUR SF: MON vs DEN,1985,1985,1,4,0.0,Clay,5,8,Peter Bastiansen,0.0,0.0,0.0,0.0,0.0,0.0,0.0,0.0,0.0
Davis Cup EUR SF: NED vs ISR,1986,1986,1,4,0.0,Clay,5,7,Shlomo Glickstein,0.0,0.0,0.0,0.0,0.0,0.0,0.0,0.0,0.0
Davis Cup EUR SF: NZL vs CHN,1985,1985,1,2,0.0,Hard,5,5,Russell Simpson,0.0,0.0,0.0,0.0,0.0,0.0,0.0,0.0,0.0
Davis Cup EUR SF: NZL vs IND,1976,1976,1,4,0.0,Grass,5,1,Vijay Amritraj,0.0,0.0,0.0,0.0,0.0,0.0,0.0,0.0,0.0
Davis Cup EUR SF: NZL vs JPN,1979,1979,1,2,0.0,Grass,5,2,Russell Simpson,0.0,0.0,0.0,0.0,0.0,0.0,0.0,0.0,0.0
Davis Cup EUR SF: PAK vs THA,1984,1984,1,4,0.0,Clay,5,5,Islam Ul Haq,0.0,0.0,0.0,0.0,0.0,0.0,0.0,0.0,0.0
Davis Cup EUR SF: POR vs AUT,1987,1987,1,4,0.0,Clay,5,7,Thomas Muster,0.0,0.0,0.0,0.0,0.0,0.0,0.0,0.0,0.0
Davis Cup EUR SF: ROU vs EGY,1985,1985,1,4,0.0,Clay,5,8,Florin Segarceanu,0.0,0.0,0.0,0.0,0.0,0.0,0.0,0.0,0.0
Davis Cup EUR SF: ROU vs FRA,1974,1974,1,4,0.0,Clay,5,7,Francois Jauffret,0.0,0.0,0.0,0.0,0.0,0.0,0.0,0.0,0.0
Davis Cup EUR SF: ROU vs GBR,1977,1977,1,4,0.0,Clay,5,6,Dimitru Haradau,0.0,0.0,0.0,0.0,0.0,0.0,0.0,0.0,0.0
Davis Cup EUR SF: ROU vs ITA,1972,1972,1,4,0.0,Clay,5,6,Ilie Nastase,0.0,0.0,0.0,0.0,0.0,0.0,0.0,0.0,0.0
Davis Cup EUR SF: ROU vs NZL,1973,1973,1,4,0.0,Clay,5,7,Ilie Nastase,0.0,0.0,0.0,0.0,0.0,0.0,0.0,0.0,0.0
Davis Cup EUR SF: ROU vs SWE,1979,1979,1,4,0.0,Clay,5,7,Bjorn Borg,0.0,0.0,0.0,0.0,0.0,0.0,0.0,0.0,0.0
Davis Cup EUR SF: ROU vs YUG,1971,1971,1,4,0.0,Clay,5,6,Ilie Nastase,0.0,0.0,0.0,0.0,0.0,0.0,0.0,0.0,0.0
Davis Cup EUR SF: SUI vs NED,1983,1983,1,3,0.0,Clay,5,7,Roland Stadler,0.0,0.0,0.0,0.0,0.0,0.0,0.0,0.0,0.0
Davis Cup EUR SF: SWE vs CHI,1975,1975,1,2,0.0,Clay,5,9,Bjorn Borg,0.0,0.0,0.0,0.0,0.0,0.0,0.0,0.0,0.0
Davis Cup EUR SF: SWE vs ESP,1978,1978,1,4,0.0,Clay,5,7,Bjorn Borg,0.0,0.0,0.0,0.0,0.0,0.0,0.0,0.0,0.0
Davis Cup EUR SF: SWE vs FRG,1980,1980,1,4,0.0,Clay,5,6,Bjorn Borg,0.0,0.0,0.0,0.0,0.0,0.0,0.0,0.0,0.0
Davis Cup EUR SF: SWE vs ITA,1974,1977,4,8,0.0,Clay,5,7,Adriano Panatta,0.0,0.0,0.0,0.0,0.0,0.0,0.0,0.0,0.0
Davis Cup EUR SF: TCH vs AUS,1975,1975,1,3,0.0,Clay,5,9,Jan Kodes,0.0,0.0,0.0,0.0,0.0,0.0,0.0,0.0,0.0
Davis Cup EUR SF: TCH vs FRA,1980,1980,1,4,0.0,Clay,5,6,Tomas Smid,0.0,0.0,0.0,0.0,0.0,0.0,0.0,0.0,0.0
Davis Cup EUR SF: TCH vs FRG,1973,1973,1,4,0.0,Clay,5,7,Jan Kodes,0.0,0.0,0.0,0.0,0.0,0.0,0.0,0.0,0.0
Davis Cup EUR SF: TCH vs HUN,1975,1975,1,4,0.0,Clay,5,7,Jan Kodes,0.0,0.0,0.0,0.0,0.0,0.0,0.0,0.0,0.0
Davis Cup EUR SF: TCH vs ROU,1978,1978,1,4,0.0,Clay,5,7,Pavel Slozil,0.0,0.0,0.0,0.0,0.0,0.0,0.0,0.0,0.0
Davis Cup EUR SF: TCH vs URS,1971,1971,1,4,0.0,Clay,5,6,Frantisek Pala,0.0,0.0,0.0,0.0,0.0,0.0,0.0,0.0,0.0
Davis Cup EUR SF: THA vs NZL,1987,1987,1,4,0.0,Hard,5,7,Bruce Derlin,0.0,0.0,0.0,0.0,0.0,0.0,0.0,0.0,0.0
Davis Cup EUR SF: URS vs AUT,1984,1984,1,4,0.0,Clay,5,7,Peter Feigl,0.0,0.0,0.0,0.0,0.0,0.0,0.0,0.0,0.0
Davis Cup EUR SF: URS vs SWE,1975,1975,1,4,0.0,Clay,5,7,Bjorn Borg,0.0,0.0,0.0,0.0,0.0,0.0,0.0,0.0,0.0
Davis Cup EUR SF: URS vs TCH,1970,1970,1,4,0.0,Clay,5,6,Alex Metreveli,0.0,0.0,0.0,0.0,0.0,0.0,0.0,0.0,0.0
Davis Cup EUR SF: USA vs ESP,1968,1968,1,4,0.0,Hard,5,8,Arthur Ashe,0.0,0.0,0.0,0.0,0.0,0.0,0.0,0.0,0.0
Davis Cup EUR SF: YUG vs ROU,1970,1970,1,4,0.0,Clay,5,6,Zeljko Franulovic,0.0,0.0,0.0,0.0,0.0,0.0,0.0,0.0,0.0
Davis Cup Finals F: CAN vs ESP,2019,2019,1,2,112.0,Hard,3,11,Roberto Bautista Agut,5.5,12.0,214.0,142.5,113.0,39.5,32.0,8.0,10.5
Davis Cup Finals QF: ARG vs ESP,2019,2019,1,2,109.5,Hard,3,11,Guido Pella,2.5,19.5,219.0,140.5,111.0,37.0,35.0,7.0,13.0
Davis Cup Finals QF: AUS vs CAN,2019,2019,1,2,102.0,Hard,3,11,Vasek Pospisil,8.0,24.5,225.0,154.0,124.0,34.5,39.0,7.0,11.0
Davis Cup Finals QF: GBR vs GER,2019,2019,1,2,111.5,Hard,3,11,Kyle Edmund,0.0,32.0,249.0,155.5,113.5,58.5,41.0,8.0,14.0
Davis Cup Finals QF: SRB vs RUS,2019,2019,1,2,63.0,Hard,3,11,Andrey Rublev,1.0,27.0,147.0,101.0,76.0,22.5,25.0,6.5,10.0
Davis Cup Finals RR: ARG vs CHI,2019,2019,1,2,74.0,Hard,3,11,Guido Pella,8.0,14.0,155.0,105.0,75.5,22.0,26.5,3.0,10.5
Davis Cup Finals RR: ARG vs GER,2019,2019,1,2,112.0,Hard,3,11,Philipp Kohlschreiber,5.5,19.0,242.0,160.0,118.5,37.0,35.5,10.0,15.0
Davis Cup Finals RR: AUS vs COL,2019,2019,1,2,77.5,Hard,3,11,Nick Kyrgios,2.5,26.5,173.5,125.5,93.5,25.5,29.5,11.5,15.5
Davis Cup Finals RR: BEL vs AUS,2019,2019,1,2,90.0,Hard,3,11,Nick Kyrgios,9.5,28.5,190.5,124.5,105.0,29.5,28.5,6.0,10.0
Davis Cup Finals RR: BEL vs COL,2019,2019,1,2,92.0,Hard,3,11,Steve Darcis,5.5,12.5,204.5,126.0,91.0,35.0,33.5,5.5,12.5
Davis Cup Finals RR: CRO vs ESP,2019,2019,1,2,71.0,Hard,3,11,Roberto Bautista Agut,3.5,14.5,144.5,95.5,73.5,28.5,26.5,5.0,8.5
Davis Cup Finals RR: CRO vs RUS,2019,2019,1,2,107.0,Hard,3,11,Andrey Rublev,8.5,15.0,225.5,137.5,108.5,47.5,37.5,9.0,13.0
Davis Cup Finals RR: ESP vs RUS,2019,2019,1,2,143.0,Hard,3,11,Andrey Rublev,10.0,33.0,273.0,176.5,127.0,47.5,38.5,14.5,19.5
Davis Cup Finals RR: FRA vs JPN,2019,2019,1,2,62.0,Hard,3,11,Jo-Wilfried Tsonga,2.5,9.5,144.0,98.5,71.5,25.5,26.5,3.5,8.5
Davis Cup Finals RR: FRA vs SRB,2019,2019,1,2,87.5,Hard,3,11,Filip Krajinovic,7.5,20.0,195.5,128.5,101.5,37.0,31.5,9.0,11.0
Davis Cup Finals RR: GBR vs KAZ,2019,2019,1,2,103.5,Hard,3,11,Kyle Edmund,14.0,22.0,218.0,130.0,95.0,45.0,35.5,13.0,19.0
Davis Cup Finals RR: GBR vs NED,2019,2019,1,2,155.5,Hard,3,11,Andy Murray,6.5,41.5,335.5,206.0,155.0,68.5,49.0,12.5,19.0
Davis Cup Finals RR: GER vs CHI,2019,2019,1,2,114.5,Hard,3,11,Philipp Kohlschreiber,4.5,27.0,270.0,174.0,136.5,60.0,41.5,7.5,11.5
Davis Cup Finals RR: ITA vs CAN,2019,2019,1,2,140.0,Hard,3,11,Vasek Pospisil,19.5,31.0,302.0,178.5,145.5,65.0,45.0,12.0,14.0
Davis Cup Finals RR: KAZ vs NED,2019,2019,1,2,98.0,Hard,3,11,Mikhail Kukushkin,8.0,23.0,210.5,130.0,104.5,47.0,37.0,4.0,7.5
Davis Cup Finals RR: SRB vs JPN,2019,2019,1,2,67.5,Hard,3,11,Filip Krajinovic,1.0,11.5,155.0,100.0,70.5,27.5,25.0,7.0,12.0
Davis Cup Finals RR: USA vs CAN,2019,2019,1,2,94.5,Hard,3,11,Vasek Pospisil,8.5,32.0,231.0,147.0,119.0,45.5,34.0,8.0,10.0
Davis Cup Finals RR: USA vs ITA,2019,2019,1,2,125.0,Hard,3,11,Fabio Fognini,10.5,45.0,281.5,184.0,146.0,59.0,47.5,7.0,10.0
Davis Cup Finals SF: GBR vs ESP,2019,2019,1,2,83.0,Hard,3,11,Kyle Edmund,2.5,24.0,171.0,115.0,85.0,34.0,28.0,5.0,7.5
Davis Cup Finals SF: RUS vs CAN,2019,2019,1,2,97.5,Hard,3,11,Andrey Rublev,11.5,24.5,235.0,153.5,118.5,33.5,37.5,13.0,19.0
Davis Cup G1 F: ARG vs USA,1988,1988,1,4,0.0,Clay,5,7,Andre Agassi,0.0,0.0,0.0,0.0,0.0,0.0,0.0,0.0,0.0
Davis Cup G1 F: AUT vs GBR,1988,1988,1,4,0.0,Clay,5,7,Thomas Muster,0.0,0.0,0.0,0.0,0.0,0.0,0.0,0.0,0.0
Davis Cup G1 F: INA vs IND,1981,1981,1,4,0.0,Clay,5,3,Sashi Menon,0.0,0.0,0.0,0.0,0.0,0.0,0.0,0.0,0.0
Davis Cup G1 F: INA vs JPN,1982,1982,1,4,0.0,Clay,5,5,Tintus Arianto Wibowo,0.0,0.0,0.0,0.0,0.0,0.0,0.0,0.0,0.0
Davis Cup G1 F: INA vs KOR,1988,1988,1,4,0.0,Clay,5,7,Bong Soo Kim,0.0,0.0,0.0,0.0,0.0,0.0,0.0,0.0,0.0
Davis Cup G1 F: URS vs NED,1988,1988,1,4,0.0,Clay,5,7,Andrei Cherkasov,0.0,0.0,0.0,0.0,0.0,0.0,0.0,0.0,0.0
Davis Cup G1 F: USA vs CHI,1973,1973,1,2,0.0,Hard,5,8,Stan Smith,0.0,0.0,0.0,0.0,0.0,0.0,0.0,0.0,0.0
Davis Cup G1 PO: ARG vs ECU,1997,1997,1,3,0.0,Clay,5,7,Nicolas Lapentti,0.0,0.0,0.0,0.0,0.0,0.0,0.0,0.0,0.0
Davis Cup G1 PO: ARG vs VEN,1997,1997,1,4,0.0,Clay,5,9,Lucas Arnold Ker,0.0,0.0,0.0,0.0,0.0,0.0,0.0,0.0,0.0
Davis Cup G1 PO: AUT vs DEN,1998,1998,1,4,0.0,Clay,5,9,Markus Hipfl,0.0,0.0,0.0,0.0,0.0,0.0,0.0,0.0,0.0
Davis Cup G1 PO: AUT vs UKR,2001,2001,1,4,0.0,Hard,5,9,Stefan Koubek,0.0,0.0,0.0,0.0,0.0,0.0,0.0,0.0,0.0
Davis Cup G1 PO: BAH vs CAN,1999,1999,1,4,0.0,Hard,5,7,Simon Larose,0.0,0.0,0.0,0.0,0.0,0.0,0.0,0.0,0.0
Davis Cup G1 PO: BAH vs COL,2000,2000,1,4,0.0,Hard,5,7,Mark Merklein,0.0,0.0,0.0,0.0,0.0,0.0,0.0,0.0,0.0
Davis Cup G1 PO: BAH vs MEX,2002,2002,1,4,0.0,Hard,5,9,Miguel Gallardo Valles,0.0,0.0,0.0,0.0,0.0,0.0,0.0,0.0,0.0
Davis Cup G1 PO: BAH vs VEN,1997,1997,1,4,0.0,Hard,5,7,Roger Smith,0.0,0.0,0.0,0.0,0.0,0.0,0.0,0.0,0.0
Davis Cup G1 PO: BAR vs ECU,2015,2015,1,4,0.0,Hard,5,9,Darian King,0.0,0.0,0.0,0.0,0.0,0.0,0.0,0.0,0.0
Davis Cup G1 PO: BAR vs URU,2015,2015,1,4,0.0,Hard,5,10,Darian King,0.0,0.0,0.0,0.0,0.0,0.0,0.0,0.0,0.0
Davis Cup G1 PO: BLR vs GEO,2008,2008,1,3,0.0,Hard,5,9,Uladzimir Ignatik,0.0,0.0,0.0,0.0,0.0,0.0,0.0,0.0,0.0
Davis Cup G1 PO: BLR vs MKD,2009,2009,1,4,0.0,Hard,5,7,Uladzimir Ignatik,0.0,0.0,0.0,0.0,0.0,0.0,0.0,0.0,0.0
Davis Cup G1 PO: BLR vs NED,2010,2010,1,4,0.0,Hard,5,7,Thiemo De Bakker,0.0,0.0,0.0,0.0,0.0,0.0,0.0,0.0,0.0
Davis Cup G1 PO: BLR vs POL,2008,2008,1,4,0.0,Hard,5,7,Michal Przysiezny,0.0,0.0,0.0,0.0,0.0,0.0,0.0,0.0,0.0
Davis Cup G1 PO: BLR vs SVK,2010,2010,1,4,0.0,Hard,5,9,Lukas Lacko,0.0,0.0,0.0,0.0,0.0,0.0,0.0,0.0,0.0
Davis Cup G1 PO: BRA vs CHI,1990,1990,1,4,0.0,Hard,5,3,Fernando Roese,0.0,0.0,0.0,0.0,0.0,0.0,0.0,0.0,0.0
Davis Cup G1 PO: BRA vs PER,2004,2004,1,4,0.0,Clay,5,9,Luis Horna,0.0,0.0,0.0,0.0,0.0,0.0,0.0,0.0,0.0
Davis Cup G1 PO: BUL vs ROU,1988,1988,1,4,0.0,Clay,5,6,Adrian Marcu,0.0,0.0,0.0,0.0,0.0,0.0,0.0,0.0,0.0
Davis Cup G1 PO: CAN vs ARG,2000,2000,1,4,0.0,Hard,5,7,Daniel Nestor,0.0,0.0,0.0,0.0,0.0,0.0,0.0,0.0,0.0
Davis Cup G1 PO: CAN vs DOM,2010,2010,1,4,0.0,Hard,5,9,Peter Polansky,0.0,0.0,0.0,0.0,0.0,0.0,0.0,0.0,0.0
Davis Cup G1 PO: CAN vs VEN,2006,2006,1,4,0.0,Hard,5,7,Frank Dancevic,0.0,0.0,0.0,0.0,0.0,0.0,0.0,0.0,0.0
Davis Cup G1 PO: CHI vs CAN,1993,1993,1,3,0.0,Clay,5,3,Sergio Cortes,0.0,0.0,0.0,0.0,0.0,0.0,0.0,0.0,0.0
Davis Cup G1 PO: CHI vs PER,1996,1996,1,4,0.0,Clay,5,9,Marcelo Rios,0.0,0.0,0.0,0.0,0.0,0.0,0.0,0.0,0.0
Davis Cup G1 PO: CHI vs URU,1995,1995,1,4,0.0,Clay,5,3,Gabriel Silberstein,0.0,0.0,0.0,0.0,0.0,0.0,0.0,0.0,0.0
Davis Cup G1 PO: CHN vs INA,1998,2005,8,8,0.0,Hard,5,9,Yu Zhang,0.0,0.0,0.0,0.0,0.0,0.0,0.0,0.0,0.0
Davis Cup G1 PO: CHN vs PAK,1990,2006,17,10,0.0,Hard,5,2,Bing Pan,0.0,0.0,0.0,0.0,0.0,0.0,0.0,0.0,0.0
Davis Cup G1 PO: CHN vs THA,2000,2009,10,8,0.0,Hard,5,9,Shao Xuan Zeng,0.0,0.0,0.0,0.0,0.0,0.0,0.0,0.0,0.0
Davis Cup G1 PO: CHN vs TPE,2013,2013,1,4,0.0,Hard,5,4,Di Wu,0.0,0.0,0.0,0.0,0.0,0.0,0.0,0.0,0.0
Davis Cup G1 PO: COL vs ARG,2000,2000,1,4,0.0,Clay,5,10,Franco Squillari,0.0,0.0,0.0,0.0,0.0,0.0,0.0,0.0,0.0
Davis Cup G1 PO: COL vs MEX,1998,1998,1,4,0.0,Clay,5,9,Mauricio Hadad,0.0,0.0,0.0,0.0,0.0,0.0,0.0,0.0,0.0
Davis Cup G1 PO: DEN vs ESP,2015,2015,1,4,0.0,Hard,5,9,David Ferrer,0.0,0.0,0.0,0.0,0.0,0.0,0.0,0.0,0.0
Davis Cup G1 PO: DOM vs CHI,2013,2013,1,4,0.0,Hard,5,9,Jose Hernandez,0.0,0.0,0.0,0.0,0.0,0.0,0.0,0.0,0.0
Davis Cup G1 PO: ECU vs BAH,2002,2002,1,4,0.0,Clay,5,7,Johny De Leon,0.0,0.0,0.0,0.0,0.0,0.0,0.0,0.0,0.0
Davis Cup G1 PO: ECU vs MEX,2011,2011,1,4,0.0,Clay,5,9,Julio Cesar Campozano,0.0,0.0,0.0,0.0,0.0,0.0,0.0,0.0,0.0
Davis Cup G1 PO: ECU vs PER,2004,2004,1,4,0.0,Hard,5,7,Carlos Avellan,0.0,0.0,0.0,0.0,0.0,0.0,0.0,0.0,0.0
Davis Cup G1 PO: FIN vs POL,2011,2011,1,4,0.0,Hard,5,9,Henri Kontinen,0.0,0.0,0.0,0.0,0.0,0.0,0.0,0.0,0.0
Davis Cup G1 PO: GBR vs ISR,2006,2006,1,4,0.0,Grass,5,7,Noam Okun,0.0,0.0,0.0,0.0,0.0,0.0,0.0,0.0,0.0
Davis Cup G1 PO: GBR vs POL,2009,2009,1,4,0.0,Hard,5,9,Andy Murray,0.0,0.0,0.0,0.0,0.0,0.0,0.0,0.0,0.0
Davis Cup G1 PO: GBR vs ROU,1994,1994,1,4,0.0,Grass,5,7,Razvan Sabau,0.0,0.0,0.0,0.0,0.0,0.0,0.0,0.0,0.0
Davis Cup G1 PO: GHA vs IRL,1990,1990,1,4,0.0,Hard,5,5,Peter Wright,0.0,0.0,0.0,0.0,0.0,0.0,0.0,0.0,0.0
Davis Cup G1 PO: HKG vs TPE,1995,1995,1,4,0.0,Hard,5,9,Chia Yen Tsai,0.0,0.0,0.0,0.0,0.0,0.0,0.0,0.0,0.0
Davis Cup G1 PO: HUN vs BEL,1988,1988,1,4,0.0,Clay,5,6,Andras Lanyi,0.0,0.0,0.0,0.0,0.0,0.0,0.0,0.0,0.0
Davis Cup G1 PO: HUN vs MAR,1991,1991,1,4,0.0,Clay,5,5,Sandor Noszaly,0.0,0.0,0.0,0.0,0.0,0.0,0.0,0.0,0.0
Davis Cup G1 PO: HUN vs UKR,1997,1997,1,4,0.0,Clay,5,9,Andrei Medvedev,0.0,0.0,0.0,0.0,0.0,0.0,0.0,0.0,0.0
Davis Cup G1 PO: INA vs CHN,1996,2001,6,8,0.0,Clay,5,4,Bing Pan,0.0,0.0,0.0,0.0,0.0,0.0,0.0,0.0,0.0
Davis Cup G1 PO: INA vs KOR,2003,2003,1,4,0.0,Hard,5,4,Hee Seok Chung,0.0,0.0,0.0,0.0,0.0,0.0,0.0,0.0,0.0
Davis Cup G1 PO: INA vs LIB,2002,2002,1,4,0.0,Hard,5,4,Suwandi Suwandi,0.0,0.0,0.0,0.0,0.0,0.0,0.0,0.0,0.0
Davis Cup G1 PO: INA vs NZL,2004,2004,1,4,0.0,Hard,5,4,Febi Widhiyanto,0.0,0.0,0.0,0.0,0.0,0.0,0.0,0.0,0.0
Davis Cup G1 PO: INA vs TPE,1995,1995,1,4,0.0,Clay,5,3,Suwandi Suwandi,0.0,0.0,0.0,0.0,0.0,0.0,0.0,0.0,0.0
Davis Cup G1 PO: IND vs CHN,1999,1999,1,4,0.0,Grass,5,4,Leander Paes,0.0,0.0,0.0,0.0,0.0,0.0,0.0,0.0,0.0
Davis Cup G1 PO: IND vs INA,2013,2013,1,4,0.0,Hard,5,4,Somdev Devvarman,0.0,0.0,0.0,0.0,0.0,0.0,0.0,0.0,0.0
Davis Cup G1 PO: IND vs NZL,2012,2012,1,4,0.0,Hard,5,9,Yuki Bhambri,0.0,0.0,0.0,0.0,0.0,0.0,0.0,0.0,0.0
Davis Cup G1 PO: IND vs PAK,2006,2006,1,4,0.0,Grass,5,4,Aisam Ul Haq Qureshi,0.0,0.0,0.0,0.0,0.0,0.0,0.0,0.0,0.0
Davis Cup G1 PO: ISR vs FIN,2004,2004,1,4,0.0,Hard,5,9,Noam Okun,0.0,0.0,0.0,0.0,0.0,0.0,0.0,0.0,0.0
Davis Cup G1 PO: ISR vs GRE,2002,2002,1,4,0.0,Hard,5,9,Harel Levy,0.0,0.0,0.0,0.0,0.0,0.0,0.0,0.0,0.0
Davis Cup G1 PO: ISR vs SLO,1995,2015,21,8,0.0,Hard,5,9,Eyal Erlich,0.0,0.0,0.0,0.0,0.0,0.0,0.0,0.0,0.0
Davis Cup G1 PO: ISR vs ZIM,2003,2003,1,4,0.0,Hard,5,7,Noam Okun,0.0,0.0,0.0,0.0,0.0,0.0,0.0,0.0,0.0
Davis Cup G1 PO: ITA vs LAT,2008,2008,1,4,0.0,Clay,5,9,Ernests Gulbis,0.0,0.0,0.0,0.0,0.0,0.0,0.0,0.0,0.0
Davis Cup G1 PO: ITA vs LUX,2007,2007,1,4,0.0,Hard,5,7,Potito Starace,0.0,0.0,0.0,0.0,0.0,0.0,0.0,0.0,0.0
Davis Cup G1 PO: JPN vs CHN,1992,1992,1,4,0.0,Hard,5,3,Shuzo Matsuoka,0.0,0.0,0.0,0.0,0.0,0.0,0.0,0.0,0.0
Davis Cup G1 PO: JPN vs HKG,1995,1995,1,4,0.0,Hard,5,3,Takao Suzuki,0.0,0.0,0.0,0.0,0.0,0.0,0.0,0.0,0.0
Davis Cup G1 PO: KAZ vs CHN,2007,2007,1,4,0.0,Hard,5,9,Alexey Kedryuk,0.0,0.0,0.0,0.0,0.0,0.0,0.0,0.0,0.0
Davis Cup G1 PO: KAZ vs IND,2007,2007,1,4,0.0,Hard,5,4,Alexey Kedryuk,0.0,0.0,0.0,0.0,0.0,0.0,0.0,0.0,0.0
Davis Cup G1 PO: KAZ vs PHI,2008,2008,1,4,0.0,Clay,5,9,Yuri Schukin,0.0,0.0,0.0,0.0,0.0,0.0,0.0,0.0,0.0
Davis Cup G1 PO: KAZ vs TPE,2008,2008,1,4,0.0,Hard,5,4,Yen Hsun Lu,0.0,0.0,0.0,0.0,0.0,0.0,0.0,0.0,0.0
Davis Cup G1 PO: KOR vs CHN,1998,2009,12,8,0.0,Hard,5,7,Hyung Taik Lee,0.0,0.0,0.0,0.0,0.0,0.0,0.0,0.0,0.0
Davis Cup G1 PO: KOR vs INA,2001,2001,1,4,0.0,Hard,5,4,Hyung Taik Lee,0.0,0.0,0.0,0.0,0.0,0.0,0.0,0.0,0.0
Davis Cup G1 PO: KOR vs PHI,2010,2010,1,4,0.0,Hard,5,9,Yong Kyu Lim,0.0,0.0,0.0,0.0,0.0,0.0,0.0,0.0,0.0
Davis Cup G1 PO: KOR vs UZB,2010,2010,1,4,0.0,Hard,5,7,Denis Istomin,0.0,0.0,0.0,0.0,0.0,0.0,0.0,0.0,0.0
Davis Cup G1 PO: LAT vs AUT,2014,2014,1,4,0.0,Hard,5,9,Martin Fischer,0.0,0.0,0.0,0.0,0.0,0.0,0.0,0.0,0.0
Davis Cup G1 PO: LIB vs CHN,2000,2000,1,4,0.0,Hard,5,10,Ben Qiang Zhu,0.0,0.0,0.0,0.0,0.0,0.0,0.0,0.0,0.0
Davis Cup G1 PO: LIB vs INA,1998,1998,1,4,0.0,Hard,5,7,Ali Hamadeh,0.0,0.0,0.0,0.0,0.0,0.0,0.0,0.0,0.0
Davis Cup G1 PO: LIB vs KOR,2002,2002,1,4,0.0,Clay,5,9,Dong Hyun Kim,0.0,0.0,0.0,0.0,0.0,0.0,0.0,0.0,0.0
Davis Cup G1 PO: LIB vs PAK,1999,1999,1,4,0.0,Hard,5,4,Jicham Zaatini,0.0,0.0,0.0,0.0,0.0,0.0,0.0,0.0,0.0
Davis Cup G1 PO: LTU vs UKR,2015,2015,1,4,0.0,Hard,5,9,Illya Marchenko,0.0,0.0,0.0,0.0,0.0,0.0,0.0,0.0,0.0
Davis Cup G1 PO: LUX vs MAR,2005,2005,1,4,0.0,Hard,5,7,Mehdi Tahiri,0.0,0.0,0.0,0.0,0.0,0.0,0.0,0.0,0.0
Davis Cup G1 PO: MAR vs POR,2006,2006,1,4,0.0,Clay,5,9,Frederico Gil,0.0,0.0,0.0,0.0,0.0,0.0,0.0,0.0,0.0
Davis Cup G1 PO: MAR vs RSA,2005,2005,1,4,0.0,Clay,5,9,Mounir El Aarej,0.0,0.0,0.0,0.0,0.0,0.0,0.0,0.0,0.0
Davis Cup G1 PO: MEX vs BAH,1998,1998,1,4,0.0,Clay,5,7,Mark Knowles,0.0,0.0,0.0,0.0,0.0,0.0,0.0,0.0,0.0
Davis Cup G1 PO: MEX vs CAN,2001,2001,1,4,0.0,Clay,5,7,Alejandro Hernandez,0.0,0.0,0.0,0.0,0.0,0.0,0.0,0.0,0.0
Davis Cup G1 PO: MEX vs COL,2011,2011,1,4,0.0,Clay,5,10,Santiago Giraldo,0.0,0.0,0.0,0.0,0.0,0.0,0.0,0.0,0.0
Davis Cup G1 PO: MEX vs CUB,1994,1994,1,4,0.0,Clay,5,3,Luis Herrera,0.0,0.0,0.0,0.0,0.0,0.0,0.0,0.0,0.0
Davis Cup G1 PO: MEX vs PAR,2005,2005,1,4,0.0,Hard,5,7,Carlos Palencia,0.0,0.0,0.0,0.0,0.0,0.0,0.0,0.0,0.0
Davis Cup G1 PO: MEX vs VEN,2007,2007,1,4,0.0,Hard,5,7,Daniel Garza,0.0,0.0,0.0,0.0,0.0,0.0,0.0,0.0,0.0
Davis Cup G1 PO: MKD vs LUX,2007,2007,1,4,0.0,Hard,5,9,Lazar Magdincev,0.0,0.0,0.0,0.0,0.0,0.0,0.0,0.0,0.0
Davis Cup G1 PO: NED vs POR,2007,2007,1,4,0.0,Hard,5,9,Robin Haase,0.0,0.0,0.0,0.0,0.0,0.0,0.0,0.0,0.0
Davis Cup G1 PO: NOR vs CRO,1998,1998,1,4,0.0,Clay,5,9,Ivan Ljubicic,0.0,0.0,0.0,0.0,0.0,0.0,0.0,0.0,0.0
Davis Cup G1 PO: NOR vs FIN,2003,2003,1,4,0.0,Clay,5,7,Jarkko Nieminen,0.0,0.0,0.0,0.0,0.0,0.0,0.0,0.0,0.0
Davis Cup G1 PO: NOR vs LUX,2003,2003,1,4,0.0,Clay,5,9,Gilles Muller,0.0,0.0,0.0,0.0,0.0,0.0,0.0,0.0,0.0
Davis Cup G1 PO: NZL vs PHI,2011,2011,1,4,0.0,Hard,5,7,Jose Rubin Statham,0.0,0.0,0.0,0.0,0.0,0.0,0.0,0.0,0.0
Davis Cup G1 PO: PAK vs KOR,2003,2003,1,4,0.0,Grass,5,9,Young Jun Kim,0.0,0.0,0.0,0.0,0.0,0.0,0.0,0.0,0.0
Davis Cup G1 PO: PAK vs NZL,2004,2004,1,4,0.0,Clay,5,9,Mark Nielsen,0.0,0.0,0.0,0.0,0.0,0.0,0.0,0.0,0.0
Davis Cup G1 PO: PER vs BAH,1995,1995,1,4,0.0,Clay,5,3,Jaime Yzaga,0.0,0.0,0.0,0.0,0.0,0.0,0.0,0.0,0.0
Davis Cup G1 PO: PER vs CAN,2009,2009,1,4,0.0,Clay,5,7,Luis Horna,0.0,0.0,0.0,0.0,0.0,0.0,0.0,0.0,0.0
Davis Cup G1 PO: PER vs ECU,2006,2012,7,8,0.0,Clay,5,9,Julio Cesar Campozano,0.0,0.0,0.0,0.0,0.0,0.0,0.0,0.0,0.0
Davis Cup G1 PO: PER vs MEX,1994,1994,1,4,0.0,Clay,5,2,Jaime Yzaga,0.0,0.0,0.0,0.0,0.0,0.0,0.0,0.0,0.0
Davis Cup G1 PO: PER vs PAR,2005,2005,1,4,0.0,Clay,5,9,Ivan Miranda,0.0,0.0,0.0,0.0,0.0,0.0,0.0,0.0,0.0
Davis Cup G1 PO: PER vs URU,1995,2009,15,8,0.0,Clay,5,9,Jaime Yzaga,0.0,0.0,0.0,0.0,0.0,0.0,0.0,0.0,0.0
Davis Cup G1 PO: PHI vs JPN,1992,1992,1,4,0.0,Hard,5,1,Shuzo Matsuoka,0.0,0.0,0.0,0.0,0.0,0.0,0.0,0.0,0.0
Davis Cup G1 PO: PHI vs TPE,2011,2011,1,4,0.0,Clay,5,9,Ti Chen,0.0,0.0,0.0,0.0,0.0,0.0,0.0,0.0,0.0
Davis Cup G1 PO: PHI vs UZB,2008,2008,1,4,0.0,Clay,5,4,Denis Istomin,0.0,0.0,0.0,0.0,0.0,0.0,0.0,0.0,0.0
Davis Cup G1 PO: POR vs ROU,1995,1995,1,4,0.0,Clay,5,9,Adrian Voinea,0.0,0.0,0.0,0.0,0.0,0.0,0.0,0.0,0.0
Davis Cup G1 PO: POR vs RSA,2000,2000,1,4,0.0,Clay,5,10,Wayne Ferreira,0.0,0.0,0.0,0.0,0.0,0.0,0.0,0.0,0.0
Davis Cup G1 PO: ROU vs FIN,2012,2012,1,4,0.0,Hard,5,9,Jarkko Nieminen,0.0,0.0,0.0,0.0,0.0,0.0,0.0,0.0,0.0
Davis Cup G1 PO: ROU vs IRL,1991,1991,1,4,0.0,Clay,5,5,Andrei Pavel,0.0,0.0,0.0,0.0,0.0,0.0,0.0,0.0,0.0
Davis Cup G1 PO: ROU vs SWE,2014,2014,1,3,0.0,Clay,5,9,Christian Lindell,0.0,0.0,0.0,0.0,0.0,0.0,0.0,0.0,0.0
Davis Cup G1 PO: RSA vs GRE,2004,2004,1,4,0.0,Hard,5,9,Wesley Moodie,0.0,0.0,0.0,0.0,0.0,0.0,0.0,0.0,0.0
Davis Cup G1 PO: RUS vs POR,2014,2014,1,4,0.0,Hard,5,9,Andrey Kuznetsov,0.0,0.0,0.0,0.0,0.0,0.0,0.0,0.0,0.0
Davis Cup G1 PO: RUS vs RSA,2013,2013,1,4,0.0,Hard,5,10,Karen Khachanov,0.0,0.0,0.0,0.0,0.0,0.0,0.0,0.0,0.0
Davis Cup G1 PO: SLO vs RSA,2013,2013,1,4,0.0,Clay,5,9,Blaz Rola,0.0,0.0,0.0,0.0,0.0,0.0,0.0,0.0,0.0
Davis Cup G1 PO: SVK vs MKD,2009,2009,1,4,0.0,Hard,5,9,Dominik Hrbaty,0.0,0.0,0.0,0.0,0.0,0.0,0.0,0.0,0.0
Davis Cup G1 PO: SVK vs POR,2012,2012,1,3,0.0,Hard,5,9,Martin Klizan,0.0,0.0,0.0,0.0,0.0,0.0,0.0,0.0,0.0
Davis Cup G1 PO: SVK vs SWE,2013,2013,1,4,0.0,Hard,5,9,Lukas Lacko,0.0,0.0,0.0,0.0,0.0,0.0,0.0,0.0,0.0
Davis Cup G1 PO: SVK vs UKR,2011,2011,1,4,0.0,Clay,5,9,Martin Klizan,0.0,0.0,0.0,0.0,0.0,0.0,0.0,0.0,0.0
Davis Cup G1 PO: THA vs CHN,2001,2015,15,8,0.0,Hard,5,9,Ze Zhang,0.0,0.0,0.0,0.0,0.0,0.0,0.0,0.0,0.0
Davis Cup G1 PO: THA vs INA,2005,2005,1,4,0.0,Hard,5,9,Paradorn Srichaphan,0.0,0.0,0.0,0.0,0.0,0.0,0.0,0.0,0.0
Davis Cup G1 PO: THA vs JPN,1988,1988,1,4,0.0,Hard,5,4,Shuzo Matsuoka,0.0,0.0,0.0,0.0,0.0,0.0,0.0,0.0,0.0
Davis Cup G1 PO: THA vs KAZ,2009,2009,1,4,0.0,Hard,5,7,Andrey Golubev,0.0,0.0,0.0,0.0,0.0,0.0,0.0,0.0,0.0
Davis Cup G1 PO: TPE vs CHN,2012,2012,1,4,0.0,Hard,5,4,Di Wu,0.0,0.0,0.0,0.0,0.0,0.0,0.0,0.0,0.0
Davis Cup G1 PO: TPE vs INA,1996,2013,18,8,0.0,Hard,5,9,Liang Chi Huang,0.0,0.0,0.0,0.0,0.0,0.0,0.0,0.0,0.0
Davis Cup G1 PO: TPE vs KOR,2014,2014,1,3,0.0,Hard,5,9,Hyeon Chung,0.0,0.0,0.0,0.0,0.0,0.0,0.0,0.0,0.0
Davis Cup G1 PO: TPE vs PAK,2004,2004,1,4,0.0,Hard,5,4,Yen Hsun Lu,0.0,0.0,0.0,0.0,0.0,0.0,0.0,0.0,0.0
Davis Cup G1 PO: TPE vs PHI,1996,2010,15,8,0.0,Clay,5,4,Joseph Lizardo,0.0,0.0,0.0,0.0,0.0,0.0,0.0,0.0,0.0
Davis Cup G1 PO: UKR vs GBR,1997,2006,10,8,0.0,Clay,5,7,Andrei Medvedev,0.0,0.0,0.0,0.0,0.0,0.0,0.0,0.0,0.0
Davis Cup G1 PO: UKR vs ISR,1999,1999,1,4,0.0,Clay,5,9,Andrei Medvedev,0.0,0.0,0.0,0.0,0.0,0.0,0.0,0.0,0.0
Davis Cup G1 PO: UKR vs NOR,1996,1996,1,4,0.0,Clay,5,9,Andrei Medvedev,0.0,0.0,0.0,0.0,0.0,0.0,0.0,0.0,0.0
Davis Cup G1 PO: URU vs CUB,1994,1994,1,4,0.0,Clay,5,2,Marcelo Filippini,0.0,0.0,0.0,0.0,0.0,0.0,0.0,0.0,0.0
Davis Cup G1 PO: URU vs ECU,1989,1989,1,2,0.0,Clay,5,5,Marcelo Filippini,0.0,0.0,0.0,0.0,0.0,0.0,0.0,0.0,0.0
Davis Cup G1 PO: UZB vs CHN,2006,2006,1,2,0.0,Clay,5,4,Denis Istomin,0.0,0.0,0.0,0.0,0.0,0.0,0.0,0.0,0.0
Davis Cup G1 PO: UZB vs JPN,1997,1997,1,4,0.0,Clay,5,7,Oleg Ogorodov,0.0,0.0,0.0,0.0,0.0,0.0,0.0,0.0,0.0
Davis Cup G1 PO: UZB vs KOR,2002,2002,1,4,0.0,Hard,5,4,Oleg Ogorodov,0.0,0.0,0.0,0.0,0.0,0.0,0.0,0.0,0.0
Davis Cup G1 PO: UZB vs PHI,1997,1997,1,4,0.0,Hard,5,9,Oleg Ogorodov,0.0,0.0,0.0,0.0,0.0,0.0,0.0,0.0,0.0
Davis Cup G1 PO: VEN vs ARG,1999,1999,1,4,0.0,Hard,5,7,Mariano Puerta,0.0,0.0,0.0,0.0,0.0,0.0,0.0,0.0,0.0
Davis Cup G1 PO: VEN vs BAH,1999,2003,5,6,0.0,Hard,5,9,Mark Knowles,0.0,0.0,0.0,0.0,0.0,0.0,0.0,0.0,0.0
Davis Cup G1 PO: VEN vs BRA,2004,2004,1,4,0.0,Hard,5,7,Jimy Szymanski,0.0,0.0,0.0,0.0,0.0,0.0,0.0,0.0,0.0
Davis Cup G1 PO: VEN vs CHI,2003,2003,1,4,0.0,Hard,5,7,Fernando Gonzalez,0.0,0.0,0.0,0.0,0.0,0.0,0.0,0.0,0.0
Davis Cup G1 PO: VEN vs COL,2007,2007,1,4,0.0,Hard,5,9,Alejandro Falla,0.0,0.0,0.0,0.0,0.0,0.0,0.0,0.0,0.0
Davis Cup G1 PO: VEN vs ECU,2006,2006,1,4,0.0,Hard,5,9,Yohny Romero,0.0,0.0,0.0,0.0,0.0,0.0,0.0,0.0,0.0
Davis Cup G1 PO: VEN vs URU,2014,2014,1,4,0.0,Hard,5,9,Pablo Cuevas,0.0,0.0,0.0,0.0,0.0,0.0,0.0,0.0,0.0
Davis Cup G1 PO: ZIM vs FIN,1996,1996,1,4,0.0,Hard,5,9,Byron Black,0.0,0.0,0.0,0.0,0.0,0.0,0.0,0.0,0.0
Davis Cup G1 PO: ZIM vs ISR,2005,2005,1,4,0.0,Hard,5,9,Noam Okun,0.0,0.0,0.0,0.0,0.0,0.0,0.0,0.0,0.0
Davis Cup G1 PO: ZIM vs ITA,2003,2003,1,4,0.0,Hard,5,9,Kevin Ullyett,0.0,0.0,0.0,0.0,0.0,0.0,0.0,0.0,0.0
Davis Cup G1 PO: ZIM vs SLO,2001,2001,1,4,0.0,Hard,5,9,Iztok Bozic,0.0,0.0,0.0,0.0,0.0,0.0,0.0,0.0,0.0
Davis Cup G1 PR: COL vs CAN,1973,1973,1,4,0.0,Clay,5,2,Jairo Velasco,0.0,0.0,0.0,0.0,0.0,0.0,0.0,0.0,0.0
Davis Cup G1 PR: JPN vs TPE,1976,1976,1,4,0.0,Hard,5,10,Jun Kamiwazumi,0.0,0.0,0.0,0.0,0.0,0.0,0.0,0.0,0.0
Davis Cup G1 PR: PHI vs HKG,1989,1989,1,4,0.0,Hard,5,2,Mehl Ampon,0.0,0.0,0.0,0.0,0.0,0.0,0.0,0.0,0.0
Davis Cup G1 PR: PHI vs TPE,1993,1993,1,4,0.0,Clay,5,2,Felix Barrientos,0.0,0.0,0.0,0.0,0.0,0.0,0.0,0.0,0.0
Davis Cup G1 PR: SRI vs PHI,1974,1974,1,4,0.0,Clay,5,11,Alexander Marcial,0.0,0.0,0.0,0.0,0.0,0.0,0.0,0.0,0.0
Davis Cup G1 PR: THA vs IND,1991,1991,1,4,0.0,Hard,5,2,Leander Paes,0.0,0.0,0.0,0.0,0.0,0.0,0.0,0.0,0.0
Davis Cup G1 PR: ZIM vs LUX,1994,1994,1,4,0.0,Hard,5,2,Wayne Black,0.0,0.0,0.0,0.0,0.0,0.0,0.0,0.0,0.0
Davis Cup G1 QF: ARG vs CHI,1995,1995,1,4,0.0,Clay,5,2,Javier Frana,0.0,0.0,0.0,0.0,0.0,0.0,0.0,0.0,0.0
Davis Cup G1 QF: ARG vs COL,1998,1998,1,4,0.0,Clay,5,2,Franco Squillari,0.0,0.0,0.0,0.0,0.0,0.0,0.0,0.0,0.0
Davis Cup G1 QF: ARG vs MEX,2001,2001,1,4,0.0,Clay,5,2,Franco Squillari,0.0,0.0,0.0,0.0,0.0,0.0,0.0,0.0,0.0
Davis Cup G1 QF: AUS vs TPE,1996,1996,1,2,0.0,Hard,5,2,Jason Stoltenberg,0.0,0.0,0.0,0.0,0.0,0.0,0.0,0.0,0.0
Davis Cup G1 QF: AUT vs CRO,1997,1997,1,4,0.0,Clay,5,4,Gilbert Schaller,0.0,0.0,0.0,0.0,0.0,0.0,0.0,0.0,0.0
Davis Cup G1 QF: AUT vs POR,1999,1999,1,4,0.0,Clay,5,4,Stefan Koubek,0.0,0.0,0.0,0.0,0.0,0.0,0.0,0.0,0.0
Davis Cup G1 QF: BAH vs CHI,1999,1999,1,4,0.0,Hard,5,2,Fernando Gonzalez,0.0,0.0,0.0,0.0,0.0,0.0,0.0,0.0,0.0
Davis Cup G1 QF: BAH vs ECU,1998,1998,1,4,0.0,Hard,5,2,Luis Adrian Morejon,0.0,0.0,0.0,0.0,0.0,0.0,0.0,0.0,0.0
Davis Cup G1 QF: BAH vs PER,1996,2001,6,8,0.0,Hard,5,2,Mark Knowles,0.0,0.0,0.0,0.0,0.0,0.0,0.0,0.0,0.0
Davis Cup G1 QF: BAH vs VEN,2002,2002,1,4,0.0,Hard,5,2,Jose De Armas,0.0,0.0,0.0,0.0,0.0,0.0,0.0,0.0,0.0
Davis Cup G1 QF: BEL vs DEN,1997,1997,1,4,0.0,Clay,5,4,Filip Dewulf,0.0,0.0,0.0,0.0,0.0,0.0,0.0,0.0,0.0
Davis Cup G1 QF: BEL vs FIN,1988,1988,1,4,0.0,Clay,5,5,Veli Paloheimo,0.0,0.0,0.0,0.0,0.0,0.0,0.0,0.0,0.0
Davis Cup G1 QF: BRA vs BAH,1995,1995,1,4,0.0,Clay,5,2,Luiz Mattar,0.0,0.0,0.0,0.0,0.0,0.0,0.0,0.0,0.0
Davis Cup G1 QF: BRA vs PER,1991,1991,1,3,0.0,Hard,5,2,Luiz Mattar,0.0,0.0,0.0,0.0,0.0,0.0,0.0,0.0,0.0
Davis Cup G1 QF: CAN vs BAH,1997,1997,1,4,0.0,Hard,5,2,Daniel Nestor,0.0,0.0,0.0,0.0,0.0,0.0,0.0,0.0,0.0
Davis Cup G1 QF: CAN vs MEX,1998,1998,1,4,0.0,Hard,5,2,Alejandro Hernandez,0.0,0.0,0.0,0.0,0.0,0.0,0.0,0.0,0.0
Davis Cup G1 QF: CHI vs BAH,1993,1993,1,4,0.0,Clay,5,2,Sergio Cortes,0.0,0.0,0.0,0.0,0.0,0.0,0.0,0.0,0.0
Davis Cup G1 QF: CHI vs BRA,1996,1996,1,4,0.0,Clay,5,2,Marcelo Rios,0.0,0.0,0.0,0.0,0.0,0.0,0.0,0.0,0.0
Davis Cup G1 QF: CHI vs CAN,2000,2000,1,4,0.0,Clay,5,2,Fernando Gonzalez,0.0,0.0,0.0,0.0,0.0,0.0,0.0,0.0,0.0
Davis Cup G1 QF: CHI vs ECU,1997,1997,1,4,0.0,Clay,5,2,Gabriel Silberstein,0.0,0.0,0.0,0.0,0.0,0.0,0.0,0.0,0.0
Davis Cup G1 QF: CHI vs PER,1988,1988,1,4,0.0,Clay,5,2,Pablo Arraya,0.0,0.0,0.0,0.0,0.0,0.0,0.0,0.0,0.0
Davis Cup G1 QF: CHN vs IND,2001,2001,1,4,0.0,Hard,5,2,Leander Paes,0.0,0.0,0.0,0.0,0.0,0.0,0.0,0.0,0.0
Davis Cup G1 QF: CHN vs NZL,1999,1999,1,4,0.0,Hard,5,2,Mark Nielsen,0.0,0.0,0.0,0.0,0.0,0.0,0.0,0.0,0.0
Davis Cup G1 QF: CHN vs PHI,1987,1990,4,8,0.0,Clay,5,5,Ke Qin Ma,0.0,0.0,0.0,0.0,0.0,0.0,0.0,0.0,0.0
Davis Cup G1 QF: CHN vs UZB,1997,2000,4,6,0.0,Hard,5,2,Jia Ping Xia,0.0,0.0,0.0,0.0,0.0,0.0,0.0,0.0,0.0
Davis Cup G1 QF: COL vs CAN,1999,1999,1,4,0.0,Clay,5,2,Mauricio Hadad,0.0,0.0,0.0,0.0,0.0,0.0,0.0,0.0,0.0
Davis Cup G1 QF: COL vs ECU,2000,2000,1,4,0.0,Clay,5,2,Luis Adrian Morejon,0.0,0.0,0.0,0.0,0.0,0.0,0.0,0.0,0.0
Davis Cup G1 QF: ECU vs CAN,1988,1988,1,4,0.0,Clay,5,2,Raul Antonio Viver,0.0,0.0,0.0,0.0,0.0,0.0,0.0,0.0,0.0
Davis Cup G1 QF: ECU vs VEN,1999,1999,1,4,0.0,Clay,5,2,Nicolas Lapentti,0.0,0.0,0.0,0.0,0.0,0.0,0.0,0.0,0.0
Davis Cup G1 QF: FIN vs SWE,2000,2000,1,4,0.0,Hard,5,4,Magnus Norman,0.0,0.0,0.0,0.0,0.0,0.0,0.0,0.0,0.0
Davis Cup G1 QF: GHA vs POR,1990,1990,1,4,0.0,Hard,5,2,Joao Cunha Silva,0.0,0.0,0.0,0.0,0.0,0.0,0.0,0.0,0.0
Davis Cup G1 QF: HKG vs INA,1994,1994,1,4,0.0,Hard,5,3,Bing Chao Lin,0.0,0.0,0.0,0.0,0.0,0.0,0.0,0.0,0.0
Davis Cup G1 QF: HKG vs JPN,1993,1993,1,4,0.0,Hard,5,3,Shuzo Matsuoka,0.0,0.0,0.0,0.0,0.0,0.0,0.0,0.0,0.0
Davis Cup G1 QF: INA vs KOR,1996,1996,1,4,0.0,Clay,5,2,Yong Il Yoon,0.0,0.0,0.0,0.0,0.0,0.0,0.0,0.0,0.0
Davis Cup G1 QF: INA vs PHI,1993,1993,1,4,0.0,Clay,5,3,Felix Barrientos,0.0,0.0,0.0,0.0,0.0,0.0,0.0,0.0,0.0
Davis Cup G1 QF: INA vs THA,1988,1988,1,4,0.0,Clay,5,2,Tintus Arianto Wibowo,0.0,0.0,0.0,0.0,0.0,0.0,0.0,0.0,0.0
Davis Cup G1 QF: INA vs UZB,2001,2001,1,4,0.0,Hard,5,2,Oleg Ogorodov,0.0,0.0,0.0,0.0,0.0,0.0,0.0,0.0,0.0
Davis Cup G1 QF: IND vs HKG,1995,1995,1,4,0.0,Grass,5,2,Leander Paes,0.0,0.0,0.0,0.0,0.0,0.0,0.0,0.0,0.0
Davis Cup G1 QF: IND vs INA,1991,1991,1,4,0.0,Grass,5,3,Leander Paes,0.0,0.0,0.0,0.0,0.0,0.0,0.0,0.0,0.0
Davis Cup G1 QF: IND vs JPN,1990,1990,1,4,0.0,Grass,5,3,Srinivasan Vasudevan,0.0,0.0,0.0,0.0,0.0,0.0,0.0,0.0,0.0
Davis Cup G1 QF: IND vs LIB,2000,2000,1,4,0.0,Grass,5,2,Leander Paes,0.0,0.0,0.0,0.0,0.0,0.0,0.0,0.0,0.0
Davis Cup G1 QF: IRL vs FIN,1989,1989,1,4,0.0,Hard,5,2,Olli Rahnasto,0.0,0.0,0.0,0.0,0.0,0.0,0.0,0.0,0.0
Davis Cup G1 QF: ISR vs AUT,1998,1998,1,4,0.0,Hard,5,4,Eyal Erlich,0.0,0.0,0.0,0.0,0.0,0.0,0.0,0.0,0.0
Davis Cup G1 QF: ISR vs ESP,1996,1996,1,4,0.0,Hard,5,4,Carlos Costa,0.0,0.0,0.0,0.0,0.0,0.0,0.0,0.0,0.0
Davis Cup G1 QF: ITA vs FIN,2002,2002,1,4,0.0,Clay,5,4,Kim Tiilikainen,0.0,0.0,0.0,0.0,0.0,0.0,0.0,0.0,0.0
Davis Cup G1 QF: JPN vs KOR,1989,1989,1,4,0.0,Hard,5,4,Bong Soo Kim,0.0,0.0,0.0,0.0,0.0,0.0,0.0,0.0,0.0
Davis Cup G1 QF: JPN vs THA,2001,2001,1,4,0.0,Hard,5,2,Takao Suzuki,0.0,0.0,0.0,0.0,0.0,0.0,0.0,0.0,0.0
Davis Cup G1 QF: JPN vs TPE,1986,1986,1,4,0.0,Hard,5,5,Tsuyoshi Fukui,0.0,0.0,0.0,0.0,0.0,0.0,0.0,0.0,0.0
Davis Cup G1 QF: KEN vs ROU,1992,1992,1,4,0.0,Clay,5,1,Paul Wekesa,0.0,0.0,0.0,0.0,0.0,0.0,0.0,0.0,0.0
Davis Cup G1 QF: KOR vs IND,1999,1999,1,4,0.0,Hard,5,2,Yong Il Yoon,0.0,0.0,0.0,0.0,0.0,0.0,0.0,0.0,0.0
Davis Cup G1 QF: KOR vs TPE,1992,1992,1,4,0.0,Clay,5,3,Jae Sik Kim,0.0,0.0,0.0,0.0,0.0,0.0,0.0,0.0,0.0
Davis Cup G1 QF: LIB vs IND,2002,2002,1,4,0.0,Hard,5,2,Leander Paes,0.0,0.0,0.0,0.0,0.0,0.0,0.0,0.0,0.0
Davis Cup G1 QF: LIB vs JPN,1999,1999,1,4,0.0,Hard,5,2,Gouichi Motomura,0.0,0.0,0.0,0.0,0.0,0.0,0.0,0.0,0.0
Davis Cup G1 QF: LIB vs NZL,1998,1998,1,4,0.0,Hard,5,2,Alistair Hunt,0.0,0.0,0.0,0.0,0.0,0.0,0.0,0.0,0.0
Davis Cup G1 QF: MAR vs ROU,1995,1995,1,4,0.0,Clay,5,3,Hicham Arazi,0.0,0.0,0.0,0.0,0.0,0.0,0.0,0.0,0.0
Davis Cup G1 QF: MAR vs UKR,2000,2000,1,4,0.0,Clay,5,4,Andrei Medvedev,0.0,0.0,0.0,0.0,0.0,0.0,0.0,0.0,0.0
Davis Cup G1 QF: MAR vs ZIM,1996,1996,1,4,0.0,Clay,5,4,Hicham Arazi,0.0,0.0,0.0,0.0,0.0,0.0,0.0,0.0,0.0
Davis Cup G1 QF: MEX vs CAN,1993,1993,1,4,0.0,Clay,5,2,Leonardo Lavalle,0.0,0.0,0.0,0.0,0.0,0.0,0.0,0.0,0.0
Davis Cup G1 QF: MEX vs PER,1995,1995,1,3,0.0,Hard,5,2,Leonardo Lavalle,0.0,0.0,0.0,0.0,0.0,0.0,0.0,0.0,0.0
Davis Cup G1 QF: NGR vs FIN,1990,1990,1,4,0.0,Hard,5,2,Aki Rahunen,0.0,0.0,0.0,0.0,0.0,0.0,0.0,0.0,0.0
Davis Cup G1 QF: NGR vs HUN,1988,1988,1,4,0.0,Hard,5,5,Nduka Odizor,0.0,0.0,0.0,0.0,0.0,0.0,0.0,0.0,0.0
Davis Cup G1 QF: NOR vs ISR,1995,1995,1,4,0.0,Hard,5,3,Christian Ruud,0.0,0.0,0.0,0.0,0.0,0.0,0.0,0.0,0.0
Davis Cup G1 QF: NZL vs CHN,1996,1996,1,4,0.0,Grass,5,2,Brett Steven,0.0,0.0,0.0,0.0,0.0,0.0,0.0,0.0,0.0
Davis Cup G1 QF: NZL vs THA,2000,2000,1,4,0.0,Hard,5,2,Mark Nielsen,0.0,0.0,0.0,0.0,0.0,0.0,0.0,0.0,0.0
Davis Cup G1 QF: NZL vs TPE,1995,1995,1,4,0.0,Hard,5,2,Steven Downs,0.0,0.0,0.0,0.0,0.0,0.0,0.0,0.0,0.0
Davis Cup G1 QF: PAR vs CUB,1992,1992,1,4,0.0,Clay,5,1,Mario Tabares,0.0,0.0,0.0,0.0,0.0,0.0,0.0,0.0,0.0
Davis Cup G1 QF: PER vs BAH,2000,2000,1,4,0.0,Clay,5,2,Luis Horna,0.0,0.0,0.0,0.0,0.0,0.0,0.0,0.0,0.0
Davis Cup G1 QF: PER vs CHI,1994,1994,1,4,0.0,Hard,5,3,Jaime Yzaga,0.0,0.0,0.0,0.0,0.0,0.0,0.0,0.0,0.0
Davis Cup G1 QF: PER vs ECU,1989,1989,1,4,0.0,Clay,5,2,Jaime Yzaga,0.0,0.0,0.0,0.0,0.0,0.0,0.0,0.0,0.0
Davis Cup G1 QF: PHI vs CHN,1989,1989,1,4,0.0,Hard,5,4,Felix Barrientos,0.0,0.0,0.0,0.0,0.0,0.0,0.0,0.0,0.0
Davis Cup G1 QF: PHI vs INA,1992,1997,6,8,0.0,Clay,5,2,Bing Chao Lin,0.0,0.0,0.0,0.0,0.0,0.0,0.0,0.0,0.0
Davis Cup G1 QF: PHI vs JPN,1988,1995,8,8,0.0,Clay,5,2,Joseph Lizardo,0.0,0.0,0.0,0.0,0.0,0.0,0.0,0.0,0.0
Davis Cup G1 QF: POR vs IRL,1991,1991,1,4,0.0,Clay,5,2,Nuno Marques,0.0,0.0,0.0,0.0,0.0,0.0,0.0,0.0,0.0
Davis Cup G1 QF: POR vs SEN,1989,1989,1,4,0.0,Clay,5,2,Nuno Marques,0.0,0.0,0.0,0.0,0.0,0.0,0.0,0.0,0.0
Davis Cup G1 QF: ROU vs CRO,1999,1999,1,4,0.0,Clay,5,4,Adrian Voinea,0.0,0.0,0.0,0.0,0.0,0.0,0.0,0.0,0.0
Davis Cup G1 QF: ROU vs NOR,1998,1998,1,4,0.0,Hard,5,4,Andrei Pavel,0.0,0.0,0.0,0.0,0.0,0.0,0.0,0.0,0.0
Davis Cup G1 QF: ROU vs POR,1988,1988,1,4,0.0,Clay,5,5,Joao Cunha Silva,0.0,0.0,0.0,0.0,0.0,0.0,0.0,0.0,0.0
Davis Cup G1 QF: RSA vs BLR,1999,1999,1,4,0.0,Hard,5,4,Wayne Ferreira,0.0,0.0,0.0,0.0,0.0,0.0,0.0,0.0,0.0
Davis Cup G1 QF: SEN vs BUL,1988,1988,1,4,0.0,Hard,5,5,Yahiya Doumbia,0.0,0.0,0.0,0.0,0.0,0.0,0.0,0.0,0.0
Davis Cup G1 QF: SLO vs ZIM,1995,1995,1,4,0.0,Clay,5,3,Wayne Black,0.0,0.0,0.0,0.0,0.0,0.0,0.0,0.0,0.0
Davis Cup G1 QF: SVK vs ISR,1997,1997,1,3,0.0,Clay,5,4,Karol Kucera,0.0,0.0,0.0,0.0,0.0,0.0,0.0,0.0,0.0
Davis Cup G1 QF: THA vs UZB,2002,2002,1,4,0.0,Hard,5,2,Paradorn Srichaphan,0.0,0.0,0.0,0.0,0.0,0.0,0.0,0.0,0.0
Davis Cup G1 QF: TPE vs INA,1981,1981,1,4,0.0,Hard,5,1,Tintus Arianto Wibowo,0.0,0.0,0.0,0.0,0.0,0.0,0.0,0.0,0.0
Davis Cup G1 QF: TPE vs JPN,1974,1982,9,10,0.0,Hard,5,2,Shigeyuki Nishio,0.0,0.0,0.0,0.0,0.0,0.0,0.0,0.0,0.0
Davis Cup G1 QF: URU vs BAH,1994,1994,1,4,0.0,Clay,5,3,Marcelo Filippini,0.0,0.0,0.0,0.0,0.0,0.0,0.0,0.0,0.0
Davis Cup G1 QF: URU vs CHI,1990,1990,1,4,0.0,Clay,5,2,Marcelo Filippini,0.0,0.0,0.0,0.0,0.0,0.0,0.0,0.0,0.0
Davis Cup G1 QF: UZB vs CHN,1998,1998,1,4,0.0,Hard,5,2,Vadim Kutsenko,0.0,0.0,0.0,0.0,0.0,0.0,0.0,0.0,0.0
Davis Cup G1 QF: UZB vs PAK,1999,1999,1,4,0.0,Hard,5,2,Oleg Ogorodov,0.0,0.0,0.0,0.0,0.0,0.0,0.0,0.0,0.0
Davis Cup G1 QF: VEN vs CAN,1996,1996,1,4,0.0,Hard,5,2,Jimy Szymanski,0.0,0.0,0.0,0.0,0.0,0.0,0.0,0.0,0.0
Davis Cup G1 QF: VEN vs URU,1995,1995,1,4,0.0,Hard,5,2,Nicolas Pereira,0.0,0.0,0.0,0.0,0.0,0.0,0.0,0.0,0.0
Davis Cup G1 QF: ZIM vs BLR,2002,2002,1,4,0.0,Hard,5,4,Vladimir Voltchkov,0.0,0.0,0.0,0.0,0.0,0.0,0.0,0.0,0.0
Davis Cup G1 QF: ZIM vs HUN,1989,1989,1,4,0.0,Hard,5,2,Andras Lanyi,0.0,0.0,0.0,0.0,0.0,0.0,0.0,0.0,0.0
Davis Cup G1 R1: AUS vs CHN,2012,2012,1,4,0.0,Grass,5,2,Lleyton Hewitt,0.0,0.0,0.0,0.0,0.0,0.0,0.0,0.0,0.0
Davis Cup G1 R1: AUS vs TPE,2010,2010,1,4,0.0,Hard,5,3,Bernard Tomic,0.0,0.0,0.0,0.0,0.0,0.0,0.0,0.0,0.0
Davis Cup G1 R1: AUT vs BLR,2018,2018,1,4,93.5,Clay,3,2,Dominic Thiem,13.5,32.0,419.0,263.5,191.5,85.5,66.0,14.0,25.0
Davis Cup G1 R1: AUT vs FIN,2019,2019,1,4,0.0,Hard,3,9,Emil Ruusuvuori,0.0,0.0,0.0,0.0,0.0,0.0,0.0,0.0,0.0
Davis Cup G1 R1: AUT vs ISR,2002,2002,1,4,0.0,Clay,5,2,Stefan Koubek,0.0,0.0,0.0,0.0,0.0,0.0,0.0,0.0,0.0
Davis Cup G1 R1: BAR vs DOM,2015,2015,1,4,0.0,Hard,5,3,Victor Estrella,0.0,0.0,0.0,0.0,0.0,0.0,0.0,0.0,0.0
Davis Cup G1 R1: BAR vs ECU,2016,2016,1,4,81.25,Clay,5,3,Emilio Gomez,14.5,9.0,322.0,206.5,140.0,53.5,53.0,16.0,31.0
Davis Cup G1 R1: BRA vs BAR,2019,2019,1,3,0.0,Clay,3,9,Thiago Monteiro,0.0,0.0,0.0,0.0,0.0,0.0,0.0,0.0,0.0
Davis Cup G1 R1: CAN vs ECU,2009,2009,1,4,0.0,Hard,5,3,Nicolas Lapentti,0.0,0.0,0.0,0.0,0.0,0.0,0.0,0.0,0.0
Davis Cup G1 R1: CHI vs DOM,2016,2016,1,4,91.5,Clay,5,3,Gonzalo Lama,11.0,15.5,421.5,280.5,208.0,76.0,68.0,19.5,31.5
Davis Cup G1 R1: CHI vs ECU,2018,2018,1,3,99.667,Clay,3,2,Nicolas Jarry,9.5,22.0,326.5,208.0,162.5,71.0,52.0,8.0,12.5
Davis Cup G1 R1: CHN vs JPN,2007,2007,1,4,0.0,Hard,5,2,Go Soeda,0.0,0.0,0.0,0.0,0.0,0.0,0.0,0.0,0.0
Davis Cup G1 R1: CHN vs KOR,2019,2019,1,3,0.0,Hard,3,9,Soon Woo Kwon,0.0,0.0,0.0,0.0,0.0,0.0,0.0,0.0,0.0
Davis Cup G1 R1: CHN vs NZL,2018,2018,1,3,112.333,Hard,3,2,Jose Rubin Statham,17.5,31.0,386.5,210.0,150.0,88.5,61.0,22.5,36.5
Davis Cup G1 R1: CHN vs SRI,1984,1984,1,4,0.0,Hard,5,1,Shu Hua Liu,0.0,0.0,0.0,0.0,0.0,0.0,0.0,0.0,0.0
Davis Cup G1 R1: CHN vs TPE,2011,2011,1,4,0.0,Hard,5,3,Di Wu,0.0,0.0,0.0,0.0,0.0,0.0,0.0,0.0,0.0
Davis Cup G1 R1: CHN vs UZB,2010,2010,1,4,0.0,Hard,5,3,Denis Istomin,0.0,0.0,0.0,0.0,0.0,0.0,0.0,0.0,0.0
Davis Cup G1 R1: COL vs BAR,2018,2018,1,3,71.333,Hard,3,2,Daniel Elahi Galan,11.5,9.0,248.0,156.5,104.5,46.5,39.5,17.0,26.5
Davis Cup G1 R1: COL vs URU,2009,2009,1,4,0.0,Clay,5,3,Alejandro Falla,0.0,0.0,0.0,0.0,0.0,0.0,0.0,0.0,0.0
Davis Cup G1 R1: CZE vs BIH,2019,2019,1,4,0.0,Hard,3,9,Jonas Forejtek,0.0,0.0,0.0,0.0,0.0,0.0,0.0,0.0,0.0
Davis Cup G1 R1: DOM vs BRA,2018,2018,1,4,127.25,Hard,3,2,Jose Hernandez,20.5,31.5,574.5,367.0,267.0,103.0,85.0,25.5,38.5
Davis Cup G1 R1: DOM vs CHI,2017,2017,1,4,125.0,Hard,3,2,Nicolas Jarry,20.0,32.0,486.5,287.5,207.0,108.0,80.0,14.5,31.5
Davis Cup G1 R1: DOM vs URU,2010,2019,10,7,0.0,Clay,3,9,Pablo Cuevas,0.0,0.0,0.0,0.0,0.0,0.0,0.0,0.0,0.0
Davis Cup G1 R1: ECU vs CHI,2003,2003,1,4,0.0,Clay,5,2,Giovanni Lapentti,0.0,0.0,0.0,0.0,0.0,0.0,0.0,0.0,0.0
Davis Cup G1 R1: ECU vs COL,2012,2012,1,4,0.0,Clay,5,2,Santiago Giraldo,0.0,0.0,0.0,0.0,0.0,0.0,0.0,0.0,0.0
Davis Cup G1 R1: ECU vs VEN,2019,2019,1,3,0.0,Hard,3,9,Emilio Gomez,0.0,0.0,0.0,0.0,0.0,0.0,0.0,0.0,0.0
Davis Cup G1 R1: FIN vs CRO,1998,1998,1,4,0.0,Hard,5,2,Ville Liukko,0.0,0.0,0.0,0.0,0.0,0.0,0.0,0.0,0.0
Davis Cup G1 R1: GBR vs SVK,2012,2012,1,4,0.0,Hard,5,2,Daniel Evans,0.0,0.0,0.0,0.0,0.0,0.0,0.0,0.0,0.0
Davis Cup G1 R1: HUN vs ISR,2016,2016,1,4,135.25,Clay,5,3,Peter Nagy,18.5,21.0,626.0,391.5,247.5,113.5,102.0,32.0,67.0
Davis Cup G1 R1: HUN vs UKR,2019,2019,1,4,0.0,Clay,3,9,Sergiy Stakhovsky,0.0,0.0,0.0,0.0,0.0,0.0,0.0,0.0,0.0
Davis Cup G1 R1: INA vs JPN,2004,2004,1,4,0.0,Hard,5,2,Febi Widhiyanto,0.0,0.0,0.0,0.0,0.0,0.0,0.0,0.0,0.0
Davis Cup G1 R1: INA vs UZB,2005,2005,1,4,0.0,Hard,5,3,Denis Istomin,0.0,0.0,0.0,0.0,0.0,0.0,0.0,0.0,0.0
Davis Cup G1 R1: IND vs CHN,2005,2005,1,4,0.0,Grass,5,3,Harsh Mankad,0.0,0.0,0.0,0.0,0.0,0.0,0.0,0.0,0.0
Davis Cup G1 R1: IND vs JPN,2003,2003,1,4,0.0,Grass,5,2,Leander Paes,0.0,0.0,0.0,0.0,0.0,0.0,0.0,0.0,0.0
Davis Cup G1 R1: IND vs KOR,2013,2013,1,4,0.0,Hard,5,2,Suk Young Jeong,0.0,0.0,0.0,0.0,0.0,0.0,0.0,0.0,0.0
Davis Cup G1 R1: IND vs UZB,2008,2008,1,4,0.0,Grass,5,2,Denis Istomin,0.0,0.0,0.0,0.0,0.0,0.0,0.0,0.0,0.0
Davis Cup G1 R1: ISR vs LUX,2007,2007,1,4,0.0,Hard,5,2,Dudi Sela,0.0,0.0,0.0,0.0,0.0,0.0,0.0,0.0,0.0
Davis Cup G1 R1: ISR vs NOR,1996,1996,1,4,0.0,Hard,5,2,Christian Ruud,0.0,0.0,0.0,0.0,0.0,0.0,0.0,0.0,0.0
Davis Cup G1 R1: ISR vs SCG,2006,2006,1,4,0.0,Hard,5,2,Janko Tipsarevic,0.0,0.0,0.0,0.0,0.0,0.0,0.0,0.0,0.0
Davis Cup G1 R1: ITA vs BLR,2010,2010,1,4,0.0,Clay,5,3,Potito Starace,0.0,0.0,0.0,0.0,0.0,0.0,0.0,0.0,0.0
Davis Cup G1 R1: JPN vs INA,2013,2013,1,4,0.0,Hard,5,2,Tatsuma Ito,0.0,0.0,0.0,0.0,0.0,0.0,0.0,0.0,0.0
Davis Cup G1 R1: KAZ vs KOR,2010,2010,1,4,0.0,Clay,5,3,Andrey Golubev,0.0,0.0,0.0,0.0,0.0,0.0,0.0,0.0,0.0
Davis Cup G1 R1: KAZ vs THA,2008,2008,1,4,0.0,Hard,5,2,Danai Udomchoke,0.0,0.0,0.0,0.0,0.0,0.0,0.0,0.0,0.0
Davis Cup G1 R1: KOR vs IND,2006,2006,1,4,0.0,Hard,5,2,Hyung Taik Lee,0.0,0.0,0.0,0.0,0.0,0.0,0.0,0.0,0.0
Davis Cup G1 R1: KOR vs PAK,2018,2018,1,3,123.0,Grass,3,2,Aisam Ul Haq Qureshi,14.0,34.0,411.0,234.0,169.0,91.5,64.5,22.5,36.0
Davis Cup G1 R1: KOR vs TPE,2012,2012,1,4,0.0,Hard,5,2,Yong Kyu Lim,0.0,0.0,0.0,0.0,0.0,0.0,0.0,0.0,0.0
Davis Cup G1 R1: LUX vs FIN,2004,2004,1,4,0.0,Hard,5,2,Gilles Muller,0.0,0.0,0.0,0.0,0.0,0.0,0.0,0.0,0.0
Davis Cup G1 R1: LUX vs ITA,2005,2005,1,4,0.0,Hard,5,3,Potito Starace,0.0,0.0,0.0,0.0,0.0,0.0,0.0,0.0,0.0
Davis Cup G1 R1: LUX vs POR,2006,2006,1,4,0.0,Hard,5,2,Gilles Muller,0.0,0.0,0.0,0.0,0.0,0.0,0.0,0.0,0.0
Davis Cup G1 R1: MEX vs CAN,2011,2011,1,4,0.0,Clay,5,3,Milos Raonic,0.0,0.0,0.0,0.0,0.0,0.0,0.0,0.0,0.0
Davis Cup G1 R1: MEX vs ECU,2005,2005,1,4,0.0,Hard,5,3,Giovanni Lapentti,0.0,0.0,0.0,0.0,0.0,0.0,0.0,0.0,0.0
Davis Cup G1 R1: MKD vs LAT,2008,2008,1,4,0.0,Clay,5,2,Lazar Magdincev,0.0,0.0,0.0,0.0,0.0,0.0,0.0,0.0,0.0
Davis Cup G1 R1: NED vs FIN,2012,2012,1,4,0.0,Hard,5,2,Thiemo De Bakker,0.0,0.0,0.0,0.0,0.0,0.0,0.0,0.0,0.0
Davis Cup G1 R1: NOR vs AUT,2003,2003,1,4,0.0,Hard,5,2,Jurgen Melzer,0.0,0.0,0.0,0.0,0.0,0.0,0.0,0.0,0.0
Davis Cup G1 R1: NZL vs CHN,2015,2015,1,4,0.0,Hard,5,3,Michael Venus,0.0,0.0,0.0,0.0,0.0,0.0,0.0,0.0,0.0
Davis Cup G1 R1: NZL vs KOR,2016,2016,1,3,164.333,Hard,5,3,Hyeon Chung,16.5,29.0,456.5,273.0,182.0,87.5,72.5,33.0,57.0
Davis Cup G1 R1: NZL vs PAK,2003,2003,1,4,0.0,Hard,5,2,Mark Nielsen,0.0,0.0,0.0,0.0,0.0,0.0,0.0,0.0,0.0
Davis Cup G1 R1: NZL vs UZB,2012,2012,1,4,0.0,Hard,5,2,Denis Istomin,0.0,0.0,0.0,0.0,0.0,0.0,0.0,0.0,0.0
Davis Cup G1 R1: PAK vs CHN,2016,2016,1,4,87.0,Clay,3,3,Ze Zhang,19.0,28.5,404.0,232.0,153.5,88.0,66.5,24.0,42.5
Davis Cup G1 R1: PAK vs THA,2005,2005,1,4,0.0,Grass,5,3,Aisam Ul Haq Qureshi,0.0,0.0,0.0,0.0,0.0,0.0,0.0,0.0,0.0
Davis Cup G1 R1: PER vs BAH,2003,2003,1,4,0.0,Clay,5,2,Ivan Miranda,0.0,0.0,0.0,0.0,0.0,0.0,0.0,0.0,0.0
Davis Cup G1 R1: PER vs BRA,2006,2006,1,4,0.0,Clay,5,2,Luis Horna,0.0,0.0,0.0,0.0,0.0,0.0,0.0,0.0,0.0
Davis Cup G1 R1: PER vs CHI,2004,2004,1,4,0.0,Clay,5,2,Fernando Gonzalez,0.0,0.0,0.0,0.0,0.0,0.0,0.0,0.0,0.0
Davis Cup G1 R1: PER vs VEN,2007,2007,1,4,0.0,Clay,5,2,Luis Horna,0.0,0.0,0.0,0.0,0.0,0.0,0.0,0.0,0.0
Davis Cup G1 R1: PHI vs JPN,2008,2011,4,7,0.0,Hard,5,2,Go Soeda,0.0,0.0,0.0,0.0,0.0,0.0,0.0,0.0,0.0
Davis Cup G1 R1: POL vs BIH,2017,2017,1,4,118.667,Hard,3,2,Damir Dzumhur,27.0,18.5,441.0,259.5,188.0,87.0,67.0,27.5,43.0
Davis Cup G1 R1: POL vs FIN,2010,2010,1,4,0.0,Hard,5,3,Jarkko Nieminen,0.0,0.0,0.0,0.0,0.0,0.0,0.0,0.0,0.0
Davis Cup G1 R1: POL vs LTU,2015,2015,1,4,0.0,Hard,5,3,Jerzy Janowicz,0.0,0.0,0.0,0.0,0.0,0.0,0.0,0.0,0.0
Davis Cup G1 R1: POL vs SLO,2013,2013,1,4,0.0,Hard,5,2,Jerzy Janowicz,0.0,0.0,0.0,0.0,0.0,0.0,0.0,0.0,0.0
Davis Cup G1 R1: POR vs AUT,2016,2016,1,4,124.25,Hard,5,3,Dominic Thiem,19.0,29.0,564.0,351.5,257.5,116.5,91.5,29.0,43.5
Davis Cup G1 R1: POR vs BLR,2019,2019,1,4,0.0,Hard,3,9,Egor Gerasimov,0.0,0.0,0.0,0.0,0.0,0.0,0.0,0.0,0.0
Davis Cup G1 R1: POR vs SVK,2011,2011,1,4,0.0,Clay,5,3,Rui Machado,0.0,0.0,0.0,0.0,0.0,0.0,0.0,0.0,0.0
Davis Cup G1 R1: POR vs UKR,2001,2001,1,4,0.0,Clay,5,2,Andrei Medvedev,0.0,0.0,0.0,0.0,0.0,0.0,0.0,0.0,0.0
Davis Cup G1 R1: ROU vs DEN,2013,2013,1,4,0.0,Hard,5,2,Marius Copil,0.0,0.0,0.0,0.0,0.0,0.0,0.0,0.0,0.0
Davis Cup G1 R1: ROU vs ISR,2015,2015,1,4,0.0,Hard,5,3,Adrian Ungur,0.0,0.0,0.0,0.0,0.0,0.0,0.0,0.0,0.0
Davis Cup G1 R1: ROU vs SLO,2016,2016,1,4,132.333,Hard,5,3,Marius Copil,12.5,48.5,475.5,311.5,237.0,93.0,91.5,12.5,22.0
Davis Cup G1 R1: RSA vs ISR,2018,2018,1,4,92.75,Hard,3,2,Dudi Sela,15.5,32.5,421.0,251.0,179.0,94.5,70.5,16.0,30.0
Davis Cup G1 R1: RSA vs MKD,2009,2009,1,4,0.0,Hard,5,3,Izak Van Der Merwe,0.0,0.0,0.0,0.0,0.0,0.0,0.0,0.0,0.0
Davis Cup G1 R1: RUS vs DEN,2015,2015,1,4,0.0,Hard,5,3,Andrey Kuznetsov,0.0,0.0,0.0,0.0,0.0,0.0,0.0,0.0,0.0
Davis Cup G1 R1: RUS vs SWE,2016,2016,1,4,85.25,Hard,5,3,Teymuraz Gabashvili,23.0,21.5,410.5,235.5,158.0,87.0,67.0,26.5,48.5
Davis Cup G1 R1: SCG vs ZIM,2005,2005,1,4,0.0,Clay,5,3,Novak Djokovic,0.0,0.0,0.0,0.0,0.0,0.0,0.0,0.0,0.0
Davis Cup G1 R1: SIN vs HKG,1985,1985,1,4,0.0,Grass,5,1,Kelvin Ng,0.0,0.0,0.0,0.0,0.0,0.0,0.0,0.0,0.0
Davis Cup G1 R1: SIN vs PHI,1984,1984,1,4,0.0,Hard,5,1,Felix Barrientos,0.0,0.0,0.0,0.0,0.0,0.0,0.0,0.0,0.0
Davis Cup G1 R1: SLO vs DEN,2012,2012,1,4,0.0,Hard,5,2,Grega Zemlja,0.0,0.0,0.0,0.0,0.0,0.0,0.0,0.0,0.0
Davis Cup G1 R1: SLO vs FIN,2011,2011,1,4,0.0,Clay,5,3,Jarkko Nieminen,0.0,0.0,0.0,0.0,0.0,0.0,0.0,0.0,0.0
Davis Cup G1 R1: SRI vs PHI,1987,1987,1,4,0.0,Clay,5,3,Manuel Tolentino,0.0,0.0,0.0,0.0,0.0,0.0,0.0,0.0,0.0
Davis Cup G1 R1: SUI vs POL,2008,2008,1,4,0.0,Hard,5,2,Stephane Bohli,0.0,0.0,0.0,0.0,0.0,0.0,0.0,0.0,0.0
Davis Cup G1 R1: SUI vs SVK,2019,2019,1,3,0.0,Clay,3,9,Sandro Ehrat,0.0,0.0,0.0,0.0,0.0,0.0,0.0,0.0,0.0
Davis Cup G1 R1: SVK vs SLO,2015,2015,1,4,0.0,Hard,5,3,Martin Klizan,0.0,0.0,0.0,0.0,0.0,0.0,0.0,0.0,0.0
Davis Cup G1 R1: SWE vs AUT,2015,2015,1,4,0.0,Hard,5,3,Andreas Haider Maurer,0.0,0.0,0.0,0.0,0.0,0.0,0.0,0.0,0.0
Davis Cup G1 R1: SWE vs ISR,2019,2019,1,3,0.0,Hard,3,9,Mikael Ymer,0.0,0.0,0.0,0.0,0.0,0.0,0.0,0.0,0.0
Davis Cup G1 R1: THA vs KOR,2015,2015,1,4,0.0,Hard,5,3,Hyeon Chung,0.0,0.0,0.0,0.0,0.0,0.0,0.0,0.0,0.0
Davis Cup G1 R1: THA vs PAK,2004,2004,1,4,0.0,Hard,5,2,Paradorn Srichaphan,0.0,0.0,0.0,0.0,0.0,0.0,0.0,0.0,0.0
Davis Cup G1 R1: TPE vs AUS,2008,2013,6,8,0.0,Hard,5,2,Lleyton Hewitt,0.0,0.0,0.0,0.0,0.0,0.0,0.0,0.0,0.0
Davis Cup G1 R1: TPE vs JPN,2005,2005,1,4,0.0,Hard,5,3,Yen Hsun Lu,0.0,0.0,0.0,0.0,0.0,0.0,0.0,0.0,0.0
Davis Cup G1 R1: TPE vs PAK,2006,2006,1,4,0.0,Hard,5,2,Jimmy Wang,0.0,0.0,0.0,0.0,0.0,0.0,0.0,0.0,0.0
Davis Cup G1 R1: TPE vs UZB,2004,2004,1,4,0.0,Hard,5,2,Vadim Kutsenko,0.0,0.0,0.0,0.0,0.0,0.0,0.0,0.0,0.0
Davis Cup G1 R1: UKR vs LAT,2010,2010,1,4,0.0,Hard,5,3,Sergiy Stakhovsky,0.0,0.0,0.0,0.0,0.0,0.0,0.0,0.0,0.0
Davis Cup G1 R1: UKR vs NED,2011,2011,1,4,0.0,Hard,5,3,Sergiy Stakhovsky,0.0,0.0,0.0,0.0,0.0,0.0,0.0,0.0,0.0
Davis Cup G1 R1: UKR vs SVK,2013,2013,1,4,0.0,Hard,5,2,Alexandr Dolgopolov,0.0,0.0,0.0,0.0,0.0,0.0,0.0,0.0,0.0
Davis Cup G1 R1: UKR vs SWE,2018,2018,1,4,93.0,Hard,3,2,Mikael Ymer,16.5,22.5,386.5,227.0,157.5,85.0,56.5,20.0,31.0
Davis Cup G1 R1: URU vs COL,2008,2011,4,8,0.0,Clay,5,2,Pablo Cuevas,0.0,0.0,0.0,0.0,0.0,0.0,0.0,0.0,0.0
Davis Cup G1 R1: URU vs DOM,2013,2013,1,3,0.0,Clay,5,2,Marcel Felder,0.0,0.0,0.0,0.0,0.0,0.0,0.0,0.0,0.0
Davis Cup G1 R1: URU vs PER,2012,2012,1,3,0.0,Clay,5,2,Marcel Felder,0.0,0.0,0.0,0.0,0.0,0.0,0.0,0.0,0.0
Davis Cup G1 R1: UZB vs CHN,2013,2013,1,4,0.0,Clay,5,2,Denis Istomin,0.0,0.0,0.0,0.0,0.0,0.0,0.0,0.0,0.0
Davis Cup G1 R1: UZB vs INA,2003,2003,1,4,0.0,Hard,5,2,Oleg Ogorodov,0.0,0.0,0.0,0.0,0.0,0.0,0.0,0.0,0.0
Davis Cup G1 R1: UZB vs IND,2007,2007,1,4,0.0,Clay,5,2,Denis Istomin,0.0,0.0,0.0,0.0,0.0,0.0,0.0,0.0,0.0
Davis Cup G1 R1: UZB vs LBN,2019,2019,1,4,0.0,Clay,3,9,Benjamin Hassan,0.0,0.0,0.0,0.0,0.0,0.0,0.0,0.0,0.0
Davis Cup G1 R1: UZB vs NZL,2011,2011,1,4,0.0,Clay,5,3,Farrukh Dustov,0.0,0.0,0.0,0.0,0.0,0.0,0.0,0.0,0.0
Davis Cup G1 R1: UZB vs THA,2006,2006,1,4,0.0,Hard,5,2,Paradorn Srichaphan,0.0,0.0,0.0,0.0,0.0,0.0,0.0,0.0,0.0
Davis Cup G1 R1: VEN vs MEX,2006,2006,1,4,0.0,Hard,5,2,Santiago Gonzalez,0.0,0.0,0.0,0.0,0.0,0.0,0.0,0.0,0.0
Davis Cup G1 R1: VEN vs PAR,2004,2004,1,4,0.0,Hard,3,2,Ramon Delgado,0.0,0.0,0.0,0.0,0.0,0.0,0.0,0.0,0.0
Davis Cup G1 R1: VEN vs PER,2005,2005,1,4,0.0,Hard,5,3,Jose De Armas,0.0,0.0,0.0,0.0,0.0,0.0,0.0,0.0,0.0
Davis Cup G1 R1: ZIM vs GRE,2004,2004,1,4,0.0,Hard,5,2,Wayne Black,0.0,0.0,0.0,0.0,0.0,0.0,0.0,0.0,0.0
Davis Cup G1 R1: ZIM vs POR,2002,2002,1,4,0.0,Hard,5,2,Wayne Black,0.0,0.0,0.0,0.0,0.0,0.0,0.0,0.0,0.0
Davis Cup G1 R1: ZIM vs UKR,1997,1997,1,4,0.0,Hard,5,2,Wayne Black,0.0,0.0,0.0,0.0,0.0,0.0,0.0,0.0,0.0
Davis Cup G1 R2: ARG vs CHI,2018,2018,1,4,124.75,Clay,3,4,Diego Schwartzman,15.5,24.5,512.0,305.5,204.0,107.5,77.5,25.0,45.0
Davis Cup G1 R2: AUS vs JPN,2010,2010,1,4,0.0,Clay,5,5,Lleyton Hewitt,0.0,0.0,0.0,0.0,0.0,0.0,0.0,0.0,0.0
Davis Cup G1 R2: AUS vs KOR,2012,2012,1,4,0.0,Hard,5,4,Bernard Tomic,0.0,0.0,0.0,0.0,0.0,0.0,0.0,0.0,0.0
Davis Cup G1 R2: AUS vs THA,2008,2008,1,4,0.0,Hard,5,4,Chris Guccione,0.0,0.0,0.0,0.0,0.0,0.0,0.0,0.0,0.0
Davis Cup G1 R2: AUT vs NED,2015,2015,1,4,0.0,Clay,5,7,Thiemo De Bakker,0.0,0.0,0.0,0.0,0.0,0.0,0.0,0.0,0.0
Davis Cup G1 R2: AUT vs RUS,2018,2018,1,3,80.333,Hard,3,4,Dennis Novak,7.0,27.5,316.5,228.5,161.5,43.5,48.5,13.0,20.5
Davis Cup G1 R2: AUT vs SVK,2010,2010,1,4,0.0,Hard,5,3,Jurgen Melzer,0.0,0.0,0.0,0.0,0.0,0.0,0.0,0.0,0.0
Davis Cup G1 R2: BEL vs POL,2009,2009,1,4,0.0,Clay,5,3,Kristof Vliegen,0.0,0.0,0.0,0.0,0.0,0.0,0.0,0.0,0.0
Davis Cup G1 R2: BEL vs ZIM,2004,2004,1,4,0.0,Clay,5,4,Xavier Malisse,0.0,0.0,0.0,0.0,0.0,0.0,0.0,0.0,0.0
Davis Cup G1 R2: BIH vs SVK,2018,2018,1,4,99.0,Clay,3,4,Martin Klizan,9.5,28.0,425.5,283.0,198.0,72.0,65.5,21.5,36.5
Davis Cup G1 R2: BLR vs AUT,2017,2017,1,3,140.667,Hard,5,4,Ilya Ivashka,18.0,57.0,476.0,312.5,222.5,89.5,81.0,12.5,31.5
Davis Cup G1 R2: BRA vs CAN,2007,2007,1,3,0.0,Clay,5,4,Flavio Saretta,0.0,0.0,0.0,0.0,0.0,0.0,0.0,0.0,0.0
Davis Cup G1 R2: BRA vs COL,2008,2012,5,8,0.0,Clay,5,4,Thomaz Bellucci,0.0,0.0,0.0,0.0,0.0,0.0,0.0,0.0,0.0
Davis Cup G1 R2: BRA vs ECU,2016,2017,2,7,156.0,Hard,5,7,Thomaz Bellucci,26.0,90.0,1273.0,797.5,602.5,274.0,204.5,64.5,92.0
Davis Cup G1 R2: BRA vs PAR,2004,2004,1,4,0.0,Clay,5,4,Ramon Delgado,0.0,0.0,0.0,0.0,0.0,0.0,0.0,0.0,0.0
Davis Cup G1 R2: BRA vs URU,2010,2010,1,4,0.0,Clay,5,5,Thomaz Bellucci,0.0,0.0,0.0,0.0,0.0,0.0,0.0,0.0,0.0
Davis Cup G1 R2: CHI vs CAN,2008,2008,1,4,0.0,Clay,5,4,Fernando Gonzalez,0.0,0.0,0.0,0.0,0.0,0.0,0.0,0.0,0.0
Davis Cup G1 R2: CHI vs COL,2016,2017,2,6,151.167,Clay,3,7,Santiago Giraldo,40.0,50.0,961.0,614.5,429.0,169.5,139.5,53.0,78.0
Davis Cup G1 R2: CHI vs ECU,2004,2004,1,4,0.0,Clay,5,4,Nicolas Massu,0.0,0.0,0.0,0.0,0.0,0.0,0.0,0.0,0.0
Davis Cup G1 R2: CHN vs AUS,2011,2011,1,3,0.0,Hard,5,7,Di Wu,0.0,0.0,0.0,0.0,0.0,0.0,0.0,0.0,0.0
Davis Cup G1 R2: CHN vs KAZ,2010,2010,1,4,0.0,Hard,5,5,Andrey Golubev,0.0,0.0,0.0,0.0,0.0,0.0,0.0,0.0,0.0
Davis Cup G1 R2: CHN vs UZB,2014,2016,3,8,157.75,Clay,5,7,Ze Zhang,35.0,31.0,733.0,494.5,312.0,110.0,107.0,58.5,91.0
Davis Cup G1 R2: COL vs BRA,2009,2018,10,8,87.333,Hard,3,4,Daniel Elahi Galan,4.5,19.5,274.5,186.5,127.0,36.0,43.0,17.0,29.5
Davis Cup G1 R2: COL vs CAN,2010,2010,1,4,0.0,Clay,5,3,Santiago Giraldo,0.0,0.0,0.0,0.0,0.0,0.0,0.0,0.0,0.0
Davis Cup G1 R2: COL vs DOM,2014,2014,1,4,0.0,Clay,5,4,Santiago Giraldo,0.0,0.0,0.0,0.0,0.0,0.0,0.0,0.0,0.0
Davis Cup G1 R2: COL vs URU,2013,2013,1,4,0.0,Hard,5,4,Alejandro Falla,0.0,0.0,0.0,0.0,0.0,0.0,0.0,0.0,0.0
Davis Cup G1 R2: CRO vs ITA,2008,2008,1,4,0.0,Hard,5,4,Mario Ancic,0.0,0.0,0.0,0.0,0.0,0.0,0.0,0.0,0.0
Davis Cup G1 R2: CZE vs ISR,2018,2018,1,3,80.667,Clay,3,4,Jiri Vesely,8.0,19.0,284.0,189.0,132.0,49.5,45.0,15.0,23.0
Davis Cup G1 R2: DOM vs ECU,2015,2015,1,4,0.0,Clay,5,7,Victor Estrella,0.0,0.0,0.0,0.0,0.0,0.0,0.0,0.0,0.0
Davis Cup G1 R2: ECU vs BRA,2006,2014,9,6,0.0,Clay,5,4,Flavio Saretta,0.0,0.0,0.0,0.0,0.0,0.0,0.0,0.0,0.0
Davis Cup G1 R2: ECU vs CAN,2011,2011,1,4,0.0,Clay,5,7,Ivan Endara,0.0,0.0,0.0,0.0,0.0,0.0,0.0,0.0,0.0
Davis Cup G1 R2: ECU vs CHI,2013,2013,1,4,0.0,Hard,5,4,Julio Cesar Campozano,0.0,0.0,0.0,0.0,0.0,0.0,0.0,0.0,0.0
Davis Cup G1 R2: ECU vs PAR,2005,2005,1,4,0.0,Clay,5,4,Carlos Avellan,0.0,0.0,0.0,0.0,0.0,0.0,0.0,0.0,0.0
Davis Cup G1 R2: ECU vs PER,2009,2009,1,4,0.0,Clay,5,5,Giovanni Lapentti,0.0,0.0,0.0,0.0,0.0,0.0,0.0,0.0,0.0
Davis Cup G1 R2: ECU vs VEN,2003,2003,1,4,0.0,Clay,5,4,Nicolas Lapentti,0.0,0.0,0.0,0.0,0.0,0.0,0.0,0.0,0.0
Davis Cup G1 R2: ESP vs ROU,2016,2016,1,4,122.5,Hard,5,7,Roberto Bautista Agut,20.0,49.0,565.5,353.5,262.0,114.5,93.5,24.0,40.0
Davis Cup G1 R2: GBR vs BEL,2012,2012,1,4,0.0,Hard,5,4,Steve Darcis,0.0,0.0,0.0,0.0,0.0,0.0,0.0,0.0,0.0
Davis Cup G1 R2: GBR vs NED,2007,2007,1,4,0.0,Hard,5,4,Tim Henman,0.0,0.0,0.0,0.0,0.0,0.0,0.0,0.0,0.0
Davis Cup G1 R2: GBR vs RUS,2013,2013,1,4,0.0,Hard,5,4,Dmitry Tursunov,0.0,0.0,0.0,0.0,0.0,0.0,0.0,0.0,0.0
Davis Cup G1 R2: GBR vs UKR,2009,2009,1,4,0.0,Hard,5,3,Illya Marchenko,0.0,0.0,0.0,0.0,0.0,0.0,0.0,0.0,0.0
Davis Cup G1 R2: GER vs ISR,2004,2004,1,4,0.0,Hard,5,4,Rainer Schuettler,0.0,0.0,0.0,0.0,0.0,0.0,0.0,0.0,0.0
Davis Cup G1 R2: HUN vs SVK,2016,2016,1,2,175.0,Clay,3,7,Andrej Martin,13.5,7.5,363.5,214.5,128.0,77.5,52.0,19.5,36.5
Davis Cup G1 R2: IND vs CHN,2018,2018,1,4,79.0,Hard,3,4,Yibing Wu,19.0,31.0,372.0,227.0,156.5,72.5,59.0,22.5,40.0
Davis Cup G1 R2: IND vs JPN,2008,2008,1,4,0.0,Grass,5,4,Rohan Bopanna,0.0,0.0,0.0,0.0,0.0,0.0,0.0,0.0,0.0
Davis Cup G1 R2: IND vs KOR,2016,2016,1,4,143.5,Grass,3,7,Ramkumar Ramanathan,41.0,82.5,632.5,383.0,284.0,134.0,106.5,34.0,55.5
Davis Cup G1 R2: IND vs NZL,2003,2003,1,4,0.0,Grass,5,4,Leander Paes,0.0,0.0,0.0,0.0,0.0,0.0,0.0,0.0,0.0
Davis Cup G1 R2: IND vs UZB,2005,2005,1,4,0.0,Grass,5,4,Prakash Amritraj,0.0,0.0,0.0,0.0,0.0,0.0,0.0,0.0,0.0
Davis Cup G1 R2: ISR vs GBR,2005,2005,1,4,0.0,Hard,5,3,Greg Rusedski,0.0,0.0,0.0,0.0,0.0,0.0,0.0,0.0,0.0
Davis Cup G1 R2: ISR vs ITA,2007,2007,1,4,0.0,Hard,5,4,Dudi Sela,0.0,0.0,0.0,0.0,0.0,0.0,0.0,0.0,0.0
Davis Cup G1 R2: ISR vs POL,2011,2011,1,4,0.0,Hard,5,3,Dudi Sela,0.0,0.0,0.0,0.0,0.0,0.0,0.0,0.0,0.0
Davis Cup G1 R2: ISR vs POR,2012,2012,1,4,0.0,Hard,5,4,Dudi Sela,0.0,0.0,0.0,0.0,0.0,0.0,0.0,0.0,0.0
Davis Cup G1 R2: ITA vs LUX,2006,2006,1,4,0.0,Clay,5,4,Filippo Volandri,0.0,0.0,0.0,0.0,0.0,0.0,0.0,0.0,0.0
Davis Cup G1 R2: ITA vs MAR,2005,2005,1,4,0.0,Clay,5,4,Potito Starace,0.0,0.0,0.0,0.0,0.0,0.0,0.0,0.0,0.0
Davis Cup G1 R2: ITA vs SLO,2011,2011,1,4,0.0,Clay,5,7,Fabio Fognini,0.0,0.0,0.0,0.0,0.0,0.0,0.0,0.0,0.0
Davis Cup G1 R2: ITA vs SVK,2009,2009,1,4,0.0,Clay,5,3,Fabio Fognini,0.0,0.0,0.0,0.0,0.0,0.0,0.0,0.0,0.0
Davis Cup G1 R2: JPN vs IND,2004,2004,1,4,0.0,Hard,5,4,Gouichi Motomura,0.0,0.0,0.0,0.0,0.0,0.0,0.0,0.0,0.0
Davis Cup G1 R2: JPN vs KOR,2013,2013,1,4,0.0,Hard,5,4,Tatsuma Ito,0.0,0.0,0.0,0.0,0.0,0.0,0.0,0.0,0.0
Davis Cup G1 R2: JPN vs UZB,2011,2011,1,4,0.0,Hard,5,7,Kei Nishikori,0.0,0.0,0.0,0.0,0.0,0.0,0.0,0.0,0.0
Davis Cup G1 R2: KAZ vs CHN,2017,2017,1,4,123.0,Clay,5,4,Dmitry Popko,12.0,29.5,582.5,394.0,283.0,99.5,95.5,15.0,30.5
Davis Cup G1 R2: KOR vs IND,2014,2014,1,3,0.0,Hard,5,4,Somdev Devvarman,0.0,0.0,0.0,0.0,0.0,0.0,0.0,0.0,0.0
Davis Cup G1 R2: KOR vs UZB,2007,2007,1,4,0.0,Hard,5,4,Kyu Tae Im,0.0,0.0,0.0,0.0,0.0,0.0,0.0,0.0,0.0
Davis Cup G1 R2: LUX vs GBR,2004,2004,1,4,0.0,Hard,5,4,Tim Henman,0.0,0.0,0.0,0.0,0.0,0.0,0.0,0.0,0.0
Davis Cup G1 R2: LUX vs SVK,2003,2003,1,4,0.0,Hard,5,4,Karol Beck,0.0,0.0,0.0,0.0,0.0,0.0,0.0,0.0,0.0
Davis Cup G1 R2: MAR vs CZE,2006,2006,1,4,0.0,Clay,5,4,Tomas Zib,0.0,0.0,0.0,0.0,0.0,0.0,0.0,0.0,0.0
Davis Cup G1 R2: MAR vs ITA,2003,2003,1,4,0.0,Clay,5,4,Younes El Aynaoui,0.0,0.0,0.0,0.0,0.0,0.0,0.0,0.0,0.0
Davis Cup G1 R2: MEX vs CAN,2006,2006,1,4,0.0,Clay,5,4,Santiago Gonzalez,0.0,0.0,0.0,0.0,0.0,0.0,0.0,0.0,0.0
Davis Cup G1 R2: MKD vs NED,2008,2008,1,4,0.0,Clay,5,4,Robin Haase,0.0,0.0,0.0,0.0,0.0,0.0,0.0,0.0,0.0
Davis Cup G1 R2: MKD vs SVK,2007,2007,1,4,0.0,Clay,5,4,Michal Mertinak,0.0,0.0,0.0,0.0,0.0,0.0,0.0,0.0,0.0
Davis Cup G1 R2: NED vs BIH,2017,2017,1,3,159.667,Hard,5,4,Robin Haase,23.5,41.0,539.5,319.0,223.0,109.5,86.0,28.0,50.0
Davis Cup G1 R2: NED vs ITA,2010,2010,1,4,0.0,Hard,5,5,Simone Bolelli,0.0,0.0,0.0,0.0,0.0,0.0,0.0,0.0,0.0
Davis Cup G1 R2: NED vs ROU,2012,2012,1,4,0.0,Hard,5,4,Thomas Schoorel,0.0,0.0,0.0,0.0,0.0,0.0,0.0,0.0,0.0
Davis Cup G1 R2: NZL vs IND,2015,2015,1,4,0.0,Hard,5,7,Yuki Bhambri,0.0,0.0,0.0,0.0,0.0,0.0,0.0,0.0,0.0
Davis Cup G1 R2: PAK vs TPE,2005,2005,1,4,0.0,Grass,5,4,Aisam Ul Haq Qureshi,0.0,0.0,0.0,0.0,0.0,0.0,0.0,0.0,0.0
Davis Cup G1 R2: PAK vs UZB,2018,2018,1,4,152.0,Grass,3,4,Denis Istomin,20.5,46.0,398.0,230.5,184.5,91.0,61.0,19.0,27.5
Davis Cup G1 R2: PER vs MEX,2007,2007,1,4,0.0,Clay,5,4,Luis Horna,0.0,0.0,0.0,0.0,0.0,0.0,0.0,0.0,0.0
Davis Cup G1 R2: POL vs CRO,2014,2014,1,3,0.0,Hard,5,4,Marin Cilic,0.0,0.0,0.0,0.0,0.0,0.0,0.0,0.0,0.0
Davis Cup G1 R2: POL vs RSA,2013,2013,1,3,0.0,Hard,5,4,Jerzy Janowicz,0.0,0.0,0.0,0.0,0.0,0.0,0.0,0.0,0.0
Davis Cup G1 R2: POL vs UKR,2015,2015,1,3,0.0,Hard,5,7,Alexandr Dolgopolov,0.0,0.0,0.0,0.0,0.0,0.0,0.0,0.0,0.0
Davis Cup G1 R2: POR vs SWE,2018,2018,1,4,89.5,Hard,3,4,Joao Sousa,10.5,24.0,401.0,248.5,183.5,83.5,61.0,18.0,26.0
Davis Cup G1 R2: POR vs UKR,2017,2017,1,4,134.25,Clay,5,4,Joao Sousa,15.5,46.0,564.0,351.5,252.5,94.0,87.5,20.5,42.0
Davis Cup G1 R2: ROU vs NED,2013,2013,1,4,0.0,Hard,5,4,Igor Sijsling,0.0,0.0,0.0,0.0,0.0,0.0,0.0,0.0,0.0
Davis Cup G1 R2: ROU vs SVK,2015,2015,1,4,0.0,Clay,5,7,Martin Klizan,0.0,0.0,0.0,0.0,0.0,0.0,0.0,0.0,0.0
Davis Cup G1 R2: ROU vs UKR,2010,2010,1,3,0.0,Clay,5,5,Victor Hanescu,0.0,0.0,0.0,0.0,0.0,0.0,0.0,0.0,0.0
Davis Cup G1 R2: RSA vs BLR,2009,2009,1,4,0.0,Hard,5,5,Izak Van Der Merwe,0.0,0.0,0.0,0.0,0.0,0.0,0.0,0.0,0.0
Davis Cup G1 R2: RSA vs FIN,2010,2010,1,4,0.0,Hard,5,5,Rik De Voest,0.0,0.0,0.0,0.0,0.0,0.0,0.0,0.0,0.0
Davis Cup G1 R2: RSA vs GER,2005,2005,1,4,0.0,Hard,5,3,Nicolas Kiefer,0.0,0.0,0.0,0.0,0.0,0.0,0.0,0.0,0.0
Davis Cup G1 R2: RSA vs NED,2011,2011,1,3,0.0,Hard,5,7,Kevin Anderson,0.0,0.0,0.0,0.0,0.0,0.0,0.0,0.0,0.0
Davis Cup G1 R2: RSA vs SLO,2012,2012,1,4,0.0,Hard,5,4,Izak Van Der Merwe,0.0,0.0,0.0,0.0,0.0,0.0,0.0,0.0,0.0
Davis Cup G1 R2: RSA vs SVK,2004,2004,1,4,0.0,Grass,5,4,Karol Beck,0.0,0.0,0.0,0.0,0.0,0.0,0.0,0.0,0.0
Davis Cup G1 R2: RUS vs ESP,2015,2015,1,4,0.0,Hard,5,7,Tommy Robredo,0.0,0.0,0.0,0.0,0.0,0.0,0.0,0.0,0.0
Davis Cup G1 R2: RUS vs NED,2016,2016,1,4,130.75,Hard,5,7,Andrey Rublev,35.0,68.0,653.5,344.0,258.0,161.5,93.5,41.5,57.0
Davis Cup G1 R2: SCG vs BEL,2005,2005,1,4,0.0,Clay,5,4,Janko Tipsarevic,0.0,0.0,0.0,0.0,0.0,0.0,0.0,0.0,0.0
Davis Cup G1 R2: SLO vs ISR,2014,2014,1,3,0.0,Clay,5,4,Amir Weintraub,0.0,0.0,0.0,0.0,0.0,0.0,0.0,0.0,0.0
Davis Cup G1 R2: SRB vs GEO,2007,2007,1,4,0.0,Clay,5,4,Janko Tipsarevic,0.0,0.0,0.0,0.0,0.0,0.0,0.0,0.0,0.0
Davis Cup G1 R2: SUI vs POR,2011,2011,1,4,0.0,Hard,5,7,Stan Wawrinka,0.0,0.0,0.0,0.0,0.0,0.0,0.0,0.0,0.0
Davis Cup G1 R2: SVK vs AUT,2014,2014,1,4,0.0,Hard,5,4,Lukas Lacko,0.0,0.0,0.0,0.0,0.0,0.0,0.0,0.0,0.0
Davis Cup G1 R2: SVK vs GEO,2008,2008,1,4,0.0,Clay,5,4,Irakli Labadze,0.0,0.0,0.0,0.0,0.0,0.0,0.0,0.0,0.0
Davis Cup G1 R2: THA vs AUS,2009,2009,1,4,0.0,Hard,5,3,Danai Udomchoke,0.0,0.0,0.0,0.0,0.0,0.0,0.0,0.0,0.0
Davis Cup G1 R2: THA vs JPN,2006,2006,1,4,0.0,Hard,5,4,Paradorn Srichaphan,0.0,0.0,0.0,0.0,0.0,0.0,0.0,0.0,0.0
Davis Cup G1 R2: THA vs UZB,2004,2004,1,4,0.0,Hard,5,4,Danai Udomchoke,0.0,0.0,0.0,0.0,0.0,0.0,0.0,0.0,0.0
Davis Cup G1 R2: TPE vs IND,2009,2009,1,4,0.0,Hard,5,3,Somdev Devvarman,0.0,0.0,0.0,0.0,0.0,0.0,0.0,0.0,0.0
Davis Cup G1 R2: TPE vs KOR,2006,2006,1,4,0.0,Hard,5,4,Hyung Taik Lee,0.0,0.0,0.0,0.0,0.0,0.0,0.0,0.0,0.0
Davis Cup G1 R2: UKR vs AUT,2016,2016,1,4,197.333,Hard,5,7,Sergiy Stakhovsky,48.0,70.5,796.5,454.5,348.0,165.0,119.5,60.5,82.5
Davis Cup G1 R2: UKR vs SWE,2013,2013,1,4,0.0,Hard,5,4,Alexandr Dolgopolov,0.0,0.0,0.0,0.0,0.0,0.0,0.0,0.0,0.0
Davis Cup G1 R2: URU vs BRA,2011,2011,1,4,0.0,Clay,5,7,Rogerio Dutra Silva,0.0,0.0,0.0,0.0,0.0,0.0,0.0,0.0,0.0
Davis Cup G1 R2: URU vs CHI,2012,2012,1,3,0.0,Clay,5,4,Paul Capdeville,0.0,0.0,0.0,0.0,0.0,0.0,0.0,0.0,0.0
Davis Cup G1 R2: URU vs COL,2015,2015,1,4,0.0,Clay,5,3,Alejandro Gonzalez,0.0,0.0,0.0,0.0,0.0,0.0,0.0,0.0,0.0
Davis Cup G1 R2: UZB vs AUS,2013,2013,1,3,0.0,Clay,5,4,Bernard Tomic,0.0,0.0,0.0,0.0,0.0,0.0,0.0,0.0,0.0
Davis Cup G1 R2: UZB vs IND,2012,2017,6,8,118.75,Clay,5,4,Ramkumar Ramanathan,32.5,55.5,529.5,303.0,243.5,118.5,89.0,25.5,37.0
Davis Cup G1 R2: UZB vs KOR,2009,2015,7,8,0.0,Clay,5,3,Denis Istomin,0.0,0.0,0.0,0.0,0.0,0.0,0.0,0.0,0.0
Davis Cup G1 R2: UZB vs THA,2003,2003,1,4,0.0,Hard,5,4,Danai Udomchoke,0.0,0.0,0.0,0.0,0.0,0.0,0.0,0.0,0.0
Davis Cup G1 R2: VEN vs CAN,2005,2005,1,3,0.0,Clay,5,4,Frank Dancevic,0.0,0.0,0.0,0.0,0.0,0.0,0.0,0.0,0.0
Davis Cup G1 R3: UZB vs JPN,2009,2009,1,4,0.0,Clay,5,5,Denis Istomin,0.0,0.0,0.0,0.0,0.0,0.0,0.0,0.0,0.0
Davis Cup G1 SF: ARG vs BAH,1996,1996,1,4,0.0,Clay,5,4,Hernan Gumy,0.0,0.0,0.0,0.0,0.0,0.0,0.0,0.0,0.0
Davis Cup G1 SF: ARG vs CAN,1989,2001,13,6,0.0,Clay,5,4,Alberto Mancini,0.0,0.0,0.0,0.0,0.0,0.0,0.0,0.0,0.0
Davis Cup G1 SF: ARG vs CHI,1998,1998,1,4,0.0,Clay,5,4,Franco Squillari,0.0,0.0,0.0,0.0,0.0,0.0,0.0,0.0,0.0
Davis Cup G1 SF: ARG vs MEX,1993,1993,1,4,0.0,Clay,5,3,Alberto Mancini,0.0,0.0,0.0,0.0,0.0,0.0,0.0,0.0,0.0
Davis Cup G1 SF: AUT vs NGR,1988,1988,1,4,0.0,Clay,5,6,Horst Skoff,0.0,0.0,0.0,0.0,0.0,0.0,0.0,0.0,0.0
Davis Cup G1 SF: BAH vs CHI,2001,2001,1,4,0.0,Hard,5,4,Marcelo Rios,0.0,0.0,0.0,0.0,0.0,0.0,0.0,0.0,0.0
Davis Cup G1 SF: BAH vs URU,1993,1993,1,4,0.0,Hard,5,3,Mark Knowles,0.0,0.0,0.0,0.0,0.0,0.0,0.0,0.0,0.0
Davis Cup G1 SF: BEL vs HUN,1990,1990,1,4,0.0,Clay,5,5,Eduardo Masso,0.0,0.0,0.0,0.0,0.0,0.0,0.0,0.0,0.0
Davis Cup G1 SF: BEL vs LUX,1993,1993,1,4,0.0,Clay,5,4,Filip Dewulf,0.0,0.0,0.0,0.0,0.0,0.0,0.0,0.0,0.0
Davis Cup G1 SF: BRA vs VEN,1996,1996,1,4,0.0,Clay,5,4,Gustavo Kuerten,0.0,0.0,0.0,0.0,0.0,0.0,0.0,0.0,0.0
Davis Cup G1 SF: CAN vs VEN,1997,1997,1,4,0.0,Hard,5,4,Sebastien Lareau,0.0,0.0,0.0,0.0,0.0,0.0,0.0,0.0,0.0
Davis Cup G1 SF: CHI vs ARG,1997,2000,4,8,0.0,Clay,5,4,Marcelo Rios,0.0,0.0,0.0,0.0,0.0,0.0,0.0,0.0,0.0
Davis Cup G1 SF: CHI vs CUB,1992,1992,1,4,0.0,Clay,5,3,Mario Tabares,0.0,0.0,0.0,0.0,0.0,0.0,0.0,0.0,0.0
Davis Cup G1 SF: CHN vs INA,1990,1990,1,4,0.0,Hard,5,5,Jia Ping Xia,0.0,0.0,0.0,0.0,0.0,0.0,0.0,0.0,0.0
Davis Cup G1 SF: COL vs CHI,1999,1999,1,4,0.0,Clay,5,4,Marcelo Rios,0.0,0.0,0.0,0.0,0.0,0.0,0.0,0.0,0.0
Davis Cup G1 SF: CRO vs NOR,1994,1994,1,4,0.0,Clay,5,3,Christian Ruud,0.0,0.0,0.0,0.0,0.0,0.0,0.0,0.0,0.0
Davis Cup G1 SF: CUB vs PAR,1991,1991,1,4,0.0,Hard,5,3,Juan Pino,0.0,0.0,0.0,0.0,0.0,0.0,0.0,0.0,0.0
Davis Cup G1 SF: DEN vs KEN,1992,1992,1,4,0.0,Clay,5,5,Christian Camradt,0.0,0.0,0.0,0.0,0.0,0.0,0.0,0.0,0.0
Davis Cup G1 SF: ECU vs ARG,1988,1999,12,8,0.0,Clay,5,4,Nicolas Lapentti,0.0,0.0,0.0,0.0,0.0,0.0,0.0,0.0,0.0
Davis Cup G1 SF: ECU vs CAN,1998,1998,1,4,0.0,Clay,5,4,Nicolas Lapentti,0.0,0.0,0.0,0.0,0.0,0.0,0.0,0.0,0.0
Davis Cup G1 SF: FIN vs DEN,1991,1991,1,4,0.0,Hard,5,5,Frederik Fetterlein,0.0,0.0,0.0,0.0,0.0,0.0,0.0,0.0,0.0
Davis Cup G1 SF: HUN vs NGR,1989,1989,1,4,0.0,Clay,5,5,Sandor Noszaly,0.0,0.0,0.0,0.0,0.0,0.0,0.0,0.0,0.0
Davis Cup G1 SF: INA vs CHN,1988,1988,1,4,0.0,Clay,5,4,Suharyadi Suharyadi,0.0,0.0,0.0,0.0,0.0,0.0,0.0,0.0,0.0
Davis Cup G1 SF: INA vs IND,1992,1992,1,4,0.0,Clay,5,5,Leander Paes,0.0,0.0,0.0,0.0,0.0,0.0,0.0,0.0,0.0
Davis Cup G1 SF: INA vs KOR,1982,1994,13,8,0.0,Clay,5,5,Suwandi Suwandi,0.0,0.0,0.0,0.0,0.0,0.0,0.0,0.0,0.0
Davis Cup G1 SF: INA vs NZL,1997,1997,1,4,0.0,Clay,5,4,Mark Nielsen,0.0,0.0,0.0,0.0,0.0,0.0,0.0,0.0,0.0
Davis Cup G1 SF: IND vs KOR,1989,2000,12,12,0.0,Grass,5,5,Leander Paes,0.0,0.0,0.0,0.0,0.0,0.0,0.0,0.0,0.0
Davis Cup G1 SF: IND vs PHI,1995,1995,1,4,0.0,Grass,5,3,Leander Paes,0.0,0.0,0.0,0.0,0.0,0.0,0.0,0.0,0.0
Davis Cup G1 SF: ISR vs HUN,1992,1992,1,4,0.0,Hard,5,5,Gilad Bloom,0.0,0.0,0.0,0.0,0.0,0.0,0.0,0.0,0.0
Davis Cup G1 SF: JPN vs AUS,1996,1996,1,4,0.0,Hard,5,4,Todd Woodbridge,0.0,0.0,0.0,0.0,0.0,0.0,0.0,0.0,0.0
Davis Cup G1 SF: JPN vs IND,2001,2001,1,4,0.0,Hard,5,4,Leander Paes,0.0,0.0,0.0,0.0,0.0,0.0,0.0,0.0,0.0
Davis Cup G1 SF: JPN vs NZL,1998,1998,1,4,0.0,Clay,5,4,Takao Suzuki,0.0,0.0,0.0,0.0,0.0,0.0,0.0,0.0,0.0
Davis Cup G1 SF: KOR vs INA,1993,1993,1,4,0.0,Clay,5,4,Han Cheol Shin,0.0,0.0,0.0,0.0,0.0,0.0,0.0,0.0,0.0
Davis Cup G1 SF: KOR vs IND,1990,1990,1,4,0.0,Clay,5,5,Bong Soo Kim,0.0,0.0,0.0,0.0,0.0,0.0,0.0,0.0,0.0
Davis Cup G1 SF: KOR vs NZL,1992,1996,5,8,0.0,Clay,5,4,Brett Steven,0.0,0.0,0.0,0.0,0.0,0.0,0.0,0.0,0.0
Davis Cup G1 SF: KOR vs PHI,1988,1988,1,4,0.0,Clay,5,4,Bong Soo Kim,0.0,0.0,0.0,0.0,0.0,0.0,0.0,0.0,0.0
Davis Cup G1 SF: KOR vs THA,1986,1986,1,4,0.0,Clay,5,7,Gap Taik Ro,0.0,0.0,0.0,0.0,0.0,0.0,0.0,0.0,0.0
Davis Cup G1 SF: KOR vs UZB,1998,1998,1,3,0.0,Clay,5,4,Vadim Kutsenko,0.0,0.0,0.0,0.0,0.0,0.0,0.0,0.0,0.0
Davis Cup G1 SF: MEX vs BRA,1995,1995,1,4,0.0,Hard,5,3,Luis Herrera,0.0,0.0,0.0,0.0,0.0,0.0,0.0,0.0,0.0
Davis Cup G1 SF: NED vs SEN,1988,1988,1,4,0.0,Clay,5,6,Yahiya Doumbia,0.0,0.0,0.0,0.0,0.0,0.0,0.0,0.0,0.0
Davis Cup G1 SF: NZL vs IND,2002,2002,1,4,0.0,Hard,5,4,Leander Paes,0.0,0.0,0.0,0.0,0.0,0.0,0.0,0.0,0.0
Davis Cup G1 SF: NZL vs KOR,1995,1999,5,8,0.0,Grass,5,3,Hyung Taik Lee,0.0,0.0,0.0,0.0,0.0,0.0,0.0,0.0,0.0
Davis Cup G1 SF: PAR vs CAN,1990,1990,1,4,0.0,Clay,5,3,Andrew Sznajder,0.0,0.0,0.0,0.0,0.0,0.0,0.0,0.0,0.0
Davis Cup G1 SF: PER vs BRA,1989,1994,6,8,0.0,Clay,5,7,Jaime Yzaga,0.0,0.0,0.0,0.0,0.0,0.0,0.0,0.0,0.0
Davis Cup G1 SF: PER vs ECU,2000,2000,1,4,0.0,Clay,5,4,Nicolas Lapentti,0.0,0.0,0.0,0.0,0.0,0.0,0.0,0.0,0.0
Davis Cup G1 SF: PER vs USA,1988,1988,1,2,0.0,Clay,5,4,Jay Berger,0.0,0.0,0.0,0.0,0.0,0.0,0.0,0.0,0.0
Davis Cup G1 SF: PHI vs CHN,1991,1991,1,4,0.0,Hard,5,5,Felix Barrientos,0.0,0.0,0.0,0.0,0.0,0.0,0.0,0.0,0.0
Davis Cup G1 SF: PHI vs NZL,1989,1989,1,4,0.0,Clay,5,5,Kelly Evernden,0.0,0.0,0.0,0.0,0.0,0.0,0.0,0.0,0.0
Davis Cup G1 SF: POL vs GBR,1991,1991,1,4,0.0,Clay,5,5,Danny Sapsford,0.0,0.0,0.0,0.0,0.0,0.0,0.0,0.0,0.0
Davis Cup G1 SF: POR vs CIS,1992,1992,1,4,0.0,Clay,5,5,Andrei Cherkasov,0.0,0.0,0.0,0.0,0.0,0.0,0.0,0.0,0.0
Davis Cup G1 SF: POR vs GBR,1994,1994,1,4,0.0,Clay,5,3,Nuno Marques,0.0,0.0,0.0,0.0,0.0,0.0,0.0,0.0,0.0
Davis Cup G1 SF: POR vs ISR,1993,1993,1,4,0.0,Clay,5,4,Amos Mansdorf,0.0,0.0,0.0,0.0,0.0,0.0,0.0,0.0,0.0
Davis Cup G1 SF: POR vs NED,1991,1991,1,4,0.0,Clay,5,5,Mark Koevermans,0.0,0.0,0.0,0.0,0.0,0.0,0.0,0.0,0.0
Davis Cup G1 SF: POR vs URS,1988,1988,1,4,0.0,Clay,5,6,Andrei Chesnokov,0.0,0.0,0.0,0.0,0.0,0.0,0.0,0.0,0.0
Davis Cup G1 SF: ROU vs GBR,1990,1990,1,4,0.0,Clay,5,5,Florin Segarceanu,0.0,0.0,0.0,0.0,0.0,0.0,0.0,0.0,0.0
Davis Cup G1 SF: RSA vs ROU,1994,1994,1,4,0.0,Hard,5,3,Marcos Ondruska,0.0,0.0,0.0,0.0,0.0,0.0,0.0,0.0,0.0
Davis Cup G1 SF: SUI vs ROU,1989,1989,1,4,0.0,Clay,5,5,Claudio Mezzadri,0.0,0.0,0.0,0.0,0.0,0.0,0.0,0.0,0.0
Davis Cup G1 SF: THA vs JPN,2002,2002,1,4,0.0,Hard,5,4,Danai Udomchoke,0.0,0.0,0.0,0.0,0.0,0.0,0.0,0.0,0.0
Davis Cup G1 SF: URS vs POR,1990,1990,1,4,0.0,Clay,5,5,Andrei Chesnokov,0.0,0.0,0.0,0.0,0.0,0.0,0.0,0.0,0.0
Davis Cup G1 SF: URU vs ARG,1994,1994,1,4,0.0,Clay,5,7,Gabriel Markus,0.0,0.0,0.0,0.0,0.0,0.0,0.0,0.0,0.0
Davis Cup G1 SF: URU vs MEX,1992,1992,1,4,0.0,Clay,5,3,Marcelo Filippini,0.0,0.0,0.0,0.0,0.0,0.0,0.0,0.0,0.0
Davis Cup G1 SF: URU vs PER,1990,1990,1,4,0.0,Clay,5,3,Diego Perez,0.0,0.0,0.0,0.0,0.0,0.0,0.0,0.0,0.0
Davis Cup G1 SF: UZB vs NZL,2000,2000,1,4,0.0,Hard,5,4,Vadim Kutsenko,0.0,0.0,0.0,0.0,0.0,0.0,0.0,0.0,0.0
Davis Cup G1 SF: VEN vs ARG,1995,1995,1,4,0.0,Hard,5,3,Javier Frana,0.0,0.0,0.0,0.0,0.0,0.0,0.0,0.0,0.0
Davis Cup G1 SF: VEN vs ECU,2002,2002,1,4,0.0,Hard,5,4,Nicolas Lapentti,0.0,0.0,0.0,0.0,0.0,0.0,0.0,0.0,0.0
Davis Cup G1 SF: ZIM vs CRO,1993,1993,1,4,0.0,Hard,5,4,Goran Ivanisevic,0.0,0.0,0.0,0.0,0.0,0.0,0.0,0.0,0.0
Davis Cup G1 SF: ZIM vs SUI,1994,1994,1,4,0.0,Hard,5,3,Marc Rosset,0.0,0.0,0.0,0.0,0.0,0.0,0.0,0.0,0.0
Davis Cup G2 F: BAH vs CHI,1989,1989,1,4,0.0,Hard,5,7,Jose Antonio Fernandez,0.0,0.0,0.0,0.0,0.0,0.0,0.0,0.0,0.0
Davis Cup G2 F: CAN vs VEN,1994,1994,1,4,0.0,Hard,5,7,Nicolas Pereira,0.0,0.0,0.0,0.0,0.0,0.0,0.0,0.0,0.0
Davis Cup G2 F: CHN vs KOR,2004,2004,1,4,0.0,Hard,5,9,Hyung Taik Lee,0.0,0.0,0.0,0.0,0.0,0.0,0.0,0.0,0.0
Davis Cup G2 F: CHN vs THA,1993,1993,1,4,0.0,Hard,5,4,Jia Ping Xia,0.0,0.0,0.0,0.0,0.0,0.0,0.0,0.0,0.0
Davis Cup G2 F: COL vs CHI,1991,1991,1,4,0.0,Clay,5,9,Jose Antonio Fernandez,0.0,0.0,0.0,0.0,0.0,0.0,0.0,0.0,0.0
Davis Cup G2 F: COL vs URU,1997,1997,1,4,0.0,Clay,5,9,Mario Rincon,0.0,0.0,0.0,0.0,0.0,0.0,0.0,0.0,0.0
Davis Cup G2 F: CUB vs COL,1990,1990,1,4,0.0,Hard,5,7,Alvaro Jordan,0.0,0.0,0.0,0.0,0.0,0.0,0.0,0.0,0.0
Davis Cup G2 F: DOM vs COL,2006,2006,1,4,0.0,Hard,5,9,Santiago Giraldo,0.0,0.0,0.0,0.0,0.0,0.0,0.0,0.0,0.0
Davis Cup G2 F: DOM vs PAR,2003,2003,1,4,0.0,Hard,5,9,Ramon Delgado,0.0,0.0,0.0,0.0,0.0,0.0,0.0,0.0,0.0
Davis Cup G2 F: ECU vs URU,1996,1996,1,4,0.0,Clay,5,9,Nicolas Lapentti,0.0,0.0,0.0,0.0,0.0,0.0,0.0,0.0,0.0
Davis Cup G2 F: GHA vs MAR,1989,1989,1,4,0.0,Hard,5,7,Frank Ofori,0.0,0.0,0.0,0.0,0.0,0.0,0.0,0.0,0.0
Davis Cup G2 F: GRE vs BEL,1989,1989,1,4,0.0,Clay,5,7,Denis Langaskens,0.0,0.0,0.0,0.0,0.0,0.0,0.0,0.0,0.0
Davis Cup G2 F: HKG vs PAK,1988,1988,1,4,0.0,Hard,5,7,Colin Grant,0.0,0.0,0.0,0.0,0.0,0.0,0.0,0.0,0.0
Davis Cup G2 F: HKG vs THA,1992,1992,1,4,0.0,Hard,5,5,Colin Grant,0.0,0.0,0.0,0.0,0.0,0.0,0.0,0.0,0.0
Davis Cup G2 F: HUN vs GEO,2006,2006,1,4,0.0,Clay,5,9,Sebo Kiss,0.0,0.0,0.0,0.0,0.0,0.0,0.0,0.0,0.0
Davis Cup G2 F: HUN vs SCG,2004,2004,1,2,0.0,Clay,5,9,Boris Pashanski,0.0,0.0,0.0,0.0,0.0,0.0,0.0,0.0,0.0
Davis Cup G2 F: INA vs TPE,2000,2000,1,4,0.0,Hard,5,10,Suwandi Suwandi,0.0,0.0,0.0,0.0,0.0,0.0,0.0,0.0,0.0
Davis Cup G2 F: IRL vs GRE,1988,1988,1,4,0.0,Grass,5,7,Owen Casey,0.0,0.0,0.0,0.0,0.0,0.0,0.0,0.0,0.0
Davis Cup G2 F: ITA vs POL,2004,2004,1,4,0.0,Clay,5,9,Potito Starace,0.0,0.0,0.0,0.0,0.0,0.0,0.0,0.0,0.0
Davis Cup G2 F: KAZ vs INA,2006,2006,1,4,0.0,Hard,5,9,Alexey Kedryuk,0.0,0.0,0.0,0.0,0.0,0.0,0.0,0.0,0.0
Davis Cup G2 F: KEN vs CIV,1991,1991,1,4,0.0,Clay,5,9,Paul Wekesa,0.0,0.0,0.0,0.0,0.0,0.0,0.0,0.0,0.0
Davis Cup G2 F: KOR vs JPN,1986,1986,1,4,0.0,Hard,5,10,Jin Sun Yoo,0.0,0.0,0.0,0.0,0.0,0.0,0.0,0.0,0.0
Davis Cup G2 F: KUW vs PHI,2007,2007,1,4,0.0,Hard,5,9,Cecil Mamiit,0.0,0.0,0.0,0.0,0.0,0.0,0.0,0.0,0.0
Davis Cup G2 F: LIB vs IRI,1997,1997,1,4,0.0,Hard,5,9,Jicham Zaatini,0.0,0.0,0.0,0.0,0.0,0.0,0.0,0.0,0.0
Davis Cup G2 F: MAR vs ZIM,1990,1990,1,4,0.0,Clay,5,7,Karim Alami,0.0,0.0,0.0,0.0,0.0,0.0,0.0,0.0,0.0
Davis Cup G2 F: MEX vs DOM,2004,2004,1,4,0.0,Clay,5,9,Alejandro Hernandez,0.0,0.0,0.0,0.0,0.0,0.0,0.0,0.0,0.0
Davis Cup G2 F: MEX vs VEN,2000,2000,1,4,0.0,Hard,5,7,Alejandro Hernandez,0.0,0.0,0.0,0.0,0.0,0.0,0.0,0.0,0.0
Davis Cup G2 F: MKD vs FIN,2006,2006,1,4,0.0,Clay,5,9,Jarkko Nieminen,0.0,0.0,0.0,0.0,0.0,0.0,0.0,0.0,0.0
Davis Cup G2 F: MON vs RSA,2008,2008,1,4,0.0,Clay,5,9,Rik De Voest,0.0,0.0,0.0,0.0,0.0,0.0,0.0,0.0,0.0
Davis Cup G2 F: NOR vs LUX,1991,1991,1,4,0.0,Clay,5,7,Anders Haseth,0.0,0.0,0.0,0.0,0.0,0.0,0.0,0.0,0.0
Davis Cup G2 F: NZL vs CHN,2008,2008,1,4,0.0,Hard,5,9,Jose Rubin Statham,0.0,0.0,0.0,0.0,0.0,0.0,0.0,0.0,0.0
Davis Cup G2 F: NZL vs KOR,2005,2005,1,4,0.0,Hard,5,9,Hyung Taik Lee,0.0,0.0,0.0,0.0,0.0,0.0,0.0,0.0,0.0
Davis Cup G2 F: PAK vs CHN,2002,2002,1,4,0.0,Grass,5,9,Ben Qiang Zhu,0.0,0.0,0.0,0.0,0.0,0.0,0.0,0.0,0.0
Davis Cup G2 F: PAK vs THA,1989,1998,10,7,0.0,Clay,5,7,Mushaf Zia,0.0,0.0,0.0,0.0,0.0,0.0,0.0,0.0,0.0
Davis Cup G2 F: PAR vs ECU,2008,2008,1,4,0.0,Hard,5,9,Nicolas Lapentti,0.0,0.0,0.0,0.0,0.0,0.0,0.0,0.0,0.0
Davis Cup G2 F: PAR vs URU,2007,2007,1,2,0.0,Clay,5,9,Marcel Felder,0.0,0.0,0.0,0.0,0.0,0.0,0.0,0.0,0.0
Davis Cup G2 F: PER vs MEX,1999,1999,1,4,0.0,Clay,5,9,Luis Horna,0.0,0.0,0.0,0.0,0.0,0.0,0.0,0.0,0.0
Davis Cup G2 F: PER vs PUR,1993,1993,1,4,0.0,Clay,5,7,Jaime Yzaga,0.0,0.0,0.0,0.0,0.0,0.0,0.0,0.0,0.0
Davis Cup G2 F: POL vs NOR,1990,1990,1,4,0.0,Clay,5,7,Wojtek Kowalski,0.0,0.0,0.0,0.0,0.0,0.0,0.0,0.0,0.0
Davis Cup G2 F: POR vs SLO,2005,2005,1,4,0.0,Clay,5,9,Frederico Gil,0.0,0.0,0.0,0.0,0.0,0.0,0.0,0.0,0.0
Davis Cup G2 F: THA vs HKG,1990,1990,1,4,0.0,Hard,5,7,Tanakorn Srichaphan,0.0,0.0,0.0,0.0,0.0,0.0,0.0,0.0,0.0
Davis Cup G2 F: THA vs PHI,1999,1999,1,4,0.0,Hard,5,9,Paradorn Srichaphan,0.0,0.0,0.0,0.0,0.0,0.0,0.0,0.0,0.0
Davis Cup G2 F: TPE vs HKG,1991,2003,13,8,0.0,Hard,5,9,Michael Walker,0.0,0.0,0.0,0.0,0.0,0.0,0.0,0.0,0.0
Davis Cup G2 F: TPE vs IRI,1994,1994,1,4,0.0,Hard,5,4,Chih Jung Chen,0.0,0.0,0.0,0.0,0.0,0.0,0.0,0.0,0.0
Davis Cup G2 F: UKR vs BUL,2005,2005,1,4,0.0,Hard,5,9,Orest Tereshchuk,0.0,0.0,0.0,0.0,0.0,0.0,0.0,0.0,0.0
Davis Cup G2 F: UKR vs POR,2008,2008,1,4,0.0,Hard,5,9,Sergiy Stakhovsky,0.0,0.0,0.0,0.0,0.0,0.0,0.0,0.0,0.0
Davis Cup G2 F: URU vs BRA,2005,2005,1,4,0.0,Clay,5,9,Pablo Cuevas,0.0,0.0,0.0,0.0,0.0,0.0,0.0,0.0,0.0
Davis Cup G2 F: URU vs PER,2002,2002,1,4,0.0,Clay,5,7,Luis Horna,0.0,0.0,0.0,0.0,0.0,0.0,0.0,0.0,0.0
Davis Cup G2 F: URU vs VEN,1988,2001,14,12,0.0,Clay,5,7,Marcelo Filippini,0.0,0.0,0.0,0.0,0.0,0.0,0.0,0.0,0.0
Davis Cup G2 F: UZB vs CHN,1995,1995,1,4,0.0,Clay,5,9,Oleg Ogorodov,0.0,0.0,0.0,0.0,0.0,0.0,0.0,0.0,0.0
Davis Cup G2 F: UZB vs THA,1996,1996,1,4,0.0,Clay,5,9,Dmitri Tomashevich,0.0,0.0,0.0,0.0,0.0,0.0,0.0,0.0,0.0
Davis Cup G2 F: VEN vs BAH,1992,1992,1,4,0.0,Clay,5,7,Roger Smith,0.0,0.0,0.0,0.0,0.0,0.0,0.0,0.0,0.0
Davis Cup G2 F: ZIM vs EGY,1988,1988,1,4,0.0,Hard,5,7,Byron Black,0.0,0.0,0.0,0.0,0.0,0.0,0.0,0.0,0.0
Davis Cup G2 PO: AHO vs BOL,2008,2008,1,4,0.0,Hard,5,4,Romano Tatuhey,0.0,0.0,0.0,0.0,0.0,0.0,0.0,0.0,0.0
Davis Cup G2 PO: AHO vs HAI,2003,2003,1,4,0.0,Hard,5,4,Jean Julien Rojer,0.0,0.0,0.0,0.0,0.0,0.0,0.0,0.0,0.0
Davis Cup G2 PO: AHO vs JAM,2009,2009,1,4,0.0,Hard,5,7,Alexander Blom,0.0,0.0,0.0,0.0,0.0,0.0,0.0,0.0,0.0
Davis Cup G2 PO: ALG vs POR,2009,2009,1,4,0.0,Clay,5,7,Rui Machado,0.0,0.0,0.0,0.0,0.0,0.0,0.0,0.0,0.0
Davis Cup G2 PO: BAH vs GUA,2009,2009,1,4,0.0,Hard,5,7,Devin Mullings,0.0,0.0,0.0,0.0,0.0,0.0,0.0,0.0,0.0
Davis Cup G2 PO: BAN vs PAK,1992,1992,1,4,0.0,Hard,5,3,Mohammed Khalid,0.0,0.0,0.0,0.0,0.0,0.0,0.0,0.0,0.0
Davis Cup G2 PO: BAR vs PUR,2013,2013,1,3,0.0,Hard,5,4,Darian King,0.0,0.0,0.0,0.0,0.0,0.0,0.0,0.0,0.0
Davis Cup G2 PO: BOL vs CUB,1995,1995,1,4,0.0,Clay,5,3,Armando Perez,0.0,0.0,0.0,0.0,0.0,0.0,0.0,0.0,0.0
Davis Cup G2 PO: BOL vs ESA,2010,2010,1,4,0.0,Clay,5,7,Rafael Arevalo,0.0,0.0,0.0,0.0,0.0,0.0,0.0,0.0,0.0
Davis Cup G2 PO: BOL vs GUA,2014,2014,1,3,0.0,Clay,5,4,Hugo Dellien,0.0,0.0,0.0,0.0,0.0,0.0,0.0,0.0,0.0
Davis Cup G2 PO: BUL vs EST,2013,2013,1,2,0.0,Clay,5,4,Tihomir Grozdanov,0.0,0.0,0.0,0.0,0.0,0.0,0.0,0.0,0.0
Davis Cup G2 PO: BUL vs ISR,2000,2000,1,4,0.0,Clay,5,7,Harel Levy,0.0,0.0,0.0,0.0,0.0,0.0,0.0,0.0,0.0
Davis Cup G2 PO: BUL vs LUX,1998,1998,1,4,0.0,Clay,5,7,Milen Velev,0.0,0.0,0.0,0.0,0.0,0.0,0.0,0.0,0.0
Davis Cup G2 PO: CHI vs PAR,2014,2014,1,4,0.0,Clay,5,4,Christian Garin,0.0,0.0,0.0,0.0,0.0,0.0,0.0,0.0,0.0
Davis Cup G2 PO: CIV vs EST,2001,2001,1,4,0.0,Hard,5,7,Ilou Lonfo,0.0,0.0,0.0,0.0,0.0,0.0,0.0,0.0,0.0
Davis Cup G2 PO: CIV vs IRL,1995,1995,1,4,0.0,Hard,5,7,Claude Ngoran,0.0,0.0,0.0,0.0,0.0,0.0,0.0,0.0,0.0
Davis Cup G2 PO: CIV vs POL,1993,1993,1,3,0.0,Hard,5,7,Wojtek Kowalski,0.0,0.0,0.0,0.0,0.0,0.0,0.0,0.0,0.0
Davis Cup G2 PO: COL vs BAH,2005,2005,1,4,0.0,Clay,5,7,Alejandro Falla,0.0,0.0,0.0,0.0,0.0,0.0,0.0,0.0,0.0
Davis Cup G2 PO: COL vs CRC,2001,2001,1,4,0.0,Clay,5,4,Mauricio Hadad,0.0,0.0,0.0,0.0,0.0,0.0,0.0,0.0,0.0
Davis Cup G2 PO: COL vs DOM,1993,1993,1,4,0.0,Clay,5,3,Miguel Tobon,0.0,0.0,0.0,0.0,0.0,0.0,0.0,0.0,0.0
Davis Cup G2 PO: CRC vs CUB,2000,2000,1,4,0.0,Hard,5,4,Juan Antonio Marin,0.0,0.0,0.0,0.0,0.0,0.0,0.0,0.0,0.0
Davis Cup G2 PO: CRC vs DOM,1999,1999,1,4,0.0,Hard,5,7,Rafael Avalos Brenes,0.0,0.0,0.0,0.0,0.0,0.0,0.0,0.0,0.0
Davis Cup G2 PO: CUB vs GUA,1998,1998,1,4,0.0,Hard,5,7,Lazaro Navarro Batles,0.0,0.0,0.0,0.0,0.0,0.0,0.0,0.0,0.0
Davis Cup G2 PO: CUB vs HAI,2004,2004,1,4,0.0,Hard,5,4,Ricardo Chile Fonte,0.0,0.0,0.0,0.0,0.0,0.0,0.0,0.0,0.0
Davis Cup G2 PO: CUB vs TRI,2002,2002,1,4,0.0,Hard,5,4,Ricardo Chile Fonte,0.0,0.0,0.0,0.0,0.0,0.0,0.0,0.0,0.0
Davis Cup G2 PO: CYP vs BEN,2013,2013,1,4,0.0,Hard,5,4,Alexis Klegou,0.0,0.0,0.0,0.0,0.0,0.0,0.0,0.0,0.0
Davis Cup G2 PO: CYP vs BUL,2007,2007,1,4,0.0,Clay,5,7,Marcos Baghdatis,0.0,0.0,0.0,0.0,0.0,0.0,0.0,0.0,0.0
Davis Cup G2 PO: DEN vs EST,2007,2007,1,3,0.0,Hard,5,7,Frederik Nielsen,0.0,0.0,0.0,0.0,0.0,0.0,0.0,0.0,0.0
Davis Cup G2 PO: DEN vs MNE,2009,2009,1,4,0.0,Clay,5,7,Martin Pedersen,0.0,0.0,0.0,0.0,0.0,0.0,0.0,0.0,0.0
Davis Cup G2 PO: DOM vs BAR,1992,1992,1,4,0.0,Clay,5,3,Genaro Deleon,0.0,0.0,0.0,0.0,0.0,0.0,0.0,0.0,0.0
Davis Cup G2 PO: ECA vs ECU,1992,1992,1,4,0.0,Hard,5,3,Pablo Campana,0.0,0.0,0.0,0.0,0.0,0.0,0.0,0.0,0.0
Davis Cup G2 PO: EGY vs BUL,1994,1994,1,4,0.0,Clay,5,7,Amro Ghoneim,0.0,0.0,0.0,0.0,0.0,0.0,0.0,0.0,0.0
Davis Cup G2 PO: EGY vs CYP,2006,2006,1,4,0.0,Clay,5,7,Marcos Baghdatis,0.0,0.0,0.0,0.0,0.0,0.0,0.0,0.0,0.0
Davis Cup G2 PO: EGY vs DEN,2010,2010,1,4,0.0,Clay,5,7,Frederik Nielsen,0.0,0.0,0.0,0.0,0.0,0.0,0.0,0.0,0.0
Davis Cup G2 PO: EGY vs GEO,2009,2009,1,4,0.0,Clay,5,7,Karim Maamoun,0.0,0.0,0.0,0.0,0.0,0.0,0.0,0.0,0.0
Davis Cup G2 PO: EGY vs IRL,2012,2012,1,4,0.0,Clay,5,4,James Mcgee,0.0,0.0,0.0,0.0,0.0,0.0,0.0,0.0,0.0
Davis Cup G2 PO: EGY vs LTU,1997,1997,1,4,0.0,Clay,5,7,Rolandas Murashka,0.0,0.0,0.0,0.0,0.0,0.0,0.0,0.0,0.0
Davis Cup G2 PO: EGY vs MAR,2008,2008,1,4,0.0,Clay,5,7,Karim Maamoun,0.0,0.0,0.0,0.0,0.0,0.0,0.0,0.0,0.0
Davis Cup G2 PO: EGY vs MDA,2002,2002,1,4,0.0,Clay,5,7,Amro Ghoneim,0.0,0.0,0.0,0.0,0.0,0.0,0.0,0.0,0.0
Davis Cup G2 PO: ESA vs AHO,2011,2011,1,4,0.0,Clay,5,7,Alexander Blom,0.0,0.0,0.0,0.0,0.0,0.0,0.0,0.0,0.0
Davis Cup G2 PO: ESA vs CUB,2007,2007,1,4,0.0,Clay,5,4,Rafael Arevalo,0.0,0.0,0.0,0.0,0.0,0.0,0.0,0.0,0.0
Davis Cup G2 PO: ESA vs HAI,1997,1997,1,4,0.0,Clay,5,4,Bertrand Madsen,0.0,0.0,0.0,0.0,0.0,0.0,0.0,0.0,0.0
Davis Cup G2 PO: ESA vs PAR,2012,2012,1,4,0.0,Hard,5,4,Rafael Arevalo,0.0,0.0,0.0,0.0,0.0,0.0,0.0,0.0,0.0
Davis Cup G2 PO: FIN vs LUX,2008,2008,1,4,0.0,Clay,5,7,Gilles Muller,0.0,0.0,0.0,0.0,0.0,0.0,0.0,0.0,0.0
Davis Cup G2 PO: GBR vs MON,1995,1995,1,4,0.0,Grass,5,7,Greg Rusedski,0.0,0.0,0.0,0.0,0.0,0.0,0.0,0.0,0.0
Davis Cup G2 PO: GBR vs TUR,2010,2010,1,4,0.0,Grass,5,7,Jamie Baker,0.0,0.0,0.0,0.0,0.0,0.0,0.0,0.0,0.0
Davis Cup G2 PO: GEO vs EGY,2004,2004,1,4,0.0,Clay,5,7,Irakli Ushangishvili,0.0,0.0,0.0,0.0,0.0,0.0,0.0,0.0,0.0
Davis Cup G2 PO: GEO vs NGR,1997,1997,1,4,0.0,Clay,5,7,Vladimir Gabrichidze,0.0,0.0,0.0,0.0,0.0,0.0,0.0,0.0,0.0
Davis Cup G2 PO: GHA vs ARM,2002,2002,1,4,0.0,Hard,5,7,Henry Adjei Darko,0.0,0.0,0.0,0.0,0.0,0.0,0.0,0.0,0.0
Davis Cup G2 PO: GHA vs CYP,1993,1993,1,4,0.0,Hard,5,7,Frank Ofori,0.0,0.0,0.0,0.0,0.0,0.0,0.0,0.0,0.0
Davis Cup G2 PO: GHA vs GEO,2005,2005,1,3,0.0,Hard,5,7,Irakli Labadze,0.0,0.0,0.0,0.0,0.0,0.0,0.0,0.0,0.0
Davis Cup G2 PO: GHA vs TOG,1992,1992,1,3,0.0,Hard,5,7,Frank Ofori,0.0,0.0,0.0,0.0,0.0,0.0,0.0,0.0,0.0
Davis Cup G2 PO: GRE vs BUL,2014,2014,1,4,0.0,Clay,5,4,Dimitar Kutrovsky,0.0,0.0,0.0,0.0,0.0,0.0,0.0,0.0,0.0
Davis Cup G2 PO: GRE vs CIV,2005,2005,1,4,0.0,Clay,5,7,Konstantinos Economidis,0.0,0.0,0.0,0.0,0.0,0.0,0.0,0.0,0.0
Davis Cup G2 PO: GRE vs EST,1994,1994,1,4,0.0,Clay,5,7,Andres Vysand,0.0,0.0,0.0,0.0,0.0,0.0,0.0,0.0,0.0
Davis Cup G2 PO: GRE vs HUN,2008,2008,1,4,0.0,Clay,5,7,Sebo Kiss,0.0,0.0,0.0,0.0,0.0,0.0,0.0,0.0,0.0
Davis Cup G2 PO: GRE vs MON,2011,2011,1,4,0.0,Clay,5,7,Jean Rene Lisnard,0.0,0.0,0.0,0.0,0.0,0.0,0.0,0.0,0.0
Davis Cup G2 PO: GRE vs ZIM,2006,2006,1,4,0.0,Clay,5,7,Alexandros Jakupovic,0.0,0.0,0.0,0.0,0.0,0.0,0.0,0.0,0.0
Davis Cup G2 PO: GUA vs AHO,2002,2010,9,8,0.0,Hard,5,7,Jean Julien Rojer,0.0,0.0,0.0,0.0,0.0,0.0,0.0,0.0,0.0
Davis Cup G2 PO: GUA vs HAI,2013,2013,1,4,0.0,Hard,5,4,Christopher Diaz Figueroa,0.0,0.0,0.0,0.0,0.0,0.0,0.0,0.0,0.0
Davis Cup G2 PO: GUA vs JAM,1994,1994,1,4,0.0,Hard,5,3,Jacobo Chavez,0.0,0.0,0.0,0.0,0.0,0.0,0.0,0.0,0.0
Davis Cup G2 PO: GUA vs PUR,1996,1996,1,4,0.0,Hard,5,5,Jorge Gonzalez,0.0,0.0,0.0,0.0,0.0,0.0,0.0,0.0,0.0
Davis Cup G2 PO: HAI vs PAR,1995,1999,5,8,0.0,Clay,5,3,Ramon Delgado,0.0,0.0,0.0,0.0,0.0,0.0,0.0,0.0,0.0
Davis Cup G2 PO: HKG vs KAZ,2000,2000,1,4,0.0,Hard,5,4,Alexey Kedryuk,0.0,0.0,0.0,0.0,0.0,0.0,0.0,0.0,0.0
Davis Cup G2 PO: HKG vs LIB,2008,2008,1,4,0.0,Hard,5,4,Hiu Tung Yu,0.0,0.0,0.0,0.0,0.0,0.0,0.0,0.0,0.0
Davis Cup G2 PO: HKG vs MAS,2002,2002,1,4,0.0,Hard,5,4,Michael Brown B395,0.0,0.0,0.0,0.0,0.0,0.0,0.0,0.0,0.0
Davis Cup G2 PO: HKG vs OMA,2009,2009,1,4,0.0,Hard,5,7,Hiu Tung Yu,0.0,0.0,0.0,0.0,0.0,0.0,0.0,0.0,0.0
Davis Cup G2 PO: HKG vs PHI,1998,1998,1,4,0.0,Hard,5,7,Bryan Juinio,0.0,0.0,0.0,0.0,0.0,0.0,0.0,0.0,0.0
Davis Cup G2 PO: HKG vs SRI,2012,2012,1,4,0.0,Hard,5,4,Harshana Godamanna,0.0,0.0,0.0,0.0,0.0,0.0,0.0,0.0,0.0
Davis Cup G2 PO: HKG vs SYR,2011,2011,1,4,0.0,Hard,5,7,Nicholas Sayer,0.0,0.0,0.0,0.0,0.0,0.0,0.0,0.0,0.0
Davis Cup G2 PO: HUN vs LUX,2013,2013,1,4,0.0,Hard,5,4,Gilles Muller,0.0,0.0,0.0,0.0,0.0,0.0,0.0,0.0,0.0
Davis Cup G2 PO: HUN vs MDA,2009,2009,1,4,0.0,Clay,5,7,Attila Balazs,0.0,0.0,0.0,0.0,0.0,0.0,0.0,0.0,0.0
Davis Cup G2 PO: HUN vs MKD,2010,2010,1,4,0.0,Clay,5,7,Attila Balazs,0.0,0.0,0.0,0.0,0.0,0.0,0.0,0.0,0.0
Davis Cup G2 PO: INA vs HKG,2014,2014,1,4,0.0,Hard,5,4,Christopher Rungkat,0.0,0.0,0.0,0.0,0.0,0.0,0.0,0.0,0.0
Davis Cup G2 PO: IRI vs HKG,2007,2007,1,4,0.0,Clay,5,4,Hiu Tung Yu,0.0,0.0,0.0,0.0,0.0,0.0,0.0,0.0,0.0
Davis Cup G2 PO: IRI vs KAZ,2005,2005,1,4,0.0,Clay,5,7,Alexey Kedryuk,0.0,0.0,0.0,0.0,0.0,0.0,0.0,0.0,0.0
Davis Cup G2 PO: IRI vs KUW,2015,2015,1,3,0.0,Clay,5,7,Shahin Khaledan,0.0,0.0,0.0,0.0,0.0,0.0,0.0,0.0,0.0
Davis Cup G2 PO: IRI vs MAS,2004,2004,1,4,0.0,Clay,5,4,Shahab Hassani Nafez,0.0,0.0,0.0,0.0,0.0,0.0,0.0,0.0,0.0
Davis Cup G2 PO: IRI vs SRI,1996,1996,1,4,0.0,Clay,5,4,Mohammed Reza Tavakoli,0.0,0.0,0.0,0.0,0.0,0.0,0.0,0.0,0.0
Davis Cup G2 PO: IRL vs EGY,2014,2014,1,4,0.0,Hard,5,4,James Mcgee,0.0,0.0,0.0,0.0,0.0,0.0,0.0,0.0,0.0
Davis Cup G2 PO: IRL vs SLO,2006,2006,1,4,0.0,Grass,5,7,Grega Zemlja,0.0,0.0,0.0,0.0,0.0,0.0,0.0,0.0,0.0
Davis Cup G2 PO: IRL vs TUN,2011,2011,1,4,0.0,Hard,5,7,Conor Niland,0.0,0.0,0.0,0.0,0.0,0.0,0.0,0.0,0.0
Davis Cup G2 PO: JAM vs AHO,2007,2007,1,4,0.0,Hard,5,4,Rasid Winklaar,0.0,0.0,0.0,0.0,0.0,0.0,0.0,0.0,0.0
Davis Cup G2 PO: JAM vs CUB,2005,2005,1,3,0.0,Hard,5,7,Ryan Russell,0.0,0.0,0.0,0.0,0.0,0.0,0.0,0.0,0.0
Davis Cup G2 PO: JAM vs GUA,2006,2006,1,4,0.0,Hard,5,4,Ryan Russell,0.0,0.0,0.0,0.0,0.0,0.0,0.0,0.0,0.0
Davis Cup G2 PO: JOR vs MAS,1993,1993,1,4,0.0,Hard,5,3,Ramayah Ramachandran,0.0,0.0,0.0,0.0,0.0,0.0,0.0,0.0,0.0
Davis Cup G2 PO: JOR vs SIN,1992,1992,1,4,0.0,Hard,5,3,Emad Abou Hamdeh,0.0,0.0,0.0,0.0,0.0,0.0,0.0,0.0,0.0
Davis Cup G2 PO: KAZ vs SRI,1999,1999,1,4,0.0,Hard,5,4,Alexey Kedryuk,0.0,0.0,0.0,0.0,0.0,0.0,0.0,0.0,0.0
Davis Cup G2 PO: KSA vs BRN,1996,1996,1,4,0.0,Hard,5,4,Othman Al Anazi,0.0,0.0,0.0,0.0,0.0,0.0,0.0,0.0,0.0
Davis Cup G2 PO: KSA vs HKG,1997,1997,1,4,0.0,Hard,5,4,Melvin Tong,0.0,0.0,0.0,0.0,0.0,0.0,0.0,0.0,0.0
Davis Cup G2 PO: KUW vs IRI,2001,2001,1,4,0.0,Hard,5,4,Mohammad Ghareeb,0.0,0.0,0.0,0.0,0.0,0.0,0.0,0.0,0.0
Davis Cup G2 PO: KUW vs SRI,1993,1993,1,4,0.0,Hard,5,3,Jayendra Wijeyesekera,0.0,0.0,0.0,0.0,0.0,0.0,0.0,0.0,0.0
Davis Cup G2 PO: KUW vs SYR,2013,2013,1,4,0.0,Hard,5,4,Mohammad Ghareeb,0.0,0.0,0.0,0.0,0.0,0.0,0.0,0.0,0.0
Davis Cup G2 PO: LAT vs GEO,1998,1998,1,4,0.0,Clay,5,7,Girts Dzelde,0.0,0.0,0.0,0.0,0.0,0.0,0.0,0.0,0.0
Davis Cup G2 PO: LAT vs GHA,1997,1997,1,4,0.0,Clay,5,7,Andres Filimonov,0.0,0.0,0.0,0.0,0.0,0.0,0.0,0.0,0.0
Davis Cup G2 PO: LAT vs MAD,2015,2015,1,4,0.0,Clay,5,7,Martins Podzus,0.0,0.0,0.0,0.0,0.0,0.0,0.0,0.0,0.0
Davis Cup G2 PO: LAT vs MKD,1999,1999,1,4,0.0,Clay,5,7,Girts Dzelde,0.0,0.0,0.0,0.0,0.0,0.0,0.0,0.0,0.0
Davis Cup G2 PO: LAT vs RSA,2006,2006,1,4,0.0,Clay,5,7,Andis Juska,0.0,0.0,0.0,0.0,0.0,0.0,0.0,0.0,0.0
Davis Cup G2 PO: LAT vs TUN,2004,2004,1,4,0.0,Clay,5,7,Malek Jaziri,0.0,0.0,0.0,0.0,0.0,0.0,0.0,0.0,0.0
Davis Cup G2 PO: LAT vs UKR,2002,2002,1,4,0.0,Clay,5,7,Andrey Dernovskiy,0.0,0.0,0.0,0.0,0.0,0.0,0.0,0.0,0.0
Davis Cup G2 PO: LIB vs KUW,2006,2006,1,4,0.0,Clay,5,4,Abdullah Maqdas,0.0,0.0,0.0,0.0,0.0,0.0,0.0,0.0,0.0
Davis Cup G2 PO: LIB vs PHI,2005,2005,1,4,0.0,Clay,5,7,Patrick Tierro,0.0,0.0,0.0,0.0,0.0,0.0,0.0,0.0,0.0
Davis Cup G2 PO: LIB vs POC,2012,2012,1,4,0.0,Clay,5,4,Bassam Beidas,0.0,0.0,0.0,0.0,0.0,0.0,0.0,0.0,0.0
Davis Cup G2 PO: LIB vs SRI,2013,2013,1,4,0.0,Clay,5,4,Bassam Beidas,0.0,0.0,0.0,0.0,0.0,0.0,0.0,0.0,0.0
Davis Cup G2 PO: LTU vs MAR,2011,2011,1,4,0.0,Clay,5,7,Yassine Idmbarek,0.0,0.0,0.0,0.0,0.0,0.0,0.0,0.0,0.0
Davis Cup G2 PO: LTU vs POL,1995,1995,1,4,0.0,Clay,5,7,Bartlomiej Dabrowski,0.0,0.0,0.0,0.0,0.0,0.0,0.0,0.0,0.0
Davis Cup G2 PO: LUX vs LAT,2000,2000,1,4,0.0,Clay,5,7,Pascal Schaul,0.0,0.0,0.0,0.0,0.0,0.0,0.0,0.0,0.0
Davis Cup G2 PO: MAD vs LUX,2012,2012,1,4,0.0,Clay,5,4,Laurent Bram,0.0,0.0,0.0,0.0,0.0,0.0,0.0,0.0,0.0
Davis Cup G2 PO: MAR vs CYP,2014,2014,1,4,0.0,Clay,5,4,Lamine Ouahab,0.0,0.0,0.0,0.0,0.0,0.0,0.0,0.0,0.0
Davis Cup G2 PO: MAR vs MON,2012,2012,1,4,0.0,Clay,5,4,Jean Rene Lisnard,0.0,0.0,0.0,0.0,0.0,0.0,0.0,0.0,0.0
Davis Cup G2 PO: MAS vs KUW,2009,2009,1,4,0.0,Hard,5,7,Yew Ming Si,0.0,0.0,0.0,0.0,0.0,0.0,0.0,0.0,0.0
Davis Cup G2 PO: MAS vs POC,2010,2010,1,4,0.0,Hard,5,7,Michael Leong,0.0,0.0,0.0,0.0,0.0,0.0,0.0,0.0,0.0
Davis Cup G2 PO: MDA vs TUR,2001,2001,1,4,0.0,Clay,5,7,Evghenii Plugariov,0.0,0.0,0.0,0.0,0.0,0.0,0.0,0.0,0.0
Davis Cup G2 PO: MKD vs LAT,1996,1996,1,4,0.0,Clay,5,7,Zoran Sevcenko,0.0,0.0,0.0,0.0,0.0,0.0,0.0,0.0,0.0
Davis Cup G2 PO: MON vs IRL,2001,2001,1,4,0.0,Clay,5,7,John Doran,0.0,0.0,0.0,0.0,0.0,0.0,0.0,0.0,0.0
Davis Cup G2 PO: MON vs MAR,2015,2015,1,3,0.0,Clay,5,7,Yassine Idmbarek,0.0,0.0,0.0,0.0,0.0,0.0,0.0,0.0,0.0
Davis Cup G2 PO: MON vs NOR,2010,2010,1,4,0.0,Clay,5,7,Benjamin Balleret,0.0,0.0,0.0,0.0,0.0,0.0,0.0,0.0,0.0
Davis Cup G2 PO: MON vs SEN,1994,1994,1,4,0.0,Clay,5,7,Christophe Boggetti,0.0,0.0,0.0,0.0,0.0,0.0,0.0,0.0,0.0
Davis Cup G2 PO: MON vs ZAM,1992,1992,1,4,0.0,Clay,5,7,Christophe Boggetti,0.0,0.0,0.0,0.0,0.0,0.0,0.0,0.0,0.0
Davis Cup G2 PO: NGR vs ALG,1993,1993,1,4,0.0,Hard,5,10,Emmanuel Udozorh,0.0,0.0,0.0,0.0,0.0,0.0,0.0,0.0,0.0
Davis Cup G2 PO: NGR vs UKR,2007,2007,1,4,0.0,Hard,5,7,Sergei Bubka,0.0,0.0,0.0,0.0,0.0,0.0,0.0,0.0,0.0
Davis Cup G2 PO: NOR vs ALG,2007,2007,1,4,0.0,Hard,5,7,Lamine Ouahab,0.0,0.0,0.0,0.0,0.0,0.0,0.0,0.0,0.0
Davis Cup G2 PO: NOR vs MON,2005,2014,10,8,0.0,Clay,5,7,Benjamin Balleret,0.0,0.0,0.0,0.0,0.0,0.0,0.0,0.0,0.0
Davis Cup G2 PO: OMA vs POC,2008,2008,1,4,0.0,Hard,5,4,Khalid Al Nabhani,0.0,0.0,0.0,0.0,0.0,0.0,0.0,0.0,0.0
Davis Cup G2 PO: PAK vs MAS,1995,1995,1,4,0.0,Grass,5,3,Muhammad Khaliq Siddiq,0.0,0.0,0.0,0.0,0.0,0.0,0.0,0.0,0.0
Davis Cup G2 PO: PAK vs SIN,1997,1997,1,4,0.0,Clay,5,4,Omer Rashid,0.0,0.0,0.0,0.0,0.0,0.0,0.0,0.0,0.0
Davis Cup G2 PO: PAR vs BAR,1996,1996,1,4,0.0,Clay,5,4,Ricardo Mena,0.0,0.0,0.0,0.0,0.0,0.0,0.0,0.0,0.0
Davis Cup G2 PO: PAR vs DOM,2001,2001,1,4,0.0,Clay,5,4,Paulo Carvallo,0.0,0.0,0.0,0.0,0.0,0.0,0.0,0.0,0.0
Davis Cup G2 PO: PAR vs JAM,1998,1998,1,4,0.0,Clay,5,7,Ramon Delgado,0.0,0.0,0.0,0.0,0.0,0.0,0.0,0.0,0.0
Davis Cup G2 PO: PAR vs PUR,1994,1994,1,4,0.0,Clay,5,3,Ricardo Mena,0.0,0.0,0.0,0.0,0.0,0.0,0.0,0.0,0.0
Davis Cup G2 PO: PER vs BOL,2015,2015,1,4,0.0,Clay,5,7,Federico Zeballos,0.0,0.0,0.0,0.0,0.0,0.0,0.0,0.0,0.0
Davis Cup G2 PO: PHI vs HKG,2004,2004,1,4,0.0,Clay,5,4,Adelo Abadia,0.0,0.0,0.0,0.0,0.0,0.0,0.0,0.0,0.0
Davis Cup G2 PO: PHI vs IRI,2000,2000,1,4,0.0,Clay,5,3,Ramin Raziyani,0.0,0.0,0.0,0.0,0.0,0.0,0.0,0.0,0.0
Davis Cup G2 PO: PHI vs KAZ,2003,2003,1,4,0.0,Clay,5,4,Joseph Victorino,0.0,0.0,0.0,0.0,0.0,0.0,0.0,0.0,0.0
Davis Cup G2 PO: PHI vs KUW,2002,2002,1,4,0.0,Clay,5,4,Mohammad Ghareeb,0.0,0.0,0.0,0.0,0.0,0.0,0.0,0.0,0.0
Davis Cup G2 PO: POC vs IRI,2011,2011,1,4,0.0,Hard,5,7,West Nott,0.0,0.0,0.0,0.0,0.0,0.0,0.0,0.0,0.0
Davis Cup G2 PO: POC vs MAS,2006,2006,1,4,0.0,Hard,5,4,Michael Leong,0.0,0.0,0.0,0.0,0.0,0.0,0.0,0.0,0.0
Davis Cup G2 PO: POC vs PAK,2007,2007,1,4,0.0,Hard,5,4,Michael Leong,0.0,0.0,0.0,0.0,0.0,0.0,0.0,0.0,0.0
Davis Cup G2 PO: POL vs EGY,1998,1998,1,4,0.0,Clay,5,7,Bartlomiej Dabrowski,0.0,0.0,0.0,0.0,0.0,0.0,0.0,0.0,0.0
Davis Cup G2 PO: POL vs EST,2005,2005,1,4,0.0,Clay,5,7,Adam Chadaj,0.0,0.0,0.0,0.0,0.0,0.0,0.0,0.0,0.0
Davis Cup G2 PO: POL vs MON,2003,2003,1,4,0.0,Clay,5,7,Mariusz Fyrstenberg,0.0,0.0,0.0,0.0,0.0,0.0,0.0,0.0,0.0
Davis Cup G2 PO: PUR vs BOL,2012,2012,1,3,0.0,Hard,5,4,Alex Llompart,0.0,0.0,0.0,0.0,0.0,0.0,0.0,0.0,0.0
Davis Cup G2 PO: PUR vs CRC,2015,2015,1,4,0.0,Hard,5,7,Alex Diaz,0.0,0.0,0.0,0.0,0.0,0.0,0.0,0.0,0.0
Davis Cup G2 PO: PUR vs CUB,1997,1997,1,4,0.0,Hard,5,4,Lazaro Navarro Batles,0.0,0.0,0.0,0.0,0.0,0.0,0.0,0.0,0.0
Davis Cup G2 PO: PUR vs HAI,2011,2011,1,4,0.0,Hard,5,7,Chris Brandi,0.0,0.0,0.0,0.0,0.0,0.0,0.0,0.0,0.0
Davis Cup G2 PO: PUR vs JAM,2004,2004,1,4,0.0,Hard,5,4,Gabriel Montilla,0.0,0.0,0.0,0.0,0.0,0.0,0.0,0.0,0.0
Davis Cup G2 PO: QAT vs IRI,1995,1995,1,4,0.0,Hard,5,3,Jahanbakhsh Souri,0.0,0.0,0.0,0.0,0.0,0.0,0.0,0.0,0.0
Davis Cup G2 PO: QAT vs POC,1998,1998,1,4,0.0,Hard,5,7,Sultan Khalfan,0.0,0.0,0.0,0.0,0.0,0.0,0.0,0.0,0.0
Davis Cup G2 PO: RSA vs HUN,2002,2002,1,4,0.0,Hard,5,7,Rik De Voest,0.0,0.0,0.0,0.0,0.0,0.0,0.0,0.0,0.0
Davis Cup G2 PO: RSA vs IRL,2015,2015,1,4,0.0,Hard,5,7,Tucker Vorster,0.0,0.0,0.0,0.0,0.0,0.0,0.0,0.0,0.0
Davis Cup G2 PO: SIN vs MAS,1994,1994,1,4,0.0,Hard,5,3,Adam Malik,0.0,0.0,0.0,0.0,0.0,0.0,0.0,0.0,0.0
Davis Cup G2 PO: SLO vs MLT,1996,1996,1,4,0.0,Clay,5,7,Borut Urh,0.0,0.0,0.0,0.0,0.0,0.0,0.0,0.0,0.0
Davis Cup G2 PO: SLO vs SEN,1999,1999,1,4,0.0,Clay,5,7,Marko Tkalec,0.0,0.0,0.0,0.0,0.0,0.0,0.0,0.0,0.0
Davis Cup G2 PO: SRI vs HKG,2010,2010,1,4,0.0,Clay,5,7,Martin Sayer,0.0,0.0,0.0,0.0,0.0,0.0,0.0,0.0,0.0
Davis Cup G2 PO: SRI vs KSA,1994,1994,1,4,0.0,Clay,5,3,Jayendra Wijeyesekera,0.0,0.0,0.0,0.0,0.0,0.0,0.0,0.0,0.0
Davis Cup G2 PO: SRI vs LIB,2015,2015,1,4,0.0,Clay,5,7,Harshana Godamanna,0.0,0.0,0.0,0.0,0.0,0.0,0.0,0.0,0.0
Davis Cup G2 PO: SYR vs PAK,2001,2001,1,4,0.0,Hard,5,4,Aisam Ul Haq Qureshi,0.0,0.0,0.0,0.0,0.0,0.0,0.0,0.0,0.0
Davis Cup G2 PO: TJK vs IRI,2003,2003,1,4,0.0,Clay,5,4,Ashkan Shokoofi,0.0,0.0,0.0,0.0,0.0,0.0,0.0,0.0,0.0
Davis Cup G2 PO: TOG vs GRE,1999,1999,1,4,0.0,Hard,5,7,Solon Peppas,0.0,0.0,0.0,0.0,0.0,0.0,0.0,0.0,0.0
Davis Cup G2 PO: TPE vs QAT,1999,1999,1,4,0.0,Clay,5,4,Bing Chao Lin,0.0,0.0,0.0,0.0,0.0,0.0,0.0,0.0,0.0
Davis Cup G2 PO: TUN vs BLR,2013,2013,1,4,0.0,Clay,5,4,Malek Jaziri,0.0,0.0,0.0,0.0,0.0,0.0,0.0,0.0,0.0
Davis Cup G2 PO: TUN vs EGY,1993,1993,1,4,0.0,Clay,5,7,Tamer El Sawy,0.0,0.0,0.0,0.0,0.0,0.0,0.0,0.0,0.0
Davis Cup G2 PO: TUN vs GHA,2003,2003,1,4,0.0,Clay,5,7,Walid Jallali,0.0,0.0,0.0,0.0,0.0,0.0,0.0,0.0,0.0
Davis Cup G2 PO: TUN vs SLO,2008,2008,1,4,0.0,Clay,5,7,Grega Zemlja,0.0,0.0,0.0,0.0,0.0,0.0,0.0,0.0,0.0
Davis Cup G2 PO: TUR vs LTU,2000,2000,1,4,0.0,Hard,5,7,Rolandas Murashka,0.0,0.0,0.0,0.0,0.0,0.0,0.0,0.0,0.0
Davis Cup G2 PO: TUR vs MDA,2012,2012,1,4,0.0,Hard,5,4,Marsel Ilhan,0.0,0.0,0.0,0.0,0.0,0.0,0.0,0.0,0.0
Davis Cup G2 PO: TUR vs YUG,1999,1999,1,4,0.0,Hard,5,7,Dusan Vemic,0.0,0.0,0.0,0.0,0.0,0.0,0.0,0.0,0.0
Davis Cup G2 PO: UKR vs CIV,2003,2003,1,4,0.0,Clay,5,7,Claude Ngoran,0.0,0.0,0.0,0.0,0.0,0.0,0.0,0.0,0.0
Davis Cup G2 PO: UKR vs IRL,2004,2004,1,4,0.0,Hard,5,7,Orest Tereshchuk,0.0,0.0,0.0,0.0,0.0,0.0,0.0,0.0,0.0
Davis Cup G2 PO: URU vs BOL,2006,2006,1,4,0.0,Clay,5,4,Pablo Cuevas,0.0,0.0,0.0,0.0,0.0,0.0,0.0,0.0,0.0
Davis Cup G2 PO: URU vs COL,2003,2003,1,4,0.0,Clay,5,4,Michael Quintero,0.0,0.0,0.0,0.0,0.0,0.0,0.0,0.0,0.0
Davis Cup G2 PO: URU vs ESA,2000,2000,1,4,0.0,Clay,5,4,Federico Dondo,0.0,0.0,0.0,0.0,0.0,0.0,0.0,0.0,0.0
Davis Cup G2 PO: VEN vs ESA,2008,2008,1,4,0.0,Hard,5,4,Yohny Romero,0.0,0.0,0.0,0.0,0.0,0.0,0.0,0.0,0.0
Davis Cup G2 PO: VEN vs HAI,1993,1993,1,4,0.0,Clay,5,3,Ronald Agenor,0.0,0.0,0.0,0.0,0.0,0.0,0.0,0.0,0.0
Davis Cup G2 PO: VIE vs SRI,2014,2014,1,4,0.0,Hard,5,4,Harshana Godamanna,0.0,0.0,0.0,0.0,0.0,0.0,0.0,0.0,0.0
Davis Cup G2 PO: YUG vs POL,2001,2001,1,4,0.0,Clay,5,7,Janko Tipsarevic,0.0,0.0,0.0,0.0,0.0,0.0,0.0,0.0,0.0
Davis Cup G2 PO: ZIM vs MDA,2015,2015,1,4,0.0,Hard,5,7,Takanyi Garanganga,0.0,0.0,0.0,0.0,0.0,0.0,0.0,0.0,0.0
Davis Cup G2 PR: VIE vs SRI,1973,1973,1,2,0.0,Grass,5,3,Van Bay Vo,0.0,0.0,0.0,0.0,0.0,0.0,0.0,0.0,0.0
Davis Cup G2 QF: ALG vs MAR,1989,1989,1,3,0.0,Clay,5,4,Khalid Outaleb,0.0,0.0,0.0,0.0,0.0,0.0,0.0,0.0,0.0
Davis Cup G2 QF: BAH vs BAR,1991,1991,1,4,0.0,Hard,5,3,Roger Smith,0.0,0.0,0.0,0.0,0.0,0.0,0.0,0.0,0.0
Davis Cup G2 QF: BAH vs VEN,1989,1989,1,4,0.0,Hard,5,2,Roger Smith,0.0,0.0,0.0,0.0,0.0,0.0,0.0,0.0,0.0
Davis Cup G2 QF: BAN vs SIN,1989,1989,1,4,0.0,Hard,5,4,Shovon Jamaly,0.0,0.0,0.0,0.0,0.0,0.0,0.0,0.0,0.0
Davis Cup G2 QF: BAN vs SRI,1991,1991,1,4,0.0,Hard,5,6,Arjun Fernando,0.0,0.0,0.0,0.0,0.0,0.0,0.0,0.0,0.0
Davis Cup G2 QF: BAN vs TPE,1990,1990,1,4,0.0,Hard,5,3,Yu Hui Lien,0.0,0.0,0.0,0.0,0.0,0.0,0.0,0.0,0.0
Davis Cup G2 QF: BAR vs BAH,1990,1990,1,4,0.0,Clay,5,3,Richard Ashby,0.0,0.0,0.0,0.0,0.0,0.0,0.0,0.0,0.0
Davis Cup G2 QF: BEL vs TUR,1989,1989,1,4,0.0,Clay,5,5,Denis Langaskens,0.0,0.0,0.0,0.0,0.0,0.0,0.0,0.0,0.0
Davis Cup G2 QF: BRN vs UZB,1996,1996,1,4,0.0,Hard,5,2,Dmitri Tomashevich,0.0,0.0,0.0,0.0,0.0,0.0,0.0,0.0,0.0
Davis Cup G2 QF: BUL vs GRE,1990,1990,1,4,0.0,Clay,5,5,Milen Velev,0.0,0.0,0.0,0.0,0.0,0.0,0.0,0.0,0.0
Davis Cup G2 QF: BUL vs RSA,1993,1993,1,4,0.0,Clay,5,7,Wayne Ferreira,0.0,0.0,0.0,0.0,0.0,0.0,0.0,0.0,0.0
Davis Cup G2 QF: CAN vs JAM,1994,1994,1,4,0.0,Hard,5,2,Sebastien Lareau,0.0,0.0,0.0,0.0,0.0,0.0,0.0,0.0,0.0
Davis Cup G2 QF: CHI vs DOM,1991,1991,1,4,0.0,Clay,5,3,Jose Antonio Fernandez,0.0,0.0,0.0,0.0,0.0,0.0,0.0,0.0,0.0
Davis Cup G2 QF: CHN vs KUW,2002,2002,1,4,0.0,Hard,5,2,Ben Qiang Zhu,0.0,0.0,0.0,0.0,0.0,0.0,0.0,0.0,0.0
Davis Cup G2 QF: CIV vs ALG,1988,1988,1,4,0.0,Hard,5,4,Clement Ngoran,0.0,0.0,0.0,0.0,0.0,0.0,0.0,0.0,0.0
Davis Cup G2 QF: CIV vs BUL,2002,2002,1,4,0.0,Hard,5,7,Todor Enev,0.0,0.0,0.0,0.0,0.0,0.0,0.0,0.0,0.0
Davis Cup G2 QF: CIV vs CMR,1990,1990,1,4,0.0,Hard,5,3,Jean Jacques Kouassi,0.0,0.0,0.0,0.0,0.0,0.0,0.0,0.0,0.0
Davis Cup G2 QF: CIV vs POL,1999,1999,1,3,0.0,Hard,5,7,Ilou Lonfo,0.0,0.0,0.0,0.0,0.0,0.0,0.0,0.0,0.0
Davis Cup G2 QF: CIV vs ZIM,1992,1992,1,4,0.0,Hard,5,7,Byron Black,0.0,0.0,0.0,0.0,0.0,0.0,0.0,0.0,0.0
Davis Cup G2 QF: COL vs BAR,1992,1992,1,4,0.0,Clay,5,1,Jaime Cortes,0.0,0.0,0.0,0.0,0.0,0.0,0.0,0.0,0.0
Davis Cup G2 QF: COL vs CUB,1989,2002,14,8,0.0,Clay,5,2,Mario Tabares,0.0,0.0,0.0,0.0,0.0,0.0,0.0,0.0,0.0
Davis Cup G2 QF: COL vs PUR,1996,1996,1,4,0.0,Clay,5,2,Miguel Tobon,0.0,0.0,0.0,0.0,0.0,0.0,0.0,0.0,0.0
Davis Cup G2 QF: CRC vs AHO,2001,2001,1,4,0.0,Hard,5,2,Jean Julien Rojer,0.0,0.0,0.0,0.0,0.0,0.0,0.0,0.0,0.0
Davis Cup G2 QF: CRC vs MEX,2000,2000,1,4,0.0,Hard,5,2,Alejandro Hernandez,0.0,0.0,0.0,0.0,0.0,0.0,0.0,0.0,0.0
Davis Cup G2 QF: CRC vs URU,1999,1999,1,4,0.0,Hard,5,4,Federico Dondo,0.0,0.0,0.0,0.0,0.0,0.0,0.0,0.0,0.0
Davis Cup G2 QF: CUB vs BOL,1988,1988,1,4,0.0,Hard,5,2,Juan Pino,0.0,0.0,0.0,0.0,0.0,0.0,0.0,0.0,0.0
Davis Cup G2 QF: CUB vs HAI,1999,1999,1,4,0.0,Hard,5,4,Lazaro Navarro Batles,0.0,0.0,0.0,0.0,0.0,0.0,0.0,0.0,0.0
Davis Cup G2 QF: CUB vs PAR,1996,1996,1,4,0.0,Hard,5,2,Juan Pino,0.0,0.0,0.0,0.0,0.0,0.0,0.0,0.0,0.0
Davis Cup G2 QF: CUB vs PER,1997,1997,1,4,0.0,Hard,5,2,Americo Venero Montes,0.0,0.0,0.0,0.0,0.0,0.0,0.0,0.0,0.0
Davis Cup G2 QF: CUB vs VEN,1990,1990,1,4,0.0,Hard,5,3,Mario Tabares,0.0,0.0,0.0,0.0,0.0,0.0,0.0,0.0,0.0
Davis Cup G2 QF: CYP vs GRE,1991,1991,1,4,0.0,Clay,5,5,Andreas Fikas,0.0,0.0,0.0,0.0,0.0,0.0,0.0,0.0,0.0
Davis Cup G2 QF: CYP vs MAR,1992,1992,1,4,0.0,Clay,5,7,Mohamed Ridaoui,0.0,0.0,0.0,0.0,0.0,0.0,0.0,0.0,0.0
Davis Cup G2 QF: DEN vs CIV,2000,2000,1,4,0.0,Clay,5,7,Claude Ngoran,0.0,0.0,0.0,0.0,0.0,0.0,0.0,0.0,0.0
Davis Cup G2 QF: DEN vs HUN,2001,2001,1,4,0.0,Hard,5,7,Kristian Pless,0.0,0.0,0.0,0.0,0.0,0.0,0.0,0.0,0.0
Davis Cup G2 QF: DEN vs IRL,1999,1999,1,4,0.0,Hard,5,7,Kenneth Carlsen,0.0,0.0,0.0,0.0,0.0,0.0,0.0,0.0,0.0
Davis Cup G2 QF: DEN vs NOR,2002,2002,1,4,0.0,Hard,5,7,Kenneth Carlsen,0.0,0.0,0.0,0.0,0.0,0.0,0.0,0.0,0.0
Davis Cup G2 QF: DOM vs BOL,1989,1989,1,4,0.0,Clay,5,2,Rafael Moreno,0.0,0.0,0.0,0.0,0.0,0.0,0.0,0.0,0.0
Davis Cup G2 QF: DOM vs COL,1990,1990,1,4,0.0,Clay,5,3,Alvaro Jordan,0.0,0.0,0.0,0.0,0.0,0.0,0.0,0.0,0.0
Davis Cup G2 QF: DOM vs PAR,1993,1993,1,4,0.0,Clay,5,2,Ricardo Mena,0.0,0.0,0.0,0.0,0.0,0.0,0.0,0.0,0.0
Davis Cup G2 QF: DOM vs PER,1999,1999,1,4,0.0,Hard,5,4,Luis Horna,0.0,0.0,0.0,0.0,0.0,0.0,0.0,0.0,0.0
Davis Cup G2 QF: ECA vs BAH,1992,1992,1,4,0.0,Hard,5,1,Roger Smith,0.0,0.0,0.0,0.0,0.0,0.0,0.0,0.0,0.0
Davis Cup G2 QF: ECA vs COL,1991,1991,1,4,0.0,Hard,5,4,Jaime Cortes,0.0,0.0,0.0,0.0,0.0,0.0,0.0,0.0,0.0
Davis Cup G2 QF: ECU vs BAR,1996,1996,1,4,0.0,Clay,5,2,Luis Adrian Morejon,0.0,0.0,0.0,0.0,0.0,0.0,0.0,0.0,0.0
Davis Cup G2 QF: ECU vs CUB,1995,1995,1,4,0.0,Clay,5,2,Nicolas Lapentti,0.0,0.0,0.0,0.0,0.0,0.0,0.0,0.0,0.0
Davis Cup G2 QF: ECU vs PER,1992,1992,1,4,0.0,Clay,5,1,Andres Gomez,0.0,0.0,0.0,0.0,0.0,0.0,0.0,0.0,0.0
Davis Cup G2 QF: ECU vs VEN,1993,1993,1,4,0.0,Clay,5,2,Andres Gomez,0.0,0.0,0.0,0.0,0.0,0.0,0.0,0.0,0.0
Davis Cup G2 QF: EGY vs CIV,1996,1996,1,4,0.0,Clay,5,7,Tamer El Sawy,0.0,0.0,0.0,0.0,0.0,0.0,0.0,0.0,0.0
Davis Cup G2 QF: EGY vs GHA,1991,1991,1,4,0.0,Clay,5,6,Hassan El Arousy,0.0,0.0,0.0,0.0,0.0,0.0,0.0,0.0,0.0
Davis Cup G2 QF: EGY vs KEN,1988,1988,1,4,0.0,Clay,5,4,Hisham Nasser,0.0,0.0,0.0,0.0,0.0,0.0,0.0,0.0,0.0
Davis Cup G2 QF: EGY vs MAR,1990,1990,1,4,0.0,Clay,5,3,Karim Alami,0.0,0.0,0.0,0.0,0.0,0.0,0.0,0.0,0.0
Davis Cup G2 QF: EGY vs SVK,1995,1995,1,4,0.0,Clay,5,7,Tamer El Sawy,0.0,0.0,0.0,0.0,0.0,0.0,0.0,0.0,0.0
Davis Cup G2 QF: ESA vs PAR,2000,2000,1,4,0.0,Clay,5,2,Francisco Rodriguez,0.0,0.0,0.0,0.0,0.0,0.0,0.0,0.0,0.0
Davis Cup G2 QF: ESA vs URU,1997,1997,1,4,0.0,Hard,5,2,Federico Dondo,0.0,0.0,0.0,0.0,0.0,0.0,0.0,0.0,0.0
Davis Cup G2 QF: FIN vs BLR,1997,1997,1,4,0.0,Clay,5,7,Vladimir Voltchkov,0.0,0.0,0.0,0.0,0.0,0.0,0.0,0.0,0.0
Davis Cup G2 QF: FIN vs GHA,1995,1995,1,4,0.0,Clay,5,7,Kim Tiilikainen,0.0,0.0,0.0,0.0,0.0,0.0,0.0,0.0,0.0
Davis Cup G2 QF: GHA vs EGY,1989,1989,1,4,0.0,Hard,5,4,Kojo Atiso,0.0,0.0,0.0,0.0,0.0,0.0,0.0,0.0,0.0
Davis Cup G2 QF: GHA vs GBR,1996,1996,1,4,0.0,Hard,5,7,Tim Henman,0.0,0.0,0.0,0.0,0.0,0.0,0.0,0.0,0.0
Davis Cup G2 QF: GHA vs NGR,1994,1994,1,4,0.0,Hard,5,7,Frank Ofori,0.0,0.0,0.0,0.0,0.0,0.0,0.0,0.0,0.0
Davis Cup G2 QF: GRE vs ARM,2001,2001,1,4,0.0,Clay,5,7,Konstantinos Economidis,0.0,0.0,0.0,0.0,0.0,0.0,0.0,0.0,0.0
Davis Cup G2 QF: GRE vs BUL,1992,1992,1,4,0.0,Clay,5,7,Tasos Bavelas,0.0,0.0,0.0,0.0,0.0,0.0,0.0,0.0,0.0
Davis Cup G2 QF: GRE vs NOR,2000,2000,1,4,0.0,Clay,5,7,Solon Peppas,0.0,0.0,0.0,0.0,0.0,0.0,0.0,0.0,0.0
Davis Cup G2 QF: GRE vs TUR,1988,1988,1,4,0.0,Clay,5,5,Ioannis Rigas,0.0,0.0,0.0,0.0,0.0,0.0,0.0,0.0,0.0
Davis Cup G2 QF: GUA vs BOL,1995,1995,1,4,0.0,Hard,5,2,Luis Perez Chete,0.0,0.0,0.0,0.0,0.0,0.0,0.0,0.0,0.0
Davis Cup G2 QF: GUA vs COL,1994,1994,1,4,0.0,Hard,5,2,Miguel Tobon,0.0,0.0,0.0,0.0,0.0,0.0,0.0,0.0,0.0
Davis Cup G2 QF: GUA vs CUB,2000,2000,1,4,0.0,Hard,5,2,Luis Perez Chete,0.0,0.0,0.0,0.0,0.0,0.0,0.0,0.0,0.0
Davis Cup G2 QF: GUA vs DOM,2001,2001,1,4,0.0,Hard,5,2,Luis Perez Chete,0.0,0.0,0.0,0.0,0.0,0.0,0.0,0.0,0.0
Davis Cup G2 QF: GUA vs PER,2002,2002,1,4,0.0,Hard,5,2,Luis Horna,0.0,0.0,0.0,0.0,0.0,0.0,0.0,0.0,0.0
Davis Cup G2 QF: HAI vs CAN,1995,1995,1,4,0.0,Clay,5,2,Andrew Sznajder,0.0,0.0,0.0,0.0,0.0,0.0,0.0,0.0,0.0
Davis Cup G2 QF: HAI vs CUB,1998,1998,1,4,0.0,Hard,5,4,Ronald Agenor,0.0,0.0,0.0,0.0,0.0,0.0,0.0,0.0,0.0
Davis Cup G2 QF: HAI vs ECU,1990,1990,1,4,0.0,Clay,5,3,Ronald Agenor,0.0,0.0,0.0,0.0,0.0,0.0,0.0,0.0,0.0
Davis Cup G2 QF: HAI vs PUR,1993,1993,1,4,0.0,Clay,5,2,Miguel Nido,0.0,0.0,0.0,0.0,0.0,0.0,0.0,0.0,0.0
Davis Cup G2 QF: HKG vs IRI,2001,2001,1,4,0.0,Hard,5,2,Wing Luen Wong,0.0,0.0,0.0,0.0,0.0,0.0,0.0,0.0,0.0
Davis Cup G2 QF: HKG vs IRQ,1988,1988,1,4,0.0,Hard,5,4,Mark Bailey,0.0,0.0,0.0,0.0,0.0,0.0,0.0,0.0,0.0
Davis Cup G2 QF: HKG vs PAK,2000,2000,1,4,0.0,Hard,5,1,Aisam Ul Haq Qureshi,0.0,0.0,0.0,0.0,0.0,0.0,0.0,0.0,0.0
Davis Cup G2 QF: HKG vs SRI,1996,1996,1,4,0.0,Hard,5,2,John Hui,0.0,0.0,0.0,0.0,0.0,0.0,0.0,0.0,0.0
Davis Cup G2 QF: HKG vs THA,1984,1997,14,8,0.0,Hard,5,2,Worapol Thongkamcho,0.0,0.0,0.0,0.0,0.0,0.0,0.0,0.0,0.0
Davis Cup G2 QF: HKG vs TPE,2002,2002,1,4,0.0,Hard,5,2,Jimmy Wang,0.0,0.0,0.0,0.0,0.0,0.0,0.0,0.0,0.0
Davis Cup G2 QF: HUN vs BUL,1999,1999,1,4,0.0,Clay,5,7,Gergely Kisgyorgy,0.0,0.0,0.0,0.0,0.0,0.0,0.0,0.0,0.0
Davis Cup G2 QF: HUN vs SLO,1998,1998,1,4,0.0,Clay,5,7,Attila Savolt,0.0,0.0,0.0,0.0,0.0,0.0,0.0,0.0,0.0
Davis Cup G2 QF: IRI vs QAT,1998,1998,1,4,0.0,Clay,5,4,Farhad Tadayon,0.0,0.0,0.0,0.0,0.0,0.0,0.0,0.0,0.0
Davis Cup G2 QF: ISR vs RSA,2001,2001,1,4,0.0,Hard,5,7,Harel Levy,0.0,0.0,0.0,0.0,0.0,0.0,0.0,0.0,0.0
Davis Cup G2 QF: JAM vs CHI,1989,1989,1,4,0.0,Hard,5,2,Ricardo Acuna,0.0,0.0,0.0,0.0,0.0,0.0,0.0,0.0,0.0
Davis Cup G2 QF: JAM vs HAI,1988,1988,1,4,0.0,Hard,5,2,Doug Burke,0.0,0.0,0.0,0.0,0.0,0.0,0.0,0.0,0.0
Davis Cup G2 QF: JOR vs IRI,1993,1993,1,4,0.0,Hard,5,2,Mostafa Saleh,0.0,0.0,0.0,0.0,0.0,0.0,0.0,0.0,0.0
Davis Cup G2 QF: JOR vs PAK,1991,1991,1,4,0.0,Hard,5,6,Hamed Ul Haq,0.0,0.0,0.0,0.0,0.0,0.0,0.0,0.0,0.0
Davis Cup G2 QF: KAZ vs PHI,2002,2002,1,4,0.0,Hard,5,2,Dias Doskarayev,0.0,0.0,0.0,0.0,0.0,0.0,0.0,0.0,0.0
Davis Cup G2 QF: KAZ vs TPE,2000,2000,1,4,0.0,Hard,5,2,Wei Jen Cheng,0.0,0.0,0.0,0.0,0.0,0.0,0.0,0.0,0.0
Davis Cup G2 QF: KEN vs CIV,1989,1989,1,4,0.0,Clay,5,4,Eno Polo,0.0,0.0,0.0,0.0,0.0,0.0,0.0,0.0,0.0
Davis Cup G2 QF: KSA vs IRI,1994,1994,1,4,0.0,Hard,5,2,Zulfiqar Ahmed,0.0,0.0,0.0,0.0,0.0,0.0,0.0,0.0,0.0
Davis Cup G2 QF: KSA vs LIB,1997,1997,1,4,0.0,Hard,5,2,Ali Hamadeh,0.0,0.0,0.0,0.0,0.0,0.0,0.0,0.0,0.0
Davis Cup G2 QF: KUW vs LIB,2001,2001,1,4,0.0,Hard,5,2,Jicham Zaatini,0.0,0.0,0.0,0.0,0.0,0.0,0.0,0.0,0.0
Davis Cup G2 QF: KUW vs PAK,1989,1989,1,4,0.0,Hard,5,4,Hamed Ul Haq,0.0,0.0,0.0,0.0,0.0,0.0,0.0,0.0,0.0
Davis Cup G2 QF: KUW vs THA,1990,1990,1,4,0.0,Hard,5,3,Worapol Thongkamcho,0.0,0.0,0.0,0.0,0.0,0.0,0.0,0.0,0.0
Davis Cup G2 QF: LAT vs UKR,1994,1995,2,8,0.0,Clay,5,7,Andrei Rybalko,0.0,0.0,0.0,0.0,0.0,0.0,0.0,0.0,0.0
Davis Cup G2 QF: LBA vs CMR,1989,1989,1,4,0.0,Hard,5,4,Jean Yves Job,0.0,0.0,0.0,0.0,0.0,0.0,0.0,0.0,0.0
Davis Cup G2 QF: LUX vs EGY,1992,1992,1,4,0.0,Clay,5,7,Tamer El Sawy,0.0,0.0,0.0,0.0,0.0,0.0,0.0,0.0,0.0
Davis Cup G2 QF: LUX vs MON,1991,1991,1,4,0.0,Hard,5,5,Johnny Goudenbour,0.0,0.0,0.0,0.0,0.0,0.0,0.0,0.0,0.0
Davis Cup G2 QF: LUX vs NOR,1989,2001,13,8,0.0,Hard,5,5,Serge Brueck,0.0,0.0,0.0,0.0,0.0,0.0,0.0,0.0,0.0
Davis Cup G2 QF: LUX vs POL,1990,1990,1,4,0.0,Hard,5,5,Tomasz Iwanski,0.0,0.0,0.0,0.0,0.0,0.0,0.0,0.0,0.0
Davis Cup G2 QF: LUX vs YUG,2002,2002,1,4,0.0,Hard,5,7,Gilles Muller,0.0,0.0,0.0,0.0,0.0,0.0,0.0,0.0,0.0
Davis Cup G2 QF: MAR vs BLR,1998,1998,1,4,0.0,Clay,5,7,Hicham Arazi,0.0,0.0,0.0,0.0,0.0,0.0,0.0,0.0,0.0
Davis Cup G2 QF: MAR vs IRL,1993,1993,1,4,0.0,Clay,5,7,Younes El Aynaoui,0.0,0.0,0.0,0.0,0.0,0.0,0.0,0.0,0.0
Davis Cup G2 QF: MAS vs CHN,1993,1993,1,4,0.0,Hard,5,2,Jia Ping Xia,0.0,0.0,0.0,0.0,0.0,0.0,0.0,0.0,0.0
Davis Cup G2 QF: MAS vs HKG,1990,1990,1,4,0.0,Hard,5,3,Mark Bailey,0.0,0.0,0.0,0.0,0.0,0.0,0.0,0.0,0.0
Davis Cup G2 QF: MAS vs IRI,2000,2000,1,4,0.0,Hard,5,2,Selvam Veerasingam,0.0,0.0,0.0,0.0,0.0,0.0,0.0,0.0,0.0
Davis Cup G2 QF: MAS vs JOR,1992,1992,1,4,0.0,Hard,5,1,Ramayah Ramachandran,0.0,0.0,0.0,0.0,0.0,0.0,0.0,0.0,0.0
Davis Cup G2 QF: MAS vs PAK,2002,2002,1,4,0.0,Hard,5,2,Asim Shafik,0.0,0.0,0.0,0.0,0.0,0.0,0.0,0.0,0.0
Davis Cup G2 QF: MAS vs TPE,1991,1991,1,4,0.0,Hard,5,6,Adam Malik,0.0,0.0,0.0,0.0,0.0,0.0,0.0,0.0,0.0
Davis Cup G2 QF: MEX vs PAR,1999,1999,1,4,0.0,Hard,5,4,Alejandro Hernandez,0.0,0.0,0.0,0.0,0.0,0.0,0.0,0.0,0.0
Davis Cup G2 QF: MLT vs TUR,1991,1991,1,4,0.0,Hard,5,5,Alaaddin Karagoz,0.0,0.0,0.0,0.0,0.0,0.0,0.0,0.0,0.0
Davis Cup G2 QF: MON vs BUL,1989,1989,1,3,0.0,Clay,5,5,Gilles Ganancia,0.0,0.0,0.0,0.0,0.0,0.0,0.0,0.0,0.0
Davis Cup G2 QF: MON vs NOR,1990,1990,1,4,0.0,Clay,5,5,Christian Ruud,0.0,0.0,0.0,0.0,0.0,0.0,0.0,0.0,0.0
Davis Cup G2 QF: MON vs ROU,1993,1993,1,4,0.0,Clay,5,7,Razvan Sabau,0.0,0.0,0.0,0.0,0.0,0.0,0.0,0.0,0.0
Davis Cup G2 QF: NOR vs MAR,1999,1999,1,4,0.0,Clay,5,7,Younes El Aynaoui,0.0,0.0,0.0,0.0,0.0,0.0,0.0,0.0,0.0
Davis Cup G2 QF: PAK vs CHN,1995,1995,1,4,0.0,Grass,5,2,Muhammad Khaliq Siddiq,0.0,0.0,0.0,0.0,0.0,0.0,0.0,0.0,0.0
Davis Cup G2 QF: PAK vs HKG,1992,1992,1,4,0.0,Hard,5,2,Michael Walker,0.0,0.0,0.0,0.0,0.0,0.0,0.0,0.0,0.0
Davis Cup G2 QF: PAK vs IRI,1997,1997,1,4,0.0,Clay,5,2,Hamed Ul Haq,0.0,0.0,0.0,0.0,0.0,0.0,0.0,0.0,0.0
Davis Cup G2 QF: PAK vs KSA,1996,1996,1,4,0.0,Clay,5,2,Omer Rashid,0.0,0.0,0.0,0.0,0.0,0.0,0.0,0.0,0.0
Davis Cup G2 QF: PAK vs POC,1998,1998,1,4,0.0,Clay,5,4,Asim Shafik,0.0,0.0,0.0,0.0,0.0,0.0,0.0,0.0,0.0
Davis Cup G2 QF: PAK vs SRI,1993,1993,1,4,0.0,Grass,5,2,Muhammad Khaliq Siddiq,0.0,0.0,0.0,0.0,0.0,0.0,0.0,0.0,0.0
Davis Cup G2 QF: PAK vs VIE,1973,1973,1,4,0.0,Grass,5,4,Munawar Iqbal,0.0,0.0,0.0,0.0,0.0,0.0,0.0,0.0,0.0
Davis Cup G2 QF: PAR vs AHO,2002,2002,1,4,0.0,Clay,5,2,Francisco Rodriguez,0.0,0.0,0.0,0.0,0.0,0.0,0.0,0.0,0.0
Davis Cup G2 QF: PAR vs COL,1995,1995,1,4,0.0,Clay,5,2,Mauricio Hadad,0.0,0.0,0.0,0.0,0.0,0.0,0.0,0.0,0.0
Davis Cup G2 QF: PAR vs HAI,1997,1997,1,4,0.0,Clay,5,2,Ricardo Mena,0.0,0.0,0.0,0.0,0.0,0.0,0.0,0.0,0.0
Davis Cup G2 QF: PAR vs VEN,1994,2001,8,8,0.0,Clay,5,2,Jimy Szymanski,0.0,0.0,0.0,0.0,0.0,0.0,0.0,0.0,0.0
Davis Cup G2 QF: PER vs COL,1993,1993,1,4,0.0,Clay,5,2,Mauricio Hadad,0.0,0.0,0.0,0.0,0.0,0.0,0.0,0.0,0.0
Davis Cup G2 QF: PER vs JAM,1998,1998,1,4,0.0,Clay,5,4,Alejandro Aramburu Acuna,0.0,0.0,0.0,0.0,0.0,0.0,0.0,0.0,0.0
Davis Cup G2 QF: PHI vs INA,2000,2000,1,4,0.0,Hard,5,2,Suwandi Suwandi,0.0,0.0,0.0,0.0,0.0,0.0,0.0,0.0,0.0
Davis Cup G2 QF: PHI vs THA,1998,1998,1,4,0.0,Clay,5,4,Paradorn Srichaphan,0.0,0.0,0.0,0.0,0.0,0.0,0.0,0.0,0.0
Davis Cup G2 QF: PHI vs TPE,1999,1999,1,4,0.0,Hard,5,2,Joseph Lizardo,0.0,0.0,0.0,0.0,0.0,0.0,0.0,0.0,0.0
Davis Cup G2 QF: POL vs BLR,1996,1996,1,4,0.0,Clay,5,7,Bartlomiej Dabrowski,0.0,0.0,0.0,0.0,0.0,0.0,0.0,0.0,0.0
Davis Cup G2 QF: POL vs CIV,1997,1997,1,4,0.0,Clay,5,7,Bartlomiej Dabrowski,0.0,0.0,0.0,0.0,0.0,0.0,0.0,0.0,0.0
Davis Cup G2 QF: POL vs GRE,1989,1989,1,4,0.0,Clay,5,5,George Kalovelonis,0.0,0.0,0.0,0.0,0.0,0.0,0.0,0.0,0.0
Davis Cup G2 QF: POL vs LUX,1988,1988,1,4,0.0,Clay,5,5,Wojtek Kowalski,0.0,0.0,0.0,0.0,0.0,0.0,0.0,0.0,0.0
Davis Cup G2 QF: POL vs MAR,1994,1994,1,4,0.0,Clay,5,7,Karim Alami,0.0,0.0,0.0,0.0,0.0,0.0,0.0,0.0,0.0
Davis Cup G2 QF: POL vs SLO,2000,2000,1,4,0.0,Clay,5,7,Marko Tkalec,0.0,0.0,0.0,0.0,0.0,0.0,0.0,0.0,0.0
Davis Cup G2 QF: POR vs YUG,1997,1997,1,4,0.0,Clay,5,7,Bojan Vujic,0.0,0.0,0.0,0.0,0.0,0.0,0.0,0.0,0.0
Davis Cup G2 QF: PUR vs COL,1997,1997,1,4,0.0,Hard,5,2,Mauricio Hadad,0.0,0.0,0.0,0.0,0.0,0.0,0.0,0.0,0.0
Davis Cup G2 QF: PUR vs ECU,1994,1994,1,4,0.0,Hard,5,2,Pablo Campana,0.0,0.0,0.0,0.0,0.0,0.0,0.0,0.0,0.0
Davis Cup G2 QF: QAT vs INA,1999,1999,1,4,0.0,Hard,5,2,Suwandi Suwandi,0.0,0.0,0.0,0.0,0.0,0.0,0.0,0.0,0.0
Davis Cup G2 QF: QAT vs UZB,1995,1995,1,4,0.0,Hard,5,2,Oleg Ogorodov,0.0,0.0,0.0,0.0,0.0,0.0,0.0,0.0,0.0
Davis Cup G2 QF: SEN vs CIV,1998,1998,1,4,0.0,Hard,5,7,Yahiya Doumbia,0.0,0.0,0.0,0.0,0.0,0.0,0.0,0.0,0.0
Davis Cup G2 QF: SEN vs GRE,1993,1993,1,4,0.0,Hard,5,7,Yahiya Doumbia,0.0,0.0,0.0,0.0,0.0,0.0,0.0,0.0,0.0
Davis Cup G2 QF: SIN vs HKG,1991,1991,1,4,0.0,Hard,5,6,Michael Walker,0.0,0.0,0.0,0.0,0.0,0.0,0.0,0.0,0.0
Davis Cup G2 QF: SIN vs PAK,1994,1994,1,4,0.0,Hard,5,2,Omer Rashid,0.0,0.0,0.0,0.0,0.0,0.0,0.0,0.0,0.0
Davis Cup G2 QF: SLO vs FIN,1994,1994,1,4,0.0,Clay,5,7,Iztok Bozic,0.0,0.0,0.0,0.0,0.0,0.0,0.0,0.0,0.0
Davis Cup G2 QF: SLO vs IRL,2002,2002,1,4,0.0,Clay,5,7,Marko Tkalec,0.0,0.0,0.0,0.0,0.0,0.0,0.0,0.0,0.0
Davis Cup G2 QF: SLO vs NOR,1997,1997,1,4,0.0,Clay,5,7,Christian Ruud,0.0,0.0,0.0,0.0,0.0,0.0,0.0,0.0,0.0
Davis Cup G2 QF: SRI vs BAN,1992,1992,1,4,0.0,Clay,5,1,Jayendra Wijeyesekera,0.0,0.0,0.0,0.0,0.0,0.0,0.0,0.0,0.0
Davis Cup G2 QF: SRI vs BRN,1990,1990,1,4,0.0,Clay,5,3,Umesha Wallooppillai,0.0,0.0,0.0,0.0,0.0,0.0,0.0,0.0,0.0
Davis Cup G2 QF: SRI vs IRI,1995,1999,5,8,0.0,Clay,5,2,Rohan De Silva,0.0,0.0,0.0,0.0,0.0,0.0,0.0,0.0,0.0
Davis Cup G2 QF: SRI vs PAK,1988,1988,1,4,0.0,Clay,5,4,Mushaf Zia,0.0,0.0,0.0,0.0,0.0,0.0,0.0,0.0,0.0
Davis Cup G2 QF: SRI vs THA,1982,1982,1,3,0.0,Clay,5,1,Panomkorn Pladchunil,0.0,0.0,0.0,0.0,0.0,0.0,0.0,0.0,0.0
Davis Cup G2 QF: SRI vs TPE,1989,1989,1,4,0.0,Clay,5,4,Arjun Fernando,0.0,0.0,0.0,0.0,0.0,0.0,0.0,0.0,0.0
Davis Cup G2 QF: SYR vs MAS,2001,2001,1,4,0.0,Hard,5,2,Selvam Veerasingam,0.0,0.0,0.0,0.0,0.0,0.0,0.0,0.0,0.0
Davis Cup G2 QF: SYR vs SIN,1988,1988,1,4,0.0,Hard,5,4,Hashim Bin Sidek,0.0,0.0,0.0,0.0,0.0,0.0,0.0,0.0,0.0
Davis Cup G2 QF: THA vs BRN,1989,1989,1,4,0.0,Hard,5,4,Worapol Thongkamcho,0.0,0.0,0.0,0.0,0.0,0.0,0.0,0.0,0.0
Davis Cup G2 QF: THA vs IRI,1996,1996,1,4,0.0,Hard,5,2,Worapol Thongkamcho,0.0,0.0,0.0,0.0,0.0,0.0,0.0,0.0,0.0
Davis Cup G2 QF: THA vs KAZ,1999,1999,1,4,0.0,Hard,5,2,Danai Udomchoke,0.0,0.0,0.0,0.0,0.0,0.0,0.0,0.0,0.0
Davis Cup G2 QF: THA vs KUW,1993,1993,1,4,0.0,Hard,5,2,Tanakorn Srichaphan,0.0,0.0,0.0,0.0,0.0,0.0,0.0,0.0,0.0
Davis Cup G2 QF: THA vs MAS,1981,1995,15,8,0.0,Hard,5,1,Sombat Uamongkol,0.0,0.0,0.0,0.0,0.0,0.0,0.0,0.0,0.0
Davis Cup G2 QF: THA vs SIN,1992,1992,1,4,0.0,Hard,5,1,Naratorn Srichaphan,0.0,0.0,0.0,0.0,0.0,0.0,0.0,0.0,0.0
Davis Cup G2 QF: THA vs SRI,1994,1994,1,4,0.0,Hard,5,2,Naratorn Srichaphan,0.0,0.0,0.0,0.0,0.0,0.0,0.0,0.0,0.0
Davis Cup G2 QF: TOG vs SEN,1990,1990,1,4,0.0,Hard,5,3,Goudjo Gbedey,0.0,0.0,0.0,0.0,0.0,0.0,0.0,0.0,0.0
Davis Cup G2 QF: TPE vs BAN,1988,1988,1,4,0.0,Hard,5,4,Chang Rung Wu,0.0,0.0,0.0,0.0,0.0,0.0,0.0,0.0,0.0
Davis Cup G2 QF: TPE vs MAS,1994,1994,1,4,0.0,Clay,5,2,Chih Jung Chen,0.0,0.0,0.0,0.0,0.0,0.0,0.0,0.0,0.0
Davis Cup G2 QF: TPE vs PAK,2001,2001,1,4,0.0,Clay,5,2,Jimmy Wang,0.0,0.0,0.0,0.0,0.0,0.0,0.0,0.0,0.0
Davis Cup G2 QF: TPE vs SIN,1997,1997,1,4,0.0,Hard,5,2,Yu Hui Lien,0.0,0.0,0.0,0.0,0.0,0.0,0.0,0.0,0.0
Davis Cup G2 QF: TRI vs URU,2002,2002,1,4,0.0,Hard,5,2,Martin Vilarrubi,0.0,0.0,0.0,0.0,0.0,0.0,0.0,0.0,0.0
Davis Cup G2 QF: TUN vs MAR,1988,1988,1,4,0.0,Hard,5,4,Arafat Chekrouni,0.0,0.0,0.0,0.0,0.0,0.0,0.0,0.0,0.0
Davis Cup G2 QF: TUR vs MLT,1990,1990,1,4,0.0,Clay,5,5,Alaaddin Karagoz,0.0,0.0,0.0,0.0,0.0,0.0,0.0,0.0,0.0
Davis Cup G2 QF: URU vs COL,2001,2001,1,3,0.0,Clay,5,2,Eduardo Rincon,0.0,0.0,0.0,0.0,0.0,0.0,0.0,0.0,0.0
Davis Cup G2 QF: URU vs GUA,1996,1996,1,4,0.0,Clay,5,2,Federico Dondo,0.0,0.0,0.0,0.0,0.0,0.0,0.0,0.0,0.0
Davis Cup G2 QF: URU vs PAR,1998,1998,1,4,0.0,Clay,5,4,Ramon Delgado,0.0,0.0,0.0,0.0,0.0,0.0,0.0,0.0,0.0
Davis Cup G2 QF: VEN vs COL,1988,1988,1,4,0.0,Hard,5,2,Nicolas Pereira,0.0,0.0,0.0,0.0,0.0,0.0,0.0,0.0,0.0
Davis Cup G2 QF: VEN vs DOM,1992,1992,1,4,0.0,Clay,5,1,Maurice Ruah,0.0,0.0,0.0,0.0,0.0,0.0,0.0,0.0,0.0
Davis Cup G2 QF: VEN vs ECU,1991,1991,1,4,0.0,Hard,5,3,Maurice Ruah,0.0,0.0,0.0,0.0,0.0,0.0,0.0,0.0,0.0
Davis Cup G2 QF: VEN vs GUA,1998,1998,1,4,0.0,Hard,5,4,Jimy Szymanski,0.0,0.0,0.0,0.0,0.0,0.0,0.0,0.0,0.0
Davis Cup G2 QF: VEN vs URU,2000,2000,1,4,0.0,Hard,5,2,Maurice Ruah,0.0,0.0,0.0,0.0,0.0,0.0,0.0,0.0,0.0
Davis Cup G2 QF: YUG vs POR,1998,1998,1,4,0.0,Clay,5,7,Dusan Vemic,0.0,0.0,0.0,0.0,0.0,0.0,0.0,0.0,0.0
Davis Cup G2 QF: ZAM vs NGR,1991,1991,1,4,0.0,Clay,5,3,Nduka Odizor,0.0,0.0,0.0,0.0,0.0,0.0,0.0,0.0,0.0
Davis Cup G2 QF: ZAM vs ZIM,1990,1990,1,4,0.0,Hard,5,3,Greig Rodger,0.0,0.0,0.0,0.0,0.0,0.0,0.0,0.0,0.0
Davis Cup G2 QF: ZIM vs CMR,1988,1988,1,4,0.0,Hard,5,4,Haroon Ismail,0.0,0.0,0.0,0.0,0.0,0.0,0.0,0.0,0.0
Davis Cup G2 QF: ZIM vs KEN,1991,1991,1,4,0.0,Hard,5,4,Paul Wekesa,0.0,0.0,0.0,0.0,0.0,0.0,0.0,0.0,0.0
Davis Cup G2 R1: AHO vs BAH,2005,2005,1,4,0.0,Hard,5,3,Jean Julien Rojer,0.0,0.0,0.0,0.0,0.0,0.0,0.0,0.0,0.0
Davis Cup G2 R1: AHO vs ECU,2008,2008,1,4,0.0,Hard,5,2,Romano Tatuhey,0.0,0.0,0.0,0.0,0.0,0.0,0.0,0.0,0.0
Davis Cup G2 R1: AHO vs GUA,2006,2006,1,4,0.0,Hard,5,2,Jean Julien Rojer,0.0,0.0,0.0,0.0,0.0,0.0,0.0,0.0,0.0
Davis Cup G2 R1: ALG vs CIV,1991,1991,1,4,0.0,Clay,5,5,Clement Ngoran,0.0,0.0,0.0,0.0,0.0,0.0,0.0,0.0,0.0
Davis Cup G2 R1: ALG vs EGY,1990,1990,1,4,0.0,Clay,5,2,Tamer El Sawy,0.0,0.0,0.0,0.0,0.0,0.0,0.0,0.0,0.0
Davis Cup G2 R1: ALG vs HUN,2008,2008,1,4,0.0,Clay,5,4,Lamine Ouahab,0.0,0.0,0.0,0.0,0.0,0.0,0.0,0.0,0.0
Davis Cup G2 R1: ALG vs IRL,2009,2009,1,4,0.0,Clay,5,3,Conor Niland,0.0,0.0,0.0,0.0,0.0,0.0,0.0,0.0,0.0
Davis Cup G2 R1: ALG vs MON,2007,2007,1,4,0.0,Clay,5,4,Benjamin Balleret,0.0,0.0,0.0,0.0,0.0,0.0,0.0,0.0,0.0
Davis Cup G2 R1: ALG vs POL,2005,2005,1,4,0.0,Clay,5,3,Lukasz Kubot,0.0,0.0,0.0,0.0,0.0,0.0,0.0,0.0,0.0
Davis Cup G2 R1: ALG vs POR,1996,1996,1,4,0.0,Clay,5,5,Bernardo Mota,0.0,0.0,0.0,0.0,0.0,0.0,0.0,0.0,0.0
Davis Cup G2 R1: ALG vs SLO,2006,2006,1,4,0.0,Clay,5,4,Slimane Saoudi,0.0,0.0,0.0,0.0,0.0,0.0,0.0,0.0,0.0
Davis Cup G2 R1: ARM vs IRL,2002,2002,1,2,0.0,Clay,5,5,John Doran,0.0,0.0,0.0,0.0,0.0,0.0,0.0,0.0,0.0
Davis Cup G2 R1: BAH vs CRC,1991,1991,1,4,0.0,Hard,5,2,Roger Smith,0.0,0.0,0.0,0.0,0.0,0.0,0.0,0.0,0.0
Davis Cup G2 R1: BAH vs VEN,2008,2008,1,4,0.0,Hard,5,2,Devin Mullings,0.0,0.0,0.0,0.0,0.0,0.0,0.0,0.0,0.0
Davis Cup G2 R1: BAN vs PAK,1987,1987,1,4,0.0,Hard,5,3,Haseeb Aslam,0.0,0.0,0.0,0.0,0.0,0.0,0.0,0.0,0.0
Davis Cup G2 R1: BAR vs BOL,1990,1990,1,4,0.0,Clay,5,2,Richard Ashby,0.0,0.0,0.0,0.0,0.0,0.0,0.0,0.0,0.0
Davis Cup G2 R1: BAR vs PAR,2012,2012,1,4,0.0,Hard,5,2,Darian King,0.0,0.0,0.0,0.0,0.0,0.0,0.0,0.0,0.0
Davis Cup G2 R1: BIH vs LUX,2013,2013,1,4,0.0,Hard,5,2,Aldin Setkic,0.0,0.0,0.0,0.0,0.0,0.0,0.0,0.0,0.0
Davis Cup G2 R1: BLR vs BUL,2011,2011,1,4,0.0,Hard,5,3,Uladzimir Ignatik,0.0,0.0,0.0,0.0,0.0,0.0,0.0,0.0,0.0
Davis Cup G2 R1: BLR vs MDA,2012,2012,1,4,0.0,Hard,5,2,Uladzimir Ignatik,0.0,0.0,0.0,0.0,0.0,0.0,0.0,0.0,0.0
Davis Cup G2 R1: BOL vs BAR,1991,1991,1,4,0.0,Clay,5,2,Richard Ashby,0.0,0.0,0.0,0.0,0.0,0.0,0.0,0.0,0.0
Davis Cup G2 R1: BOL vs DOM,2008,2008,1,4,0.0,Clay,5,2,Victor Estrella,0.0,0.0,0.0,0.0,0.0,0.0,0.0,0.0,0.0
Davis Cup G2 R1: BOL vs PAR,2006,2006,1,4,0.0,Clay,5,2,Emilio Daniel Baez Britez,0.0,0.0,0.0,0.0,0.0,0.0,0.0,0.0,0.0
Davis Cup G2 R1: BOL vs PER,2018,2018,1,4,81.0,Clay,3,2,Duilio Beretta,10.0,26.5,179.5,113.5,87.0,40.5,28.5,11.0,13.5
Davis Cup G2 R1: BOL vs VEN,2010,2010,1,4,0.0,Clay,5,3,Yohny Romero,0.0,0.0,0.0,0.0,0.0,0.0,0.0,0.0,0.0
Davis Cup G2 R1: BRN vs BAN,1991,1991,1,4,0.0,Hard,5,5,Esam Abdulaal,0.0,0.0,0.0,0.0,0.0,0.0,0.0,0.0,0.0
Davis Cup G2 R1: BRN vs IRQ,1990,1990,1,4,0.0,Hard,5,2,Esam Abdulaal,0.0,0.0,0.0,0.0,0.0,0.0,0.0,0.0,0.0
Davis Cup G2 R1: BRN vs SYR,1989,1989,1,4,0.0,Hard,5,2,Esam Abdulaal,0.0,0.0,0.0,0.0,0.0,0.0,0.0,0.0,0.0
Davis Cup G2 R1: BUL vs CYP,2006,2006,1,4,0.0,Clay,5,4,Marcos Baghdatis,0.0,0.0,0.0,0.0,0.0,0.0,0.0,0.0,0.0
Davis Cup G2 R1: BUL vs FIN,2013,2013,1,4,0.0,Hard,5,2,Grigor Dimitrov,0.0,0.0,0.0,0.0,0.0,0.0,0.0,0.0,0.0
Davis Cup G2 R1: BUL vs GRE,2000,2000,1,4,0.0,Clay,5,4,Ivaylo Traykov,0.0,0.0,0.0,0.0,0.0,0.0,0.0,0.0,0.0
Davis Cup G2 R1: BUL vs MLT,1992,1992,1,4,0.0,Clay,5,5,Ivan Keskinov,0.0,0.0,0.0,0.0,0.0,0.0,0.0,0.0,0.0
Davis Cup G2 R1: BUL vs MON,2010,2010,1,4,0.0,Hard,5,3,Grigor Dimitrov,0.0,0.0,0.0,0.0,0.0,0.0,0.0,0.0,0.0
Davis Cup G2 R1: BUL vs POL,1993,1993,1,4,0.0,Clay,5,4,Milen Velev,0.0,0.0,0.0,0.0,0.0,0.0,0.0,0.0,0.0
Davis Cup G2 R1: BUL vs TOG,1999,1999,1,4,0.0,Clay,5,4,Milen Velev,0.0,0.0,0.0,0.0,0.0,0.0,0.0,0.0,0.0
Davis Cup G2 R1: BUL vs TUR,2016,2016,1,4,140.5,Hard,5,3,Marsel Ilhan,31.0,46.5,707.0,412.0,302.0,141.5,112.0,32.5,57.0
Davis Cup G2 R1: CHI vs PER,2015,2015,1,4,0.0,Clay,5,3,Nicolas Jarry,0.0,0.0,0.0,0.0,0.0,0.0,0.0,0.0,0.0
Davis Cup G2 R1: CHN vs LIB,2008,2008,1,4,0.0,Hard,5,2,Xin Yuan Yu,0.0,0.0,0.0,0.0,0.0,0.0,0.0,0.0,0.0
Davis Cup G2 R1: CHN vs PHI,2003,2003,1,2,0.0,Hard,5,2,Shao Xuan Zeng,0.0,0.0,0.0,0.0,0.0,0.0,0.0,0.0,0.0
Davis Cup G2 R1: CIV vs EGY,1998,1998,1,4,0.0,Hard,5,5,Claude Ngoran,0.0,0.0,0.0,0.0,0.0,0.0,0.0,0.0,0.0
Davis Cup G2 R1: CIV vs FIN,1995,1995,1,4,0.0,Hard,5,4,Tuomas Ketola,0.0,0.0,0.0,0.0,0.0,0.0,0.0,0.0,0.0
Davis Cup G2 R1: CIV vs KEN,1990,1990,1,4,0.0,Hard,5,2,Clement Ngoran,0.0,0.0,0.0,0.0,0.0,0.0,0.0,0.0,0.0
Davis Cup G2 R1: CIV vs LAT,1997,1997,1,4,0.0,Hard,5,5,Claude Ngoran,0.0,0.0,0.0,0.0,0.0,0.0,0.0,0.0,0.0
Davis Cup G2 R1: CIV vs MKD,1999,1999,1,4,0.0,Hard,5,4,Claude Ngoran,0.0,0.0,0.0,0.0,0.0,0.0,0.0,0.0,0.0
Davis Cup G2 R1: COL vs BRA,2005,2005,1,4,0.0,Clay,5,3,Flavio Saretta,0.0,0.0,0.0,0.0,0.0,0.0,0.0,0.0,0.0
Davis Cup G2 R1: COL vs GUA,1990,1990,1,4,0.0,Clay,5,2,Mauricio Hadad,0.0,0.0,0.0,0.0,0.0,0.0,0.0,0.0,0.0
Davis Cup G2 R1: COL vs URU,2006,2006,1,4,0.0,Clay,5,2,Alejandro Falla,0.0,0.0,0.0,0.0,0.0,0.0,0.0,0.0,0.0
Davis Cup G2 R1: CUB vs COL,2003,2003,1,4,0.0,Hard,5,2,Ricardo Chile Fonte,0.0,0.0,0.0,0.0,0.0,0.0,0.0,0.0,0.0
Davis Cup G2 R1: CUB vs DOM,2004,2004,1,4,0.0,Hard,5,2,Victor Estrella,0.0,0.0,0.0,0.0,0.0,0.0,0.0,0.0,0.0
Davis Cup G2 R1: CUB vs URU,2005,2005,1,4,0.0,Hard,5,3,Marcel Felder,0.0,0.0,0.0,0.0,0.0,0.0,0.0,0.0,0.0
Davis Cup G2 R1: CYP vs BUL,1990,1990,1,4,0.0,Clay,5,3,Ruslon Rainov,0.0,0.0,0.0,0.0,0.0,0.0,0.0,0.0,0.0
Davis Cup G2 R1: CYP vs EGY,2010,2010,1,4,0.0,Hard,5,3,Marcos Baghdatis,0.0,0.0,0.0,0.0,0.0,0.0,0.0,0.0,0.0
Davis Cup G2 R1: CYP vs FIN,2007,2007,1,4,0.0,Clay,5,4,Marcos Baghdatis,0.0,0.0,0.0,0.0,0.0,0.0,0.0,0.0,0.0
Davis Cup G2 R1: CYP vs HUN,2011,2011,1,4,0.0,Hard,5,3,Attila Balazs,0.0,0.0,0.0,0.0,0.0,0.0,0.0,0.0,0.0
Davis Cup G2 R1: CYP vs MAR,2012,2012,1,4,0.0,Hard,5,2,Marcos Baghdatis,0.0,0.0,0.0,0.0,0.0,0.0,0.0,0.0,0.0
Davis Cup G2 R1: CYP vs POR,2009,2009,1,4,0.0,Hard,5,3,Marcos Baghdatis,0.0,0.0,0.0,0.0,0.0,0.0,0.0,0.0,0.0
Davis Cup G2 R1: CYP vs SLO,2008,2008,1,4,0.0,Hard,5,4,Marcos Baghdatis,0.0,0.0,0.0,0.0,0.0,0.0,0.0,0.0,0.0
Davis Cup G2 R1: DEN vs FIN,2009,2009,1,4,0.0,Hard,5,3,Jarkko Nieminen,0.0,0.0,0.0,0.0,0.0,0.0,0.0,0.0,0.0
Davis Cup G2 R1: DEN vs TUN,2003,2003,1,4,0.0,Hard,5,4,Kenneth Carlsen,0.0,0.0,0.0,0.0,0.0,0.0,0.0,0.0,0.0
Davis Cup G2 R1: DEN vs TUR,2019,2019,1,4,0.0,Hard,3,9,Altug Celikbilek,0.0,0.0,0.0,0.0,0.0,0.0,0.0,0.0,0.0
Davis Cup G2 R1: DOM vs BOL,2012,2012,1,4,0.0,Hard,5,2,Victor Estrella,0.0,0.0,0.0,0.0,0.0,0.0,0.0,0.0,0.0
Davis Cup G2 R1: DOM vs CRC,1990,1990,1,4,0.0,Clay,5,2,Rafael Moreno,0.0,0.0,0.0,0.0,0.0,0.0,0.0,0.0,0.0
Davis Cup G2 R1: DOM vs ESA,2007,2007,1,4,0.0,Hard,5,2,Victor Estrella,0.0,0.0,0.0,0.0,0.0,0.0,0.0,0.0,0.0
Davis Cup G2 R1: DOM vs GUA,2009,2009,1,4,0.0,Clay,5,3,Jhonson Garcia,0.0,0.0,0.0,0.0,0.0,0.0,0.0,0.0,0.0
Davis Cup G2 R1: DOM vs JAM,2006,2006,1,4,0.0,Clay,5,2,Jhonson Garcia,0.0,0.0,0.0,0.0,0.0,0.0,0.0,0.0,0.0
Davis Cup G2 R1: ECA vs GUA,1991,1991,1,4,0.0,Hard,5,2,Vernon Lewis,0.0,0.0,0.0,0.0,0.0,0.0,0.0,0.0,0.0
Davis Cup G2 R1: ECU vs AHO,2007,2007,1,4,0.0,Clay,5,2,Julio Cesar Campozano,0.0,0.0,0.0,0.0,0.0,0.0,0.0,0.0,0.0
Davis Cup G2 R1: EGY vs BLR,2016,2016,1,3,195.333,Clay,3,3,Egor Gerasimov,30.0,17.5,605.5,371.0,234.0,98.5,91.0,33.0,68.0
Davis Cup G2 R1: EGY vs LAT,2012,2012,1,4,0.0,Clay,5,2,Ernests Gulbis,0.0,0.0,0.0,0.0,0.0,0.0,0.0,0.0,0.0
Davis Cup G2 R1: EGY vs MKD,1996,1996,1,4,0.0,Clay,5,5,Amro Ghoneim,0.0,0.0,0.0,0.0,0.0,0.0,0.0,0.0,0.0
Davis Cup G2 R1: EGY vs MON,1995,1995,1,4,0.0,Clay,5,4,Khaled El Salawy,0.0,0.0,0.0,0.0,0.0,0.0,0.0,0.0,0.0
Davis Cup G2 R1: EGY vs NOR,2018,2018,1,3,58.0,Hard,3,2,Mohamed Safwat,9.0,18.5,213.0,131.5,91.0,39.5,37.0,8.0,18.5
Davis Cup G2 R1: EGY vs POR,1997,1997,1,4,0.0,Clay,5,5,Emanuel Couto,0.0,0.0,0.0,0.0,0.0,0.0,0.0,0.0,0.0
Davis Cup G2 R1: EGY vs SEN,1991,1991,1,4,0.0,Clay,5,5,Tamer El Sawy,0.0,0.0,0.0,0.0,0.0,0.0,0.0,0.0,0.0
Davis Cup G2 R1: EGY vs SLO,2000,2019,20,7,0.0,Clay,3,9,Aljaz Bedene,0.0,0.0,0.0,0.0,0.0,0.0,0.0,0.0,0.0
Davis Cup G2 R1: EGY vs ZAM,1992,1992,1,4,0.0,Clay,5,5,Khaled El Salawy,0.0,0.0,0.0,0.0,0.0,0.0,0.0,0.0,0.0
Davis Cup G2 R1: ESA vs BAR,2013,2013,1,4,0.0,Clay,5,2,Rafael Arevalo,0.0,0.0,0.0,0.0,0.0,0.0,0.0,0.0,0.0
Davis Cup G2 R1: ESA vs DOM,1991,2011,21,8,0.0,Clay,5,2,Rafael Moreno,0.0,0.0,0.0,0.0,0.0,0.0,0.0,0.0,0.0
Davis Cup G2 R1: ESA vs URU,2018,2018,1,4,77.5,Hard,3,2,Pablo Cuevas,26.0,21.5,401.0,254.5,189.5,78.5,63.5,11.5,20.5
Davis Cup G2 R1: EST vs HUN,2010,2010,1,4,0.0,Hard,5,3,Jurgen Zopp,0.0,0.0,0.0,0.0,0.0,0.0,0.0,0.0,0.0
Davis Cup G2 R1: EST vs LTU,2011,2018,8,7,60.667,Hard,3,2,Ricardas Berankis,9.0,21.0,246.5,160.5,122.0,50.5,43.0,6.5,11.5
Davis Cup G2 R1: EST vs LUX,2012,2012,1,4,0.0,Hard,5,2,Jaak Poldma,0.0,0.0,0.0,0.0,0.0,0.0,0.0,0.0,0.0
Davis Cup G2 R1: FIN vs GRE,1997,1997,1,4,0.0,Hard,5,5,Taso Vasiliadis,0.0,0.0,0.0,0.0,0.0,0.0,0.0,0.0,0.0
Davis Cup G2 R1: FIN vs IRL,2006,2006,1,4,0.0,Hard,5,4,Jarkko Nieminen,0.0,0.0,0.0,0.0,0.0,0.0,0.0,0.0,0.0
Davis Cup G2 R1: FIN vs RSA,2008,2008,1,4,0.0,Hard,5,4,Kevin Anderson,0.0,0.0,0.0,0.0,0.0,0.0,0.0,0.0,0.0
Davis Cup G2 R1: GBR vs TUN,2011,2011,1,4,0.0,Hard,5,3,James Ward,0.0,0.0,0.0,0.0,0.0,0.0,0.0,0.0,0.0
Davis Cup G2 R1: GEO vs MAR,2018,2018,1,3,95.5,Clay,3,2,Lamine Ouahab,14.5,6.5,245.5,137.5,91.5,48.0,34.0,25.0,35.0
Davis Cup G2 R1: GEO vs SLO,1997,1997,1,4,0.0,Clay,5,5,Vladimir Gabrichidze,0.0,0.0,0.0,0.0,0.0,0.0,0.0,0.0,0.0
Davis Cup G2 R1: GHA vs FIN,2005,2005,1,4,0.0,Hard,5,3,Jarkko Nieminen,0.0,0.0,0.0,0.0,0.0,0.0,0.0,0.0,0.0
Davis Cup G2 R1: GHA vs IRL,1995,1995,1,4,0.0,Hard,5,4,Frank Ofori,0.0,0.0,0.0,0.0,0.0,0.0,0.0,0.0,0.0
Davis Cup G2 R1: GHA vs MLT,1996,1996,1,4,0.0,Hard,5,5,Frank Ofori,0.0,0.0,0.0,0.0,0.0,0.0,0.0,0.0,0.0
Davis Cup G2 R1: GHA vs MON,1994,1994,1,4,0.0,Hard,5,4,Frank Ofori,0.0,0.0,0.0,0.0,0.0,0.0,0.0,0.0,0.0
Davis Cup G2 R1: GHA vs SLO,2003,2003,1,4,0.0,Hard,5,4,Andrej Kracman,0.0,0.0,0.0,0.0,0.0,0.0,0.0,0.0,0.0
Davis Cup G2 R1: GRE vs IRL,1992,1992,1,4,0.0,Clay,5,5,Andreas Fikas,0.0,0.0,0.0,0.0,0.0,0.0,0.0,0.0,0.0
Davis Cup G2 R1: GRE vs LAT,2011,2011,1,4,0.0,Clay,5,3,Deniss Pavlovs,0.0,0.0,0.0,0.0,0.0,0.0,0.0,0.0,0.0
Davis Cup G2 R1: GRE vs MKD,2006,2006,1,4,0.0,Clay,5,4,Lazar Magdincev,0.0,0.0,0.0,0.0,0.0,0.0,0.0,0.0,0.0
Davis Cup G2 R1: GRE vs TUN,1993,1993,1,4,0.0,Clay,5,4,Konstantinos Effraimoglou,0.0,0.0,0.0,0.0,0.0,0.0,0.0,0.0,0.0
Davis Cup G2 R1: GRE vs UKR,2007,2007,1,4,0.0,Clay,5,4,Konstantinos Economidis,0.0,0.0,0.0,0.0,0.0,0.0,0.0,0.0,0.0
Davis Cup G2 R1: GUA vs BOL,2019,2019,1,4,0.0,Hard,3,9,Hugo Dellien,0.0,0.0,0.0,0.0,0.0,0.0,0.0,0.0,0.0
Davis Cup G2 R1: HAI vs URU,2004,2004,1,4,0.0,Clay,5,2,Pablo Cuevas,0.0,0.0,0.0,0.0,0.0,0.0,0.0,0.0,0.0
Davis Cup G2 R1: HAI vs VEN,1991,1991,1,4,0.0,Clay,5,2,Maurice Ruah,0.0,0.0,0.0,0.0,0.0,0.0,0.0,0.0,0.0
Davis Cup G2 R1: HKG vs INA,2007,2012,6,8,0.0,Hard,5,2,Christopher Rungkat,0.0,0.0,0.0,0.0,0.0,0.0,0.0,0.0,0.0
Davis Cup G2 R1: HKG vs KUW,2004,2004,1,3,0.0,Hard,5,2,Mohammad Ghareeb,0.0,0.0,0.0,0.0,0.0,0.0,0.0,0.0,0.0
Davis Cup G2 R1: HKG vs MAS,1987,1987,1,4,0.0,Hard,5,3,Mark Bailey,0.0,0.0,0.0,0.0,0.0,0.0,0.0,0.0,0.0
Davis Cup G2 R1: HKG vs PAK,2011,2011,1,4,0.0,Hard,5,3,Hiu Tung Yu,0.0,0.0,0.0,0.0,0.0,0.0,0.0,0.0,0.0
Davis Cup G2 R1: HKG vs PHI,1982,2009,28,8,0.0,Hard,5,3,Cecil Mamiit,0.0,0.0,0.0,0.0,0.0,0.0,0.0,0.0,0.0
Davis Cup G2 R1: HKG vs POC,2006,2006,1,4,0.0,Hard,5,2,Wing Luen Wong,0.0,0.0,0.0,0.0,0.0,0.0,0.0,0.0,0.0
Davis Cup G2 R1: HKG vs TJK,2003,2003,1,4,0.0,Hard,5,2,Hiu Tung Yu,0.0,0.0,0.0,0.0,0.0,0.0,0.0,0.0,0.0
Davis Cup G2 R1: HUN vs EGY,2006,2006,1,4,0.0,Hard,5,4,Sebo Kiss,0.0,0.0,0.0,0.0,0.0,0.0,0.0,0.0,0.0
Davis Cup G2 R1: HUN vs GRE,1999,1999,1,4,0.0,Clay,5,4,Attila Savolt,0.0,0.0,0.0,0.0,0.0,0.0,0.0,0.0,0.0
Davis Cup G2 R1: HUN vs IRL,1998,1998,1,4,0.0,Clay,5,5,Attila Savolt,0.0,0.0,0.0,0.0,0.0,0.0,0.0,0.0,0.0
Davis Cup G2 R1: HUN vs MDA,2015,2015,1,4,0.0,Hard,5,3,Marton Fucsovics,0.0,0.0,0.0,0.0,0.0,0.0,0.0,0.0,0.0
Davis Cup G2 R1: HUN vs MON,2001,2005,5,8,0.0,Hard,5,3,Gergely Kisgyorgy,0.0,0.0,0.0,0.0,0.0,0.0,0.0,0.0,0.0
Davis Cup G2 R1: INA vs HKG,2008,2008,1,4,0.0,Hard,5,2,Martin Sayer,0.0,0.0,0.0,0.0,0.0,0.0,0.0,0.0,0.0
Davis Cup G2 R1: INA vs IRI,2015,2015,1,4,0.0,Hard,5,3,Christopher Rungkat,0.0,0.0,0.0,0.0,0.0,0.0,0.0,0.0,0.0
Davis Cup G2 R1: INA vs KUW,2009,2009,1,4,0.0,Hard,5,3,Mohammad Ghareeb,0.0,0.0,0.0,0.0,0.0,0.0,0.0,0.0,0.0
Davis Cup G2 R1: INA vs MAS,2006,2006,1,4,0.0,Hard,5,2,Suwandi Suwandi,0.0,0.0,0.0,0.0,0.0,0.0,0.0,0.0,0.0
Davis Cup G2 R1: IRI vs HKG,2018,2018,1,3,83.0,Hard,3,2,Anthony Jackie Tang,13.0,10.5,276.0,161.0,101.5,57.0,41.0,17.0,30.5
Davis Cup G2 R1: IRI vs INA,2011,2011,1,4,0.0,Clay,5,3,Christopher Rungkat,0.0,0.0,0.0,0.0,0.0,0.0,0.0,0.0,0.0
Davis Cup G2 R1: IRI vs KUW,2005,2005,1,4,0.0,Clay,5,3,Abdullah Maqdas,0.0,0.0,0.0,0.0,0.0,0.0,0.0,0.0,0.0
Davis Cup G2 R1: IRI vs LIB,2003,2003,1,4,0.0,Clay,5,2,Patrick Chucri,0.0,0.0,0.0,0.0,0.0,0.0,0.0,0.0,0.0
Davis Cup G2 R1: IRL vs BLR,1997,2015,19,8,0.0,Hard,5,5,Max Mirnyi,0.0,0.0,0.0,0.0,0.0,0.0,0.0,0.0,0.0
Davis Cup G2 R1: IRL vs DEN,2018,2018,1,4,90.0,Hard,3,2,Frederik Nielsen,16.5,13.5,330.0,177.5,131.5,69.5,47.5,30.0,42.0
Davis Cup G2 R1: IRL vs EGY,2003,2003,1,4,0.0,Hard,5,4,John Doran,0.0,0.0,0.0,0.0,0.0,0.0,0.0,0.0,0.0
Davis Cup G2 R1: IRL vs EST,2013,2013,1,4,0.0,Hard,5,2,Vladimir Ivanov,0.0,0.0,0.0,0.0,0.0,0.0,0.0,0.0,0.0
Davis Cup G2 R1: IRL vs LUX,2011,2011,1,4,0.0,Hard,5,3,Gilles Muller,0.0,0.0,0.0,0.0,0.0,0.0,0.0,0.0,0.0
Davis Cup G2 R1: IRQ vs BAN,1989,1989,1,4,0.0,Hard,5,2,Shovon Jamaly,0.0,0.0,0.0,0.0,0.0,0.0,0.0,0.0,0.0
Davis Cup G2 R1: ITA vs GEO,2004,2004,1,4,0.0,Clay,5,4,Irakli Labadze,0.0,0.0,0.0,0.0,0.0,0.0,0.0,0.0,0.0
Davis Cup G2 R1: JAM vs COL,1991,1991,1,4,0.0,Hard,5,2,Alvaro Jordan,0.0,0.0,0.0,0.0,0.0,0.0,0.0,0.0,0.0
Davis Cup G2 R1: JAM vs DOM,2005,2005,1,4,0.0,Hard,5,3,Ryan Russell,0.0,0.0,0.0,0.0,0.0,0.0,0.0,0.0,0.0
Davis Cup G2 R1: JAM vs MEX,2004,2004,1,4,0.0,Hard,5,2,Miguel Gallardo Valles,0.0,0.0,0.0,0.0,0.0,0.0,0.0,0.0,0.0
Davis Cup G2 R1: JOR vs KUW,1989,1989,1,4,0.0,Hard,5,2,Hani Al Ali,0.0,0.0,0.0,0.0,0.0,0.0,0.0,0.0,0.0
Davis Cup G2 R1: JOR vs MAS,1990,1990,1,4,0.0,Hard,5,2,Adam Malik,0.0,0.0,0.0,0.0,0.0,0.0,0.0,0.0,0.0
Davis Cup G2 R1: KEN vs CGO,1991,1991,1,4,0.0,Clay,5,2,Kush Bhardwaj,0.0,0.0,0.0,0.0,0.0,0.0,0.0,0.0,0.0
Davis Cup G2 R1: KEN vs LAT,1994,1994,1,3,0.0,Clay,5,4,Girts Dzelde,0.0,0.0,0.0,0.0,0.0,0.0,0.0,0.0,0.0
Davis Cup G2 R1: KOR vs SYR,2011,2011,1,4,0.0,Hard,5,3,Hyun Joon Kim,0.0,0.0,0.0,0.0,0.0,0.0,0.0,0.0,0.0
Davis Cup G2 R1: KUW vs IRI,2007,2007,1,4,0.0,Hard,5,2,Ahmad Rabeea Muhammad,0.0,0.0,0.0,0.0,0.0,0.0,0.0,0.0,0.0
Davis Cup G2 R1: KUW vs KAZ,2006,2006,1,4,0.0,Hard,5,2,Mohammad Ghareeb,0.0,0.0,0.0,0.0,0.0,0.0,0.0,0.0,0.0
Davis Cup G2 R1: KUW vs POC,2008,2008,1,4,0.0,Hard,5,2,Abdullah Maqdas,0.0,0.0,0.0,0.0,0.0,0.0,0.0,0.0,0.0
Davis Cup G2 R1: KUW vs SYR,1990,1990,1,4,0.0,Hard,5,2,Khaled Al Foudari,0.0,0.0,0.0,0.0,0.0,0.0,0.0,0.0,0.0
Davis Cup G2 R1: KUW vs THA,2013,2013,1,4,0.0,Hard,5,2,Danai Udomchoke,0.0,0.0,0.0,0.0,0.0,0.0,0.0,0.0,0.0
Davis Cup G2 R1: LAT vs BUL,2015,2015,1,4,0.0,Hard,5,3,Dimitar Kuzmanov,0.0,0.0,0.0,0.0,0.0,0.0,0.0,0.0,0.0
Davis Cup G2 R1: LAT vs CIV,1996,2002,7,8,0.0,Hard,5,5,Claude Ngoran,0.0,0.0,0.0,0.0,0.0,0.0,0.0,0.0,0.0
Davis Cup G2 R1: LBN vs TPE,2018,2018,1,4,74.333,Hard,3,2,Benjamin Hassan,6.5,7.0,250.0,150.0,109.0,57.5,47.0,8.5,18.0
Davis Cup G2 R1: LIB vs PAK,2012,2012,1,4,0.0,Clay,5,2,Bassam Beidas,0.0,0.0,0.0,0.0,0.0,0.0,0.0,0.0,0.0
Davis Cup G2 R1: LTU vs CYP,2013,2013,1,4,0.0,Hard,5,2,Ricardas Berankis,0.0,0.0,0.0,0.0,0.0,0.0,0.0,0.0,0.0
Davis Cup G2 R1: LTU vs GBR,2010,2010,1,4,0.0,Hard,5,3,Ricardas Berankis,0.0,0.0,0.0,0.0,0.0,0.0,0.0,0.0,0.0
Davis Cup G2 R1: LTU vs GEO,2009,2009,1,4,0.0,Hard,5,3,Ricardas Berankis,0.0,0.0,0.0,0.0,0.0,0.0,0.0,0.0,0.0
Davis Cup G2 R1: LTU vs MAR,2019,2019,1,4,0.0,Clay,3,4,Ricardas Berankis,0.0,0.0,0.0,0.0,0.0,0.0,0.0,0.0,0.0
Davis Cup G2 R1: LTU vs NOR,2016,2016,1,4,107.0,Hard,5,3,Ricardas Berankis,11.0,41.5,531.0,359.0,258.5,97.0,88.5,25.0,40.0
Davis Cup G2 R1: LUX vs DEN,2008,2008,1,4,0.0,Hard,5,4,Martin Pedersen,0.0,0.0,0.0,0.0,0.0,0.0,0.0,0.0,0.0
Davis Cup G2 R1: LUX vs HUN,2002,2002,1,4,0.0,Hard,5,5,Mike Scheidweiler,0.0,0.0,0.0,0.0,0.0,0.0,0.0,0.0,0.0
Davis Cup G2 R1: LUX vs IRL,2000,2000,1,4,0.0,Clay,5,4,Gilles Muller,0.0,0.0,0.0,0.0,0.0,0.0,0.0,0.0,0.0
Davis Cup G2 R1: LUX vs MAD,2015,2015,1,4,0.0,Hard,5,3,Gilles Muller,0.0,0.0,0.0,0.0,0.0,0.0,0.0,0.0,0.0
Davis Cup G2 R1: LUX vs MLT,1989,1989,1,4,0.0,Hard,5,4,Serge Brueck,0.0,0.0,0.0,0.0,0.0,0.0,0.0,0.0,0.0
Davis Cup G2 R1: MAR vs BIH,2011,2011,1,4,0.0,Clay,5,3,Reda El Amrani,0.0,0.0,0.0,0.0,0.0,0.0,0.0,0.0,0.0
Davis Cup G2 R1: MAR vs BUL,1998,1998,1,4,0.0,Clay,5,5,Karim Alami,0.0,0.0,0.0,0.0,0.0,0.0,0.0,0.0,0.0
Davis Cup G2 R1: MAR vs CYP,1993,1993,1,4,0.0,Clay,5,4,Mohamed Ridaoui,0.0,0.0,0.0,0.0,0.0,0.0,0.0,0.0,0.0
Davis Cup G2 R1: MAR vs DEN,2007,2007,1,4,0.0,Clay,5,4,Rabie Chaki,0.0,0.0,0.0,0.0,0.0,0.0,0.0,0.0,0.0
Davis Cup G2 R1: MAR vs EGY,1994,1994,1,4,0.0,Clay,5,4,Karim Alami,0.0,0.0,0.0,0.0,0.0,0.0,0.0,0.0,0.0
Davis Cup G2 R1: MAR vs YUG,1999,1999,1,4,0.0,Clay,5,4,Karim Alami,0.0,0.0,0.0,0.0,0.0,0.0,0.0,0.0,0.0
Davis Cup G2 R1: MAS vs INA,2010,2010,1,4,0.0,Hard,5,3,Sunu Wahyu Trijati,0.0,0.0,0.0,0.0,0.0,0.0,0.0,0.0,0.0
Davis Cup G2 R1: MAS vs KOR,2004,2004,1,4,0.0,Hard,5,2,Hyung Taik Lee,0.0,0.0,0.0,0.0,0.0,0.0,0.0,0.0,0.0
Davis Cup G2 R1: MAS vs KSA,1991,1991,1,4,0.0,Hard,5,5,Selvam Veerasingam,0.0,0.0,0.0,0.0,0.0,0.0,0.0,0.0,0.0
Davis Cup G2 R1: MAS vs PHI,1985,1985,1,4,0.0,Grass,5,1,Felix Barrientos,0.0,0.0,0.0,0.0,0.0,0.0,0.0,0.0,0.0
Davis Cup G2 R1: MAS vs SRI,1988,1988,1,4,0.0,Hard,5,2,Arjun Fernando,0.0,0.0,0.0,0.0,0.0,0.0,0.0,0.0,0.0
Davis Cup G2 R1: MDA vs DEN,2002,2002,1,4,0.0,Clay,5,5,Kenneth Carlsen,0.0,0.0,0.0,0.0,0.0,0.0,0.0,0.0,0.0
Davis Cup G2 R1: MDA vs HUN,2013,2013,1,4,0.0,Hard,5,2,Maxim Dubarenco,0.0,0.0,0.0,0.0,0.0,0.0,0.0,0.0,0.0
Davis Cup G2 R1: MEX vs BOL,2015,2015,1,3,0.0,Hard,5,3,Daniel Garza,0.0,0.0,0.0,0.0,0.0,0.0,0.0,0.0,0.0
Davis Cup G2 R1: MEX vs ESA,2012,2012,1,4,0.0,Clay,5,2,Daniel Garza,0.0,0.0,0.0,0.0,0.0,0.0,0.0,0.0,0.0
Davis Cup G2 R1: MEX vs GUA,2010,2016,7,8,111.75,Clay,5,3,Bruno Rodriguez,22.5,26.0,592.0,381.0,256.5,114.5,90.0,36.5,53.5
Davis Cup G2 R1: MEX vs JAM,2009,2009,1,4,0.0,Clay,5,3,Bruno Echagaray,0.0,0.0,0.0,0.0,0.0,0.0,0.0,0.0,0.0
Davis Cup G2 R1: MEX vs PAR,2019,2019,1,4,0.0,Clay,3,9,Manuel Sanchez,0.0,0.0,0.0,0.0,0.0,0.0,0.0,0.0,0.0
Davis Cup G2 R1: MEX vs PUR,2013,2013,1,4,0.0,Hard,5,2,Daniel Garza,0.0,0.0,0.0,0.0,0.0,0.0,0.0,0.0,0.0
Davis Cup G2 R1: MKD vs BIH,2010,2010,1,4,0.0,Clay,5,3,Aldin Setkic,0.0,0.0,0.0,0.0,0.0,0.0,0.0,0.0,0.0
Davis Cup G2 R1: MON vs ALG,1993,1993,1,4,0.0,Clay,5,4,Jerome Seguin,0.0,0.0,0.0,0.0,0.0,0.0,0.0,0.0,0.0
Davis Cup G2 R1: MON vs BLR,2013,2013,1,3,0.0,Clay,5,2,Benjamin Balleret,0.0,0.0,0.0,0.0,0.0,0.0,0.0,0.0,0.0
Davis Cup G2 R1: MON vs CYP,1989,1989,1,4,0.0,Clay,5,4,Jerome Seguin,0.0,0.0,0.0,0.0,0.0,0.0,0.0,0.0,0.0
Davis Cup G2 R1: MON vs FIN,2015,2015,1,4,0.0,Clay,5,3,Jarkko Nieminen,0.0,0.0,0.0,0.0,0.0,0.0,0.0,0.0,0.0
Davis Cup G2 R1: MON vs GRE,2008,2008,1,4,0.0,Clay,5,4,Jean Rene Lisnard,0.0,0.0,0.0,0.0,0.0,0.0,0.0,0.0,0.0
Davis Cup G2 R1: MON vs LAT,2016,2016,1,4,129.0,Hard,5,3,Martins Podzus,19.0,43.5,436.5,275.5,196.0,88.0,66.5,23.5,33.5
Davis Cup G2 R1: MON vs LUX,1992,1992,1,4,0.0,Clay,5,5,Johnny Goudenbour,0.0,0.0,0.0,0.0,0.0,0.0,0.0,0.0,0.0
Davis Cup G2 R1: MON vs MNE,2009,2009,1,4,0.0,Clay,5,3,Benjamin Balleret,0.0,0.0,0.0,0.0,0.0,0.0,0.0,0.0,0.0
Davis Cup G2 R1: MON vs SLO,1998,1998,1,4,0.0,Clay,5,5,Iztok Bozic,0.0,0.0,0.0,0.0,0.0,0.0,0.0,0.0,0.0
Davis Cup G2 R1: NGR vs MAR,1992,1992,1,4,0.0,Hard,5,5,Mohamed Ridaoui,0.0,0.0,0.0,0.0,0.0,0.0,0.0,0.0,0.0
Davis Cup G2 R1: NGR vs POL,1995,2007,13,8,0.0,Hard,5,4,Sule Ladipo,0.0,0.0,0.0,0.0,0.0,0.0,0.0,0.0,0.0
Davis Cup G2 R1: NGR vs ROU,1993,1993,1,4,0.0,Hard,5,4,Razvan Sabau,0.0,0.0,0.0,0.0,0.0,0.0,0.0,0.0,0.0
Davis Cup G2 R1: NGR vs SEN,1994,1994,1,4,0.0,Hard,5,4,Emmanuel Udozorh,0.0,0.0,0.0,0.0,0.0,0.0,0.0,0.0,0.0
Davis Cup G2 R1: NOR vs EGY,2002,2002,1,4,0.0,Clay,5,5,Jan Frode Andersen,0.0,0.0,0.0,0.0,0.0,0.0,0.0,0.0,0.0
Davis Cup G2 R1: NOR vs GEO,2019,2019,1,3,0.0,Clay,3,9,Casper Ruud,0.0,0.0,0.0,0.0,0.0,0.0,0.0,0.0,0.0
Davis Cup G2 R1: NOR vs HUN,2007,2007,1,4,0.0,Hard,5,4,Kornel Bardoczky,0.0,0.0,0.0,0.0,0.0,0.0,0.0,0.0,0.0
Davis Cup G2 R1: NOR vs ISR,2000,2000,1,4,0.0,Clay,5,4,Harel Levy,0.0,0.0,0.0,0.0,0.0,0.0,0.0,0.0,0.0
Davis Cup G2 R1: NOR vs MLT,1988,1988,1,4,0.0,Hard,5,4,Bent Ove Pedersen,0.0,0.0,0.0,0.0,0.0,0.0,0.0,0.0,0.0
Davis Cup G2 R1: NOR vs NGR,1997,1997,1,4,0.0,Clay,5,5,Christian Ruud,0.0,0.0,0.0,0.0,0.0,0.0,0.0,0.0,0.0
Davis Cup G2 R1: NOR vs SLO,2010,2010,1,4,0.0,Hard,5,3,Blaz Kavcic,0.0,0.0,0.0,0.0,0.0,0.0,0.0,0.0,0.0
Davis Cup G2 R1: NOR vs UKR,2004,2004,1,4,0.0,Hard,5,4,Jan Frode Andersen,0.0,0.0,0.0,0.0,0.0,0.0,0.0,0.0,0.0
Davis Cup G2 R1: NZL vs INA,2019,2019,1,3,0.0,Hard,3,9,Ajeet Rai,0.0,0.0,0.0,0.0,0.0,0.0,0.0,0.0,0.0
Davis Cup G2 R1: NZL vs KAZ,2005,2005,1,4,0.0,Hard,5,3,Gd Jones,0.0,0.0,0.0,0.0,0.0,0.0,0.0,0.0,0.0
Davis Cup G2 R1: NZL vs LIB,2006,2013,8,8,0.0,Hard,5,2,Daniel King Turner,0.0,0.0,0.0,0.0,0.0,0.0,0.0,0.0,0.0
Davis Cup G2 R1: NZL vs MAS,2009,2009,1,4,0.0,Hard,5,3,Jose Rubin Statham,0.0,0.0,0.0,0.0,0.0,0.0,0.0,0.0,0.0
Davis Cup G2 R1: OMA vs NZL,2008,2008,1,4,0.0,Hard,5,2,Gd Jones,0.0,0.0,0.0,0.0,0.0,0.0,0.0,0.0,0.0
Davis Cup G2 R1: OMA vs PAK,2009,2009,1,4,0.0,Hard,5,3,Aisam Ul Haq Qureshi,0.0,0.0,0.0,0.0,0.0,0.0,0.0,0.0,0.0
Davis Cup G2 R1: PAK vs HKG,2010,2010,1,4,0.0,Hard,5,3,Aisam Ul Haq Qureshi,0.0,0.0,0.0,0.0,0.0,0.0,0.0,0.0,0.0
Davis Cup G2 R1: PAK vs IRI,2017,2017,1,4,104.5,Hard,5,2,Aqeel Khan,14.5,26.0,237.5,148.0,113.5,48.5,40.0,11.0,17.0
Davis Cup G2 R1: PAK vs KUW,2015,2015,1,4,0.0,Clay,5,3,Mohammad Ghareeb,0.0,0.0,0.0,0.0,0.0,0.0,0.0,0.0,0.0
Davis Cup G2 R1: PAK vs MAS,1984,1984,1,4,0.0,Hard,5,1,Hamed Ul Haq,0.0,0.0,0.0,0.0,0.0,0.0,0.0,0.0,0.0
Davis Cup G2 R1: PAR vs AHO,2010,2010,1,4,0.0,Clay,5,3,Diego Galeano,0.0,0.0,0.0,0.0,0.0,0.0,0.0,0.0,0.0
Davis Cup G2 R1: PAR vs BAH,2009,2009,1,4,0.0,Clay,5,3,Ramon Delgado,0.0,0.0,0.0,0.0,0.0,0.0,0.0,0.0,0.0
Davis Cup G2 R1: PAR vs CUB,2007,2007,1,4,0.0,Clay,5,2,Gustavo Ramirez,0.0,0.0,0.0,0.0,0.0,0.0,0.0,0.0,0.0
Davis Cup G2 R1: PAR vs ESA,2008,2008,1,4,0.0,Clay,5,2,Ramon Delgado,0.0,0.0,0.0,0.0,0.0,0.0,0.0,0.0,0.0
Davis Cup G2 R1: PAR vs HAI,2003,2003,1,4,0.0,Clay,5,2,Francisco Rodriguez,0.0,0.0,0.0,0.0,0.0,0.0,0.0,0.0,0.0
Davis Cup G2 R1: PAR vs VEN,2016,2016,1,4,196.5,Hard,5,3,Ricardo Rodriguez,33.5,27.5,557.0,356.5,260.0,102.5,88.5,23.0,40.0
Davis Cup G2 R1: PER vs AHO,2011,2011,1,4,0.0,Clay,5,3,Ivan Miranda,0.0,0.0,0.0,0.0,0.0,0.0,0.0,0.0,0.0
Davis Cup G2 R1: PER vs ESA,2010,2019,10,8,0.0,Hard,3,4,Marcelo Arevalo,0.0,0.0,0.0,0.0,0.0,0.0,0.0,0.0,0.0
Davis Cup G2 R1: PER vs HAI,2013,2013,1,4,0.0,Clay,5,2,Duilio Beretta,0.0,0.0,0.0,0.0,0.0,0.0,0.0,0.0,0.0
Davis Cup G2 R1: PHI vs CHN,2004,2004,1,4,0.0,Clay,5,2,Hao Lu,0.0,0.0,0.0,0.0,0.0,0.0,0.0,0.0,0.0
Davis Cup G2 R1: PHI vs INA,2018,2018,1,4,90.25,Hard,3,2,Alberto Lim,23.5,26.0,383.5,243.0,157.5,73.5,56.0,22.0,35.5
Davis Cup G2 R1: PHI vs KOR,2005,2005,1,4,0.0,Clay,5,3,Woong Sun Jun,0.0,0.0,0.0,0.0,0.0,0.0,0.0,0.0,0.0
Davis Cup G2 R1: PHI vs KUW,2016,2016,1,4,86.333,Clay,5,3,Jeson Patrombon,33.0,28.0,567.0,338.0,223.5,116.0,80.5,35.5,56.5
Davis Cup G2 R1: PHI vs MAS,1983,1983,1,4,0.0,Clay,5,1,Ody Gabriel,0.0,0.0,0.0,0.0,0.0,0.0,0.0,0.0,0.0
Davis Cup G2 R1: PHI vs PAK,2007,2007,1,4,0.0,Hard,5,2,Cecil Mamiit,0.0,0.0,0.0,0.0,0.0,0.0,0.0,0.0,0.0
Davis Cup G2 R1: PHI vs POC,2012,2012,1,4,0.0,Hard,5,2,Jeson Patrombon,0.0,0.0,0.0,0.0,0.0,0.0,0.0,0.0,0.0
Davis Cup G2 R1: PHI vs SRI,2015,2015,1,4,0.0,Clay,5,3,Patrick Tierro,0.0,0.0,0.0,0.0,0.0,0.0,0.0,0.0,0.0
Davis Cup G2 R1: PHI vs SYR,2013,2013,1,4,0.0,Clay,5,2,Johnny Arcilla,0.0,0.0,0.0,0.0,0.0,0.0,0.0,0.0,0.0
Davis Cup G2 R1: POC vs LIB,2005,2005,1,4,0.0,Hard,5,3,Michael Leong,0.0,0.0,0.0,0.0,0.0,0.0,0.0,0.0,0.0
Davis Cup G2 R1: POC vs THA,2011,2011,1,4,0.0,Hard,5,3,Danai Udomchoke,0.0,0.0,0.0,0.0,0.0,0.0,0.0,0.0,0.0
Davis Cup G2 R1: POL vs EST,2000,2000,1,4,0.0,Clay,5,4,Rene Busch,0.0,0.0,0.0,0.0,0.0,0.0,0.0,0.0,0.0
Davis Cup G2 R1: POL vs GHA,1997,1997,1,4,0.0,Clay,5,5,Filip Aniola,0.0,0.0,0.0,0.0,0.0,0.0,0.0,0.0,0.0
Davis Cup G2 R1: POL vs ISR,2001,2001,1,4,0.0,Clay,5,4,Noam Okun,0.0,0.0,0.0,0.0,0.0,0.0,0.0,0.0,0.0
Davis Cup G2 R1: POL vs NGR,1996,1996,1,4,0.0,Clay,5,5,Bartlomiej Dabrowski,0.0,0.0,0.0,0.0,0.0,0.0,0.0,0.0,0.0
Davis Cup G2 R1: POR vs BEN,2013,2013,1,4,0.0,Clay,5,2,Joao Sousa,0.0,0.0,0.0,0.0,0.0,0.0,0.0,0.0,0.0
Davis Cup G2 R1: POR vs DEN,2010,2010,1,4,0.0,Clay,5,3,Rui Machado,0.0,0.0,0.0,0.0,0.0,0.0,0.0,0.0,0.0
Davis Cup G2 R1: POR vs GEO,1998,1998,1,4,0.0,Clay,5,5,Nuno Marques,0.0,0.0,0.0,0.0,0.0,0.0,0.0,0.0,0.0
Davis Cup G2 R1: POR vs MAR,2015,2015,1,4,0.0,Hard,5,3,Joao Sousa,0.0,0.0,0.0,0.0,0.0,0.0,0.0,0.0,0.0
Davis Cup G2 R1: POR vs MON,2003,2003,1,4,0.0,Clay,5,4,Bernardo Mota,0.0,0.0,0.0,0.0,0.0,0.0,0.0,0.0,0.0
Davis Cup G2 R1: POR vs TUN,2008,2008,1,4,0.0,Clay,5,4,Rui Machado,0.0,0.0,0.0,0.0,0.0,0.0,0.0,0.0,0.0
Davis Cup G2 R1: PUR vs BAH,2004,2004,1,4,0.0,Hard,5,2,Mark Merklein,0.0,0.0,0.0,0.0,0.0,0.0,0.0,0.0,0.0
Davis Cup G2 R1: PUR vs ESA,2015,2016,2,8,85.25,Hard,3,3,Marcelo Arevalo,23.0,23.0,421.5,246.5,161.5,97.0,69.5,23.5,42.0
Davis Cup G2 R1: PUR vs MEX,2018,2018,1,4,81.25,Hard,3,2,Manuel Sanchez,14.5,17.0,357.5,234.5,156.5,64.5,59.5,15.5,31.0
Davis Cup G2 R1: PUR vs PAR,2011,2011,1,4,0.0,Hard,5,3,Daniel Alejandro Lopez Cassaccia,0.0,0.0,0.0,0.0,0.0,0.0,0.0,0.0,0.0
Davis Cup G2 R1: ROU vs LUX,2018,2018,1,4,75.75,Hard,3,2,Marius Copil,10.0,31.5,367.0,237.0,169.0,65.5,57.5,24.0,35.0
Davis Cup G2 R1: ROU vs ZIM,2019,2019,1,4,0.0,Hard,3,4,Benjamin Lock,0.0,0.0,0.0,0.0,0.0,0.0,0.0,0.0,0.0
Davis Cup G2 R1: RSA vs BUL,2019,2019,1,4,0.0,Hard,3,9,Lloyd Harris,0.0,0.0,0.0,0.0,0.0,0.0,0.0,0.0,0.0
Davis Cup G2 R1: RSA vs CIV,1993,1993,1,4,0.0,Hard,5,4,Wayne Ferreira,0.0,0.0,0.0,0.0,0.0,0.0,0.0,0.0,0.0
Davis Cup G2 R1: RSA vs LUX,2016,2016,1,4,93.5,Hard,5,3,Tucker Vorster,20.5,25.5,426.5,240.5,174.5,105.0,67.0,29.5,40.0
Davis Cup G2 R1: RSA vs POL,2003,2003,1,4,0.0,Hard,5,4,Rik De Voest,0.0,0.0,0.0,0.0,0.0,0.0,0.0,0.0,0.0
Davis Cup G2 R1: RSA vs YUG,2001,2001,1,4,0.0,Hard,5,4,Wayne Ferreira,0.0,0.0,0.0,0.0,0.0,0.0,0.0,0.0,0.0
Davis Cup G2 R1: SEN vs EGY,1993,1993,1,4,0.0,Hard,5,4,Fadel Berthe,0.0,0.0,0.0,0.0,0.0,0.0,0.0,0.0,0.0
Davis Cup G2 R1: SEN vs POL,1998,1998,1,4,0.0,Hard,5,5,Yahiya Doumbia,0.0,0.0,0.0,0.0,0.0,0.0,0.0,0.0,0.0
Davis Cup G2 R1: SIN vs KUW,1991,1991,1,4,0.0,Hard,5,5,Tung Yi Kho,0.0,0.0,0.0,0.0,0.0,0.0,0.0,0.0,0.0
Davis Cup G2 R1: SIN vs TPE,1986,1990,5,6,0.0,Grass,5,3,Chung Hsing Liu,0.0,0.0,0.0,0.0,0.0,0.0,0.0,0.0,0.0
Davis Cup G2 R1: SLO vs CIV,2005,2005,1,4,0.0,Hard,5,3,Grega Zemlja,0.0,0.0,0.0,0.0,0.0,0.0,0.0,0.0,0.0
Davis Cup G2 R1: SLO vs GHA,2002,2002,1,4,0.0,Clay,5,5,Iztok Bozic,0.0,0.0,0.0,0.0,0.0,0.0,0.0,0.0,0.0
Davis Cup G2 R1: SLO vs GRE,1994,1994,1,4,0.0,Clay,5,4,Iztok Bozic,0.0,0.0,0.0,0.0,0.0,0.0,0.0,0.0,0.0
Davis Cup G2 R1: SLO vs POL,2004,2018,15,8,80.5,Hard,3,2,Aljaz Bedene,5.0,10.5,178.0,104.5,79.0,43.0,30.0,9.0,13.0
Davis Cup G2 R1: SRI vs HKG,1983,1983,1,4,0.0,Clay,5,1,Frank Sebaratnam,0.0,0.0,0.0,0.0,0.0,0.0,0.0,0.0,0.0
Davis Cup G2 R1: SRI vs MAS,1989,1989,1,4,0.0,Clay,5,2,Umesha Wallooppillai,0.0,0.0,0.0,0.0,0.0,0.0,0.0,0.0,0.0
Davis Cup G2 R1: SRI vs NZL,2010,2010,1,4,0.0,Clay,5,3,Jose Rubin Statham,0.0,0.0,0.0,0.0,0.0,0.0,0.0,0.0,0.0
Davis Cup G2 R1: SRI vs PAK,2013,2013,1,4,0.0,Clay,3,2,Harshana Godamanna,0.0,0.0,0.0,0.0,0.0,0.0,0.0,0.0,0.0
Davis Cup G2 R1: SRI vs SYR,1991,1991,1,4,0.0,Clay,5,5,Umesha Wallooppillai,0.0,0.0,0.0,0.0,0.0,0.0,0.0,0.0,0.0
Davis Cup G2 R1: SRI vs THA,2012,2016,5,8,166.5,Clay,5,2,Pruchya Isarow,21.0,60.5,724.5,445.5,317.0,146.5,114.0,48.0,71.0
Davis Cup G2 R1: SVK vs GBR,1995,1995,1,4,0.0,Clay,5,4,Jan Kroslak,0.0,0.0,0.0,0.0,0.0,0.0,0.0,0.0,0.0
Davis Cup G2 R1: SWE vs TUN,2017,2017,1,4,180.75,Hard,5,2,Malek Jaziri,40.5,35.0,743.5,423.0,307.0,169.5,112.5,48.5,70.5
Davis Cup G2 R1: THA vs BAN,1986,1986,1,4,0.0,Hard,5,3,Worapol Thongkamcho,0.0,0.0,0.0,0.0,0.0,0.0,0.0,0.0,0.0
Davis Cup G2 R1: THA vs HKG,2014,2014,1,4,0.0,Hard,5,2,Phillip King,0.0,0.0,0.0,0.0,0.0,0.0,0.0,0.0,0.0
Davis Cup G2 R1: THA vs PHI,2019,2019,1,3,0.0,Hard,3,4,Palaphoom Kovapitukted,0.0,0.0,0.0,0.0,0.0,0.0,0.0,0.0,0.0
Davis Cup G2 R1: THA vs POC,2010,2010,1,4,0.0,Hard,5,3,Peerakiat Siriluethaiwattana,0.0,0.0,0.0,0.0,0.0,0.0,0.0,0.0,0.0
Davis Cup G2 R1: THA vs SRI,2018,2018,1,4,80.5,Clay,3,2,Wishaya Trongcharoenchaikul,25.0,27.0,335.5,224.0,156.0,52.0,58.5,10.5,25.5
Davis Cup G2 R1: TOG vs CIV,1992,1992,1,4,0.0,Hard,5,5,Goudjo Gbedey,0.0,0.0,0.0,0.0,0.0,0.0,0.0,0.0,0.0
Davis Cup G2 R1: TPE vs HKG,1984,2019,36,7,0.0,Hard,3,9,Chang Rung Wu,0.0,0.0,0.0,0.0,0.0,0.0,0.0,0.0,0.0
Davis Cup G2 R1: TPE vs LIB,2015,2015,1,4,0.0,Hard,5,3,Jui Chen Hung,0.0,0.0,0.0,0.0,0.0,0.0,0.0,0.0,0.0
Davis Cup G2 R1: TPE vs MAS,2016,2016,1,4,90.5,Hard,5,3,Liang Chi Huang,27.5,21.5,459.5,291.5,200.5,81.5,79.5,20.0,44.5
Davis Cup G2 R1: TPE vs SIN,1987,1987,1,4,0.0,Hard,5,3,Chung Hsing Liu,0.0,0.0,0.0,0.0,0.0,0.0,0.0,0.0,0.0
Davis Cup G2 R1: TPE vs SRI,1985,1985,1,4,0.0,Hard,5,1,Huang Jung Hsu,0.0,0.0,0.0,0.0,0.0,0.0,0.0,0.0,0.0
Davis Cup G2 R1: TRI vs ECU,1991,1991,1,4,0.0,Hard,5,2,Luis Adrian Morejon,0.0,0.0,0.0,0.0,0.0,0.0,0.0,0.0,0.0
Davis Cup G2 R1: TRI vs HAI,1990,1990,1,4,0.0,Hard,5,2,Ronald Agenor,0.0,0.0,0.0,0.0,0.0,0.0,0.0,0.0,0.0
Davis Cup G2 R1: TUN vs ALG,1989,1989,1,4,0.0,Hard,5,2,Moncef Zehar,0.0,0.0,0.0,0.0,0.0,0.0,0.0,0.0,0.0
Davis Cup G2 R1: TUN vs FIN,2018,2018,1,4,74.667,Hard,3,2,Malek Jaziri,15.0,13.5,259.5,152.0,109.0,46.0,40.0,8.0,17.5
Davis Cup G2 R1: TUN vs LAT,2013,2013,1,2,0.0,Hard,5,2,Andis Juska,0.0,0.0,0.0,0.0,0.0,0.0,0.0,0.0,0.0
Davis Cup G2 R1: TUN vs POR,2004,2004,1,4,0.0,Hard,5,4,Malek Jaziri,0.0,0.0,0.0,0.0,0.0,0.0,0.0,0.0,0.0
Davis Cup G2 R1: TUR vs BIH,2012,2012,1,3,0.0,Hard,5,2,Amer Delic,0.0,0.0,0.0,0.0,0.0,0.0,0.0,0.0,0.0
Davis Cup G2 R1: TUR vs DEN,2000,2000,1,4,0.0,Hard,5,4,Kristian Pless,0.0,0.0,0.0,0.0,0.0,0.0,0.0,0.0,0.0
Davis Cup G2 R1: TUR vs GRE,2001,2001,1,4,0.0,Hard,5,4,Solon Peppas,0.0,0.0,0.0,0.0,0.0,0.0,0.0,0.0,0.0
Davis Cup G2 R1: TUR vs RSA,2015,2015,1,4,0.0,Hard,5,3,Marsel Ilhan,0.0,0.0,0.0,0.0,0.0,0.0,0.0,0.0,0.0
Davis Cup G2 R1: TUR vs ZIM,2018,2018,1,3,104.0,Hard,3,2,Benjamin Lock,6.5,11.5,214.5,121.5,90.0,47.0,36.0,3.5,10.5
Davis Cup G2 R1: UKR vs BUL,2002,2002,1,4,0.0,Clay,5,5,Orest Tereshchuk,0.0,0.0,0.0,0.0,0.0,0.0,0.0,0.0,0.0
Davis Cup G2 R1: UKR vs EGY,2008,2008,1,4,0.0,Hard,5,4,Sergiy Stakhovsky,0.0,0.0,0.0,0.0,0.0,0.0,0.0,0.0,0.0
Davis Cup G2 R1: UKR vs MON,2012,2012,1,4,0.0,Hard,5,2,Illya Marchenko,0.0,0.0,0.0,0.0,0.0,0.0,0.0,0.0,0.0
Davis Cup G2 R1: URU vs DOM,2003,2003,1,4,0.0,Clay,5,2,Jhonson Garcia,0.0,0.0,0.0,0.0,0.0,0.0,0.0,0.0,0.0
Davis Cup G2 R1: URU vs JAM,2007,2007,1,4,0.0,Clay,5,2,Marcel Felder,0.0,0.0,0.0,0.0,0.0,0.0,0.0,0.0,0.0
Davis Cup G2 R1: URU vs PER,2016,2016,1,4,0.0,Clay,5,3,Jorge Brian Panta Herreros,0.0,0.0,0.0,0.0,0.0,0.0,0.0,0.0,0.0
Davis Cup G2 R1: VEN vs AHO,2009,2009,1,4,0.0,Hard,5,3,Piero Luisi,0.0,0.0,0.0,0.0,0.0,0.0,0.0,0.0,0.0
Davis Cup G2 R1: VEN vs CRC,2015,2015,1,4,0.0,Hard,5,3,Ricardo Rodriguez,0.0,0.0,0.0,0.0,0.0,0.0,0.0,0.0,0.0
Davis Cup G2 R1: VEN vs GUA,2013,2018,6,7,104.333,Hard,3,2,Ricardo Rodriguez,15.0,21.0,332.0,177.0,122.5,78.5,50.0,23.0,35.5
Davis Cup G2 R1: VEN vs HAI,2011,2011,1,4,0.0,Hard,5,3,Olivier Sajous,0.0,0.0,0.0,0.0,0.0,0.0,0.0,0.0,0.0
Davis Cup G2 R1: VEN vs JAM,1990,1990,1,4,0.0,Clay,5,2,Carlos Claverie,0.0,0.0,0.0,0.0,0.0,0.0,0.0,0.0,0.0
Davis Cup G2 R1: VEN vs PUR,2012,2012,1,4,0.0,Hard,5,2,Ricardo Rodriguez,0.0,0.0,0.0,0.0,0.0,0.0,0.0,0.0,0.0
Davis Cup G2 R1: VIE vs INA,2016,2016,1,4,125.5,Hard,5,3,Christopher Rungkat,31.5,24.5,546.5,335.5,212.0,105.0,84.5,28.5,55.5
Davis Cup G2 R1: VIE vs PAK,2014,2014,1,4,0.0,Hard,5,2,Aqeel Khan,0.0,0.0,0.0,0.0,0.0,0.0,0.0,0.0,0.0
Davis Cup G2 R1: YUG vs RSA,2002,2002,1,4,0.0,Clay,5,5,Vladimir Pavicevic,0.0,0.0,0.0,0.0,0.0,0.0,0.0,0.0,0.0
Davis Cup G2 R1: YUG vs SVK,1996,1996,1,4,0.0,Clay,5,5,Karol Kucera,0.0,0.0,0.0,0.0,0.0,0.0,0.0,0.0,0.0
Davis Cup G2 R1: ZAM vs CMR,1991,1991,1,4,0.0,Clay,5,2,Fred Kangwa,0.0,0.0,0.0,0.0,0.0,0.0,0.0,0.0,0.0
Davis Cup G2 R1: ZIM vs BIH,2015,2015,1,4,0.0,Hard,5,3,Mirza Basic,0.0,0.0,0.0,0.0,0.0,0.0,0.0,0.0,0.0
Davis Cup G2 R1: ZIM vs FIN,2016,2016,1,4,107.25,Hard,5,3,Harri Heliovaara,15.0,45.5,490.0,312.5,203.5,86.5,77.5,25.5,47.0
Davis Cup G2 R1: ZIM vs GHA,1992,1992,1,4,0.0,Hard,5,5,Byron Black,0.0,0.0,0.0,0.0,0.0,0.0,0.0,0.0,0.0
Davis Cup G2 R1: ZIM vs NOR,2006,2006,1,4,0.0,Hard,5,4,Stian Boretti,0.0,0.0,0.0,0.0,0.0,0.0,0.0,0.0,0.0
Davis Cup G2 R2: AHO vs DOM,2006,2006,1,4,0.0,Hard,5,4,Jean Julien Rojer,0.0,0.0,0.0,0.0,0.0,0.0,0.0,0.0,0.0
Davis Cup G2 R2: BAH vs PAR,2008,2008,1,4,0.0,Hard,5,4,Ramon Delgado,0.0,0.0,0.0,0.0,0.0,0.0,0.0,0.0,0.0
Davis Cup G2 R2: BAR vs ESA,2014,2014,1,4,0.0,Hard,5,4,Darian King,0.0,0.0,0.0,0.0,0.0,0.0,0.0,0.0,0.0
Davis Cup G2 R2: BAR vs GUA,2017,2017,1,4,120.75,Hard,3,4,Darian King,17.5,26.0,554.0,361.0,250.0,93.0,82.0,33.0,50.5
Davis Cup G2 R2: BIH vs EST,2011,2011,1,4,0.0,Hard,5,7,Amer Delic,0.0,0.0,0.0,0.0,0.0,0.0,0.0,0.0,0.0
Davis Cup G2 R2: BIH vs MDA,2013,2013,1,3,0.0,Clay,5,4,Radu Albot,0.0,0.0,0.0,0.0,0.0,0.0,0.0,0.0,0.0
Davis Cup G2 R2: BLR vs BIH,2012,2012,1,4,0.0,Hard,5,4,Uladzimir Ignatik,0.0,0.0,0.0,0.0,0.0,0.0,0.0,0.0,0.0
Davis Cup G2 R2: BRA vs AHO,2005,2005,1,4,0.0,Clay,5,7,Ricardo Mello,0.0,0.0,0.0,0.0,0.0,0.0,0.0,0.0,0.0
Davis Cup G2 R2: BUL vs HUN,2006,2006,1,4,0.0,Clay,5,7,Kornel Bardoczky,0.0,0.0,0.0,0.0,0.0,0.0,0.0,0.0,0.0
Davis Cup G2 R2: BUL vs LAT,2009,2009,1,4,0.0,Clay,5,7,Andis Juska,0.0,0.0,0.0,0.0,0.0,0.0,0.0,0.0,0.0
Davis Cup G2 R2: CHI vs MEX,2015,2015,1,4,0.0,Clay,5,7,Juan Carlos Saez,0.0,0.0,0.0,0.0,0.0,0.0,0.0,0.0,0.0
Davis Cup G2 R2: CHN vs KUW,2004,2004,1,4,0.0,Hard,5,4,Ben Qiang Zhu,0.0,0.0,0.0,0.0,0.0,0.0,0.0,0.0,0.0
Davis Cup G2 R2: CHN vs TPE,2003,2003,1,4,0.0,Hard,5,4,Ben Qiang Zhu,0.0,0.0,0.0,0.0,0.0,0.0,0.0,0.0,0.0
Davis Cup G2 R2: COL vs PAR,2006,2006,1,4,0.0,Clay,5,4,Alejandro Falla,0.0,0.0,0.0,0.0,0.0,0.0,0.0,0.0,0.0
Davis Cup G2 R2: CYP vs IRL,2009,2009,1,4,0.0,Hard,5,7,Marcos Baghdatis,0.0,0.0,0.0,0.0,0.0,0.0,0.0,0.0,0.0
Davis Cup G2 R2: DEN vs LAT,2011,2011,1,4,0.0,Clay,5,7,Andis Juska,0.0,0.0,0.0,0.0,0.0,0.0,0.0,0.0,0.0
Davis Cup G2 R2: DEN vs LUX,2014,2014,1,4,0.0,Hard,5,4,Frederik Nielsen,0.0,0.0,0.0,0.0,0.0,0.0,0.0,0.0,0.0
Davis Cup G2 R2: DEN vs SLO,2003,2003,1,4,0.0,Hard,5,7,Kenneth Carlsen,0.0,0.0,0.0,0.0,0.0,0.0,0.0,0.0,0.0
Davis Cup G2 R2: DOM vs CUB,2003,2003,1,4,0.0,Clay,5,4,Victor Estrella,0.0,0.0,0.0,0.0,0.0,0.0,0.0,0.0,0.0
Davis Cup G2 R2: DOM vs PAR,2009,2009,1,4,0.0,Clay,5,7,Jose Hernandez,0.0,0.0,0.0,0.0,0.0,0.0,0.0,0.0,0.0
Davis Cup G2 R2: DOM vs URU,2004,2004,1,4,0.0,Hard,5,4,Victor Estrella,0.0,0.0,0.0,0.0,0.0,0.0,0.0,0.0,0.0
Davis Cup G2 R2: ECU vs DOM,2008,2008,1,4,0.0,Clay,5,4,Julio Cesar Campozano,0.0,0.0,0.0,0.0,0.0,0.0,0.0,0.0,0.0
Davis Cup G2 R2: EGY vs DEN,2018,2018,1,3,106.333,Hard,3,4,Karim Mohamed Maamoun,12.0,14.5,358.0,205.0,146.0,80.5,52.5,19.5,30.5
Davis Cup G2 R2: ESA vs MEX,2013,2013,1,4,0.0,Hard,5,4,Marcelo Arevalo,0.0,0.0,0.0,0.0,0.0,0.0,0.0,0.0,0.0
Davis Cup G2 R2: ESA vs VEN,2016,2017,2,8,114.429,Hard,5,7,Marcelo Arevalo,34.0,31.0,919.5,577.5,389.5,179.5,153.0,48.0,88.5
Davis Cup G2 R2: EST vs BIH,2010,2010,1,4,0.0,Clay,5,7,Aldin Setkic,0.0,0.0,0.0,0.0,0.0,0.0,0.0,0.0,0.0
Davis Cup G2 R2: FIN vs ALG,2006,2006,1,4,0.0,Clay,5,7,Jarkko Nieminen,0.0,0.0,0.0,0.0,0.0,0.0,0.0,0.0,0.0
Davis Cup G2 R2: FIN vs BIH,2014,2014,1,4,0.0,Hard,5,4,Mirza Basic,0.0,0.0,0.0,0.0,0.0,0.0,0.0,0.0,0.0
Davis Cup G2 R2: FIN vs BUL,2005,2005,1,4,0.0,Clay,5,7,Jarkko Nieminen,0.0,0.0,0.0,0.0,0.0,0.0,0.0,0.0,0.0
Davis Cup G2 R2: FIN vs LAT,2007,2007,1,4,0.0,Clay,5,7,Ernests Gulbis,0.0,0.0,0.0,0.0,0.0,0.0,0.0,0.0,0.0
Davis Cup G2 R2: FIN vs LTU,2018,2018,1,4,91.25,Hard,3,4,Ricardas Berankis,14.0,40.0,441.0,282.5,212.0,79.0,69.0,25.5,35.0
Davis Cup G2 R2: FIN vs MON,2009,2009,1,4,0.0,Clay,5,7,Henri Kontinen,0.0,0.0,0.0,0.0,0.0,0.0,0.0,0.0,0.0
Davis Cup G2 R2: GBR vs LUX,2011,2011,1,4,0.0,Hard,5,7,Andy Murray,0.0,0.0,0.0,0.0,0.0,0.0,0.0,0.0,0.0
Davis Cup G2 R2: GRE vs IRL,2003,2003,1,4,0.0,Clay,5,7,Konstantinos Economidis,0.0,0.0,0.0,0.0,0.0,0.0,0.0,0.0,0.0
Davis Cup G2 R2: GRE vs POL,2007,2007,1,4,0.0,Clay,5,7,Michal Przysiezny,0.0,0.0,0.0,0.0,0.0,0.0,0.0,0.0,0.0
Davis Cup G2 R2: HKG vs LBN,2018,2018,1,3,78.0,Hard,3,4,Benjamin Hassan,16.5,15.0,300.0,177.0,129.0,73.0,49.5,18.0,23.5
Davis Cup G2 R2: HUN vs BIH,2015,2015,1,4,0.0,Clay,5,7,Marton Fucsovics,0.0,0.0,0.0,0.0,0.0,0.0,0.0,0.0,0.0
Davis Cup G2 R2: HUN vs BLR,2011,2011,1,4,0.0,Clay,5,7,Attila Balazs,0.0,0.0,0.0,0.0,0.0,0.0,0.0,0.0,0.0
Davis Cup G2 R2: HUN vs MON,2007,2007,1,4,0.0,Clay,5,7,Benjamin Balleret,0.0,0.0,0.0,0.0,0.0,0.0,0.0,0.0,0.0
Davis Cup G2 R2: HUN vs NOR,2004,2004,1,4,0.0,Clay,5,7,Jan Frode Andersen,0.0,0.0,0.0,0.0,0.0,0.0,0.0,0.0,0.0
Davis Cup G2 R2: INA vs CHN,2008,2008,1,4,0.0,Hard,5,4,Yan Bai,0.0,0.0,0.0,0.0,0.0,0.0,0.0,0.0,0.0
Davis Cup G2 R2: INA vs HKG,2006,2006,1,4,0.0,Hard,5,4,Prima Simpatiaji,0.0,0.0,0.0,0.0,0.0,0.0,0.0,0.0,0.0
Davis Cup G2 R2: INA vs PAK,2015,2015,1,3,0.0,Hard,5,7,Aqeel Khan,0.0,0.0,0.0,0.0,0.0,0.0,0.0,0.0,0.0
Davis Cup G2 R2: INA vs THA,2010,2012,3,8,0.0,Hard,5,7,Christopher Rungkat,0.0,0.0,0.0,0.0,0.0,0.0,0.0,0.0,0.0
Davis Cup G2 R2: IRL vs FIN,2013,2013,1,4,0.0,Hard,5,4,Harri Heliovaara,0.0,0.0,0.0,0.0,0.0,0.0,0.0,0.0,0.0
Davis Cup G2 R2: IRL vs UKR,2008,2008,1,4,0.0,Grass,5,7,Sergiy Stakhovsky,0.0,0.0,0.0,0.0,0.0,0.0,0.0,0.0,0.0
Davis Cup G2 R2: ITA vs BUL,2004,2004,1,4,0.0,Clay,5,7,Filippo Volandri,0.0,0.0,0.0,0.0,0.0,0.0,0.0,0.0,0.0
Davis Cup G2 R2: KAZ vs NZL,2006,2006,1,4,0.0,Hard,5,4,Alexey Kedryuk,0.0,0.0,0.0,0.0,0.0,0.0,0.0,0.0,0.0
Davis Cup G2 R2: KOR vs LIB,2004,2004,1,4,0.0,Hard,5,4,Young Jun Kim,0.0,0.0,0.0,0.0,0.0,0.0,0.0,0.0,0.0
Davis Cup G2 R2: KOR vs PAK,2011,2011,1,3,0.0,Hard,5,7,Kyu Tae Im,0.0,0.0,0.0,0.0,0.0,0.0,0.0,0.0,0.0
Davis Cup G2 R2: KOR vs POC,2005,2005,1,4,0.0,Hard,5,7,Sun Yong Kim Jr,0.0,0.0,0.0,0.0,0.0,0.0,0.0,0.0,0.0
Davis Cup G2 R2: KUW vs INA,2007,2007,1,4,0.0,Hard,5,4,Mohammad Ghareeb,0.0,0.0,0.0,0.0,0.0,0.0,0.0,0.0,0.0
Davis Cup G2 R2: KUW vs NZL,2008,2008,1,4,0.0,Hard,5,4,Jose Rubin Statham,0.0,0.0,0.0,0.0,0.0,0.0,0.0,0.0,0.0
Davis Cup G2 R2: LAT vs BLR,2016,2016,1,4,99.25,Hard,5,7,Ilya Ivashka,20.0,31.0,472.5,290.0,216.0,94.5,76.0,22.0,33.5
Davis Cup G2 R2: LIB vs HKG,2003,2003,1,3,0.0,Hard,5,6,Wing Luen Wong,0.0,0.0,0.0,0.0,0.0,0.0,0.0,0.0,0.0
Davis Cup G2 R2: LTU vs GEO,2017,2017,1,4,87.75,Hard,5,4,Nikoloz Basilashvili,27.5,20.0,483.0,277.5,192.0,105.5,77.5,35.5,55.0
Davis Cup G2 R2: LTU vs RSA,2016,2016,1,4,112.667,Clay,5,7,Laurynas Grigelis,10.0,28.0,502.5,294.0,208.0,118.5,87.0,23.0,40.0
Davis Cup G2 R2: LUX vs BUL,2015,2015,1,4,0.0,Clay,5,7,Dimitar Kuzmanov,0.0,0.0,0.0,0.0,0.0,0.0,0.0,0.0,0.0
Davis Cup G2 R2: MDA vs BLR,2014,2014,1,4,0.0,Clay,5,4,Radu Albot,0.0,0.0,0.0,0.0,0.0,0.0,0.0,0.0,0.0
Davis Cup G2 R2: MEX vs BAH,2004,2004,1,4,0.0,Clay,5,4,Alejandro Hernandez,0.0,0.0,0.0,0.0,0.0,0.0,0.0,0.0,0.0
Davis Cup G2 R2: MEX vs BAR,2012,2012,1,4,0.0,Clay,5,4,Cesar Ramirez,0.0,0.0,0.0,0.0,0.0,0.0,0.0,0.0,0.0
Davis Cup G2 R2: MEX vs PER,2014,2018,5,7,124.667,Hard,3,4,Miguel Angel Reyes Varela,17.5,24.5,403.0,226.0,162.5,88.5,60.0,27.0,38.5
Davis Cup G2 R2: MON vs ALG,2008,2008,1,4,0.0,Clay,5,7,Benjamin Balleret,0.0,0.0,0.0,0.0,0.0,0.0,0.0,0.0,0.0
Davis Cup G2 R2: MON vs LAT,2013,2013,1,4,0.0,Clay,5,4,Ernests Gulbis,0.0,0.0,0.0,0.0,0.0,0.0,0.0,0.0,0.0
Davis Cup G2 R2: NOR vs DEN,2017,2017,1,4,134.75,Hard,5,4,Frederik Nielsen,26.5,23.5,629.5,402.0,275.0,128.0,97.5,40.5,57.5
Davis Cup G2 R2: NOR vs MKD,2006,2006,1,4,0.0,Clay,5,7,Predrag Rusevski,0.0,0.0,0.0,0.0,0.0,0.0,0.0,0.0,0.0
Davis Cup G2 R2: NZL vs INA,2009,2009,1,4,0.0,Hard,5,7,Daniel King Turner,0.0,0.0,0.0,0.0,0.0,0.0,0.0,0.0,0.0
Davis Cup G2 R2: NZL vs KUW,2005,2005,1,4,0.0,Hard,5,7,Mark Nielsen,0.0,0.0,0.0,0.0,0.0,0.0,0.0,0.0,0.0
Davis Cup G2 R2: NZL vs PAK,2010,2010,1,4,0.0,Hard,5,7,Jose Rubin Statham,0.0,0.0,0.0,0.0,0.0,0.0,0.0,0.0,0.0
Davis Cup G2 R2: PAK vs NZL,2013,2013,1,4,0.0,Grass,5,4,Daniel King Turner,0.0,0.0,0.0,0.0,0.0,0.0,0.0,0.0,0.0
Davis Cup G2 R2: PAR vs DOM,2007,2007,1,4,0.0,Clay,5,4,Ramon Delgado,0.0,0.0,0.0,0.0,0.0,0.0,0.0,0.0,0.0
Davis Cup G2 R2: PAR vs MEX,2003,2010,8,8,0.0,Clay,5,7,Daniel Garza,0.0,0.0,0.0,0.0,0.0,0.0,0.0,0.0,0.0
Davis Cup G2 R2: PAR vs VEN,2011,2011,1,3,0.0,Clay,5,7,Diego Galeano,0.0,0.0,0.0,0.0,0.0,0.0,0.0,0.0,0.0
Davis Cup G2 R2: PER vs DOM,2011,2011,1,3,0.0,Clay,5,7,Duilio Beretta,0.0,0.0,0.0,0.0,0.0,0.0,0.0,0.0,0.0
Davis Cup G2 R2: PER vs MEX,2016,2016,1,4,158.25,Clay,5,7,Mauricio Echazu,18.0,25.0,623.0,409.0,259.5,119.0,98.0,45.5,71.5
Davis Cup G2 R2: PER vs VEN,2013,2013,1,4,0.0,Clay,5,4,Ricardo Rodriguez,0.0,0.0,0.0,0.0,0.0,0.0,0.0,0.0,0.0
Davis Cup G2 R2: PHI vs PAK,2009,2014,6,12,0.0,Clay,5,7,Treat Conrad Huey,0.0,0.0,0.0,0.0,0.0,0.0,0.0,0.0,0.0
Davis Cup G2 R2: PHI vs THA,2013,2017,5,8,64.0,Clay,5,4,Ruben Gonzales,22.5,29.5,469.0,298.0,215.0,84.5,75.5,21.0,37.0
Davis Cup G2 R2: POL vs ALG,2004,2004,1,4,0.0,Clay,5,7,Lukasz Kubot,0.0,0.0,0.0,0.0,0.0,0.0,0.0,0.0,0.0
Davis Cup G2 R2: POL vs GEO,2006,2006,1,4,0.0,Clay,5,7,Irakli Labadze,0.0,0.0,0.0,0.0,0.0,0.0,0.0,0.0,0.0
Davis Cup G2 R2: POL vs ZIM,2018,2018,1,4,79.75,Hard,3,4,Kamil Majchrzak,10.5,20.5,341.5,222.0,152.5,57.5,57.5,16.5,32.5
Davis Cup G2 R2: POR vs ALG,2005,2005,1,4,0.0,Clay,5,7,Slimane Saoudi,0.0,0.0,0.0,0.0,0.0,0.0,0.0,0.0,0.0
Davis Cup G2 R2: POR vs CYP,2008,2010,3,8,0.0,Clay,5,7,Frederico Gil,0.0,0.0,0.0,0.0,0.0,0.0,0.0,0.0,0.0
Davis Cup G2 R2: POR vs FIN,2015,2015,1,4,0.0,Clay,5,7,Joao Sousa,0.0,0.0,0.0,0.0,0.0,0.0,0.0,0.0,0.0
Davis Cup G2 R2: POR vs LTU,2013,2013,1,4,0.0,Clay,5,4,Gastao Elias,0.0,0.0,0.0,0.0,0.0,0.0,0.0,0.0,0.0
Davis Cup G2 R2: POR vs SCG,2004,2004,1,4,0.0,Clay,5,7,Boris Pashanski,0.0,0.0,0.0,0.0,0.0,0.0,0.0,0.0,0.0
Davis Cup G2 R2: ROU vs MAR,2018,2018,1,4,55.75,Hard,3,4,Marius Copil,13.5,10.5,266.0,149.5,107.0,63.0,46.0,4.0,15.5
Davis Cup G2 R2: RSA vs DEN,2008,2008,1,4,0.0,Hard,5,7,Kevin Anderson,0.0,0.0,0.0,0.0,0.0,0.0,0.0,0.0,0.0
Davis Cup G2 R2: RSA vs LTU,2014,2014,1,4,0.0,Hard,5,4,Ricardas Berankis,0.0,0.0,0.0,0.0,0.0,0.0,0.0,0.0,0.0
Davis Cup G2 R2: RSA vs POR,2003,2003,1,4,0.0,Hard,5,7,Rik De Voest,0.0,0.0,0.0,0.0,0.0,0.0,0.0,0.0,0.0
Davis Cup G2 R2: RSA vs SLO,2017,2017,1,4,111.75,Hard,5,4,Lloyd Harris,20.0,58.5,525.5,309.0,238.0,122.5,86.5,4.0,13.0
Davis Cup G2 R2: SLO vs BUL,2010,2010,1,4,0.0,Clay,5,7,Blaz Kavcic,0.0,0.0,0.0,0.0,0.0,0.0,0.0,0.0,0.0
Davis Cup G2 R2: SLO vs LAT,2005,2005,1,4,0.0,Clay,5,7,Marko Tkalec,0.0,0.0,0.0,0.0,0.0,0.0,0.0,0.0,0.0
Davis Cup G2 R2: SLO vs LTU,2009,2009,1,4,0.0,Clay,5,7,Grega Zemlja,0.0,0.0,0.0,0.0,0.0,0.0,0.0,0.0,0.0
Davis Cup G2 R2: SLO vs MAR,2007,2007,1,4,0.0,Hard,5,7,Younes El Aynaoui,0.0,0.0,0.0,0.0,0.0,0.0,0.0,0.0,0.0
Davis Cup G2 R2: SWE vs TUR,2017,2017,1,4,157.75,Clay,3,4,Christian Lindell,20.5,35.5,693.5,435.0,298.0,130.0,104.0,34.0,56.5
Davis Cup G2 R2: THA vs INA,2011,2011,1,4,0.0,Hard,5,7,Danai Udomchoke,0.0,0.0,0.0,0.0,0.0,0.0,0.0,0.0,0.0
Davis Cup G2 R2: THA vs KUW,2014,2014,1,4,0.0,Hard,5,4,Pruchya Isarow,0.0,0.0,0.0,0.0,0.0,0.0,0.0,0.0,0.0
Davis Cup G2 R2: THA vs PHI,2018,2018,1,4,86.75,Clay,3,4,Wishaya Trongcharoenchaikul,10.0,34.0,369.5,207.5,152.5,97.0,63.0,12.5,21.0
Davis Cup G2 R2: TPE vs PHI,2015,2016,2,6,154.667,Clay,5,7,Ti Chen,11.5,19.5,470.0,308.0,198.5,80.5,76.5,27.5,52.5
Davis Cup G2 R2: TUR vs BIH,2016,2016,1,3,164.333,Clay,5,7,Damir Dzumhur,21.5,15.5,592.5,367.5,241.5,121.0,87.5,31.5,55.0
Davis Cup G2 R2: TUR vs BLR,2015,2015,1,4,0.0,Hard,5,7,Marsel Ilhan,0.0,0.0,0.0,0.0,0.0,0.0,0.0,0.0,0.0
Davis Cup G2 R2: UKR vs CYP,2012,2012,1,4,0.0,Hard,5,4,Sergiy Stakhovsky,0.0,0.0,0.0,0.0,0.0,0.0,0.0,0.0,0.0
Davis Cup G2 R2: UKR vs HUN,2005,2005,1,4,0.0,Hard,5,7,Sergei Yaroshenko,0.0,0.0,0.0,0.0,0.0,0.0,0.0,0.0,0.0
Davis Cup G2 R2: URU vs DOM,2005,2005,1,4,0.0,Clay,5,7,Marcel Felder,0.0,0.0,0.0,0.0,0.0,0.0,0.0,0.0,0.0
Davis Cup G2 R2: URU vs ECU,2007,2007,1,4,0.0,Clay,5,4,Pablo Cuevas,0.0,0.0,0.0,0.0,0.0,0.0,0.0,0.0,0.0
Davis Cup G2 R2: VEN vs DOM,2012,2012,1,3,0.0,Hard,5,4,Victor Estrella,0.0,0.0,0.0,0.0,0.0,0.0,0.0,0.0,0.0
Davis Cup G2 R2: VEN vs ESA,2015,2015,1,4,0.0,Hard,5,7,Marcelo Arevalo,0.0,0.0,0.0,0.0,0.0,0.0,0.0,0.0,0.0
Davis Cup G2 R2: VEN vs MEX,2009,2009,1,4,0.0,Hard,5,7,Daniel Vallverdu,0.0,0.0,0.0,0.0,0.0,0.0,0.0,0.0,0.0
Davis Cup G2 R2: VEN vs PER,2010,2010,1,3,0.0,Hard,5,7,David Souto,0.0,0.0,0.0,0.0,0.0,0.0,0.0,0.0,0.0
Davis Cup G2 R2: VEN vs URU,2018,2018,1,4,99.25,Clay,3,4,Pablo Cuevas,11.0,20.5,429.0,268.5,182.0,89.5,64.5,30.0,43.0
Davis Cup G2 R2: VIE vs THA,2016,2016,1,4,117.25,Hard,3,7,Kittipong Wachiramanowong,33.0,54.0,477.5,267.0,201.0,115.0,80.0,18.5,33.5
Davis Cup G2 R2: YUG vs BUL,2003,2003,1,4,0.0,Clay,5,7,Janko Tipsarevic,0.0,0.0,0.0,0.0,0.0,0.0,0.0,0.0,0.0
Davis Cup G2 R3: BAR vs MEX,2014,2014,1,4,0.0,Hard,5,9,Darian King,0.0,0.0,0.0,0.0,0.0,0.0,0.0,0.0,0.0
Davis Cup G2 R3: BAR vs VEN,2017,2017,1,4,107.667,Hard,3,9,Darian King,11.0,5.0,311.5,235.0,154.0,36.5,53.5,23.5,39.0
Davis Cup G2 R3: BIH vs LTU,2014,2014,1,4,0.0,Hard,5,9,Ricardas Berankis,0.0,0.0,0.0,0.0,0.0,0.0,0.0,0.0,0.0
Davis Cup G2 R3: BLR vs DEN,2016,2016,1,4,161.5,Hard,5,9,Ilya Ivashka,31.5,32.0,773.5,492.0,336.0,135.0,114.0,44.0,72.0
Davis Cup G2 R3: BUL vs HUN,2015,2015,1,4,0.0,Clay,5,9,Marton Fucsovics,0.0,0.0,0.0,0.0,0.0,0.0,0.0,0.0,0.0
Davis Cup G2 R3: CHI vs VEN,2015,2015,1,4,0.0,Clay,5,9,Gonzalo Lama,0.0,0.0,0.0,0.0,0.0,0.0,0.0,0.0,0.0
Davis Cup G2 R3: DEN vs BIH,2011,2011,1,4,0.0,Hard,5,9,Amer Delic,0.0,0.0,0.0,0.0,0.0,0.0,0.0,0.0,0.0
Davis Cup G2 R3: DEN vs RSA,2017,2017,1,3,128.333,Hard,5,9,Lloyd Harris,23.0,20.0,437.5,251.0,177.5,87.5,68.0,23.5,41.0
Davis Cup G2 R3: DOM vs MEX,2012,2012,1,4,0.0,Clay,5,9,Victor Estrella,0.0,0.0,0.0,0.0,0.0,0.0,0.0,0.0,0.0
Davis Cup G2 R3: DOM vs VEN,2009,2009,1,4,0.0,Clay,5,9,Victor Estrella,0.0,0.0,0.0,0.0,0.0,0.0,0.0,0.0,0.0
Davis Cup G2 R3: EGY vs FIN,2018,2018,1,4,104.25,Clay,3,9,Mohamed Safwat,20.0,19.5,408.5,262.0,177.0,73.0,60.5,26.5,40.5
Davis Cup G2 R3: ESA vs VEN,2013,2013,1,3,0.0,Hard,5,9,Rafael Arevalo,0.0,0.0,0.0,0.0,0.0,0.0,0.0,0.0,0.0
Davis Cup G2 R3: GBR vs HUN,2011,2011,1,4,0.0,Hard,5,9,Andy Murray,0.0,0.0,0.0,0.0,0.0,0.0,0.0,0.0,0.0
Davis Cup G2 R3: GRE vs YUG,2003,2003,1,4,0.0,Clay,5,9,Konstantinos Economidis,0.0,0.0,0.0,0.0,0.0,0.0,0.0,0.0,0.0
Davis Cup G2 R3: INA vs PHI,2012,2012,1,4,0.0,Hard,5,9,Christopher Rungkat,0.0,0.0,0.0,0.0,0.0,0.0,0.0,0.0,0.0
Davis Cup G2 R3: KOR vs THA,2011,2011,1,3,0.0,Hard,5,9,Yong Kyu Lim,0.0,0.0,0.0,0.0,0.0,0.0,0.0,0.0,0.0
Davis Cup G2 R3: LAT vs FIN,2013,2013,1,4,0.0,Hard,5,9,Ernests Gulbis,0.0,0.0,0.0,0.0,0.0,0.0,0.0,0.0,0.0
Davis Cup G2 R3: LAT vs UKR,2012,2012,1,4,0.0,Hard,5,9,Ernests Gulbis,0.0,0.0,0.0,0.0,0.0,0.0,0.0,0.0,0.0
Davis Cup G2 R3: LTU vs BIH,2016,2016,1,4,108.75,Hard,3,9,Damir Dzumhur,12.0,36.5,532.5,352.0,254.0,97.5,89.0,25.5,39.5
Davis Cup G2 R3: LTU vs SLO,2010,2010,1,4,0.0,Hard,5,9,Grega Zemlja,0.0,0.0,0.0,0.0,0.0,0.0,0.0,0.0,0.0
Davis Cup G2 R3: MDA vs POR,2013,2013,1,4,0.0,Hard,5,9,Radu Albot,0.0,0.0,0.0,0.0,0.0,0.0,0.0,0.0,0.0
Davis Cup G2 R3: MEX vs VEN,2010,2010,1,4,0.0,Clay,5,9,Daniel Garza,0.0,0.0,0.0,0.0,0.0,0.0,0.0,0.0,0.0
Davis Cup G2 R3: PAK vs THA,2017,2017,1,4,154.75,Grass,5,9,Aqeel Khan,35.0,88.0,718.5,416.5,329.5,152.5,116.0,39.0,59.0
Davis Cup G2 R3: PAK vs TPE,2015,2015,1,4,0.0,Hard,5,9,Aqeel Khan,0.0,0.0,0.0,0.0,0.0,0.0,0.0,0.0,0.0
Davis Cup G2 R3: PAR vs PER,2011,2011,1,3,0.0,Clay,5,9,Mauricio Echazu,0.0,0.0,0.0,0.0,0.0,0.0,0.0,0.0,0.0
Davis Cup G2 R3: PER vs VEN,2016,2016,1,4,178.0,Clay,5,9,Nicolas Alvarez,27.5,26.5,675.5,438.0,283.5,110.0,98.5,54.5,83.0
Davis Cup G2 R3: PHI vs NZL,2009,2013,5,8,0.0,Clay,5,9,Michael Venus,0.0,0.0,0.0,0.0,0.0,0.0,0.0,0.0,0.0
Davis Cup G2 R3: POL vs BLR,2012,2012,1,4,0.0,Hard,5,9,Lukasz Kubot,0.0,0.0,0.0,0.0,0.0,0.0,0.0,0.0,0.0
Davis Cup G2 R3: POR vs BIH,2010,2010,1,4,0.0,Clay,5,9,Frederico Gil,0.0,0.0,0.0,0.0,0.0,0.0,0.0,0.0,0.0
Davis Cup G2 R3: POR vs BLR,2015,2015,1,4,0.0,Clay,5,9,Egor Gerasimov,0.0,0.0,0.0,0.0,0.0,0.0,0.0,0.0,0.0
Davis Cup G2 R3: ROU vs POL,2018,2018,1,4,78.75,Clay,3,9,Hubert Hurkacz,8.0,36.5,369.5,238.5,177.0,76.0,59.0,18.0,24.0
Davis Cup G2 R3: SWE vs LTU,2017,2017,1,4,102.0,Clay,5,9,Mikael Ymer,14.0,11.5,479.5,281.0,190.0,96.5,77.5,28.5,52.5
Davis Cup G2 R3: THA vs LBN,2018,2018,1,4,96.75,Hard,3,9,Hady Habib,21.5,39.5,437.5,264.0,199.5,92.0,73.0,14.0,26.0
Davis Cup G2 R3: THA vs NZL,2010,2010,1,4,0.0,Hard,5,9,Jose Rubin Statham,0.0,0.0,0.0,0.0,0.0,0.0,0.0,0.0,0.0
Davis Cup G2 R3: THA vs PAK,2014,2014,1,4,0.0,Hard,5,9,Danai Udomchoke,0.0,0.0,0.0,0.0,0.0,0.0,0.0,0.0,0.0
Davis Cup G2 R3: TPE vs THA,2016,2016,1,4,129.0,Hard,5,9,Kuan Yi Lee,21.5,49.0,504.5,309.0,213.0,103.5,79.0,24.5,43.0
Davis Cup G2 R3: URU vs MEX,2018,2018,1,3,107.0,Clay,3,9,Pablo Cuevas,11.5,17.5,326.0,189.5,129.5,64.5,50.5,15.5,30.0
Davis Cup G2 SF: BAH vs DOM,1989,1989,1,4,0.0,Hard,5,4,Roger Smith,0.0,0.0,0.0,0.0,0.0,0.0,0.0,0.0,0.0
Davis Cup G2 SF: BAH vs PER,1992,1992,1,4,0.0,Hard,5,3,Jaime Yzaga,0.0,0.0,0.0,0.0,0.0,0.0,0.0,0.0,0.0
Davis Cup G2 SF: BAR vs COL,1990,1990,1,4,0.0,Hard,5,6,Alvaro Jordan,0.0,0.0,0.0,0.0,0.0,0.0,0.0,0.0,0.0
Davis Cup G2 SF: CHI vs VEN,1991,1991,1,4,0.0,Clay,5,7,Pedro Rebolledo,0.0,0.0,0.0,0.0,0.0,0.0,0.0,0.0,0.0
Davis Cup G2 SF: CHN vs KAZ,2002,2002,1,4,0.0,Hard,5,4,Alexey Kedryuk,0.0,0.0,0.0,0.0,0.0,0.0,0.0,0.0,0.0
Davis Cup G2 SF: CIV vs BLR,1998,1998,1,4,0.0,Hard,5,9,Max Mirnyi,0.0,0.0,0.0,0.0,0.0,0.0,0.0,0.0,0.0
Davis Cup G2 SF: CIV vs EGY,1991,1991,1,4,0.0,Hard,5,7,Clement Ngoran,0.0,0.0,0.0,0.0,0.0,0.0,0.0,0.0,0.0
Davis Cup G2 SF: CIV vs ZIM,1988,1988,1,4,0.0,Hard,5,5,Clement Ngoran,0.0,0.0,0.0,0.0,0.0,0.0,0.0,0.0,0.0
Davis Cup G2 SF: COL vs BAH,1991,1991,1,4,0.0,Clay,5,7,Mauricio Hadad,0.0,0.0,0.0,0.0,0.0,0.0,0.0,0.0,0.0
Davis Cup G2 SF: COL vs CAN,1994,1994,1,4,0.0,Clay,5,3,Sebastien Lareau,0.0,0.0,0.0,0.0,0.0,0.0,0.0,0.0,0.0
Davis Cup G2 SF: COL vs PER,1997,1997,1,4,0.0,Clay,5,4,Miguel Tobon,0.0,0.0,0.0,0.0,0.0,0.0,0.0,0.0,0.0
Davis Cup G2 SF: COL vs URU,2002,2002,1,4,0.0,Clay,5,4,Federico Dondo,0.0,0.0,0.0,0.0,0.0,0.0,0.0,0.0,0.0
Davis Cup G2 SF: COL vs VEN,1992,1992,1,4,0.0,Clay,5,3,Nicolas Pereira,0.0,0.0,0.0,0.0,0.0,0.0,0.0,0.0,0.0
Davis Cup G2 SF: CUB vs CHI,1989,1989,1,4,0.0,Hard,5,4,Ricardo Acuna,0.0,0.0,0.0,0.0,0.0,0.0,0.0,0.0,0.0
Davis Cup G2 SF: CUB vs ECU,1990,1996,7,6,0.0,Hard,5,4,Mario Tabares,0.0,0.0,0.0,0.0,0.0,0.0,0.0,0.0,0.0
Davis Cup G2 SF: CUB vs MEX,1999,1999,1,4,0.0,Hard,5,7,Lazaro Navarro Batles,0.0,0.0,0.0,0.0,0.0,0.0,0.0,0.0,0.0
Davis Cup G2 SF: CUB vs URU,1988,1988,1,4,0.0,Hard,5,4,Victor Caldarelli,0.0,0.0,0.0,0.0,0.0,0.0,0.0,0.0,0.0
Davis Cup G2 SF: ECU vs GUA,1995,1995,1,4,0.0,Clay,5,3,Andres Gomez,0.0,0.0,0.0,0.0,0.0,0.0,0.0,0.0,0.0
Davis Cup G2 SF: ECU vs PUR,1993,1993,1,4,0.0,Clay,5,3,Andres Gomez,0.0,0.0,0.0,0.0,0.0,0.0,0.0,0.0,0.0
Davis Cup G2 SF: EGY vs UKR,1995,1995,1,4,0.0,Clay,5,9,Andrei Medvedev,0.0,0.0,0.0,0.0,0.0,0.0,0.0,0.0,0.0
Davis Cup G2 SF: FIN vs POL,1997,1997,1,4,0.0,Hard,5,9,Bartlomiej Dabrowski,0.0,0.0,0.0,0.0,0.0,0.0,0.0,0.0,0.0
Davis Cup G2 SF: GBR vs EGY,1996,1996,1,4,0.0,Grass,5,9,Greg Rusedski,0.0,0.0,0.0,0.0,0.0,0.0,0.0,0.0,0.0
Davis Cup G2 SF: GHA vs CMR,1989,1989,1,4,0.0,Hard,5,6,Kojo Atiso,0.0,0.0,0.0,0.0,0.0,0.0,0.0,0.0,0.0
Davis Cup G2 SF: GHA vs SLO,1994,1994,1,4,0.0,Hard,5,9,Frank Ofori,0.0,0.0,0.0,0.0,0.0,0.0,0.0,0.0,0.0
Davis Cup G2 SF: GRE vs DEN,2001,2001,1,4,0.0,Clay,5,9,Kristian Pless,0.0,0.0,0.0,0.0,0.0,0.0,0.0,0.0,0.0
Davis Cup G2 SF: GRE vs MON,1989,1989,1,4,0.0,Clay,5,6,Konstantinos Effraimoglou,0.0,0.0,0.0,0.0,0.0,0.0,0.0,0.0,0.0
Davis Cup G2 SF: GRE vs POL,1988,1988,1,3,0.0,Clay,5,6,George Kalovelonis,0.0,0.0,0.0,0.0,0.0,0.0,0.0,0.0,0.0
Davis Cup G2 SF: GRE vs SLO,2000,2000,1,4,0.0,Clay,5,10,Marko Tkalec,0.0,0.0,0.0,0.0,0.0,0.0,0.0,0.0,0.0
Davis Cup G2 SF: GUA vs MEX,2000,2000,1,4,0.0,Hard,5,4,Alejandro Hernandez,0.0,0.0,0.0,0.0,0.0,0.0,0.0,0.0,0.0
Davis Cup G2 SF: GUA vs VEN,2001,2001,1,4,0.0,Hard,5,4,Jose De Armas,0.0,0.0,0.0,0.0,0.0,0.0,0.0,0.0,0.0
Davis Cup G2 SF: HAI vs VEN,1998,1998,1,4,0.0,Clay,5,7,Ronald Agenor,0.0,0.0,0.0,0.0,0.0,0.0,0.0,0.0,0.0
Davis Cup G2 SF: HKG vs SRI,1991,1991,1,4,0.0,Hard,5,7,Umesha Wallooppillai,0.0,0.0,0.0,0.0,0.0,0.0,0.0,0.0,0.0
Davis Cup G2 SF: HKG vs TPE,1990,1990,1,4,0.0,Hard,5,6,Mark Bailey,0.0,0.0,0.0,0.0,0.0,0.0,0.0,0.0,0.0
Davis Cup G2 SF: HUN vs DEN,1999,1999,1,3,0.0,Clay,5,9,Gergely Kisgyorgy,0.0,0.0,0.0,0.0,0.0,0.0,0.0,0.0,0.0
Davis Cup G2 SF: INA vs PHI,1999,1999,1,4,0.0,Hard,5,4,Bryan Juinio,0.0,0.0,0.0,0.0,0.0,0.0,0.0,0.0,0.0
Davis Cup G2 SF: IRI vs CHN,1993,1993,1,4,0.0,Clay,5,3,Jia Ping Xia,0.0,0.0,0.0,0.0,0.0,0.0,0.0,0.0,0.0
Davis Cup G2 SF: IRI vs PAK,1998,1998,1,4,0.0,Clay,5,7,Muhammad Khaliq Siddiq,0.0,0.0,0.0,0.0,0.0,0.0,0.0,0.0,0.0
Davis Cup G2 SF: IRI vs THA,1994,1999,6,8,0.0,Clay,5,3,Mansour Bahrami,0.0,0.0,0.0,0.0,0.0,0.0,0.0,0.0,0.0
Davis Cup G2 SF: IRI vs TPE,1997,1997,1,4,0.0,Clay,5,4,Mansour Bahrami,0.0,0.0,0.0,0.0,0.0,0.0,0.0,0.0,0.0
Davis Cup G2 SF: IRL vs NOR,1988,1988,1,4,0.0,Grass,5,6,Bent Ove Pedersen,0.0,0.0,0.0,0.0,0.0,0.0,0.0,0.0,0.0
Davis Cup G2 SF: JAM vs VEN,1988,1988,1,4,0.0,Hard,5,4,Doug Burke,0.0,0.0,0.0,0.0,0.0,0.0,0.0,0.0,0.0
Davis Cup G2 SF: JPN vs KOR,1983,1983,1,4,0.0,Hard,5,5,Tsuyoshi Fukui,0.0,0.0,0.0,0.0,0.0,0.0,0.0,0.0,0.0
Davis Cup G2 SF: KEN vs MAR,1989,1989,1,4,0.0,Clay,5,6,Khalid Outaleb,0.0,0.0,0.0,0.0,0.0,0.0,0.0,0.0,0.0
Davis Cup G2 SF: KEN vs NGR,1991,1991,1,4,0.0,Clay,5,7,Paul Wekesa,0.0,0.0,0.0,0.0,0.0,0.0,0.0,0.0,0.0
Davis Cup G2 SF: LAT vs MAR,1994,1994,1,4,0.0,Hard,5,9,Hicham Arazi,0.0,0.0,0.0,0.0,0.0,0.0,0.0,0.0,0.0
Davis Cup G2 SF: LIB vs HKG,2001,2001,1,4,0.0,Clay,5,4,Michael Brown B395,0.0,0.0,0.0,0.0,0.0,0.0,0.0,0.0,0.0
Davis Cup G2 SF: LIB vs THA,1997,1997,1,4,0.0,Hard,5,4,Jicham Zaatini,0.0,0.0,0.0,0.0,0.0,0.0,0.0,0.0,0.0
Davis Cup G2 SF: LUX vs BEL,1989,1989,1,4,0.0,Hard,5,6,Xavier Daufresne,0.0,0.0,0.0,0.0,0.0,0.0,0.0,0.0,0.0
Davis Cup G2 SF: LUX vs ISR,2001,2001,1,4,0.0,Clay,5,9,Harel Levy,0.0,0.0,0.0,0.0,0.0,0.0,0.0,0.0,0.0
Davis Cup G2 SF: LUX vs SLO,2002,2002,1,4,0.0,Hard,5,9,Mike Scheidweiler,0.0,0.0,0.0,0.0,0.0,0.0,0.0,0.0,0.0
Davis Cup G2 SF: LUX vs TUR,1991,1991,1,4,0.0,Hard,5,6,Johnny Goudenbour,0.0,0.0,0.0,0.0,0.0,0.0,0.0,0.0,0.0
Davis Cup G2 SF: MAR vs EGY,1988,1988,1,4,0.0,Clay,5,5,Ahmed El Mehelmy,0.0,0.0,0.0,0.0,0.0,0.0,0.0,0.0,0.0
Davis Cup G2 SF: MAR vs POL,1999,1999,1,4,0.0,Clay,5,9,Hicham Arazi,0.0,0.0,0.0,0.0,0.0,0.0,0.0,0.0,0.0
Davis Cup G2 SF: MAR vs TOG,1990,1990,1,4,0.0,Clay,5,6,Mohamed Ridaoui,0.0,0.0,0.0,0.0,0.0,0.0,0.0,0.0,0.0
Davis Cup G2 SF: MAS vs INA,2000,2000,1,4,0.0,Hard,5,4,Suwandi Suwandi,0.0,0.0,0.0,0.0,0.0,0.0,0.0,0.0,0.0
Davis Cup G2 SF: MAS vs THA,1992,1992,1,4,0.0,Hard,5,3,Adam Malik,0.0,0.0,0.0,0.0,0.0,0.0,0.0,0.0,0.0
Davis Cup G2 SF: MAS vs TPE,2001,2001,1,4,0.0,Hard,5,4,Yen Hsun Lu,0.0,0.0,0.0,0.0,0.0,0.0,0.0,0.0,0.0
Davis Cup G2 SF: NOR vs CIV,2002,2002,1,4,0.0,Clay,5,9,Stian Boretti,0.0,0.0,0.0,0.0,0.0,0.0,0.0,0.0,0.0
Davis Cup G2 SF: NOR vs GRE,1991,1991,1,4,0.0,Clay,5,6,Christian Ruud,0.0,0.0,0.0,0.0,0.0,0.0,0.0,0.0,0.0
Davis Cup G2 SF: PAK vs BAN,1989,1989,1,4,0.0,Clay,5,6,Hamed Ul Haq,0.0,0.0,0.0,0.0,0.0,0.0,0.0,0.0,0.0
Davis Cup G2 SF: PAK vs TPE,2002,2002,1,4,0.0,Grass,5,4,Aisam Ul Haq Qureshi,0.0,0.0,0.0,0.0,0.0,0.0,0.0,0.0,0.0
Davis Cup G2 SF: PAK vs UZB,1996,1996,1,4,0.0,Grass,5,4,Dmitri Tomashevich,0.0,0.0,0.0,0.0,0.0,0.0,0.0,0.0,0.0
Davis Cup G2 SF: PAR vs PER,2002,2002,1,4,0.0,Clay,5,4,Luis Horna,0.0,0.0,0.0,0.0,0.0,0.0,0.0,0.0,0.0
Davis Cup G2 SF: PAR vs URU,1997,1997,1,4,0.0,Clay,5,4,Marcelo Filippini,0.0,0.0,0.0,0.0,0.0,0.0,0.0,0.0,0.0
Davis Cup G2 SF: PER vs PAR,1993,1993,1,4,0.0,Clay,5,3,Alejandro Aramburu Acuna,0.0,0.0,0.0,0.0,0.0,0.0,0.0,0.0,0.0
Davis Cup G2 SF: PER vs URU,1999,1999,1,4,0.0,Clay,5,7,Luis Horna,0.0,0.0,0.0,0.0,0.0,0.0,0.0,0.0,0.0
Davis Cup G2 SF: POL vs BUL,1990,1990,1,4,0.0,Clay,5,6,Wojtek Kowalski,0.0,0.0,0.0,0.0,0.0,0.0,0.0,0.0,0.0
Davis Cup G2 SF: POR vs HUN,1998,1998,1,4,0.0,Hard,5,9,Nuno Marques,0.0,0.0,0.0,0.0,0.0,0.0,0.0,0.0,0.0
Davis Cup G2 SF: POR vs NOR,1997,1997,1,4,0.0,Clay,5,9,Christian Ruud,0.0,0.0,0.0,0.0,0.0,0.0,0.0,0.0,0.0
Davis Cup G2 SF: ROU vs MAR,1993,1993,1,4,0.0,Clay,5,9,Dinu Pescariu,0.0,0.0,0.0,0.0,0.0,0.0,0.0,0.0,0.0
Davis Cup G2 SF: SEN vs RSA,1993,1993,1,4,0.0,Hard,5,9,Marcos Ondruska,0.0,0.0,0.0,0.0,0.0,0.0,0.0,0.0,0.0
Davis Cup G2 SF: SRI vs HKG,1992,1992,1,4,0.0,Clay,5,3,Michael Walker,0.0,0.0,0.0,0.0,0.0,0.0,0.0,0.0,0.0
Davis Cup G2 SF: SRI vs MAS,1968,1968,1,4,0.0,Clay,5,3,Senaka Kumara,0.0,0.0,0.0,0.0,0.0,0.0,0.0,0.0,0.0
Davis Cup G2 SF: SRI vs THA,1990,1990,1,4,0.0,Clay,5,6,Worapol Thongkamcho,0.0,0.0,0.0,0.0,0.0,0.0,0.0,0.0,0.0
Davis Cup G2 SF: THA vs CHN,1995,1995,1,4,0.0,Hard,5,3,Bing Pan,0.0,0.0,0.0,0.0,0.0,0.0,0.0,0.0,0.0
Davis Cup G2 SF: THA vs HKG,1996,1996,1,4,0.0,Hard,5,4,Worapol Thongkamcho,0.0,0.0,0.0,0.0,0.0,0.0,0.0,0.0,0.0
Davis Cup G2 SF: THA vs PAK,1993,1993,1,4,0.0,Hard,5,3,Tanakorn Srichaphan,0.0,0.0,0.0,0.0,0.0,0.0,0.0,0.0,0.0
Davis Cup G2 SF: THA vs SRI,1989,1989,1,4,0.0,Hard,5,6,Tanakorn Srichaphan,0.0,0.0,0.0,0.0,0.0,0.0,0.0,0.0,0.0
Davis Cup G2 SF: THA vs TPE,1998,1998,1,4,0.0,Hard,5,7,Paradorn Srichaphan,0.0,0.0,0.0,0.0,0.0,0.0,0.0,0.0,0.0
Davis Cup G2 SF: TPE vs PAK,1991,2000,10,12,0.0,Clay,5,3,Chih Jung Chen,0.0,0.0,0.0,0.0,0.0,0.0,0.0,0.0,0.0
Davis Cup G2 SF: TUR vs NOR,1990,1990,1,4,0.0,Clay,5,6,Alaaddin Karagoz,0.0,0.0,0.0,0.0,0.0,0.0,0.0,0.0,0.0
Davis Cup G2 SF: URU vs AHO,2001,2001,1,4,0.0,Clay,5,4,Pablo Bianchi,0.0,0.0,0.0,0.0,0.0,0.0,0.0,0.0,0.0
Davis Cup G2 SF: URU vs COL,1996,1996,1,4,0.0,Clay,5,4,Marcelo Filippini,0.0,0.0,0.0,0.0,0.0,0.0,0.0,0.0,0.0
Davis Cup G2 SF: URU vs PER,1998,1998,1,4,0.0,Clay,5,7,Federico Dondo,0.0,0.0,0.0,0.0,0.0,0.0,0.0,0.0,0.0
Davis Cup G2 SF: UZB vs SRI,1995,1995,1,4,0.0,Clay,5,3,Dmitri Tomashevich,0.0,0.0,0.0,0.0,0.0,0.0,0.0,0.0,0.0
Davis Cup G2 SF: VEN vs ECU,1994,1994,1,4,0.0,Hard,5,3,Nicolas Pereira,0.0,0.0,0.0,0.0,0.0,0.0,0.0,0.0,0.0
Davis Cup G2 SF: VEN vs PAR,2000,2000,1,4,0.0,Hard,5,4,Jimy Szymanski,0.0,0.0,0.0,0.0,0.0,0.0,0.0,0.0,0.0
Davis Cup G2 SF: ZIM vs CIV,1990,1990,1,4,0.0,Hard,5,6,Byron Black,0.0,0.0,0.0,0.0,0.0,0.0,0.0,0.0,0.0
Davis Cup G2 SF: ZIM vs MAR,1992,1992,1,4,0.0,Hard,5,9,Byron Black,0.0,0.0,0.0,0.0,0.0,0.0,0.0,0.0,0.0
Davis Cup QLS R1: ARG vs COL,2020,2020,1,3,93.667,Clay,3,3,Daniel Elahi Galan,14.0,21.0,283.5,167.0,129.0,61.5,49.5,10.0,20.5
Davis Cup QLS R1: AUS vs BIH,2019,2019,1,3,72.667,Hard,3,2,John Millman,7.0,22.0,268.5,171.0,122.0,53.5,43.5,17.5,26.5
Davis Cup QLS R1: AUS vs BRA,2020,2020,1,3,146.667,Hard,3,3,John Millman,7.0,33.5,401.0,270.5,208.0,66.5,64.5,22.0,31.0
Davis Cup QLS R1: AUT vs CHI,2019,2019,1,4,95.75,Clay,3,2,Nicolas Jarry,9.0,32.0,437.5,285.5,209.5,77.0,68.0,24.0,32.5
Davis Cup QLS R1: AUT vs URU,2020,2020,1,3,115.333,Hard,3,3,Dennis Novak,9.5,33.0,362.0,248.0,189.0,63.5,59.0,15.5,20.5
Davis Cup QLS R1: BEL vs BRA,2019,2019,1,3,85.667,Clay,3,2,Kimmer Coppejans,5.0,17.5,263.5,176.5,129.0,46.5,42.5,11.5,16.5
Davis Cup QLS R1: BEL vs HUN,2020,2020,1,4,133.5,Clay,3,3,Marton Fucsovics,12.0,28.0,509.0,304.0,219.0,118.0,82.0,20.0,32.0
Davis Cup QLS R1: CAN vs SVK,2019,2019,1,4,92.75,Clay,3,2,Denis Shapovalov,14.0,22.0,392.5,287.5,202.5,58.5,63.5,17.5,26.0
Davis Cup QLS R1: CRO vs IND,2020,2020,1,3,101.667,Hard,3,3,Marin Cilic,7.0,39.5,317.0,197.5,148.5,69.0,48.5,18.0,25.5
Davis Cup QLS R1: CZE vs NED,2019,2019,1,3,109.667,Hard,3,2,Robin Haase,12.0,26.5,350.5,229.0,162.5,66.5,58.0,15.0,25.0
Davis Cup QLS R1: CZE vs SVK,2020,2020,1,3,116.333,Clay,3,3,Jiri Vesely,7.0,21.0,338.0,228.5,158.0,58.5,56.5,14.5,25.0
Davis Cup QLS R1: GER vs BLR,2020,2020,1,4,85.25,Hard,3,3,Jan Lennard Struff,17.5,59.0,402.0,261.0,198.5,70.5,64.0,21.0,29.0
Davis Cup QLS R1: GER vs HUN,2019,2019,1,4,97.0,Hard,3,2,Philipp Kohlschreiber,9.5,41.0,432.5,286.5,213.5,84.0,68.0,20.0,29.0
Davis Cup QLS R1: ITA vs IND,2019,2019,1,3,63.333,Grass,3,2,Andreas Seppi,6.0,20.5,247.0,155.0,115.5,52.5,41.0,12.0,16.5
Davis Cup QLS R1: JPN vs CHN,2019,2019,1,4,103.75,Hard,3,2,Taro Daniel,15.5,15.5,411.5,249.0,159.0,89.5,62.5,27.0,44.0
Davis Cup QLS R1: JPN vs ECU,2020,2020,1,2,132.0,Hard,3,3,Emilio Gomez,7.0,26.5,296.0,186.0,139.0,59.0,42.0,17.5,24.5
Davis Cup QLS R1: KAZ vs NED,2020,2020,1,3,114.667,Hard,3,3,Alexander Bublik,15.5,29.5,365.0,219.5,168.0,72.5,56.0,18.5,27.0
Davis Cup QLS R1: KAZ vs POR,2019,2019,1,3,92.667,Hard,3,2,Mikhail Kukushkin,10.5,33.0,299.5,192.5,134.5,61.0,47.5,14.5,21.5
Davis Cup QLS R1: SRB vs UZB,2019,2019,1,4,87.75,Hard,3,2,Filip Krajinovic,10.5,23.5,400.0,248.5,189.5,68.5,63.0,18.0,28.5
Davis Cup QLS R1: SUI vs RUS,2019,2019,1,3,128.667,Hard,3,2,Karen Khachanov,10.5,43.0,451.5,288.0,212.5,96.0,65.5,20.0,26.0
Davis Cup QLS R1: SWE vs CHI,2020,2020,1,3,93.667,Hard,3,3,Mikael Ymer,9.0,31.5,318.0,197.0,148.5,59.5,50.0,18.5,26.0
Davis Cup QLS R1: SWE vs COL,2019,2019,1,3,67.333,Clay,3,2,Santiago Giraldo,14.5,15.5,245.5,151.5,104.5,45.0,38.5,9.5,19.0
Davis Cup QLS R1: USA vs UZB,2020,2020,1,3,67.0,Hard,3,3,Reilly Opelka,9.0,24.0,232.0,136.5,96.0,51.5,38.0,12.0,19.5
Davis Cup SAM F: ARG vs CHI,1973,1979,7,4,0.0,Clay,5,3,Hans Gildemeister,0.0,0.0,0.0,0.0,0.0,0.0,0.0,0.0,0.0
Davis Cup SAM F: BRA vs ARG,1980,1980,1,4,0.0,Clay,5,2,Guillermo Vilas,0.0,0.0,0.0,0.0,0.0,0.0,0.0,0.0,0.0
Davis Cup SAM F: CHI vs ARG,1978,1978,1,2,0.0,Clay,5,3,Hans Gildemeister,0.0,0.0,0.0,0.0,0.0,0.0,0.0,0.0,0.0
Davis Cup SAM F: CHI vs RSA,1974,1974,1,2,0.0,Clay,5,3,Cliff Drysdale,0.0,0.0,0.0,0.0,0.0,0.0,0.0,0.0,0.0
Davis Cup SAM F: CHI vs URU,1981,1981,1,4,0.0,Clay,5,2,Belus Prajoux,0.0,0.0,0.0,0.0,0.0,0.0,0.0,0.0,0.0
Davis Cup SAM F: COL vs CHI,1981,1981,1,4,0.0,Clay,5,3,Jairo Velasco,0.0,0.0,0.0,0.0,0.0,0.0,0.0,0.0,0.0
Davis Cup SAM F: ECU vs CHI,1968,1968,1,3,0.0,Clay,5,5,Jaime Pinto Bravo,0.0,0.0,0.0,0.0,0.0,0.0,0.0,0.0,0.0
Davis Cup SAM PQ: BRA vs RSA,1973,1973,1,4,0.0,Clay,5,12,Cliff Drysdale,0.0,0.0,0.0,0.0,0.0,0.0,0.0,0.0,0.0
Davis Cup SAM PQ: ECU vs URU,1973,1973,1,4,0.0,Clay,5,10,Ricardo Ycaza,0.0,0.0,0.0,0.0,0.0,0.0,0.0,0.0,0.0
Davis Cup SAM PR: ARG vs BRA,1973,1973,1,4,0.0,Clay,5,3,Guillermo Vilas,0.0,0.0,0.0,0.0,0.0,0.0,0.0,0.0,0.0
Davis Cup SAM PR: ARG vs ECU,1973,1973,1,4,0.0,Clay,5,2,Guillermo Vilas,0.0,0.0,0.0,0.0,0.0,0.0,0.0,0.0,0.0
Davis Cup SAM PR: BOL vs BRA,1978,1978,1,4,0.0,Clay,5,10,Cassio Motta,0.0,0.0,0.0,0.0,0.0,0.0,0.0,0.0,0.0
Davis Cup SAM PR: ECU vs BRA,1979,1979,1,4,0.0,Clay,5,10,Carlos Kirmayr,0.0,0.0,0.0,0.0,0.0,0.0,0.0,0.0,0.0
Davis Cup SAM PR: URU vs ECU,1977,1977,1,4,0.0,Clay,5,11,Ricardo Ycaza,0.0,0.0,0.0,0.0,0.0,0.0,0.0,0.0,0.0
Davis Cup SAM QF: ARG vs CHI,1970,1970,1,2,0.0,Clay,5,3,Patricio Cornejo,0.0,0.0,0.0,0.0,0.0,0.0,0.0,0.0,0.0
Davis Cup SAM QF: BOL vs ECU,1982,1982,1,4,0.0,Clay,5,1,Andres Gomez,0.0,0.0,0.0,0.0,0.0,0.0,0.0,0.0,0.0
Davis Cup SAM QF: COL vs ECU,1970,1970,1,4,0.0,Clay,5,4,Ivan Molina,0.0,0.0,0.0,0.0,0.0,0.0,0.0,0.0,0.0
Davis Cup SAM QF: ECU vs COL,1972,1972,1,4,0.0,Clay,5,3,Ivan Molina,0.0,0.0,0.0,0.0,0.0,0.0,0.0,0.0,0.0
Davis Cup SAM QF: ECU vs VEN,1971,1971,1,4,0.0,Hard,5,3,Miguel Olvera,0.0,0.0,0.0,0.0,0.0,0.0,0.0,0.0,0.0
Davis Cup SAM QF: NZL vs VIE,1974,1974,1,4,0.0,Grass,5,11,Onny Parun,0.0,0.0,0.0,0.0,0.0,0.0,0.0,0.0,0.0
Davis Cup SAM QF: PAR vs PER,1982,1982,1,4,0.0,Clay,5,1,Francisco Gonzalez,0.0,0.0,0.0,0.0,0.0,0.0,0.0,0.0,0.0
Davis Cup SAM QF: URU vs ARG,1971,1971,1,4,0.0,Clay,5,3,Julian Ganzabal,0.0,0.0,0.0,0.0,0.0,0.0,0.0,0.0,0.0
Davis Cup SAM SF: ARG vs BRA,1978,1978,1,4,0.0,Clay,5,10,Ricardo Cano,0.0,0.0,0.0,0.0,0.0,0.0,0.0,0.0,0.0
Davis Cup SAM SF: ARG vs RSA,1973,1973,1,4,0.0,Clay,5,4,Julian Ganzabal,0.0,0.0,0.0,0.0,0.0,0.0,0.0,0.0,0.0
Davis Cup SAM SF: BRA vs ARG,1972,1974,3,8,0.0,Clay,5,12,Thomaz Koch,0.0,0.0,0.0,0.0,0.0,0.0,0.0,0.0,0.0
Davis Cup SAM SF: BRA vs ECU,1971,1982,12,8,0.0,Clay,5,1,Ricardo Ycaza,0.0,0.0,0.0,0.0,0.0,0.0,0.0,0.0,0.0
Davis Cup SAM SF: CHI vs ECU,1969,1969,1,2,0.0,Clay,5,5,Patricio Cornejo,0.0,0.0,0.0,0.0,0.0,0.0,0.0,0.0,0.0
Davis Cup SAM SF: ECU vs URU,1981,1981,1,4,0.0,Clay,5,1,Jose Luis Damiani,0.0,0.0,0.0,0.0,0.0,0.0,0.0,0.0,0.0
Davis Cup SAM SF: PER vs CHI,1981,1981,1,4,0.0,Clay,5,1,Pedro Rebolledo,0.0,0.0,0.0,0.0,0.0,0.0,0.0,0.0,0.0
Davis Cup SAM SF: URU vs PAR,1982,1982,1,4,0.0,Clay,5,1,Diego Perez,0.0,0.0,0.0,0.0,0.0,0.0,0.0,0.0,0.0
Davis Cup SAM SF: VEN vs ECU,1968,1968,1,2,0.0,Hard,5,5,Miguel Olvera,0.0,0.0,0.0,0.0,0.0,0.0,0.0,0.0,0.0
Davis Cup WG CR: AUS vs USA,1968,1968,1,4,0.0,Grass,5,12,Clark Graebner,0.0,0.0,0.0,0.0,0.0,0.0,0.0,0.0,0.0
Davis Cup WG CR: USA vs FRG,1970,1970,1,4,0.0,Hard,5,8,Arthur Ashe,0.0,0.0,0.0,0.0,0.0,0.0,0.0,0.0,0.0
Davis Cup WG CR: USA vs ROU,1969,1971,3,8,0.0,Hard,5,9,Stan Smith,0.0,0.0,0.0,0.0,0.0,0.0,0.0,0.0,0.0
Davis Cup WG F: ARG vs CRO,2016,2016,1,4,207.5,Hard,5,11,Juan Martin del Potro,22.0,96.5,729.0,451.5,359.5,147.5,125.5,26.0,43.5
Davis Cup WG F: ARG vs ESP,2008,2008,1,3,0.0,Hard,5,11,David Nalbandian,0.0,0.0,0.0,0.0,0.0,0.0,0.0,0.0,0.0
Davis Cup WG F: AUS vs ESP,2003,2003,1,3,0.0,Grass,5,11,Lleyton Hewitt,0.0,0.0,0.0,0.0,0.0,0.0,0.0,0.0,0.0
Davis Cup WG F: AUS vs FRA,2001,2001,1,4,0.0,Grass,5,11,Nicolas Escude,0.0,0.0,0.0,0.0,0.0,0.0,0.0,0.0,0.0
Davis Cup WG F: AUS vs ITA,1977,1977,1,3,0.0,Grass,5,12,John Alexander,0.0,0.0,0.0,0.0,0.0,0.0,0.0,0.0,0.0
Davis Cup WG F: AUS vs SWE,1983,1986,4,8,0.0,Grass,5,12,Pat Cash,0.0,0.0,0.0,0.0,0.0,0.0,0.0,0.0,0.0
Davis Cup WG F: BEL vs FRA,2017,2017,1,4,120.75,Hard,3,11,David Goffin,6.5,41.0,492.5,297.0,220.0,108.5,77.5,21.0,31.5
Davis Cup WG F: BEL vs GBR,2015,2015,1,3,0.0,Clay,5,11,Andy Murray,0.0,0.0,0.0,0.0,0.0,0.0,0.0,0.0,0.0
Davis Cup WG F: CHI vs ITA,1976,1976,1,2,0.0,Clay,5,12,Adriano Panatta,0.0,0.0,0.0,0.0,0.0,0.0,0.0,0.0,0.0
Davis Cup WG F: ESP vs ARG,2011,2011,1,3,0.0,Clay,5,12,Rafael Nadal,0.0,0.0,0.0,0.0,0.0,0.0,0.0,0.0,0.0
Davis Cup WG F: ESP vs AUS,2000,2000,1,3,0.0,Clay,5,12,Juan Carlos Ferrero,0.0,0.0,0.0,0.0,0.0,0.0,0.0,0.0,0.0
Davis Cup WG F: ESP vs CZE,2009,2012,4,8,0.0,Clay,5,12,David Ferrer,0.0,0.0,0.0,0.0,0.0,0.0,0.0,0.0,0.0
Davis Cup WG F: ESP vs USA,2004,2004,1,4,0.0,Clay,5,12,Carlos Moya,0.0,0.0,0.0,0.0,0.0,0.0,0.0,0.0,0.0
Davis Cup WG F: FRA vs AUS,1999,1999,1,4,0.0,Clay,5,12,Mark Philippoussis,0.0,0.0,0.0,0.0,0.0,0.0,0.0,0.0,0.0
Davis Cup WG F: FRA vs CRO,2018,2018,1,3,140.0,Clay,3,11,Marin Cilic,10.0,40.0,395.0,245.5,196.5,89.5,68.5,16.5,21.5
Davis Cup WG F: FRA vs RUS,2002,2002,1,4,0.0,Clay,5,11,Marat Safin,0.0,0.0,0.0,0.0,0.0,0.0,0.0,0.0,0.0
Davis Cup WG F: FRA vs SUI,2014,2014,1,3,0.0,Clay,5,11,Stan Wawrinka,0.0,0.0,0.0,0.0,0.0,0.0,0.0,0.0,0.0
Davis Cup WG F: FRA vs USA,1982,1982,1,4,0.0,Clay,5,11,John McEnroe,0.0,0.0,0.0,0.0,0.0,0.0,0.0,0.0,0.0
Davis Cup WG F: GER vs AUS,1993,1993,1,4,0.0,Clay,5,12,Michael Stich,0.0,0.0,0.0,0.0,0.0,0.0,0.0,0.0,0.0
Davis Cup WG F: ITA vs SWE,1998,1998,1,4,0.0,Clay,5,12,Magnus Gustafsson,0.0,0.0,0.0,0.0,0.0,0.0,0.0,0.0,0.0
Davis Cup WG F: NZL vs KOR,1985,1985,1,2,0.0,Grass,5,10,Kelly Evernden,0.0,0.0,0.0,0.0,0.0,0.0,0.0,0.0,0.0
Davis Cup WG F: ROU vs USA,1972,1972,1,4,0.0,Clay,5,10,Stan Smith,0.0,0.0,0.0,0.0,0.0,0.0,0.0,0.0,0.0
Davis Cup WG F: RUS vs USA,1995,1995,1,4,0.0,Clay,5,12,Pete Sampras,0.0,0.0,0.0,0.0,0.0,0.0,0.0,0.0,0.0
Davis Cup WG F: SRB vs CZE,2013,2013,1,4,0.0,Hard,5,11,Novak Djokovic,0.0,0.0,0.0,0.0,0.0,0.0,0.0,0.0,0.0
Davis Cup WG F: SRB vs FRA,2010,2010,1,4,0.0,Hard,5,12,Novak Djokovic,0.0,0.0,0.0,0.0,0.0,0.0,0.0,0.0,0.0
Davis Cup WG F: SRI vs IND,1969,1969,1,4,0.0,Clay,5,3,Shiv Prakash Misra,0.0,0.0,0.0,0.0,0.0,0.0,0.0,0.0,0.0
Davis Cup WG F: SVK vs CRO,2005,2005,1,4,0.0,Hard,5,12,Dominik Hrbaty,0.0,0.0,0.0,0.0,0.0,0.0,0.0,0.0,0.0
Davis Cup WG F: SWE vs FRA,1996,1996,1,4,0.0,Hard,5,11,Thomas Enqvist,0.0,0.0,0.0,0.0,0.0,0.0,0.0,0.0,0.0
Davis Cup WG F: SWE vs FRG,1988,1988,1,4,0.0,Clay,5,12,Carl Uwe Steeb,0.0,0.0,0.0,0.0,0.0,0.0,0.0,0.0,0.0
Davis Cup WG F: SWE vs IND,1987,1987,1,4,0.0,Clay,5,12,Mats Wilander,0.0,0.0,0.0,0.0,0.0,0.0,0.0,0.0,0.0
Davis Cup WG F: SWE vs USA,1984,1984,1,4,0.0,Clay,5,12,Henrik Sundstrom,0.0,0.0,0.0,0.0,0.0,0.0,0.0,0.0,0.0
Davis Cup WG F: USA vs AUS,1990,1990,1,4,0.0,Clay,5,11,Andre Agassi,0.0,0.0,0.0,0.0,0.0,0.0,0.0,0.0,0.0
Davis Cup WG F: USA vs GBR,1978,1978,1,4,0.0,Hard,5,12,John McEnroe,0.0,0.0,0.0,0.0,0.0,0.0,0.0,0.0,0.0
Davis Cup WG F: USA vs IND,1968,1968,1,4,0.0,Hard,5,11,Arthur Ashe,0.0,0.0,0.0,0.0,0.0,0.0,0.0,0.0,0.0
Davis Cup WG F: USA vs RUS,2007,2007,1,4,0.0,Hard,5,11,James Blake,0.0,0.0,0.0,0.0,0.0,0.0,0.0,0.0,0.0
Davis Cup WG F: USA vs SUI,1992,1992,1,3,0.0,Hard,5,12,Andre Agassi,0.0,0.0,0.0,0.0,0.0,0.0,0.0,0.0,0.0
Davis Cup WG PO: ARG vs BLR,2001,2001,1,4,0.0,Clay,5,9,Franco Squillari,0.0,0.0,0.0,0.0,0.0,0.0,0.0,0.0,0.0
Davis Cup WG PO: ARG vs COL,2018,2018,1,3,151.667,Clay,5,9,Diego Schwartzman,7.5,27.0,467.0,293.0,206.0,88.0,76.0,24.0,43.0
Davis Cup WG PO: ARG vs FRG,1982,1982,1,4,0.0,Clay,5,10,Guillermo Vilas,0.0,0.0,0.0,0.0,0.0,0.0,0.0,0.0,0.0
Davis Cup WG PO: ARG vs KAZ,2017,2017,1,4,172.333,Hard,5,9,Mikhail Kukushkin,8.0,29.0,489.0,295.0,198.0,99.5,75.0,14.0,32.5
Davis Cup WG PO: ARG vs SVK,1998,1998,1,4,0.0,Clay,5,9,Dominik Hrbaty,0.0,0.0,0.0,0.0,0.0,0.0,0.0,0.0,0.0
Davis Cup WG PO: ARG vs URS,1985,1985,1,4,0.0,Clay,5,10,Andrei Chesnokov,0.0,0.0,0.0,0.0,0.0,0.0,0.0,0.0,0.0
Davis Cup WG PO: AUS vs BEL,2010,2010,1,4,0.0,Hard,5,9,Olivier Rochus,0.0,0.0,0.0,0.0,0.0,0.0,0.0,0.0,0.0
Davis Cup WG PO: AUS vs IND,2002,2002,1,4,0.0,Hard,5,9,Wayne Arthurs,0.0,0.0,0.0,0.0,0.0,0.0,0.0,0.0,0.0
Davis Cup WG PO: AUS vs MAR,2004,2004,1,4,0.0,Grass,5,9,Wayne Arthurs,0.0,0.0,0.0,0.0,0.0,0.0,0.0,0.0,0.0
Davis Cup WG PO: AUS vs SUI,2011,2011,1,4,0.0,Grass,5,9,Roger Federer,0.0,0.0,0.0,0.0,0.0,0.0,0.0,0.0,0.0
Davis Cup WG PO: AUS vs SVK,2016,2016,1,2,107.5,Grass,5,9,Nick Kyrgios,10.5,27.5,272.5,182.5,134.5,46.0,44.5,6.5,15.5
Davis Cup WG PO: AUS vs UZB,1998,2014,17,8,0.0,Hard,5,9,Patrick Rafter,0.0,0.0,0.0,0.0,0.0,0.0,0.0,0.0,0.0
Davis Cup WG PO: AUT vs AUS,2018,2018,1,3,140.0,Clay,5,9,Dominic Thiem,14.5,10.5,421.5,253.5,166.0,84.0,70.0,18.0,38.5
Davis Cup WG PO: AUT vs BEL,2003,2003,1,4,0.0,Clay,5,9,Stefan Koubek,0.0,0.0,0.0,0.0,0.0,0.0,0.0,0.0,0.0
Davis Cup WG PO: AUT vs ECU,2005,2005,1,4,0.0,Hard,5,9,Jurgen Melzer,0.0,0.0,0.0,0.0,0.0,0.0,0.0,0.0,0.0
Davis Cup WG PO: AUT vs GBR,2004,2004,1,4,0.0,Clay,5,9,Stefan Koubek,0.0,0.0,0.0,0.0,0.0,0.0,0.0,0.0,0.0
Davis Cup WG PO: AUT vs MEX,2006,2006,1,4,0.0,Clay,5,9,Oliver Marach,0.0,0.0,0.0,0.0,0.0,0.0,0.0,0.0,0.0
Davis Cup WG PO: AUT vs SWE,1999,1999,1,4,0.0,Clay,5,9,Markus Hipfl,0.0,0.0,0.0,0.0,0.0,0.0,0.0,0.0,0.0
Davis Cup WG PO: BEL vs AUT,2011,2011,1,4,0.0,Hard,5,9,Andreas Haider Maurer,0.0,0.0,0.0,0.0,0.0,0.0,0.0,0.0,0.0
Davis Cup WG PO: BEL vs BRA,1993,2016,24,6,128.667,Clay,5,9,Bart Wuyts,11.5,39.0,403.0,241.5,181.5,88.5,66.5,16.5,27.5
Davis Cup WG PO: BEL vs FRA,1997,1997,1,4,0.0,Clay,5,9,Filip Dewulf,0.0,0.0,0.0,0.0,0.0,0.0,0.0,0.0,0.0
Davis Cup WG PO: BEL vs ISR,1991,2013,23,8,0.0,Clay,5,9,Eduardo Masso,0.0,0.0,0.0,0.0,0.0,0.0,0.0,0.0,0.0
Davis Cup WG PO: BEL vs KOR,1990,1990,1,4,0.0,Clay,5,8,Bart Wuyts,0.0,0.0,0.0,0.0,0.0,0.0,0.0,0.0,0.0
Davis Cup WG PO: BEL vs SWE,2012,2012,1,4,0.0,Clay,5,9,Steve Darcis,0.0,0.0,0.0,0.0,0.0,0.0,0.0,0.0,0.0
Davis Cup WG PO: BEL vs UKR,2009,2009,1,4,0.0,Clay,5,9,Steve Darcis,0.0,0.0,0.0,0.0,0.0,0.0,0.0,0.0,0.0
Davis Cup WG PO: BEL vs USA,2005,2005,1,4,0.0,Clay,5,9,Andy Roddick,0.0,0.0,0.0,0.0,0.0,0.0,0.0,0.0,0.0
Davis Cup WG PO: BRA vs CAN,2002,2002,1,3,0.0,Clay,5,9,Fernando Meligeni,0.0,0.0,0.0,0.0,0.0,0.0,0.0,0.0,0.0
Davis Cup WG PO: BRA vs CRO,2015,2015,1,3,0.0,Clay,5,9,Borna Coric,0.0,0.0,0.0,0.0,0.0,0.0,0.0,0.0,0.0
Davis Cup WG PO: BRA vs ECU,2009,2009,1,4,0.0,Clay,5,9,Nicolas Lapentti,0.0,0.0,0.0,0.0,0.0,0.0,0.0,0.0,0.0
Davis Cup WG PO: BRA vs ESP,2014,2014,1,3,0.0,Clay,5,9,Thomaz Bellucci,0.0,0.0,0.0,0.0,0.0,0.0,0.0,0.0,0.0
Davis Cup WG PO: BRA vs FRG,1981,1981,1,4,0.0,Clay,5,10,Carlos Kirmayr,0.0,0.0,0.0,0.0,0.0,0.0,0.0,0.0,0.0
Davis Cup WG PO: BRA vs IND,1991,1991,1,4,0.0,Clay,5,9,Jaime Oncins,0.0,0.0,0.0,0.0,0.0,0.0,0.0,0.0,0.0
Davis Cup WG PO: BRA vs NZL,1997,1997,1,4,0.0,Clay,5,9,Gustavo Kuerten,0.0,0.0,0.0,0.0,0.0,0.0,0.0,0.0,0.0
Davis Cup WG PO: BRA vs ROU,1998,1998,1,2,0.0,Clay,5,9,Fernando Meligeni,0.0,0.0,0.0,0.0,0.0,0.0,0.0,0.0,0.0
Davis Cup WG PO: BRA vs RUS,2012,2012,1,4,0.0,Clay,5,9,Rogerio Dutra Silva,0.0,0.0,0.0,0.0,0.0,0.0,0.0,0.0,0.0
Davis Cup WG PO: BRA vs SWE,2006,2006,1,3,0.0,Clay,5,9,Robin Soderling,0.0,0.0,0.0,0.0,0.0,0.0,0.0,0.0,0.0
Davis Cup WG PO: CAN vs AUT,1992,1992,1,4,0.0,Grass,5,9,Alex Antonitsch,0.0,0.0,0.0,0.0,0.0,0.0,0.0,0.0,0.0
Davis Cup WG PO: CAN vs BLR,2005,2005,1,4,0.0,Hard,5,9,Max Mirnyi,0.0,0.0,0.0,0.0,0.0,0.0,0.0,0.0,0.0
Davis Cup WG PO: CAN vs CHI,2016,2016,1,4,117.25,Hard,5,9,Frank Dancevic,25.0,53.0,565.0,331.5,255.5,123.0,90.0,21.0,34.5
Davis Cup WG PO: CAN vs COL,2014,2014,1,4,0.0,Hard,5,9,Milos Raonic,0.0,0.0,0.0,0.0,0.0,0.0,0.0,0.0,0.0
Davis Cup WG PO: CAN vs IND,2017,2017,1,4,164.25,Hard,5,9,Denis Shapovalov,25.5,62.5,758.0,481.0,353.0,157.0,119.5,41.5,58.0
Davis Cup WG PO: CAN vs NED,1990,2018,29,7,153.333,Hard,5,9,Milos Raonic,24.0,64.5,513.0,291.0,210.5,117.0,79.5,28.5,44.0
Davis Cup WG PO: CAN vs RSA,2012,2012,1,4,0.0,Hard,5,9,Milos Raonic,0.0,0.0,0.0,0.0,0.0,0.0,0.0,0.0,0.0
Davis Cup WG PO: CHI vs AUS,2008,2008,1,4,0.0,Clay,5,9,Fernando Gonzalez,0.0,0.0,0.0,0.0,0.0,0.0,0.0,0.0,0.0
Davis Cup WG PO: CHI vs AUT,2009,2009,1,4,0.0,Clay,5,9,Nicolas Massu,0.0,0.0,0.0,0.0,0.0,0.0,0.0,0.0,0.0
Davis Cup WG PO: CHI vs ITA,2011,2011,1,4,0.0,Hard,5,9,Potito Starace,0.0,0.0,0.0,0.0,0.0,0.0,0.0,0.0,0.0
Davis Cup WG PO: CHI vs JPN,2004,2004,1,4,0.0,Clay,5,9,Fernando Gonzalez,0.0,0.0,0.0,0.0,0.0,0.0,0.0,0.0,0.0
Davis Cup WG PO: CHI vs PAK,2005,2005,1,4,0.0,Clay,5,9,Fernando Gonzalez,0.0,0.0,0.0,0.0,0.0,0.0,0.0,0.0,0.0
Davis Cup WG PO: COL vs JPN,2015,2015,1,4,0.0,Clay,5,9,Kei Nishikori,0.0,0.0,0.0,0.0,0.0,0.0,0.0,0.0,0.0
Davis Cup WG PO: COL vs USA,2010,2010,1,3,0.0,Clay,5,9,Mardy Fish,0.0,0.0,0.0,0.0,0.0,0.0,0.0,0.0,0.0
Davis Cup WG PO: CRO vs AUS,1996,1996,1,4,0.0,Clay,5,9,Mark Philippoussis,0.0,0.0,0.0,0.0,0.0,0.0,0.0,0.0,0.0
Davis Cup WG PO: CRO vs BRA,2008,2008,1,4,0.0,Hard,5,9,Ivo Karlovic,0.0,0.0,0.0,0.0,0.0,0.0,0.0,0.0,0.0
Davis Cup WG PO: CRO vs COL,2017,2017,1,4,132.5,Clay,3,9,Marin Cilic,25.5,59.5,569.5,346.5,254.0,120.5,97.0,22.5,40.5
Davis Cup WG PO: CRO vs GBR,2013,2013,1,4,0.0,Clay,5,9,Andy Murray,0.0,0.0,0.0,0.0,0.0,0.0,0.0,0.0,0.0
Davis Cup WG PO: CUB vs CAN,1991,1991,1,4,0.0,Hard,5,9,Grant Connell,0.0,0.0,0.0,0.0,0.0,0.0,0.0,0.0,0.0
Davis Cup WG PO: CZE vs GER,2005,2005,1,4,0.0,Clay,5,9,Tomas Berdych,0.0,0.0,0.0,0.0,0.0,0.0,0.0,0.0,0.0
Davis Cup WG PO: CZE vs NED,2017,2017,1,4,179.0,Clay,5,9,Jiri Vesely,25.0,69.5,764.0,497.5,378.0,122.0,129.0,35.5,58.5
Davis Cup WG PO: CZE vs RSA,1998,1998,1,4,0.0,Clay,5,9,Slava Dosedel,0.0,0.0,0.0,0.0,0.0,0.0,0.0,0.0,0.0
Davis Cup WG PO: CZE vs ZIM,1995,1995,1,4,0.0,Clay,5,9,Petr Korda,0.0,0.0,0.0,0.0,0.0,0.0,0.0,0.0,0.0
Davis Cup WG PO: DEN vs IND,1984,1984,1,4,0.0,Clay,5,9,Ramesh Krishnan,0.0,0.0,0.0,0.0,0.0,0.0,0.0,0.0,0.0
Davis Cup WG PO: DOM vs GER,2015,2015,1,4,0.0,Hard,5,9,Philipp Kohlschreiber,0.0,0.0,0.0,0.0,0.0,0.0,0.0,0.0,0.0
Davis Cup WG PO: ECU vs GBR,2001,2001,1,4,0.0,Clay,5,9,Greg Rusedski,0.0,0.0,0.0,0.0,0.0,0.0,0.0,0.0,0.0
Davis Cup WG PO: ECU vs NED,1999,1999,1,4,0.0,Clay,5,9,Nicolas Lapentti,0.0,0.0,0.0,0.0,0.0,0.0,0.0,0.0,0.0
Davis Cup WG PO: ECU vs NZL,1984,1984,1,2,0.0,Clay,5,9,Andres Gomez,0.0,0.0,0.0,0.0,0.0,0.0,0.0,0.0,0.0
Davis Cup WG PO: ECU vs ROU,2003,2003,1,4,0.0,Clay,5,9,Nicolas Lapentti,0.0,0.0,0.0,0.0,0.0,0.0,0.0,0.0,0.0
Davis Cup WG PO: ESP vs BRA,1988,1988,1,4,0.0,Clay,5,4,Javier Sanchez,0.0,0.0,0.0,0.0,0.0,0.0,0.0,0.0,0.0
Davis Cup WG PO: ESP vs DEN,1996,1996,1,4,0.0,Clay,5,9,Carlos Moya,0.0,0.0,0.0,0.0,0.0,0.0,0.0,0.0,0.0
Davis Cup WG PO: ESP vs GBR,1982,1982,1,4,0.0,Clay,5,10,Buster C Mottram,0.0,0.0,0.0,0.0,0.0,0.0,0.0,0.0,0.0
Davis Cup WG PO: ESP vs IND,2016,2016,1,4,106.75,Hard,5,9,David Ferrer,20.0,19.5,433.0,254.0,188.0,89.0,74.5,18.0,35.5
Davis Cup WG PO: ESP vs ISR,1992,1992,1,2,0.0,Clay,5,9,Jordi Arrese,0.0,0.0,0.0,0.0,0.0,0.0,0.0,0.0,0.0
Davis Cup WG PO: ESP vs ITA,2006,2006,1,4,0.0,Clay,5,9,Rafael Nadal,0.0,0.0,0.0,0.0,0.0,0.0,0.0,0.0,0.0
Davis Cup WG PO: ESP vs NZL,1986,1986,1,4,0.0,Clay,5,10,Fernando Luna,0.0,0.0,0.0,0.0,0.0,0.0,0.0,0.0,0.0
Davis Cup WG PO: ESP vs UKR,2013,2013,1,4,0.0,Clay,5,9,Fernando Verdasco,0.0,0.0,0.0,0.0,0.0,0.0,0.0,0.0,0.0
Davis Cup WG PO: ESP vs UZB,2001,2001,1,3,0.0,Clay,5,9,Juan Carlos Ferrero,0.0,0.0,0.0,0.0,0.0,0.0,0.0,0.0,0.0
Davis Cup WG PO: FRA vs JPN,1981,1981,1,4,0.0,Clay,5,10,Thierry Tulasne,0.0,0.0,0.0,0.0,0.0,0.0,0.0,0.0,0.0
Davis Cup WG PO: FRG vs ROU,1984,1984,1,4,0.0,Clay,5,9,Hans Schwaier,0.0,0.0,0.0,0.0,0.0,0.0,0.0,0.0,0.0
Davis Cup WG PO: GBR vs ARG,1989,1989,1,4,0.0,Grass,5,7,Jeremy Bates,0.0,0.0,0.0,0.0,0.0,0.0,0.0,0.0,0.0
Davis Cup WG PO: GBR vs AUT,1991,2008,18,8,0.0,Grass,5,9,Andy Murray,0.0,0.0,0.0,0.0,0.0,0.0,0.0,0.0,0.0
Davis Cup WG PO: GBR vs CHI,1983,1983,1,2,0.0,Grass,5,9,Buster C Mottram,0.0,0.0,0.0,0.0,0.0,0.0,0.0,0.0,0.0
Davis Cup WG PO: GBR vs CRO,2007,2007,1,4,0.0,Grass,5,9,Andy Murray,0.0,0.0,0.0,0.0,0.0,0.0,0.0,0.0,0.0
Davis Cup WG PO: GBR vs ECU,2000,2000,1,4,0.0,Grass,5,7,Tim Henman,0.0,0.0,0.0,0.0,0.0,0.0,0.0,0.0,0.0
Davis Cup WG PO: GBR vs FRA,1990,1990,1,4,0.0,Grass,5,9,Henri Leconte,0.0,0.0,0.0,0.0,0.0,0.0,0.0,0.0,0.0
Davis Cup WG PO: GBR vs IND,1998,1998,1,4,0.0,Hard,5,9,Tim Henman,0.0,0.0,0.0,0.0,0.0,0.0,0.0,0.0,0.0
Davis Cup WG PO: GBR vs RSA,1999,1999,1,4,0.0,Hard,5,9,Greg Rusedski,0.0,0.0,0.0,0.0,0.0,0.0,0.0,0.0,0.0
Davis Cup WG PO: GBR vs UZB,2018,2018,1,3,194.667,Hard,5,9,Daniel Evans,38.0,29.0,612.5,378.0,252.0,102.5,88.5,40.0,68.0
Davis Cup WG PO: GBR vs YUG,1984,1984,1,4,0.0,Grass,5,9,Marko Ostoja,0.0,0.0,0.0,0.0,0.0,0.0,0.0,0.0,0.0
Davis Cup WG PO: GER vs AUS,2012,2012,1,4,0.0,Clay,5,9,Florian Mayer,0.0,0.0,0.0,0.0,0.0,0.0,0.0,0.0,0.0
Davis Cup WG PO: GER vs BLR,2003,2003,1,4,0.0,Clay,5,9,Max Mirnyi,0.0,0.0,0.0,0.0,0.0,0.0,0.0,0.0,0.0
Davis Cup WG PO: GER vs BRA,2013,2013,1,4,0.0,Hard,5,9,Florian Mayer,0.0,0.0,0.0,0.0,0.0,0.0,0.0,0.0,0.0
Davis Cup WG PO: GER vs POL,2016,2016,1,4,164.75,Clay,5,9,Jan Lennard Struff,28.5,46.0,767.5,452.0,311.0,147.5,115.5,45.0,78.0
Davis Cup WG PO: GER vs POR,2017,2017,1,4,144.0,Clay,5,9,Cedrik Marcel Stebe,29.0,35.0,672.5,411.5,267.0,122.0,102.5,43.0,74.5
Davis Cup WG PO: GER vs RSA,2010,2010,1,4,0.0,Clay,5,9,Florian Mayer,0.0,0.0,0.0,0.0,0.0,0.0,0.0,0.0,0.0
Davis Cup WG PO: GER vs THA,2006,2006,1,4,0.0,Clay,5,9,Florian Mayer,0.0,0.0,0.0,0.0,0.0,0.0,0.0,0.0,0.0
Davis Cup WG PO: GER vs VEN,2002,2002,1,4,0.0,Hard,5,9,Rainer Schuettler,0.0,0.0,0.0,0.0,0.0,0.0,0.0,0.0,0.0
Davis Cup WG PO: HUN vs ARG,1993,1993,1,4,0.0,Clay,5,9,Sandor Noszaly,0.0,0.0,0.0,0.0,0.0,0.0,0.0,0.0,0.0
Davis Cup WG PO: HUN vs AUS,1995,1995,1,4,0.0,Clay,5,9,Jozsef Krocsko,0.0,0.0,0.0,0.0,0.0,0.0,0.0,0.0,0.0
Davis Cup WG PO: HUN vs CZE,2018,2018,1,4,168.5,Clay,5,9,Lukas Rosol,21.0,54.0,714.0,488.5,334.0,116.5,112.0,42.5,67.5
Davis Cup WG PO: HUN vs ITA,1994,1994,1,4,0.0,Clay,5,9,Andrea Gaudenzi,0.0,0.0,0.0,0.0,0.0,0.0,0.0,0.0,0.0
Davis Cup WG PO: INA vs SUI,1994,1994,1,4,0.0,Hard,5,9,Jakob Hlasek,0.0,0.0,0.0,0.0,0.0,0.0,0.0,0.0,0.0
Davis Cup WG PO: IND vs BRA,2010,2010,1,4,0.0,Hard,5,9,Thomaz Bellucci,0.0,0.0,0.0,0.0,0.0,0.0,0.0,0.0,0.0
Davis Cup WG PO: IND vs CHI,1997,1997,1,4,0.0,Grass,5,9,Marcelo Rios,0.0,0.0,0.0,0.0,0.0,0.0,0.0,0.0,0.0
Davis Cup WG PO: IND vs CRO,1995,1995,1,4,0.0,Grass,5,9,Leander Paes,0.0,0.0,0.0,0.0,0.0,0.0,0.0,0.0,0.0
Davis Cup WG PO: IND vs CZE,2015,2015,1,3,0.0,Hard,5,9,Lukas Rosol,0.0,0.0,0.0,0.0,0.0,0.0,0.0,0.0,0.0
Davis Cup WG PO: IND vs GBR,1992,1992,1,4,0.0,Grass,5,9,Leander Paes,0.0,0.0,0.0,0.0,0.0,0.0,0.0,0.0,0.0
Davis Cup WG PO: IND vs RSA,1994,1994,1,4,0.0,Grass,5,9,Leander Paes,0.0,0.0,0.0,0.0,0.0,0.0,0.0,0.0,0.0
Davis Cup WG PO: IND vs SRB,2014,2014,1,4,0.0,Hard,5,9,Filip Krajinovic,0.0,0.0,0.0,0.0,0.0,0.0,0.0,0.0,0.0
Davis Cup WG PO: IND vs SWE,2005,2005,1,3,0.0,Grass,5,9,Thomas Johansson,0.0,0.0,0.0,0.0,0.0,0.0,0.0,0.0,0.0
Davis Cup WG PO: IND vs URS,1986,1986,1,4,0.0,Grass,5,10,Ramesh Krishnan,0.0,0.0,0.0,0.0,0.0,0.0,0.0,0.0,0.0
Davis Cup WG PO: ISR vs ARG,2014,2014,1,4,0.0,Hard,5,9,Leonardo Mayer,0.0,0.0,0.0,0.0,0.0,0.0,0.0,0.0,0.0
Davis Cup WG PO: ISR vs AUT,2010,2010,1,4,0.0,Hard,5,9,Jurgen Melzer,0.0,0.0,0.0,0.0,0.0,0.0,0.0,0.0,0.0
Davis Cup WG PO: ISR vs BEL,1994,1994,1,4,0.0,Hard,5,9,Filip Dewulf,0.0,0.0,0.0,0.0,0.0,0.0,0.0,0.0,0.0
Davis Cup WG PO: ISR vs CAN,2011,2011,1,4,0.0,Hard,5,9,Vasek Pospisil,0.0,0.0,0.0,0.0,0.0,0.0,0.0,0.0,0.0
Davis Cup WG PO: ISR vs CHI,2007,2007,1,4,0.0,Hard,5,9,Dudi Sela,0.0,0.0,0.0,0.0,0.0,0.0,0.0,0.0,0.0
Davis Cup WG PO: ISR vs CHN,1990,1990,1,4,0.0,Hard,5,9,Gilad Bloom,0.0,0.0,0.0,0.0,0.0,0.0,0.0,0.0,0.0
Davis Cup WG PO: ISR vs FRA,1998,1998,1,4,0.0,Hard,5,9,Cedric Pioline,0.0,0.0,0.0,0.0,0.0,0.0,0.0,0.0,0.0
Davis Cup WG PO: ISR vs PER,2008,2008,1,4,0.0,Hard,5,9,Dudi Sela,0.0,0.0,0.0,0.0,0.0,0.0,0.0,0.0,0.0
Davis Cup WG PO: ISR vs SUI,1993,1993,1,4,0.0,Hard,5,9,Amos Mansdorf,0.0,0.0,0.0,0.0,0.0,0.0,0.0,0.0,0.0
Davis Cup WG PO: ITA vs BEL,2000,2000,1,4,0.0,Clay,5,7,Olivier Rochus,0.0,0.0,0.0,0.0,0.0,0.0,0.0,0.0,0.0
Davis Cup WG PO: ITA vs CHI,1985,2012,28,7,0.0,Clay,5,10,Andreas Seppi,0.0,0.0,0.0,0.0,0.0,0.0,0.0,0.0,0.0
Davis Cup WG PO: ITA vs CRO,2001,2001,1,4,0.0,Clay,5,9,Filippo Volandri,0.0,0.0,0.0,0.0,0.0,0.0,0.0,0.0,0.0
Davis Cup WG PO: ITA vs DEN,1991,1991,1,4,0.0,Clay,5,9,Claudio Pistolesi,0.0,0.0,0.0,0.0,0.0,0.0,0.0,0.0,0.0
Davis Cup WG PO: ITA vs ESP,2005,2005,1,4,0.0,Clay,5,9,Rafael Nadal,0.0,0.0,0.0,0.0,0.0,0.0,0.0,0.0,0.0
Davis Cup WG PO: ITA vs FIN,1999,1999,1,4,0.0,Clay,5,9,Andrea Gaudenzi,0.0,0.0,0.0,0.0,0.0,0.0,0.0,0.0,0.0
Davis Cup WG PO: ITA vs KOR,1981,1981,1,4,0.0,Clay,5,10,Corrado Barazzutti,0.0,0.0,0.0,0.0,0.0,0.0,0.0,0.0,0.0
Davis Cup WG PO: ITA vs SUI,2009,2009,1,4,0.0,Clay,5,9,Roger Federer,0.0,0.0,0.0,0.0,0.0,0.0,0.0,0.0,0.0
Davis Cup WG PO: JPN vs BIH,2018,2018,1,3,99.0,Hard,5,9,Taro Daniel,11.0,28.5,316.0,196.0,149.5,70.5,55.5,11.5,20.0
Davis Cup WG PO: JPN vs BRA,2017,2017,1,3,161.333,Hard,5,9,Yuichi Sugita,15.5,37.0,514.5,301.5,212.0,101.5,81.0,23.0,43.0
Davis Cup WG PO: JPN vs COL,2013,2013,1,4,0.0,Hard,5,9,Kei Nishikori,0.0,0.0,0.0,0.0,0.0,0.0,0.0,0.0,0.0
Davis Cup WG PO: JPN vs ESP,1985,1985,1,2,0.0,Clay,5,10,Sergio Casal,0.0,0.0,0.0,0.0,0.0,0.0,0.0,0.0,0.0
Davis Cup WG PO: JPN vs IND,2011,2011,1,4,0.0,Hard,5,9,Kei Nishikori,0.0,0.0,0.0,0.0,0.0,0.0,0.0,0.0,0.0
Davis Cup WG PO: JPN vs ISR,2012,2012,1,4,0.0,Hard,5,9,Amir Weintraub,0.0,0.0,0.0,0.0,0.0,0.0,0.0,0.0,0.0
Davis Cup WG PO: JPN vs RUS,1998,1998,1,3,0.0,Hard,5,9,Yevgeny Kafelnikov,0.0,0.0,0.0,0.0,0.0,0.0,0.0,0.0,0.0
Davis Cup WG PO: JPN vs UKR,2016,2016,1,4,136.5,Hard,5,9,Taro Daniel,18.0,35.0,556.0,345.0,244.0,118.0,89.5,32.5,50.0
Davis Cup WG PO: KAZ vs RUS,2016,2016,1,3,183.0,Hard,5,9,Andrey Kuznetsov,17.0,31.0,570.0,337.5,241.0,118.0,84.5,28.0,43.5
Davis Cup WG PO: KAZ vs SUI,2010,2010,1,4,0.0,Hard,5,9,Andrey Golubev,0.0,0.0,0.0,0.0,0.0,0.0,0.0,0.0,0.0
Davis Cup WG PO: KAZ vs UZB,2012,2012,1,3,0.0,Clay,5,9,Mikhail Kukushkin,0.0,0.0,0.0,0.0,0.0,0.0,0.0,0.0,0.0
Davis Cup WG PO: KOR vs ESP,1993,1993,1,4,0.0,Hard,5,9,Sergi Bruguera,0.0,0.0,0.0,0.0,0.0,0.0,0.0,0.0,0.0
Davis Cup WG PO: KOR vs ISR,1989,1989,1,4,0.0,Hard,5,7,Amos Mansdorf,0.0,0.0,0.0,0.0,0.0,0.0,0.0,0.0,0.0
Davis Cup WG PO: KOR vs ITA,1987,1987,1,4,0.0,Hard,5,7,Dong Wook Song,0.0,0.0,0.0,0.0,0.0,0.0,0.0,0.0,0.0
Davis Cup WG PO: MAR vs FRA,1995,1995,1,4,0.0,Clay,5,9,Cedric Pioline,0.0,0.0,0.0,0.0,0.0,0.0,0.0,0.0,0.0
Davis Cup WG PO: MAR vs GBR,2003,2003,1,4,0.0,Clay,5,9,Hicham Arazi,0.0,0.0,0.0,0.0,0.0,0.0,0.0,0.0,0.0
Davis Cup WG PO: MAR vs SUI,2002,2002,1,4,0.0,Clay,5,9,Roger Federer,0.0,0.0,0.0,0.0,0.0,0.0,0.0,0.0,0.0
Davis Cup WG PO: MEX vs ARG,1996,1996,1,4,0.0,Hard,5,9,Alejandro Hernandez,0.0,0.0,0.0,0.0,0.0,0.0,0.0,0.0,0.0
Davis Cup WG PO: MEX vs ESP,1995,1995,1,4,0.0,Hard,5,9,Sergi Bruguera,0.0,0.0,0.0,0.0,0.0,0.0,0.0,0.0,0.0
Davis Cup WG PO: MEX vs NED,1991,1991,1,4,0.0,Clay,5,9,Mark Koevermans,0.0,0.0,0.0,0.0,0.0,0.0,0.0,0.0,0.0
Davis Cup WG PO: MEX vs ROU,1982,1982,1,4,0.0,Clay,5,10,Raul Ramirez,0.0,0.0,0.0,0.0,0.0,0.0,0.0,0.0,0.0
Davis Cup WG PO: MEX vs SUI,1981,1981,1,4,0.0,Clay,5,10,Raul Ramirez,0.0,0.0,0.0,0.0,0.0,0.0,0.0,0.0,0.0
Davis Cup WG PO: MEX vs URS,1989,1989,1,4,0.0,Clay,5,7,Jorge Lozano,0.0,0.0,0.0,0.0,0.0,0.0,0.0,0.0,0.0
Davis Cup WG PO: MEX vs URU,1990,1990,1,4,0.0,Hard,5,9,Jorge Lozano,0.0,0.0,0.0,0.0,0.0,0.0,0.0,0.0,0.0
Davis Cup WG PO: NED vs AUT,2013,2013,1,4,0.0,Clay,5,9,Thiemo De Bakker,0.0,0.0,0.0,0.0,0.0,0.0,0.0,0.0,0.0
Davis Cup WG PO: NED vs CRO,2014,2014,1,4,0.0,Clay,5,9,Robin Haase,0.0,0.0,0.0,0.0,0.0,0.0,0.0,0.0,0.0
Davis Cup WG PO: NED vs FRA,2009,2009,1,4,0.0,Clay,5,9,Jo-Wilfried Tsonga,0.0,0.0,0.0,0.0,0.0,0.0,0.0,0.0,0.0
Davis Cup WG PO: NED vs IND,2003,2003,1,4,0.0,Hard,5,9,Sjeng Schalken,0.0,0.0,0.0,0.0,0.0,0.0,0.0,0.0,0.0
Davis Cup WG PO: NED vs KOR,2008,2008,1,4,0.0,Clay,5,9,Hyung Taik Lee,0.0,0.0,0.0,0.0,0.0,0.0,0.0,0.0,0.0
Davis Cup WG PO: NED vs NZL,1996,1996,1,4,0.0,Hard,5,9,Jan Siemerink,0.0,0.0,0.0,0.0,0.0,0.0,0.0,0.0,0.0
Davis Cup WG PO: NED vs SUI,2012,2012,1,4,0.0,Clay,5,9,Roger Federer,0.0,0.0,0.0,0.0,0.0,0.0,0.0,0.0,0.0
Davis Cup WG PO: NOR vs BEL,1995,1995,1,4,0.0,Hard,5,9,Johan Van Herck,0.0,0.0,0.0,0.0,0.0,0.0,0.0,0.0,0.0
Davis Cup WG PO: NZL vs ESP,1999,1999,1,4,0.0,Hard,5,9,Francisco Clavet,0.0,0.0,0.0,0.0,0.0,0.0,0.0,0.0,0.0
Davis Cup WG PO: NZL vs SUI,1995,1995,1,4,0.0,Hard,5,9,Marc Rosset,0.0,0.0,0.0,0.0,0.0,0.0,0.0,0.0,0.0
Davis Cup WG PO: PAR vs CZE,2004,2004,1,4,0.0,Clay,5,9,Jiri Novak,0.0,0.0,0.0,0.0,0.0,0.0,0.0,0.0,0.0
Davis Cup WG PO: PAR vs DEN,1986,1986,1,4,0.0,Clay,5,10,Victor Pecci,0.0,0.0,0.0,0.0,0.0,0.0,0.0,0.0,0.0
Davis Cup WG PO: PAR vs NZL,1988,1988,1,4,0.0,Clay,5,4,Hugo Chapacu,0.0,0.0,0.0,0.0,0.0,0.0,0.0,0.0,0.0
Davis Cup WG PO: PER vs AUS,1989,1989,1,4,0.0,Clay,5,7,Jaime Yzaga,0.0,0.0,0.0,0.0,0.0,0.0,0.0,0.0,0.0
Davis Cup WG PO: PER vs BLR,2007,2007,1,4,0.0,Clay,5,9,Luis Horna,0.0,0.0,0.0,0.0,0.0,0.0,0.0,0.0,0.0
Davis Cup WG PO: POL vs AUS,2013,2013,1,4,0.0,Clay,5,9,Bernard Tomic,0.0,0.0,0.0,0.0,0.0,0.0,0.0,0.0,0.0
Davis Cup WG PO: POL vs SVK,2015,2015,1,4,0.0,Hard,5,9,Martin Klizan,0.0,0.0,0.0,0.0,0.0,0.0,0.0,0.0,0.0
Davis Cup WG PO: POR vs CRO,1994,1994,1,3,0.0,Clay,5,9,Goran Ivanisevic,0.0,0.0,0.0,0.0,0.0,0.0,0.0,0.0,0.0
Davis Cup WG PO: ROU vs BEL,1996,1996,1,4,0.0,Clay,5,9,Andrei Pavel,0.0,0.0,0.0,0.0,0.0,0.0,0.0,0.0,0.0
Davis Cup WG PO: ROU vs CAN,2004,2004,1,4,0.0,Clay,5,9,Andrei Pavel,0.0,0.0,0.0,0.0,0.0,0.0,0.0,0.0,0.0
Davis Cup WG PO: ROU vs CZE,2011,2011,1,4,0.0,Clay,5,9,Radek Stepanek,0.0,0.0,0.0,0.0,0.0,0.0,0.0,0.0,0.0
Davis Cup WG PO: ROU vs ECU,2010,2010,1,4,0.0,Clay,5,9,Adrian Ungur,0.0,0.0,0.0,0.0,0.0,0.0,0.0,0.0,0.0
Davis Cup WG PO: ROU vs GER,1999,1999,1,4,0.0,Clay,5,9,Tommy Haas,0.0,0.0,0.0,0.0,0.0,0.0,0.0,0.0,0.0
Davis Cup WG PO: ROU vs IND,2008,2008,1,4,0.0,Clay,5,9,Victor Crivoi,0.0,0.0,0.0,0.0,0.0,0.0,0.0,0.0,0.0
Davis Cup WG PO: ROU vs KOR,2006,2006,1,4,0.0,Clay,5,9,Andrei Pavel,0.0,0.0,0.0,0.0,0.0,0.0,0.0,0.0,0.0
Davis Cup WG PO: RSA vs CRO,2011,2011,1,4,0.0,Hard,5,9,Marin Cilic,0.0,0.0,0.0,0.0,0.0,0.0,0.0,0.0,0.0
Davis Cup WG PO: RSA vs IND,2009,2009,1,4,0.0,Hard,5,9,Somdev Devvarman,0.0,0.0,0.0,0.0,0.0,0.0,0.0,0.0,0.0
Davis Cup WG PO: RUS vs BRA,2011,2011,1,4,0.0,Hard,5,9,Mikhail Youzhny,0.0,0.0,0.0,0.0,0.0,0.0,0.0,0.0,0.0
Davis Cup WG PO: RUS vs HUN,2017,2017,1,3,174.0,Clay,5,9,Marton Fucsovics,12.0,27.0,547.0,342.5,231.0,110.0,86.5,26.0,47.5
Davis Cup WG PO: RUS vs ITA,2015,2015,1,4,0.0,Hard,5,9,Fabio Fognini,0.0,0.0,0.0,0.0,0.0,0.0,0.0,0.0,0.0
Davis Cup WG PO: RUS vs THA,2004,2004,1,4,0.0,Clay,5,9,Igor Andreev,0.0,0.0,0.0,0.0,0.0,0.0,0.0,0.0,0.0
Davis Cup WG PO: SRB vs AUS,2007,2007,1,4,0.0,Clay,5,9,Novak Djokovic,0.0,0.0,0.0,0.0,0.0,0.0,0.0,0.0,0.0
Davis Cup WG PO: SRB vs IND,2018,2018,1,3,124.333,Clay,5,9,Laslo Djere,10.5,22.0,396.5,249.0,177.5,78.0,63.5,18.0,30.0
Davis Cup WG PO: SRB vs UZB,2009,2009,1,4,0.0,Hard,5,9,Viktor Troicki,0.0,0.0,0.0,0.0,0.0,0.0,0.0,0.0,0.0
Davis Cup WG PO: SUI vs BEL,2008,2008,1,4,0.0,Hard,5,9,Stan Wawrinka,0.0,0.0,0.0,0.0,0.0,0.0,0.0,0.0,0.0
Davis Cup WG PO: SUI vs BLR,2017,2017,1,4,139.5,Hard,3,9,Marco Chiudinelli,25.0,45.5,623.5,381.0,286.0,127.5,100.0,34.0,47.0
Davis Cup WG PO: SUI vs ECU,2013,2013,1,4,0.0,Hard,5,9,Stan Wawrinka,0.0,0.0,0.0,0.0,0.0,0.0,0.0,0.0,0.0
Davis Cup WG PO: SUI vs GBR,2005,2005,1,4,0.0,Clay,5,9,Stan Wawrinka,0.0,0.0,0.0,0.0,0.0,0.0,0.0,0.0,0.0
Davis Cup WG PO: SUI vs NED,2015,2015,1,4,0.0,Hard,5,9,Roger Federer,0.0,0.0,0.0,0.0,0.0,0.0,0.0,0.0,0.0
Davis Cup WG PO: SUI vs PAR,1989,1989,1,4,0.0,Clay,5,7,Claudio Mezzadri,0.0,0.0,0.0,0.0,0.0,0.0,0.0,0.0,0.0
Davis Cup WG PO: SUI vs SCG,2006,2006,1,4,0.0,Hard,5,9,Roger Federer,0.0,0.0,0.0,0.0,0.0,0.0,0.0,0.0,0.0
Davis Cup WG PO: SUI vs SWE,2018,2018,1,4,165.75,Hard,5,9,Henri Laaksonen,22.5,68.5,755.5,472.5,348.0,142.5,118.0,33.0,54.0
Davis Cup WG PO: SUI vs UZB,2016,2016,1,4,146.5,Clay,5,9,Denis Istomin,22.5,36.0,691.0,415.0,288.0,149.0,104.0,23.0,42.5
Davis Cup WG PO: SVK vs BEL,2006,2006,1,4,0.0,Hard,5,9,Olivier Rochus,0.0,0.0,0.0,0.0,0.0,0.0,0.0,0.0,0.0
Davis Cup WG PO: SVK vs GER,2004,2004,1,4,0.0,Hard,5,9,Dominik Hrbaty,0.0,0.0,0.0,0.0,0.0,0.0,0.0,0.0,0.0
Davis Cup WG PO: SVK vs KOR,2007,2007,1,4,0.0,Clay,5,9,Hyung Taik Lee,0.0,0.0,0.0,0.0,0.0,0.0,0.0,0.0,0.0
Davis Cup WG PO: SVK vs SRB,2008,2008,1,4,0.0,Hard,5,9,Novak Djokovic,0.0,0.0,0.0,0.0,0.0,0.0,0.0,0.0,0.0
Davis Cup WG PO: SVK vs USA,2003,2003,1,4,0.0,Clay,5,9,Dominik Hrbaty,0.0,0.0,0.0,0.0,0.0,0.0,0.0,0.0,0.0
Davis Cup WG PO: SWE vs IND,2000,2000,1,4,0.0,Clay,5,7,Andreas Vinciguerra,0.0,0.0,0.0,0.0,0.0,0.0,0.0,0.0,0.0
Davis Cup WG PO: SWE vs ITA,2010,2010,1,4,0.0,Hard,5,9,Robin Soderling,0.0,0.0,0.0,0.0,0.0,0.0,0.0,0.0,0.0
Davis Cup WG PO: SWE vs ROU,2009,2009,1,4,0.0,Hard,5,9,Robin Soderling,0.0,0.0,0.0,0.0,0.0,0.0,0.0,0.0,0.0
Davis Cup WG PO: TCH vs ARG,1987,1987,1,4,0.0,Clay,5,7,Karel Novacek,0.0,0.0,0.0,0.0,0.0,0.0,0.0,0.0,0.0
Davis Cup WG PO: TCH vs URS,1983,1983,1,4,0.0,Clay,5,9,Tomas Smid,0.0,0.0,0.0,0.0,0.0,0.0,0.0,0.0,0.0
Davis Cup WG PO: THA vs CZE,2003,2003,1,4,0.0,Hard,5,9,Jiri Novak,0.0,0.0,0.0,0.0,0.0,0.0,0.0,0.0,0.0
Davis Cup WG PO: UKR vs BEL,2014,2014,1,4,0.0,Hard,5,9,David Goffin,0.0,0.0,0.0,0.0,0.0,0.0,0.0,0.0,0.0
Davis Cup WG PO: URS vs IND,1982,1982,1,4,0.0,Clay,5,10,Konstantin Pugaev,0.0,0.0,0.0,0.0,0.0,0.0,0.0,0.0,0.0
Davis Cup WG PO: URU vs AUT,1994,1994,1,4,0.0,Clay,5,9,Thomas Muster,0.0,0.0,0.0,0.0,0.0,0.0,0.0,0.0,0.0
Davis Cup WG PO: USA vs BAH,1993,1993,1,4,0.0,Hard,5,9,Malivai Washington,0.0,0.0,0.0,0.0,0.0,0.0,0.0,0.0,0.0
Davis Cup WG PO: USA vs SVK,2014,2014,1,4,0.0,Hard,5,9,John Isner,0.0,0.0,0.0,0.0,0.0,0.0,0.0,0.0,0.0
Davis Cup WG PO: UZB vs CZE,1999,1999,1,4,0.0,Hard,5,9,Jiri Novak,0.0,0.0,0.0,0.0,0.0,0.0,0.0,0.0,0.0
Davis Cup WG PO: UZB vs NED,2000,2000,1,4,0.0,Clay,5,7,Richard Krajicek,0.0,0.0,0.0,0.0,0.0,0.0,0.0,0.0,0.0
Davis Cup WG PO: UZB vs USA,2015,2015,1,3,0.0,Clay,5,9,Jack Sock,0.0,0.0,0.0,0.0,0.0,0.0,0.0,0.0,0.0
Davis Cup WG PO: VEN vs DEN,1995,1995,1,4,0.0,Clay,5,9,Kenneth Carlsen,0.0,0.0,0.0,0.0,0.0,0.0,0.0,0.0,0.0
Davis Cup WG PO: YUG vs FRA,1985,1985,1,4,0.0,Hard,5,10,Goran Prpic,0.0,0.0,0.0,0.0,0.0,0.0,0.0,0.0,0.0
Davis Cup WG PO: YUG vs GBR,1987,1987,1,2,0.0,Clay,5,7,Bruno Oresar,0.0,0.0,0.0,0.0,0.0,0.0,0.0,0.0,0.0
Davis Cup WG PO: YUG vs SUI,1990,1990,1,4,0.0,Clay,5,9,Goran Ivanisevic,0.0,0.0,0.0,0.0,0.0,0.0,0.0,0.0,0.0
Davis Cup WG PO: ZIM vs AUT,1997,1997,1,4,0.0,Hard,5,9,Thomas Muster,0.0,0.0,0.0,0.0,0.0,0.0,0.0,0.0,0.0
Davis Cup WG PO: ZIM vs BEL,2002,2002,1,4,0.0,Hard,5,9,Xavier Malisse,0.0,0.0,0.0,0.0,0.0,0.0,0.0,0.0,0.0
Davis Cup WG PO: ZIM vs CHI,1999,1999,1,4,0.0,Hard,5,9,Byron Black,0.0,0.0,0.0,0.0,0.0,0.0,0.0,0.0,0.0
Davis Cup WG PO: ZIM vs ROU,2000,2000,1,4,0.0,Hard,5,7,Andrei Pavel,0.0,0.0,0.0,0.0,0.0,0.0,0.0,0.0,0.0
Davis Cup WG PR: MEX vs VEN,1973,1973,1,4,0.0,Clay,5,3,Raul Ramirez,0.0,0.0,0.0,0.0,0.0,0.0,0.0,0.0,0.0
Davis Cup WG PR: TPE vs THA,1979,1979,1,4,0.0,Hard,5,10,Huang Jung Hsu,0.0,0.0,0.0,0.0,0.0,0.0,0.0,0.0,0.0
Davis Cup WG QF: ARG vs CRO,2002,2012,11,8,0.0,Clay,5,4,Juan Martin del Potro,0.0,0.0,0.0,0.0,0.0,0.0,0.0,0.0,0.0
Davis Cup WG QF: ARG vs FRA,2013,2013,1,4,0.0,Clay,5,4,Jo-Wilfried Tsonga,0.0,0.0,0.0,0.0,0.0,0.0,0.0,0.0,0.0
Davis Cup WG QF: ARG vs GER,1990,1990,1,4,0.0,Clay,5,3,Alberto Mancini,0.0,0.0,0.0,0.0,0.0,0.0,0.0,0.0,0.0
Davis Cup WG QF: ARG vs KAZ,2011,2011,1,4,0.0,Clay,5,7,Juan Monaco,0.0,0.0,0.0,0.0,0.0,0.0,0.0,0.0,0.0
Davis Cup WG QF: ARG vs RUS,2003,2003,1,4,0.0,Clay,5,4,Gaston Gaudio,0.0,0.0,0.0,0.0,0.0,0.0,0.0,0.0,0.0
Davis Cup WG QF: ARG vs SRB,2015,2015,1,4,0.0,Clay,5,7,Leonardo Mayer,0.0,0.0,0.0,0.0,0.0,0.0,0.0,0.0,0.0
Davis Cup WG QF: ARG vs SWE,2008,2008,1,4,0.0,Clay,5,4,David Nalbandian,0.0,0.0,0.0,0.0,0.0,0.0,0.0,0.0,0.0
Davis Cup WG QF: AUS vs ARG,2005,2005,1,4,0.0,Grass,5,7,David Nalbandian,0.0,0.0,0.0,0.0,0.0,0.0,0.0,0.0,0.0
Davis Cup WG QF: AUS vs BLR,2006,2006,1,4,0.0,Hard,5,4,Chris Guccione,0.0,0.0,0.0,0.0,0.0,0.0,0.0,0.0,0.0
Davis Cup WG QF: AUS vs CHI,1982,1982,1,4,0.0,Grass,5,7,John Fitzgerald,0.0,0.0,0.0,0.0,0.0,0.0,0.0,0.0,0.0
Davis Cup WG QF: AUS vs CZE,1997,1997,1,4,0.0,Grass,5,4,Patrick Rafter,0.0,0.0,0.0,0.0,0.0,0.0,0.0,0.0,0.0
Davis Cup WG QF: AUS vs GER,2000,2000,1,4,0.0,Grass,5,4,Lleyton Hewitt,0.0,0.0,0.0,0.0,0.0,0.0,0.0,0.0,0.0
Davis Cup WG QF: AUS vs ITA,1984,1984,1,4,0.0,Grass,5,7,John Fitzgerald,0.0,0.0,0.0,0.0,0.0,0.0,0.0,0.0,0.0
Davis Cup WG QF: AUS vs KAZ,2015,2015,1,4,0.0,Grass,5,7,Mikhail Kukushkin,0.0,0.0,0.0,0.0,0.0,0.0,0.0,0.0,0.0
Davis Cup WG QF: AUS vs MEX,1987,1987,1,4,0.0,Grass,5,7,Pat Cash,0.0,0.0,0.0,0.0,0.0,0.0,0.0,0.0,0.0
Davis Cup WG QF: AUS vs NZL,1990,1990,1,4,0.0,Grass,5,3,Wally Masur,0.0,0.0,0.0,0.0,0.0,0.0,0.0,0.0,0.0
Davis Cup WG QF: AUS vs PAR,1985,1985,1,4,0.0,Grass,5,8,Paul Mcnamee,0.0,0.0,0.0,0.0,0.0,0.0,0.0,0.0,0.0
Davis Cup WG QF: AUS vs ROU,1983,1983,1,4,0.0,Grass,5,7,Pat Cash,0.0,0.0,0.0,0.0,0.0,0.0,0.0,0.0,0.0
Davis Cup WG QF: AUS vs USA,2017,2017,1,4,109.667,Hard,5,4,Nick Kyrgios,9.5,75.5,432.5,290.0,228.5,71.0,96.5,16.0,23.0
Davis Cup WG QF: AUT vs ITA,1990,1990,1,4,0.0,Clay,5,3,Horst Skoff,0.0,0.0,0.0,0.0,0.0,0.0,0.0,0.0,0.0
Davis Cup WG QF: AUT vs SWE,1989,1989,1,4,0.0,Clay,5,4,Stefan Edberg,0.0,0.0,0.0,0.0,0.0,0.0,0.0,0.0,0.0
Davis Cup WG QF: BEL vs CAN,2015,2015,1,4,0.0,Clay,5,7,Steve Darcis,0.0,0.0,0.0,0.0,0.0,0.0,0.0,0.0,0.0
Davis Cup WG QF: BEL vs GER,2007,2007,1,4,0.0,Clay,5,4,Tommy Haas,0.0,0.0,0.0,0.0,0.0,0.0,0.0,0.0,0.0
Davis Cup WG QF: BEL vs SUI,1999,1999,1,4,0.0,Clay,5,7,Xavier Malisse,0.0,0.0,0.0,0.0,0.0,0.0,0.0,0.0,0.0
Davis Cup WG QF: BRA vs AUS,2001,2001,1,4,0.0,Clay,5,4,Lleyton Hewitt,0.0,0.0,0.0,0.0,0.0,0.0,0.0,0.0,0.0
Davis Cup WG QF: BRA vs ITA,1992,1992,1,3,0.0,Clay,5,3,Jaime Oncins,0.0,0.0,0.0,0.0,0.0,0.0,0.0,0.0,0.0
Davis Cup WG QF: BRA vs SVK,2000,2000,1,4,0.0,Clay,5,4,Dominik Hrbaty,0.0,0.0,0.0,0.0,0.0,0.0,0.0,0.0,0.0
Davis Cup WG QF: CAN vs ITA,2013,2013,1,3,0.0,Hard,5,4,Milos Raonic,0.0,0.0,0.0,0.0,0.0,0.0,0.0,0.0,0.0
Davis Cup WG QF: CHI vs CZE,2010,2010,1,4,0.0,Clay,5,7,Ivo Minar,0.0,0.0,0.0,0.0,0.0,0.0,0.0,0.0,0.0
Davis Cup WG QF: CRO vs SRB,2010,2010,1,4,0.0,Hard,5,7,Novak Djokovic,0.0,0.0,0.0,0.0,0.0,0.0,0.0,0.0,0.0
Davis Cup WG QF: CRO vs USA,2009,2009,1,4,0.0,Clay,5,7,Marin Cilic,0.0,0.0,0.0,0.0,0.0,0.0,0.0,0.0,0.0
Davis Cup WG QF: CZE vs SRB,2012,2012,1,4,0.0,Clay,5,4,Tomas Berdych,0.0,0.0,0.0,0.0,0.0,0.0,0.0,0.0,0.0
Davis Cup WG QF: ECU vs TCH,1985,1985,1,4,0.0,Clay,5,8,Miloslav Mecir,0.0,0.0,0.0,0.0,0.0,0.0,0.0,0.0,0.0
Davis Cup WG QF: ESP vs AUT,2012,2012,1,4,0.0,Clay,5,4,Nicolas Almagro,0.0,0.0,0.0,0.0,0.0,0.0,0.0,0.0,0.0
Davis Cup WG QF: ESP vs CRO,2003,2003,1,4,0.0,Clay,5,4,Juan Carlos Ferrero,0.0,0.0,0.0,0.0,0.0,0.0,0.0,0.0,0.0
Davis Cup WG QF: ESP vs GER,2009,2018,10,8,173.75,Clay,3,4,Rafael Nadal,30.0,13.5,642.0,385.0,240.0,135.0,100.5,32.5,63.0
Davis Cup WG QF: ESP vs NED,2004,2004,1,4,0.0,Clay,5,4,Carlos Moya,0.0,0.0,0.0,0.0,0.0,0.0,0.0,0.0,0.0
Davis Cup WG QF: ESP vs RUS,2000,2000,1,4,0.0,Clay,5,4,Juan Carlos Ferrero,0.0,0.0,0.0,0.0,0.0,0.0,0.0,0.0,0.0
Davis Cup WG QF: ESP vs SUI,1998,1998,1,4,0.0,Clay,5,7,Carlos Moya,0.0,0.0,0.0,0.0,0.0,0.0,0.0,0.0,0.0
Davis Cup WG QF: FRA vs AUS,1988,1991,4,8,0.0,Clay,5,5,Richard Fromberg,0.0,0.0,0.0,0.0,0.0,0.0,0.0,0.0,0.0
Davis Cup WG QF: FRA vs CZE,2016,2016,1,3,194.667,Hard,5,7,Lukas Rosol,25.5,47.0,614.5,379.0,291.5,131.0,97.0,24.5,35.0
Davis Cup WG QF: FRA vs ESP,2010,2010,1,4,0.0,Hard,5,7,Gael Monfils,0.0,0.0,0.0,0.0,0.0,0.0,0.0,0.0,0.0
Davis Cup WG QF: FRA vs GBR,2017,2017,1,4,87.0,Clay,5,4,Jeremy Chardy,13.5,42.5,421.0,267.0,192.5,85.0,71.0,15.5,28.5
Davis Cup WG QF: FRA vs GER,1996,2014,19,8,0.0,Clay,5,4,Cedric Pioline,0.0,0.0,0.0,0.0,0.0,0.0,0.0,0.0,0.0
Davis Cup WG QF: FRA vs IND,1993,1993,1,4,0.0,Clay,5,7,Leander Paes,0.0,0.0,0.0,0.0,0.0,0.0,0.0,0.0,0.0
Davis Cup WG QF: FRA vs ITA,2018,2018,1,3,187.333,Clay,5,4,Lucas Pouille,26.5,26.5,585.5,337.0,227.0,123.5,87.5,39.0,63.0
Davis Cup WG QF: FRA vs PAR,1983,1983,1,4,0.0,Clay,5,7,Henri Leconte,0.0,0.0,0.0,0.0,0.0,0.0,0.0,0.0,0.0
Davis Cup WG QF: FRA vs SUI,1992,2003,12,8,0.0,Clay,5,3,Jakob Hlasek,0.0,0.0,0.0,0.0,0.0,0.0,0.0,0.0,0.0
Davis Cup WG QF: FRA vs SWE,1987,1994,8,8,0.0,Hard,5,7,Stefan Edberg,0.0,0.0,0.0,0.0,0.0,0.0,0.0,0.0,0.0
Davis Cup WG QF: FRA vs TCH,1982,1982,1,4,0.0,Clay,5,7,Yannick Noah,0.0,0.0,0.0,0.0,0.0,0.0,0.0,0.0,0.0
Davis Cup WG QF: FRA vs USA,2012,2012,1,4,0.0,Clay,5,4,John Isner,0.0,0.0,0.0,0.0,0.0,0.0,0.0,0.0,0.0
Davis Cup WG QF: FRG vs USA,1985,1985,1,4,0.0,Clay,5,8,Boris Becker,0.0,0.0,0.0,0.0,0.0,0.0,0.0,0.0,0.0
Davis Cup WG QF: GBR vs AUS,1986,1986,1,4,0.0,Grass,5,7,Pat Cash,0.0,0.0,0.0,0.0,0.0,0.0,0.0,0.0,0.0
Davis Cup WG QF: GBR vs FRA,2015,2015,1,3,0.0,Grass,5,7,Andy Murray,0.0,0.0,0.0,0.0,0.0,0.0,0.0,0.0,0.0
Davis Cup WG QF: GBR vs SRB,2016,2016,1,4,120.0,Clay,3,7,Kyle Edmund,17.5,18.5,509.0,305.5,213.5,118.5,82.5,24.5,38.0
Davis Cup WG QF: GER vs CZE,1993,1993,1,4,0.0,Grass,5,7,Marc Kevin Goellner,0.0,0.0,0.0,0.0,0.0,0.0,0.0,0.0,0.0
Davis Cup WG QF: GER vs ESP,1994,2008,15,8,0.0,Hard,5,4,Michael Stich,0.0,0.0,0.0,0.0,0.0,0.0,0.0,0.0,0.0
Davis Cup WG QF: GER vs FRA,2011,2011,1,4,0.0,Clay,5,7,Richard Gasquet,0.0,0.0,0.0,0.0,0.0,0.0,0.0,0.0,0.0
Davis Cup WG QF: GER vs SWE,1998,1998,1,4,0.0,Hard,5,7,Tommy Haas,0.0,0.0,0.0,0.0,0.0,0.0,0.0,0.0,0.0
Davis Cup WG QF: IND vs ISR,1987,1987,1,3,0.0,Grass,5,7,Ramesh Krishnan,0.0,0.0,0.0,0.0,0.0,0.0,0.0,0.0,0.0
Davis Cup WG QF: IND vs SWE,1985,1996,12,8,0.0,Grass,5,4,Jonas Bjorkman,0.0,0.0,0.0,0.0,0.0,0.0,0.0,0.0,0.0
Davis Cup WG QF: ISR vs RUS,2009,2009,1,4,0.0,Hard,5,7,Harel Levy,0.0,0.0,0.0,0.0,0.0,0.0,0.0,0.0,0.0
Davis Cup WG QF: ITA vs ARG,1983,2016,34,7,177.0,Clay,5,7,Guillermo Vilas,16.0,21.5,538.0,334.5,232.0,100.5,83.5,31.0,52.5
Davis Cup WG QF: ITA vs AUS,1993,1993,1,4,0.0,Clay,5,7,Richard Fromberg,0.0,0.0,0.0,0.0,0.0,0.0,0.0,0.0,0.0
Davis Cup WG QF: ITA vs BEL,2017,2017,1,4,130.0,Hard,5,4,David Goffin,17.0,45.0,526.0,307.0,223.0,123.5,85.5,14.0,30.5
Davis Cup WG QF: ITA vs GBR,2014,2014,1,4,0.0,Clay,5,4,Fabio Fognini,0.0,0.0,0.0,0.0,0.0,0.0,0.0,0.0,0.0
Davis Cup WG QF: ITA vs NZL,1982,1982,1,2,0.0,Clay,5,7,Russell Simpson,0.0,0.0,0.0,0.0,0.0,0.0,0.0,0.0,0.0
Davis Cup WG QF: ITA vs RSA,1996,1996,1,4,0.0,Clay,5,4,Andrea Gaudenzi,0.0,0.0,0.0,0.0,0.0,0.0,0.0,0.0,0.0
Davis Cup WG QF: ITA vs USA,1995,1995,1,4,0.0,Clay,5,3,Pete Sampras,0.0,0.0,0.0,0.0,0.0,0.0,0.0,0.0,0.0
Davis Cup WG QF: ITA vs ZIM,1998,1998,1,4,0.0,Clay,5,7,Davide Sanguinetti,0.0,0.0,0.0,0.0,0.0,0.0,0.0,0.0,0.0
Davis Cup WG QF: JPN vs CZE,2014,2014,1,4,0.0,Hard,5,4,Lukas Rosol,0.0,0.0,0.0,0.0,0.0,0.0,0.0,0.0,0.0
Davis Cup WG QF: KAZ vs CRO,2018,2018,1,3,144.667,Clay,5,4,Marin Cilic,5.5,26.5,415.5,267.0,182.5,83.0,63.0,21.5,33.5
Davis Cup WG QF: KAZ vs CZE,2013,2013,1,3,0.0,Clay,5,4,Lukas Rosol,0.0,0.0,0.0,0.0,0.0,0.0,0.0,0.0,0.0
Davis Cup WG QF: KOR vs PAK,1986,1986,1,4,0.0,Clay,5,5,Bong Soo Kim,0.0,0.0,0.0,0.0,0.0,0.0,0.0,0.0,0.0
Davis Cup WG QF: KOR vs PHI,1983,1983,1,4,0.0,Clay,5,3,Young Dae Jeon,0.0,0.0,0.0,0.0,0.0,0.0,0.0,0.0,0.0
Davis Cup WG QF: MEX vs USA,1986,1986,1,4,0.0,Clay,5,7,Brad Gilbert,0.0,0.0,0.0,0.0,0.0,0.0,0.0,0.0,0.0
Davis Cup WG QF: NED vs GER,1995,1995,1,4,0.0,Hard,5,3,Michael Stich,0.0,0.0,0.0,0.0,0.0,0.0,0.0,0.0,0.0
Davis Cup WG QF: NED vs SWE,1993,1993,1,4,0.0,Clay,5,7,Magnus Gustafsson,0.0,0.0,0.0,0.0,0.0,0.0,0.0,0.0,0.0
Davis Cup WG QF: NED vs USA,1994,1994,1,4,0.0,Hard,5,7,Jim Courier,0.0,0.0,0.0,0.0,0.0,0.0,0.0,0.0,0.0
Davis Cup WG QF: NZL vs GBR,1981,1981,1,2,0.0,Grass,5,7,Richard Lewis,0.0,0.0,0.0,0.0,0.0,0.0,0.0,0.0,0.0
Davis Cup WG QF: PAK vs INA,1984,1984,1,4,0.0,Clay,5,3,Islam Ul Haq,0.0,0.0,0.0,0.0,0.0,0.0,0.0,0.0,0.0
Davis Cup WG QF: PAK vs KOR,1985,1985,1,4,0.0,Clay,5,3,Young Dae Jeon,0.0,0.0,0.0,0.0,0.0,0.0,0.0,0.0,0.0
Davis Cup WG QF: PAR vs ESP,1987,1987,1,4,0.0,Clay,5,7,Emilio Sanchez,0.0,0.0,0.0,0.0,0.0,0.0,0.0,0.0,0.0
Davis Cup WG QF: PHI vs KOR,1982,1982,1,4,0.0,Clay,5,1,Young Dae Jeon,0.0,0.0,0.0,0.0,0.0,0.0,0.0,0.0,0.0
Davis Cup WG QF: ROU vs ARG,1981,1981,1,4,0.0,Hard,5,7,Guillermo Vilas,0.0,0.0,0.0,0.0,0.0,0.0,0.0,0.0,0.0
Davis Cup WG QF: RUS vs ARG,2010,2010,1,4,0.0,Hard,5,7,David Nalbandian,0.0,0.0,0.0,0.0,0.0,0.0,0.0,0.0,0.0
Davis Cup WG QF: RUS vs CZE,2008,2008,1,4,0.0,Clay,5,4,Marat Safin,0.0,0.0,0.0,0.0,0.0,0.0,0.0,0.0,0.0
Davis Cup WG QF: RUS vs FRA,2005,2007,3,8,0.0,Clay,5,7,Nikolay Davydenko,0.0,0.0,0.0,0.0,0.0,0.0,0.0,0.0,0.0
Davis Cup WG QF: RUS vs SVK,1999,1999,1,4,0.0,Clay,5,7,Marat Safin,0.0,0.0,0.0,0.0,0.0,0.0,0.0,0.0,0.0
Davis Cup WG QF: RUS vs SWE,2002,2002,1,4,0.0,Clay,5,4,Marat Safin,0.0,0.0,0.0,0.0,0.0,0.0,0.0,0.0,0.0
Davis Cup WG QF: SRB vs ESP,2017,2017,1,4,94.25,Hard,5,4,Novak Djokovic,14.5,42.0,418.5,265.0,196.0,86.0,72.0,17.0,29.5
Davis Cup WG QF: SRI vs IND,1983,1983,1,4,0.0,Clay,5,3,Sashi Menon,0.0,0.0,0.0,0.0,0.0,0.0,0.0,0.0,0.0
Davis Cup WG QF: SUI vs FRA,2004,2004,1,4,0.0,Hard,5,4,Roger Federer,0.0,0.0,0.0,0.0,0.0,0.0,0.0,0.0,0.0
Davis Cup WG QF: SUI vs KAZ,2014,2014,1,4,0.0,Hard,5,4,Roger Federer,0.0,0.0,0.0,0.0,0.0,0.0,0.0,0.0,0.0
Davis Cup WG QF: SVK vs NED,2005,2005,1,4,0.0,Hard,5,7,Dominik Hrbaty,0.0,0.0,0.0,0.0,0.0,0.0,0.0,0.0,0.0
Davis Cup WG QF: SWE vs AUS,1981,2003,23,8,0.0,Clay,5,7,Paul Mcnamee,0.0,0.0,0.0,0.0,0.0,0.0,0.0,0.0,0.0
Davis Cup WG QF: SWE vs ITA,1986,1986,1,4,0.0,Clay,5,7,Mats Wilander,0.0,0.0,0.0,0.0,0.0,0.0,0.0,0.0,0.0
Davis Cup WG QF: SWE vs NZL,1983,1983,1,2,0.0,Grass,5,7,Russell Simpson,0.0,0.0,0.0,0.0,0.0,0.0,0.0,0.0,0.0
Davis Cup WG QF: SWE vs PAR,1984,1984,1,4,0.0,Clay,5,7,Henrik Sundstrom,0.0,0.0,0.0,0.0,0.0,0.0,0.0,0.0,0.0
Davis Cup WG QF: SWE vs RUS,2001,2001,1,4,0.0,Hard,5,4,Thomas Johansson,0.0,0.0,0.0,0.0,0.0,0.0,0.0,0.0,0.0
Davis Cup WG QF: SWE vs SRB,2011,2011,1,4,0.0,Hard,5,7,Viktor Troicki,0.0,0.0,0.0,0.0,0.0,0.0,0.0,0.0,0.0
Davis Cup WG QF: THA vs INA,1986,1986,1,3,0.0,Hard,5,5,Sombat Uamongkol,0.0,0.0,0.0,0.0,0.0,0.0,0.0,0.0,0.0
Davis Cup WG QF: TPE vs THA,1983,1983,1,4,0.0,Hard,5,3,Chang Rung Wu,0.0,0.0,0.0,0.0,0.0,0.0,0.0,0.0,0.0
Davis Cup WG QF: USA vs AUS,1999,1999,1,4,0.0,Hard,5,7,Lleyton Hewitt,0.0,0.0,0.0,0.0,0.0,0.0,0.0,0.0,0.0
Davis Cup WG QF: USA vs BEL,1998,2018,21,7,129.0,Hard,5,4,John Isner,19.0,79.0,438.0,266.0,209.5,94.5,70.5,13.0,19.5
Davis Cup WG QF: USA vs CHI,2006,2006,1,4,0.0,Grass,5,4,Andy Roddick,0.0,0.0,0.0,0.0,0.0,0.0,0.0,0.0,0.0
Davis Cup WG QF: USA vs CRO,2016,2016,1,4,154.75,Hard,5,7,Jack Sock,26.5,86.5,667.0,387.0,294.0,152.0,110.0,34.5,52.0
Davis Cup WG QF: USA vs ESP,1991,2011,21,15,0.0,Grass,5,6,Andy Roddick,0.0,0.0,0.0,0.0,0.0,0.0,0.0,0.0,0.0
Davis Cup WG QF: USA vs FRA,2008,2008,1,4,0.0,Hard,5,4,Andy Roddick,0.0,0.0,0.0,0.0,0.0,0.0,0.0,0.0,0.0
Davis Cup WG QF: USA vs NED,1997,1997,1,4,0.0,Hard,5,4,Andre Agassi,0.0,0.0,0.0,0.0,0.0,0.0,0.0,0.0,0.0
Davis Cup WG QF: USA vs SRB,2013,2013,1,3,0.0,Hard,5,4,Novak Djokovic,0.0,0.0,0.0,0.0,0.0,0.0,0.0,0.0,0.0
Davis Cup WG QF: USA vs SWE,2004,2004,1,4,0.0,Hard,5,4,Andy Roddick,0.0,0.0,0.0,0.0,0.0,0.0,0.0,0.0,0.0
Davis Cup WG QF: USA vs TCH,1981,1992,12,8,0.0,Hard,5,7,Jimmy Connors,0.0,0.0,0.0,0.0,0.0,0.0,0.0,0.0,0.0
Davis Cup WG QF: YUG vs TCH,1986,1986,1,4,0.0,Hard,5,7,Miloslav Mecir,0.0,0.0,0.0,0.0,0.0,0.0,0.0,0.0,0.0
Davis Cup WG R1: ARG vs AUS,2002,2002,1,4,0.0,Clay,5,2,Gaston Gaudio,0.0,0.0,0.0,0.0,0.0,0.0,0.0,0.0,0.0
Davis Cup WG R1: ARG vs BRA,2015,2015,1,4,0.0,Clay,5,3,Leonardo Mayer,0.0,0.0,0.0,0.0,0.0,0.0,0.0,0.0,0.0
Davis Cup WG R1: ARG vs CZE,2005,2005,1,4,0.0,Clay,5,3,Guillermo Coria,0.0,0.0,0.0,0.0,0.0,0.0,0.0,0.0,0.0
Davis Cup WG R1: ARG vs ECU,1985,1985,1,4,0.0,Clay,5,3,Andres Gomez,0.0,0.0,0.0,0.0,0.0,0.0,0.0,0.0,0.0
Davis Cup WG R1: ARG vs FRA,1982,1982,1,4,0.0,Clay,5,3,Guillermo Vilas,0.0,0.0,0.0,0.0,0.0,0.0,0.0,0.0,0.0
Davis Cup WG R1: ARG vs GBR,2008,2008,1,4,0.0,Clay,5,2,David Nalbandian,0.0,0.0,0.0,0.0,0.0,0.0,0.0,0.0,0.0
Davis Cup WG R1: ARG vs GER,2003,2013,11,8,0.0,Clay,5,2,Carlos Berlocq,0.0,0.0,0.0,0.0,0.0,0.0,0.0,0.0,0.0
Davis Cup WG R1: ARG vs ISR,1990,1990,1,2,0.0,Clay,5,2,Alberto Mancini,0.0,0.0,0.0,0.0,0.0,0.0,0.0,0.0,0.0
Davis Cup WG R1: ARG vs ITA,2017,2017,1,4,208.0,Clay,3,2,Paolo Lorenzi,22.5,37.0,773.5,456.5,316.0,158.0,114.0,59.5,86.5
Davis Cup WG R1: ARG vs NED,2009,2009,1,4,0.0,Clay,5,3,Juan Ignacio Chela,0.0,0.0,0.0,0.0,0.0,0.0,0.0,0.0,0.0
Davis Cup WG R1: ARG vs POL,2016,2016,1,4,136.5,Hard,3,3,Leonardo Mayer,24.0,89.0,617.5,407.0,327.5,117.5,98.0,29.5,37.5
Davis Cup WG R1: ARG vs ROU,2011,2011,1,4,0.0,Clay,5,3,David Nalbandian,0.0,0.0,0.0,0.0,0.0,0.0,0.0,0.0,0.0
Davis Cup WG R1: ARG vs SWE,2006,2006,1,4,0.0,Clay,5,2,Jose Acasuso,0.0,0.0,0.0,0.0,0.0,0.0,0.0,0.0,0.0
Davis Cup WG R1: ARG vs USA,1983,1983,1,4,0.0,Clay,5,3,Guillermo Vilas,0.0,0.0,0.0,0.0,0.0,0.0,0.0,0.0,0.0
Davis Cup WG R1: AUS vs AUT,2005,2005,1,4,0.0,Grass,5,3,Lleyton Hewitt,0.0,0.0,0.0,0.0,0.0,0.0,0.0,0.0,0.0
Davis Cup WG R1: AUS vs BEL,1991,1991,1,4,0.0,Grass,5,2,Richard Fromberg,0.0,0.0,0.0,0.0,0.0,0.0,0.0,0.0,0.0
Davis Cup WG R1: AUS vs ECU,2001,2001,1,4,0.0,Grass,5,2,Patrick Rafter,0.0,0.0,0.0,0.0,0.0,0.0,0.0,0.0,0.0
Davis Cup WG R1: AUS vs FRA,1990,1997,8,8,0.0,Grass,5,2,Wally Masur,0.0,0.0,0.0,0.0,0.0,0.0,0.0,0.0,0.0
Davis Cup WG R1: AUS vs GBR,1983,2003,21,8,0.0,Grass,5,3,Paul Mcnamee,0.0,0.0,0.0,0.0,0.0,0.0,0.0,0.0,0.0
Davis Cup WG R1: AUS vs GER,2018,2018,1,3,146.0,Hard,5,2,Alexander Zverev,18.5,66.0,510.5,334.0,261.0,90.0,83.5,20.0,29.5
Davis Cup WG R1: AUS vs SWE,2004,2004,1,4,0.0,Hard,5,2,Thomas Enqvist,0.0,0.0,0.0,0.0,0.0,0.0,0.0,0.0,0.0
Davis Cup WG R1: AUS vs USA,1993,1993,1,4,0.0,Grass,5,3,Mark Woodforde,0.0,0.0,0.0,0.0,0.0,0.0,0.0,0.0,0.0
Davis Cup WG R1: AUS vs YUG,1984,1987,4,8,0.0,Grass,5,3,Pat Cash,0.0,0.0,0.0,0.0,0.0,0.0,0.0,0.0,0.0
Davis Cup WG R1: AUS vs ZIM,1998,1998,1,4,0.0,Grass,5,4,Byron Black,0.0,0.0,0.0,0.0,0.0,0.0,0.0,0.0,0.0
Davis Cup WG R1: AUT vs AUS,1989,1989,1,4,0.0,Clay,5,2,Horst Skoff,0.0,0.0,0.0,0.0,0.0,0.0,0.0,0.0,0.0
Davis Cup WG R1: AUT vs CRO,2006,2006,1,4,0.0,Clay,5,2,Mario Ancic,0.0,0.0,0.0,0.0,0.0,0.0,0.0,0.0,0.0
Davis Cup WG R1: AUT vs ESP,1995,1995,1,4,0.0,Hard,5,2,Thomas Muster,0.0,0.0,0.0,0.0,0.0,0.0,0.0,0.0,0.0
Davis Cup WG R1: AUT vs FRA,1993,2011,19,8,0.0,Clay,5,3,Arnaud Boetsch,0.0,0.0,0.0,0.0,0.0,0.0,0.0,0.0,0.0
Davis Cup WG R1: AUT vs GER,1994,1994,1,4,0.0,Clay,5,3,Thomas Muster,0.0,0.0,0.0,0.0,0.0,0.0,0.0,0.0,0.0
Davis Cup WG R1: AUT vs RUS,2012,2012,1,4,0.0,Hard,5,2,Jurgen Melzer,0.0,0.0,0.0,0.0,0.0,0.0,0.0,0.0,0.0
Davis Cup WG R1: AUT vs USA,2008,2008,1,4,0.0,Clay,5,2,Andy Roddick,0.0,0.0,0.0,0.0,0.0,0.0,0.0,0.0,0.0
Davis Cup WG R1: BEL vs AUS,2007,2007,1,4,0.0,Clay,5,2,Kristof Vliegen,0.0,0.0,0.0,0.0,0.0,0.0,0.0,0.0,0.0
Davis Cup WG R1: BEL vs CZE,1999,2010,12,8,0.0,Clay,5,4,Xavier Malisse,0.0,0.0,0.0,0.0,0.0,0.0,0.0,0.0,0.0
Davis Cup WG R1: BEL vs ESP,2011,2011,1,4,0.0,Hard,5,3,Rafael Nadal,0.0,0.0,0.0,0.0,0.0,0.0,0.0,0.0,0.0
Davis Cup WG R1: BEL vs FRA,2001,2001,1,4,0.0,Clay,5,2,Arnaud Clement,0.0,0.0,0.0,0.0,0.0,0.0,0.0,0.0,0.0
Davis Cup WG R1: BEL vs GER,2017,2017,1,4,142.0,Hard,5,2,Steve Darcis,15.5,55.5,643.5,416.5,292.0,132.0,104.0,23.5,44.0
Davis Cup WG R1: BEL vs NED,1998,1998,1,4,0.0,Clay,5,4,Filip Dewulf,0.0,0.0,0.0,0.0,0.0,0.0,0.0,0.0,0.0
Davis Cup WG R1: BEL vs RUS,1995,1995,1,4,0.0,Clay,5,2,Andrei Chesnokov,0.0,0.0,0.0,0.0,0.0,0.0,0.0,0.0,0.0
Davis Cup WG R1: BEL vs SRB,2013,2013,1,4,0.0,Clay,5,2,Viktor Troicki,0.0,0.0,0.0,0.0,0.0,0.0,0.0,0.0,0.0
Davis Cup WG R1: BEL vs SUI,2015,2015,1,4,0.0,Hard,5,3,Henri Laaksonen,0.0,0.0,0.0,0.0,0.0,0.0,0.0,0.0,0.0
Davis Cup WG R1: BLR vs SWE,2007,2007,1,4,0.0,Hard,5,2,Robin Soderling,0.0,0.0,0.0,0.0,0.0,0.0,0.0,0.0,0.0
Davis Cup WG R1: BRA vs ESP,1998,1998,1,4,0.0,Clay,5,4,Alex Corretja,0.0,0.0,0.0,0.0,0.0,0.0,0.0,0.0,0.0
Davis Cup WG R1: BRA vs FRA,2000,2000,1,4,0.0,Clay,5,2,Fernando Meligeni,0.0,0.0,0.0,0.0,0.0,0.0,0.0,0.0,0.0
Davis Cup WG R1: BRA vs GER,1992,1992,1,3,0.0,Clay,5,1,Jaime Oncins,0.0,0.0,0.0,0.0,0.0,0.0,0.0,0.0,0.0
Davis Cup WG R1: BRA vs MAR,2001,2001,1,4,0.0,Clay,5,2,Gustavo Kuerten,0.0,0.0,0.0,0.0,0.0,0.0,0.0,0.0,0.0
Davis Cup WG R1: BRA vs USA,1997,1997,1,4,0.0,Clay,5,2,Jim Courier,0.0,0.0,0.0,0.0,0.0,0.0,0.0,0.0,0.0
Davis Cup WG R1: CAN vs CRO,2018,2018,1,3,124.667,Clay,5,2,Borna Coric,8.0,29.0,390.5,269.5,209.0,68.5,69.0,17.5,24.5
Davis Cup WG R1: CAN vs ESP,2013,2013,1,4,0.0,Hard,5,2,Milos Raonic,0.0,0.0,0.0,0.0,0.0,0.0,0.0,0.0,0.0
Davis Cup WG R1: CAN vs FRA,2012,2016,5,8,94.5,Hard,5,2,Jo-Wilfried Tsonga,11.5,21.5,418.0,277.0,203.5,77.5,65.0,23.0,32.0
Davis Cup WG R1: CAN vs GBR,2017,2017,1,4,129.75,Hard,3,2,Vasek Pospisil,25.0,69.5,590.5,335.5,265.0,133.0,92.0,21.0,33.5
Davis Cup WG R1: CAN vs JPN,2015,2015,1,4,0.0,Hard,5,3,Kei Nishikori,0.0,0.0,0.0,0.0,0.0,0.0,0.0,0.0,0.0
Davis Cup WG R1: CHI vs ISR,2010,2010,1,4,0.0,Clay,5,3,Fernando Gonzalez,0.0,0.0,0.0,0.0,0.0,0.0,0.0,0.0,0.0
Davis Cup WG R1: CHI vs ROU,1982,1982,1,3,0.0,Clay,5,3,Pedro Rebolledo,0.0,0.0,0.0,0.0,0.0,0.0,0.0,0.0,0.0
Davis Cup WG R1: CHI vs RUS,2007,2007,1,4,0.0,Clay,5,2,Igor Andreev,0.0,0.0,0.0,0.0,0.0,0.0,0.0,0.0,0.0
Davis Cup WG R1: CHI vs SVK,2006,2006,1,4,0.0,Clay,5,2,Fernando Gonzalez,0.0,0.0,0.0,0.0,0.0,0.0,0.0,0.0,0.0
Davis Cup WG R1: CHI vs SWE,1985,1985,1,4,0.0,Clay,5,4,Henrik Sundstrom,0.0,0.0,0.0,0.0,0.0,0.0,0.0,0.0,0.0
Davis Cup WG R1: CHI vs USA,2011,2011,1,4,0.0,Clay,5,3,Andy Roddick,0.0,0.0,0.0,0.0,0.0,0.0,0.0,0.0,0.0
Davis Cup WG R1: CRO vs BEL,2016,2016,1,4,161.0,Clay,3,3,David Goffin,17.5,59.0,681.5,417.0,310.5,125.0,109.5,29.0,51.0
Davis Cup WG R1: CRO vs CHI,2009,2009,1,4,0.0,Hard,5,3,Mario Ancic,0.0,0.0,0.0,0.0,0.0,0.0,0.0,0.0,0.0
Davis Cup WG R1: CRO vs ECU,2010,2010,1,4,0.0,Hard,5,3,Ivo Karlovic,0.0,0.0,0.0,0.0,0.0,0.0,0.0,0.0,0.0
Davis Cup WG R1: CRO vs GER,2011,2011,1,4,0.0,Hard,5,3,Marin Cilic,0.0,0.0,0.0,0.0,0.0,0.0,0.0,0.0,0.0
Davis Cup WG R1: CZE vs AUS,2015,2017,3,8,104.75,Hard,5,2,Jordan Thompson,25.5,59.5,478.0,287.5,217.0,93.5,77.5,19.5,33.0
Davis Cup WG R1: CZE vs GBR,2000,2000,1,4,0.0,Clay,5,2,Jiri Novak,0.0,0.0,0.0,0.0,0.0,0.0,0.0,0.0,0.0
Davis Cup WG R1: CZE vs IND,1997,1997,1,4,0.0,Clay,5,2,Petr Korda,0.0,0.0,0.0,0.0,0.0,0.0,0.0,0.0,0.0
Davis Cup WG R1: CZE vs ITA,2012,2012,1,4,0.0,Hard,5,2,Radek Stepanek,0.0,0.0,0.0,0.0,0.0,0.0,0.0,0.0,0.0
Davis Cup WG R1: CZE vs KAZ,2011,2011,1,4,0.0,Hard,5,3,Andrey Golubev,0.0,0.0,0.0,0.0,0.0,0.0,0.0,0.0,0.0
Davis Cup WG R1: CZE vs RUS,2003,2003,1,4,0.0,Clay,5,2,Jiri Novak,0.0,0.0,0.0,0.0,0.0,0.0,0.0,0.0,0.0
Davis Cup WG R1: CZE vs USA,2007,2007,1,4,0.0,Clay,5,2,Andy Roddick,0.0,0.0,0.0,0.0,0.0,0.0,0.0,0.0,0.0
Davis Cup WG R1: ECU vs USA,1986,1986,1,4,0.0,Clay,5,3,Andres Gomez,0.0,0.0,0.0,0.0,0.0,0.0,0.0,0.0,0.0
Davis Cup WG R1: ESP vs AUT,1990,1990,1,4,0.0,Clay,5,2,Thomas Muster,0.0,0.0,0.0,0.0,0.0,0.0,0.0,0.0,0.0
Davis Cup WG R1: ESP vs BEL,2003,2003,1,4,0.0,Clay,5,2,Juan Carlos Ferrero,0.0,0.0,0.0,0.0,0.0,0.0,0.0,0.0,0.0
Davis Cup WG R1: ESP vs BRA,1999,1999,1,4,0.0,Clay,5,4,Gustavo Kuerten,0.0,0.0,0.0,0.0,0.0,0.0,0.0,0.0,0.0
Davis Cup WG R1: ESP vs CAN,1991,1991,1,4,0.0,Clay,5,2,Sergi Bruguera,0.0,0.0,0.0,0.0,0.0,0.0,0.0,0.0,0.0
Davis Cup WG R1: ESP vs CRO,2017,2017,1,4,175.25,Hard,5,2,Roberto Bautista Agut,20.0,37.5,722.5,444.5,324.0,151.5,110.0,31.0,48.0
Davis Cup WG R1: ESP vs FRG,1987,1987,1,4,0.0,Clay,5,3,Sergio Casal,0.0,0.0,0.0,0.0,0.0,0.0,0.0,0.0,0.0
Davis Cup WG R1: ESP vs GER,1997,1997,1,4,0.0,Clay,5,2,Carlos Moya,0.0,0.0,0.0,0.0,0.0,0.0,0.0,0.0,0.0
Davis Cup WG R1: ESP vs ITA,1994,2000,7,8,0.0,Clay,5,3,Sergi Bruguera,0.0,0.0,0.0,0.0,0.0,0.0,0.0,0.0,0.0
Davis Cup WG R1: ESP vs KAZ,2012,2012,1,4,0.0,Clay,5,2,Nicolas Almagro,0.0,0.0,0.0,0.0,0.0,0.0,0.0,0.0,0.0
Davis Cup WG R1: ESP vs MAR,2002,2002,1,4,0.0,Clay,5,2,Younes El Aynaoui,0.0,0.0,0.0,0.0,0.0,0.0,0.0,0.0,0.0
Davis Cup WG R1: ESP vs MEX,1989,1989,1,4,0.0,Clay,5,2,Leonardo Lavalle,0.0,0.0,0.0,0.0,0.0,0.0,0.0,0.0,0.0
Davis Cup WG R1: ESP vs NED,1993,1993,1,4,0.0,Clay,5,3,Paul Haarhuis,0.0,0.0,0.0,0.0,0.0,0.0,0.0,0.0,0.0
Davis Cup WG R1: ESP vs SRB,2009,2009,1,4,0.0,Clay,5,3,David Ferrer,0.0,0.0,0.0,0.0,0.0,0.0,0.0,0.0,0.0
Davis Cup WG R1: ESP vs SUI,2010,2010,1,4,0.0,Clay,5,3,David Ferrer,0.0,0.0,0.0,0.0,0.0,0.0,0.0,0.0,0.0
Davis Cup WG R1: FRA vs CRO,2004,2004,1,4,0.0,Clay,5,2,Arnaud Clement,0.0,0.0,0.0,0.0,0.0,0.0,0.0,0.0,0.0
Davis Cup WG R1: FRA vs DEN,1996,1996,1,4,0.0,Hard,5,2,Cedric Pioline,0.0,0.0,0.0,0.0,0.0,0.0,0.0,0.0,0.0
Davis Cup WG R1: FRA vs GER,2010,2010,1,4,0.0,Hard,5,3,Gael Monfils,0.0,0.0,0.0,0.0,0.0,0.0,0.0,0.0,0.0
Davis Cup WG R1: FRA vs HUN,1994,1994,1,4,0.0,Hard,5,3,Arnaud Boetsch,0.0,0.0,0.0,0.0,0.0,0.0,0.0,0.0,0.0
Davis Cup WG R1: FRA vs ISR,1991,2013,23,8,0.0,Clay,5,3,Henri Leconte,0.0,0.0,0.0,0.0,0.0,0.0,0.0,0.0,0.0
Davis Cup WG R1: FRA vs NED,1999,2018,20,11,187.333,Hard,3,2,Cedric Pioline,13.0,67.5,617.0,420.0,318.0,100.5,98.5,26.0,37.0
Davis Cup WG R1: FRA vs ROU,2007,2007,1,4,0.0,Hard,5,2,Richard Gasquet,0.0,0.0,0.0,0.0,0.0,0.0,0.0,0.0,0.0
Davis Cup WG R1: FRA vs SWE,2005,2005,1,4,0.0,Clay,5,3,Paul Henri Mathieu,0.0,0.0,0.0,0.0,0.0,0.0,0.0,0.0,0.0
Davis Cup WG R1: GBR vs ESP,2018,2018,1,3,206.0,Clay,5,2,Albert Ramos,26.5,19.0,606.5,381.0,238.0,105.5,86.5,35.0,63.5
Davis Cup WG R1: GBR vs JPN,2016,2016,1,3,182.667,Hard,5,3,Andy Murray,21.0,38.0,532.5,317.0,218.5,105.5,81.5,31.5,52.5
Davis Cup WG R1: GBR vs USA,1999,2015,17,8,0.0,Hard,5,4,Jim Courier,0.0,0.0,0.0,0.0,0.0,0.0,0.0,0.0,0.0
Davis Cup WG R1: GER vs ARG,2012,2012,1,4,0.0,Clay,5,2,Juan Monaco,0.0,0.0,0.0,0.0,0.0,0.0,0.0,0.0,0.0
Davis Cup WG R1: GER vs AUT,2009,2009,1,4,0.0,Hard,5,3,Stefan Koubek,0.0,0.0,0.0,0.0,0.0,0.0,0.0,0.0,0.0
Davis Cup WG R1: GER vs CRO,1995,2007,13,8,0.0,Hard,5,2,Michael Stich,0.0,0.0,0.0,0.0,0.0,0.0,0.0,0.0,0.0
Davis Cup WG R1: GER vs CZE,2016,2016,1,4,159.0,Hard,5,3,Philipp Kohlschreiber,22.0,67.0,674.0,416.0,318.0,124.5,106.5,34.0,51.5
Davis Cup WG R1: GER vs FRA,2006,2015,10,8,0.0,Hard,5,2,Sebastien Grosjean,0.0,0.0,0.0,0.0,0.0,0.0,0.0,0.0,0.0
Davis Cup WG R1: GER vs KOR,2008,2008,1,4,0.0,Clay,5,2,Philipp Kohlschreiber,0.0,0.0,0.0,0.0,0.0,0.0,0.0,0.0,0.0
Davis Cup WG R1: HUN vs BEL,2018,2018,1,4,130.5,Hard,5,2,David Goffin,16.5,50.0,579.0,369.0,272.5,111.0,96.0,31.0,48.0
Davis Cup WG R1: INA vs PHI,1986,1986,1,4,0.0,Clay,5,3,Tintus Arianto Wibowo,0.0,0.0,0.0,0.0,0.0,0.0,0.0,0.0,0.0
Davis Cup WG R1: IND vs ARG,1987,1987,1,4,0.0,Grass,5,3,Vijay Amritraj,0.0,0.0,0.0,0.0,0.0,0.0,0.0,0.0,0.0
Davis Cup WG R1: IND vs FRA,1984,1984,1,4,0.0,Grass,5,2,Yannick Noah,0.0,0.0,0.0,0.0,0.0,0.0,0.0,0.0,0.0
Davis Cup WG R1: IND vs ITA,1985,1985,1,4,0.0,Grass,5,3,Vijay Amritraj,0.0,0.0,0.0,0.0,0.0,0.0,0.0,0.0,0.0
Davis Cup WG R1: IND vs NED,1996,1996,1,4,0.0,Grass,5,2,Mahesh Bhupathi,0.0,0.0,0.0,0.0,0.0,0.0,0.0,0.0,0.0
Davis Cup WG R1: IND vs SUI,1993,1993,1,4,0.0,Grass,5,3,Marc Rosset,0.0,0.0,0.0,0.0,0.0,0.0,0.0,0.0,0.0
Davis Cup WG R1: IND vs TCH,1986,1986,1,4,0.0,Grass,5,3,Miloslav Mecir,0.0,0.0,0.0,0.0,0.0,0.0,0.0,0.0,0.0
Davis Cup WG R1: IND vs USA,1994,1994,1,4,0.0,Grass,5,3,Jim Courier,0.0,0.0,0.0,0.0,0.0,0.0,0.0,0.0,0.0
Davis Cup WG R1: IND vs YUG,1988,1988,1,4,0.0,Grass,5,2,Slobodan Zivojinovic,0.0,0.0,0.0,0.0,0.0,0.0,0.0,0.0,0.0
Davis Cup WG R1: ISR vs CZE,1994,1994,1,4,0.0,Hard,5,3,Petr Korda,0.0,0.0,0.0,0.0,0.0,0.0,0.0,0.0,0.0
Davis Cup WG R1: ISR vs SWE,2008,2008,1,4,0.0,Hard,5,2,Thomas Johansson,0.0,0.0,0.0,0.0,0.0,0.0,0.0,0.0,0.0
Davis Cup WG R1: ITA vs CRO,2013,2013,1,4,0.0,Clay,5,2,Marin Cilic,0.0,0.0,0.0,0.0,0.0,0.0,0.0,0.0,0.0
Davis Cup WG R1: ITA vs CZE,1995,1995,1,4,0.0,Clay,5,2,Renzo Furlan,0.0,0.0,0.0,0.0,0.0,0.0,0.0,0.0,0.0
Davis Cup WG R1: ITA vs GBR,1982,1982,1,4,0.0,Clay,5,3,Buster C Mottram,0.0,0.0,0.0,0.0,0.0,0.0,0.0,0.0,0.0
Davis Cup WG R1: ITA vs IND,1998,1998,1,4,0.0,Clay,5,4,Andrea Gaudenzi,0.0,0.0,0.0,0.0,0.0,0.0,0.0,0.0,0.0
Davis Cup WG R1: ITA vs IRL,1983,1983,1,4,0.0,Clay,5,3,Corrado Barazzutti,0.0,0.0,0.0,0.0,0.0,0.0,0.0,0.0,0.0
Davis Cup WG R1: ITA vs ISR,1988,1988,1,4,0.0,Clay,5,2,Francesco Cancellotti,0.0,0.0,0.0,0.0,0.0,0.0,0.0,0.0,0.0
Davis Cup WG R1: ITA vs JPN,2018,2018,1,3,230.667,Hard,5,2,Fabio Fognini,48.0,51.0,758.5,420.5,287.5,149.0,109.0,54.0,89.0
Davis Cup WG R1: ITA vs MEX,1997,1997,1,4,0.0,Clay,5,2,Renzo Furlan,0.0,0.0,0.0,0.0,0.0,0.0,0.0,0.0,0.0
Davis Cup WG R1: ITA vs PAR,1986,1986,1,4,0.0,Clay,5,3,Francesco Cancellotti,0.0,0.0,0.0,0.0,0.0,0.0,0.0,0.0,0.0
Davis Cup WG R1: ITA vs RUS,1996,1996,1,4,0.0,Clay,5,2,Yevgeny Kafelnikov,0.0,0.0,0.0,0.0,0.0,0.0,0.0,0.0,0.0
Davis Cup WG R1: ITA vs SWE,1987,1990,4,8,0.0,Clay,5,3,Paolo Cane,0.0,0.0,0.0,0.0,0.0,0.0,0.0,0.0,0.0
Davis Cup WG R1: JPN vs CRO,2012,2012,1,4,0.0,Hard,5,2,Ivo Karlovic,0.0,0.0,0.0,0.0,0.0,0.0,0.0,0.0,0.0
Davis Cup WG R1: JPN vs FRA,2017,2017,1,4,83.5,Hard,3,2,Richard Gasquet,17.0,24.0,352.5,197.0,141.0,84.5,62.0,9.5,22.5
Davis Cup WG R1: KAZ vs AUT,2013,2013,1,3,0.0,Clay,5,2,Andrey Golubev,0.0,0.0,0.0,0.0,0.0,0.0,0.0,0.0,0.0
Davis Cup WG R1: KAZ vs ITA,2015,2015,1,4,0.0,Hard,5,3,Mikhail Kukushkin,0.0,0.0,0.0,0.0,0.0,0.0,0.0,0.0,0.0
Davis Cup WG R1: KAZ vs SUI,2018,2018,1,4,124.5,Hard,5,2,Dmitry Popko,14.0,37.0,529.0,336.5,235.5,108.0,84.0,27.0,45.5
Davis Cup WG R1: KOR vs NZL,1981,1981,1,2,0.0,Clay,5,3,Russell Simpson,0.0,0.0,0.0,0.0,0.0,0.0,0.0,0.0,0.0
Davis Cup WG R1: MAR vs ARG,2004,2004,1,4,0.0,Hard,5,2,Guillermo Coria,0.0,0.0,0.0,0.0,0.0,0.0,0.0,0.0,0.0
Davis Cup WG R1: MEX vs AUS,1982,1988,7,8,0.0,Clay,5,3,Mark Edmondson,0.0,0.0,0.0,0.0,0.0,0.0,0.0,0.0,0.0
Davis Cup WG R1: MEX vs FRG,1986,1986,1,4,0.0,Clay,5,3,Boris Becker,0.0,0.0,0.0,0.0,0.0,0.0,0.0,0.0,0.0
Davis Cup WG R1: MEX vs GBR,1987,1987,1,4,0.0,Clay,5,3,Francisco Maciel,0.0,0.0,0.0,0.0,0.0,0.0,0.0,0.0,0.0
Davis Cup WG R1: MEX vs USA,1991,1991,1,4,0.0,Hard,5,3,Brad Gilbert,0.0,0.0,0.0,0.0,0.0,0.0,0.0,0.0,0.0
Davis Cup WG R1: NED vs CAN,2004,2004,1,4,0.0,Clay,5,2,Sjeng Schalken,0.0,0.0,0.0,0.0,0.0,0.0,0.0,0.0,0.0
Davis Cup WG R1: NZL vs ARG,1991,1991,1,4,0.0,Grass,5,2,Javier Frana,0.0,0.0,0.0,0.0,0.0,0.0,0.0,0.0,0.0
Davis Cup WG R1: NZL vs AUS,1986,1986,1,2,0.0,Hard,5,3,Kelly Evernden,0.0,0.0,0.0,0.0,0.0,0.0,0.0,0.0,0.0
Davis Cup WG R1: NZL vs DEN,1983,1983,1,2,0.0,Grass,5,3,Russell Simpson,0.0,0.0,0.0,0.0,0.0,0.0,0.0,0.0,0.0
Davis Cup WG R1: NZL vs ESP,1982,1982,1,4,0.0,Grass,5,3,Russell Simpson,0.0,0.0,0.0,0.0,0.0,0.0,0.0,0.0,0.0
Davis Cup WG R1: NZL vs PAR,1984,1984,1,2,0.0,Grass,5,2,Francisco Gonzalez,0.0,0.0,0.0,0.0,0.0,0.0,0.0,0.0,0.0
Davis Cup WG R1: NZL vs YUG,1990,1990,1,4,0.0,Grass,5,2,Kelly Evernden,0.0,0.0,0.0,0.0,0.0,0.0,0.0,0.0,0.0
Davis Cup WG R1: PAR vs USA,1987,1987,1,4,0.0,Clay,5,3,Victor Pecci,0.0,0.0,0.0,0.0,0.0,0.0,0.0,0.0,0.0
Davis Cup WG R1: PER vs ESP,2008,2008,1,4,0.0,Clay,5,2,Nicolas Almagro,0.0,0.0,0.0,0.0,0.0,0.0,0.0,0.0,0.0
Davis Cup WG R1: ROU vs BLR,2005,2005,1,4,0.0,Clay,5,3,Andrei Pavel,0.0,0.0,0.0,0.0,0.0,0.0,0.0,0.0,0.0
Davis Cup WG R1: ROU vs BRA,1981,1981,1,4,0.0,Hard,5,3,Florin Segarceanu,0.0,0.0,0.0,0.0,0.0,0.0,0.0,0.0,0.0
Davis Cup WG R1: ROU vs CHI,1983,1983,1,4,0.0,Hard,5,3,Florin Segarceanu,0.0,0.0,0.0,0.0,0.0,0.0,0.0,0.0,0.0
Davis Cup WG R1: ROU vs FRA,2008,2008,1,4,0.0,Hard,5,2,Richard Gasquet,0.0,0.0,0.0,0.0,0.0,0.0,0.0,0.0,0.0
Davis Cup WG R1: ROU vs NED,1997,1997,1,4,0.0,Hard,5,2,Adrian Voinea,0.0,0.0,0.0,0.0,0.0,0.0,0.0,0.0,0.0
Davis Cup WG R1: ROU vs SUI,2004,2004,1,4,0.0,Clay,5,2,Roger Federer,0.0,0.0,0.0,0.0,0.0,0.0,0.0,0.0,0.0
Davis Cup WG R1: RSA vs AUS,1995,1995,1,4,0.0,Hard,5,2,Wayne Ferreira,0.0,0.0,0.0,0.0,0.0,0.0,0.0,0.0,0.0
Davis Cup WG R1: RSA vs AUT,1996,1996,1,4,0.0,Grass,5,2,Thomas Muster,0.0,0.0,0.0,0.0,0.0,0.0,0.0,0.0,0.0
Davis Cup WG R1: RSA vs RUS,1997,1997,1,3,0.0,Hard,5,2,Marcos Ondruska,0.0,0.0,0.0,0.0,0.0,0.0,0.0,0.0,0.0
Davis Cup WG R1: RUS vs IND,2010,2010,1,4,0.0,Hard,5,3,Mikhail Youzhny,0.0,0.0,0.0,0.0,0.0,0.0,0.0,0.0,0.0
Davis Cup WG R1: RUS vs SRB,2008,2017,10,8,203.0,Hard,5,2,Nikolay Davydenko,16.0,32.0,446.5,277.5,187.0,71.5,58.0,32.0,46.5
Davis Cup WG R1: RUS vs SUI,2002,2002,1,4,0.0,Clay,5,2,Roger Federer,0.0,0.0,0.0,0.0,0.0,0.0,0.0,0.0,0.0
Davis Cup WG R1: SRB vs CRO,2015,2015,1,4,0.0,Hard,5,3,Viktor Troicki,0.0,0.0,0.0,0.0,0.0,0.0,0.0,0.0,0.0
Davis Cup WG R1: SRB vs IND,2011,2011,1,4,0.0,Hard,5,3,Viktor Troicki,0.0,0.0,0.0,0.0,0.0,0.0,0.0,0.0,0.0
Davis Cup WG R1: SRB vs KAZ,2016,2016,1,4,169.25,Hard,5,3,Novak Djokovic,25.0,38.5,659.0,415.5,292.0,120.5,99.5,35.0,56.5
Davis Cup WG R1: SRB vs SWE,2012,2012,1,4,0.0,Hard,5,2,Janko Tipsarevic,0.0,0.0,0.0,0.0,0.0,0.0,0.0,0.0,0.0
Davis Cup WG R1: SRB vs USA,2010,2010,1,4,0.0,Clay,5,3,Novak Djokovic,0.0,0.0,0.0,0.0,0.0,0.0,0.0,0.0,0.0
Davis Cup WG R1: SUI vs AUS,2006,2006,1,4,0.0,Clay,5,2,Stan Wawrinka,0.0,0.0,0.0,0.0,0.0,0.0,0.0,0.0,0.0
Davis Cup WG R1: SUI vs CZE,2013,2013,1,4,0.0,Hard,5,2,Tomas Berdych,0.0,0.0,0.0,0.0,0.0,0.0,0.0,0.0,0.0
Davis Cup WG R1: SUI vs GER,1996,1996,1,4,0.0,Clay,5,2,David Prinosil,0.0,0.0,0.0,0.0,0.0,0.0,0.0,0.0,0.0
Davis Cup WG R1: SUI vs ITA,2016,2016,1,4,151.5,Clay,5,3,Paolo Lorenzi,9.5,50.5,653.0,416.0,318.5,123.5,102.0,28.0,41.5
Davis Cup WG R1: SUI vs NED,1995,2005,11,8,0.0,Clay,5,2,Sjeng Schalken,0.0,0.0,0.0,0.0,0.0,0.0,0.0,0.0,0.0
Davis Cup WG R1: SUI vs TCH,1981,1981,1,4,0.0,Hard,5,3,Tomas Smid,0.0,0.0,0.0,0.0,0.0,0.0,0.0,0.0,0.0
Davis Cup WG R1: SUI vs USA,2001,2017,17,12,103.75,Clay,5,2,John Isner,14.0,68.5,488.5,307.5,230.0,97.5,78.5,27.0,36.5
Davis Cup WG R1: SVK vs AUT,2000,2000,1,4,0.0,Hard,5,2,Karol Kucera,0.0,0.0,0.0,0.0,0.0,0.0,0.0,0.0,0.0
Davis Cup WG R1: SVK vs ESP,2005,2005,1,4,0.0,Hard,5,3,Karol Beck,0.0,0.0,0.0,0.0,0.0,0.0,0.0,0.0,0.0
Davis Cup WG R1: SVK vs RUS,2001,2001,1,4,0.0,Hard,5,2,Yevgeny Kafelnikov,0.0,0.0,0.0,0.0,0.0,0.0,0.0,0.0,0.0
Davis Cup WG R1: SVK vs SWE,1998,1998,1,4,0.0,Clay,5,4,Dominik Hrbaty,0.0,0.0,0.0,0.0,0.0,0.0,0.0,0.0,0.0
Davis Cup WG R1: SWE vs ARG,2010,2010,1,4,0.0,Hard,5,3,Robin Soderling,0.0,0.0,0.0,0.0,0.0,0.0,0.0,0.0,0.0
Davis Cup WG R1: SWE vs RUS,2011,2011,1,4,0.0,Hard,5,3,Robin Soderling,0.0,0.0,0.0,0.0,0.0,0.0,0.0,0.0,0.0
Davis Cup WG R1: SWE vs SUI,1997,1997,1,4,0.0,Hard,5,2,Thomas Enqvist,0.0,0.0,0.0,0.0,0.0,0.0,0.0,0.0,0.0
Davis Cup WG R1: USA vs ARG,1992,1992,1,4,0.0,Hard,5,1,Pete Sampras,0.0,0.0,0.0,0.0,0.0,0.0,0.0,0.0,0.0
Davis Cup WG R1: USA vs AUS,2016,2016,1,3,129.333,Grass,3,3,John Isner,9.0,102.5,489.5,332.0,260.5,98.5,84.0,18.5,26.0
Davis Cup WG R1: USA vs AUT,2004,2004,1,4,0.0,Hard,5,2,Robby Ginepri,0.0,0.0,0.0,0.0,0.0,0.0,0.0,0.0,0.0
Davis Cup WG R1: USA vs BRA,2013,2013,1,4,0.0,Hard,5,2,Sam Querrey,0.0,0.0,0.0,0.0,0.0,0.0,0.0,0.0,0.0
Davis Cup WG R1: USA vs CRO,2005,2005,1,4,0.0,Hard,5,3,Ivan Ljubicic,0.0,0.0,0.0,0.0,0.0,0.0,0.0,0.0,0.0
Davis Cup WG R1: USA vs IND,1982,1982,1,4,0.0,Hard,5,3,John McEnroe,0.0,0.0,0.0,0.0,0.0,0.0,0.0,0.0,0.0
Davis Cup WG R1: USA vs MEX,1981,1996,16,11,0.0,Hard,5,3,John McEnroe,0.0,0.0,0.0,0.0,0.0,0.0,0.0,0.0,0.0
Davis Cup WG R1: USA vs PAR,1989,1989,1,4,0.0,Hard,5,2,Michael Chang,0.0,0.0,0.0,0.0,0.0,0.0,0.0,0.0,0.0
Davis Cup WG R1: USA vs ROU,2006,2006,1,4,0.0,Hard,5,2,James Blake,0.0,0.0,0.0,0.0,0.0,0.0,0.0,0.0,0.0
Davis Cup WG R1: USA vs RUS,1998,1998,1,4,0.0,Hard,5,4,Yevgeny Kafelnikov,0.0,0.0,0.0,0.0,0.0,0.0,0.0,0.0,0.0
Davis Cup WG R1: USA vs SRB,2018,2018,1,3,144.667,Clay,5,2,Sam Querrey,15.0,62.0,515.5,322.5,267.5,100.5,85.0,16.5,23.5
Davis Cup WG R1: USA vs SUI,2009,2009,1,4,0.0,Hard,5,3,Andy Roddick,0.0,0.0,0.0,0.0,0.0,0.0,0.0,0.0,0.0
Davis Cup WG R1: USA vs SVK,2002,2002,1,4,0.0,Hard,5,2,Andy Roddick,0.0,0.0,0.0,0.0,0.0,0.0,0.0,0.0,0.0
Davis Cup WG R1: YUG vs AUS,1985,1985,1,4,0.0,Clay,5,3,Slobodan Zivojinovic,0.0,0.0,0.0,0.0,0.0,0.0,0.0,0.0,0.0
Davis Cup WG R1: YUG vs DEN,1989,1989,1,4,0.0,Clay,5,2,Bruno Oresar,0.0,0.0,0.0,0.0,0.0,0.0,0.0,0.0,0.0
Davis Cup WG R1: YUG vs SWE,1991,1991,1,4,0.0,Clay,5,2,Goran Ivanisevic,0.0,0.0,0.0,0.0,0.0,0.0,0.0,0.0,0.0
Davis Cup WG R1: YUG vs URS,1986,1986,1,4,0.0,Hard,5,3,Slobodan Zivojinovic,0.0,0.0,0.0,0.0,0.0,0.0,0.0,0.0,0.0
Davis Cup WG R1: ZIM vs AUS,1999,1999,1,4,0.0,Hard,5,4,Patrick Rafter,0.0,0.0,0.0,0.0,0.0,0.0,0.0,0.0,0.0
Davis Cup WG R1: ZIM vs USA,2000,2000,1,4,0.0,Hard,5,2,Andre Agassi,0.0,0.0,0.0,0.0,0.0,0.0,0.0,0.0,0.0
Davis Cup WG SF: ARG vs AUS,2006,2006,1,4,0.0,Clay,5,9,David Nalbandian,0.0,0.0,0.0,0.0,0.0,0.0,0.0,0.0,0.0
Davis Cup WG SF: ARG vs CZE,2012,2012,1,4,0.0,Clay,5,9,Tomas Berdych,0.0,0.0,0.0,0.0,0.0,0.0,0.0,0.0,0.0
Davis Cup WG SF: ARG vs GBR,1981,1981,1,4,0.0,Clay,5,10,Jose Luis Clerc,0.0,0.0,0.0,0.0,0.0,0.0,0.0,0.0,0.0
Davis Cup WG SF: ARG vs RUS,2008,2008,1,4,0.0,Clay,5,9,Juan Martin del Potro,0.0,0.0,0.0,0.0,0.0,0.0,0.0,0.0,0.0
Davis Cup WG SF: ARG vs TCH,1980,1980,1,4,0.0,Clay,5,9,Ivan Lendl,0.0,0.0,0.0,0.0,0.0,0.0,0.0,0.0,0.0
Davis Cup WG SF: AUS vs ARG,1990,1990,1,4,0.0,Grass,5,9,Pat Cash,0.0,0.0,0.0,0.0,0.0,0.0,0.0,0.0,0.0
Davis Cup WG SF: AUS vs BRA,2000,2000,1,4,0.0,Grass,5,7,Patrick Rafter,0.0,0.0,0.0,0.0,0.0,0.0,0.0,0.0,0.0
Davis Cup WG SF: AUS vs FRA,1983,1983,1,4,0.0,Grass,5,9,John Fitzgerald,0.0,0.0,0.0,0.0,0.0,0.0,0.0,0.0,0.0
Davis Cup WG SF: AUS vs IND,1977,1987,11,8,0.0,Grass,5,10,Ramesh Krishnan,0.0,0.0,0.0,0.0,0.0,0.0,0.0,0.0,0.0
Davis Cup WG SF: AUS vs RUS,1999,1999,1,4,0.0,Grass,5,9,Lleyton Hewitt,0.0,0.0,0.0,0.0,0.0,0.0,0.0,0.0,0.0
Davis Cup WG SF: AUS vs SUI,2003,2003,1,4,0.0,Hard,5,9,Lleyton Hewitt,0.0,0.0,0.0,0.0,0.0,0.0,0.0,0.0,0.0
Davis Cup WG SF: AUS vs SWE,2001,2001,1,4,0.0,Hard,5,9,Lleyton Hewitt,0.0,0.0,0.0,0.0,0.0,0.0,0.0,0.0,0.0
Davis Cup WG SF: AUS vs USA,1979,1986,8,7,0.0,Grass,5,10,Vitas Gerulaitis,0.0,0.0,0.0,0.0,0.0,0.0,0.0,0.0,0.0
Davis Cup WG SF: AUT vs USA,1990,1990,1,4,0.0,Clay,5,9,Thomas Muster,0.0,0.0,0.0,0.0,0.0,0.0,0.0,0.0,0.0
Davis Cup WG SF: BEL vs ARG,2015,2015,1,4,0.0,Hard,5,9,David Goffin,0.0,0.0,0.0,0.0,0.0,0.0,0.0,0.0,0.0
Davis Cup WG SF: BEL vs AUS,2017,2017,1,4,189.5,Clay,5,9,David Goffin,12.0,90.0,761.5,489.5,371.5,133.0,120.5,35.5,53.5
Davis Cup WG SF: CRO vs CZE,2009,2009,1,4,0.0,Clay,5,9,Radek Stepanek,0.0,0.0,0.0,0.0,0.0,0.0,0.0,0.0,0.0
Davis Cup WG SF: CRO vs USA,2018,2018,1,4,178.75,Clay,5,9,Borna Coric,22.0,67.5,693.0,412.0,316.0,150.0,112.5,20.0,38.0
Davis Cup WG SF: CZE vs ARG,2013,2013,1,4,0.0,Hard,5,9,Radek Stepanek,0.0,0.0,0.0,0.0,0.0,0.0,0.0,0.0,0.0
Davis Cup WG SF: ESP vs ARG,2003,2003,1,4,0.0,Clay,5,9,Carlos Moya,0.0,0.0,0.0,0.0,0.0,0.0,0.0,0.0,0.0
Davis Cup WG SF: ESP vs FRA,2004,2011,8,8,0.0,Clay,5,9,Rafael Nadal,0.0,0.0,0.0,0.0,0.0,0.0,0.0,0.0,0.0
Davis Cup WG SF: ESP vs ISR,2009,2009,1,4,0.0,Clay,5,9,David Ferrer,0.0,0.0,0.0,0.0,0.0,0.0,0.0,0.0,0.0
Davis Cup WG SF: ESP vs USA,2000,2012,13,11,0.0,Clay,5,9,David Ferrer,0.0,0.0,0.0,0.0,0.0,0.0,0.0,0.0,0.0
Davis Cup WG SF: FRA vs ARG,2010,2010,1,4,0.0,Hard,5,9,Michael Llodra,0.0,0.0,0.0,0.0,0.0,0.0,0.0,0.0,0.0
Davis Cup WG SF: FRA vs CRO,2016,2016,1,4,124.25,Hard,3,9,Marin Cilic,22.5,46.5,497.5,284.5,209.0,105.5,84.0,20.0,40.0
Davis Cup WG SF: FRA vs CZE,2014,2014,1,4,0.0,Clay,5,9,Richard Gasquet,0.0,0.0,0.0,0.0,0.0,0.0,0.0,0.0,0.0
Davis Cup WG SF: FRA vs ESP,2018,2018,1,4,133.5,Hard,5,9,Benoit Paire,28.0,49.0,605.5,364.0,257.0,121.5,85.0,30.0,46.0
Davis Cup WG SF: FRA vs NZL,1982,1982,1,2,0.0,Clay,5,10,Thierry Tulasne,0.0,0.0,0.0,0.0,0.0,0.0,0.0,0.0,0.0
Davis Cup WG SF: FRA vs SRB,2017,2017,1,3,159.667,Clay,5,9,Jo-Wilfried Tsonga,10.0,23.5,507.0,338.0,246.0,84.0,79.5,17.5,35.5
Davis Cup WG SF: FRA vs USA,2002,2002,1,4,0.0,Clay,5,9,Sebastien Grosjean,0.0,0.0,0.0,0.0,0.0,0.0,0.0,0.0,0.0
Davis Cup WG SF: GBR vs ARG,2016,2016,1,4,195.75,Hard,5,9,Juan Martin del Potro,10.5,77.0,727.0,481.5,355.0,132.0,117.0,34.0,51.5
Davis Cup WG SF: GBR vs AUS,2015,2015,1,4,0.0,Hard,5,9,Andy Murray,0.0,0.0,0.0,0.0,0.0,0.0,0.0,0.0,0.0
Davis Cup WG SF: GER vs RUS,1994,1994,1,4,0.0,Hard,5,9,Yevgeny Kafelnikov,0.0,0.0,0.0,0.0,0.0,0.0,0.0,0.0,0.0
Davis Cup WG SF: INA vs PAK,1981,1981,1,2,0.0,Clay,5,2,Atet Wijono,0.0,0.0,0.0,0.0,0.0,0.0,0.0,0.0,0.0
Davis Cup WG SF: IND vs AUS,1979,1993,15,8,0.0,Grass,5,9,Jason Stoltenberg,0.0,0.0,0.0,0.0,0.0,0.0,0.0,0.0,0.0
Davis Cup WG SF: IND vs THA,1983,1983,1,4,0.0,Grass,5,5,Sashi Menon,0.0,0.0,0.0,0.0,0.0,0.0,0.0,0.0,0.0
Davis Cup WG SF: ITA vs AUS,1976,1980,5,8,0.0,Clay,5,9,Adriano Panatta,0.0,0.0,0.0,0.0,0.0,0.0,0.0,0.0,0.0
Davis Cup WG SF: MEX vs VEN,1979,1979,1,4,0.0,Clay,5,12,Marcello Lara,0.0,0.0,0.0,0.0,0.0,0.0,0.0,0.0,0.0
Davis Cup WG SF: NZL vs INA,1977,1977,1,3,0.0,Grass,5,1,Brian Fairlie,0.0,0.0,0.0,0.0,0.0,0.0,0.0,0.0,0.0
Davis Cup WG SF: PHI vs KOR,1985,1985,1,4,0.0,Hard,5,5,Young Dae Jeon,0.0,0.0,0.0,0.0,0.0,0.0,0.0,0.0,0.0
Davis Cup WG SF: ROU vs AUS,1972,1972,1,4,0.0,Clay,5,8,Ilie Nastase,0.0,0.0,0.0,0.0,0.0,0.0,0.0,0.0,0.0
Davis Cup WG SF: ROU vs IND,1969,1969,1,3,0.0,Clay,5,8,Ion Tiriac,0.0,0.0,0.0,0.0,0.0,0.0,0.0,0.0,0.0
Davis Cup WG SF: RUS vs GER,1995,2007,13,8,0.0,Clay,5,9,Igor Andreev,0.0,0.0,0.0,0.0,0.0,0.0,0.0,0.0,0.0
Davis Cup WG SF: RUS vs USA,2006,2006,1,4,0.0,Clay,5,9,Marat Safin,0.0,0.0,0.0,0.0,0.0,0.0,0.0,0.0,0.0
Davis Cup WG SF: SRB vs ARG,2011,2011,1,4,0.0,Hard,5,9,Juan Martin del Potro,0.0,0.0,0.0,0.0,0.0,0.0,0.0,0.0,0.0
Davis Cup WG SF: SRB vs CAN,2013,2013,1,4,0.0,Clay,5,9,Novak Djokovic,0.0,0.0,0.0,0.0,0.0,0.0,0.0,0.0,0.0
Davis Cup WG SF: SRB vs CZE,2010,2010,1,4,0.0,Hard,5,9,Janko Tipsarevic,0.0,0.0,0.0,0.0,0.0,0.0,0.0,0.0,0.0
Davis Cup WG SF: SRI vs IND,1971,1971,1,4,0.0,Clay,5,4,Gaurav Misra,0.0,0.0,0.0,0.0,0.0,0.0,0.0,0.0,0.0
Davis Cup WG SF: SUI vs ITA,2014,2014,1,4,0.0,Hard,5,9,Roger Federer,0.0,0.0,0.0,0.0,0.0,0.0,0.0,0.0,0.0
Davis Cup WG SF: SVK vs ARG,2005,2005,1,4,0.0,Hard,5,9,Karol Beck,0.0,0.0,0.0,0.0,0.0,0.0,0.0,0.0,0.0
Davis Cup WG SF: SWE vs AUS,1985,1985,1,4,0.0,Clay,5,10,Anders Jarryd,0.0,0.0,0.0,0.0,0.0,0.0,0.0,0.0,0.0
Davis Cup WG SF: SWE vs FRA,1988,1988,1,4,0.0,Clay,5,7,Mats Wilander,0.0,0.0,0.0,0.0,0.0,0.0,0.0,0.0,0.0
Davis Cup WG SF: SWE vs GER,1993,1993,1,4,0.0,Clay,5,9,Michael Stich,0.0,0.0,0.0,0.0,0.0,0.0,0.0,0.0,0.0
Davis Cup WG SF: SWE vs TCH,1984,1984,1,4,0.0,Clay,5,9,Mats Wilander,0.0,0.0,0.0,0.0,0.0,0.0,0.0,0.0,0.0
Davis Cup WG SF: SWE vs YUG,1989,1989,1,4,0.0,Clay,5,7,Jonas Svensson,0.0,0.0,0.0,0.0,0.0,0.0,0.0,0.0,0.0
Davis Cup WG SF: TCH vs SWE,1986,1986,1,4,0.0,Clay,5,10,Stefan Edberg,0.0,0.0,0.0,0.0,0.0,0.0,0.0,0.0,0.0
Davis Cup WG SF: THA vs IND,1981,1981,1,4,0.0,Hard,5,2,Ramesh Krishnan,0.0,0.0,0.0,0.0,0.0,0.0,0.0,0.0,0.0
Davis Cup WG SF: USA vs AUS,1997,1997,1,4,0.0,Hard,5,9,Michael Chang,0.0,0.0,0.0,0.0,0.0,0.0,0.0,0.0,0.0
Davis Cup WG SF: USA vs BLR,2004,2004,1,4,0.0,Hard,5,9,Andy Roddick,0.0,0.0,0.0,0.0,0.0,0.0,0.0,0.0,0.0
Davis Cup WG SF: USA vs GER,1991,1991,1,4,0.0,Clay,5,9,Andre Agassi,0.0,0.0,0.0,0.0,0.0,0.0,0.0,0.0,0.0
Davis Cup WG SF: USA vs ITA,1998,1998,1,4,0.0,Hard,5,9,Andrea Gaudenzi,0.0,0.0,0.0,0.0,0.0,0.0,0.0,0.0,0.0
Davis Cup WG SF: USA vs ROU,1973,1973,1,4,0.0,Hard,5,8,Stan Smith,0.0,0.0,0.0,0.0,0.0,0.0,0.0,0.0,0.0
Davis Cup WG SF: USA vs SWE,1992,1995,4,8,0.0,Hard,5,9,Andre Agassi,0.0,0.0,0.0,0.0,0.0,0.0,0.0,0.0,0.0
Davis Cup WG1 PO: BIH vs RSA,2020,2020,1,3,76.333,Hard,3,3,Damir Dzumhur,6.5,19.0,253.5,171.5,118.0,48.5,40.5,10.0,18.0
Davis Cup WG1 PO: BOL vs DOM,2020,2020,1,3,96.0,Clay,3,3,Hugo Dellien,9.5,15.0,294.5,194.5,144.0,47.0,45.5,25.5,33.0
Davis Cup WG1 PO: LBN vs THA,2020,2020,1,3,80.0,Clay,3,3,Benjamin Hassan,7.5,20.0,292.5,171.0,122.5,68.5,47.0,13.0,20.5
Davis Cup WG1 PO: LTU vs POR,2020,2020,1,3,101.0,Hard,3,3,Frederico Ferreira Silva,14.5,26.5,343.0,213.5,159.5,59.5,50.5,17.0,28.0
Davis Cup WG1 PO: MEX vs FIN,2020,2020,1,4,94.25,Clay,3,3,Gerardo Lopez Villasenor,25.5,28.0,433.0,283.5,203.0,79.0,68.5,20.0,36.5
Davis Cup WG1 PO: NOR vs BAR,2020,2020,1,3,62.333,Hard,3,3,Viktor Durasovic,7.5,7.5,190.0,119.5,83.5,36.0,37.0,7.0,19.0
Davis Cup WG1 PO: PAK vs SLO,2020,2020,1,2,144.0,Grass,3,3,Aisam Ul Haq Qureshi,18.5,50.5,324.5,192.0,157.5,51.0,46.5,18.5,25.0
Davis Cup WG1 PO: PER vs SUI,2020,2020,1,3,117.0,Clay,3,3,Juan Pablo Varillas,6.0,36.5,341.5,205.5,156.0,80.0,55.5,11.0,18.0
Davis Cup WG1 PO: TUR vs ISR,2020,2020,1,3,108.333,Clay,3,3,Daniel Cukierman,13.5,12.5,350.0,227.0,147.5,62.5,52.0,23.0,37.0
Davis Cup WG1 PO: UKR vs TPE,2020,2020,1,4,111.25,Hard,3,3,Chun Hsin Tseng,13.5,33.5,443.0,259.5,195.5,96.0,69.5,31.0,42.5
Davis Cup WG1 PO: VEN vs NZL,2020,2020,1,3,113.667,Hard,3,3,Finn Tearney,17.5,25.5,342.5,218.5,157.5,67.5,56.5,24.0,35.0
Davis Cup WG2 PO: CRC vs BUL,2020,2020,1,4,0.0,Hard,3,3,Dimitar Kuzmanov,0.0,0.0,0.0,0.0,0.0,0.0,0.0,0.0,0.0
Davis Cup WG2 PO: DEN vs PUR,2020,2020,1,4,0.0,Hard,3,3,Holger Rune,0.0,0.0,0.0,0.0,0.0,0.0,0.0,0.0,0.0
Davis Cup WG2 PO: ESA vs JAM,2020,2020,1,3,0.0,Hard,3,3,Marcelo Arevalo,0.0,0.0,0.0,0.0,0.0,0.0,0.0,0.0,0.0
Davis Cup WG2 PO: GEO vs EST,2020,2020,1,4,0.0,Hard,3,3,Kristjan Tamm,0.0,0.0,0.0,0.0,0.0,0.0,0.0,0.0,0.0
Davis Cup WG2 PO: GUA vs TUN,2020,2020,1,3,0.0,Hard,3,3,Malek Jaziri,0.0,0.0,0.0,0.0,0.0,0.0,0.0,0.0,0.0
Davis Cup WG2 PO: INA vs KEN,2020,2020,1,3,0.0,Hard,3,3,Christopher Rungkat,0.0,0.0,0.0,0.0,0.0,0.0,0.0,0.0,0.0
Davis Cup WG2 PO: LAT vs EGY,2020,2020,1,4,0.0,Hard,3,3,Ernests Gulbis,0.0,0.0,0.0,0.0,0.0,0.0,0.0,0.0,0.0
Davis Cup WG2 PO: MAR vs VIE,2020,2020,1,3,0.0,Clay,3,3,Lamine Ouahab,0.0,0.0,0.0,0.0,0.0,0.0,0.0,0.0,0.0
Davis Cup WG2 PO: PAR vs SRI,2020,2020,1,3,0.0,Clay,3,3,Adolfo Daniel Vallejo,0.0,0.0,0.0,0.0,0.0,0.0,0.0,0.0,0.0
Davis Cup WG2 PO: PHI vs GRE,2020,2020,1,4,0.0,Clay,3,3,Stefanos Tsitsipas,0.0,0.0,0.0,0.0,0.0,0.0,0.0,0.0,0.0
Davis Cup WG2 PO: POL vs HKG,2020,2020,1,3,0.0,Hard,3,3,Kacper Zuk,0.0,0.0,0.0,0.0,0.0,0.0,0.0,0.0,0.0
Davis Cup WG2 PO: SYR vs ZIM,2020,2020,1,3,0.0,Hard,3,3,Benjamin Lock,0.0,0.0,0.0,0.0,0.0,0.0,0.0,0.0,0.0
Delray Beach,1985,2021,37,844,90.893,Hard,3,2,Xavier Malisse,3027.5,6580.0,75276.0,44835.0,32786.0,15904.0,11886.0,3721.0,5901.0
Delray Beach WCT,1982,1983,2,46,0.0,Clay,3,1,Guillermo Vilas,0.0,0.0,0.0,0.0,0.0,0.0,0.0,0.0,0.0
Des Moines,1973,1973,1,17,0.0,Hard,3,2,Clark Graebner,0.0,0.0,0.0,0.0,0.0,0.0,0.0,0.0,0.0
Doha,1993,2020,28,864,92.633,Hard,3,12,Roger Federer,2814.0,6275.0,88630.5,55060.5,39396.0,17402.5,13929.0,4499.5,7220.5
Dorado Beach,1979,1979,1,16,0.0,Hard,3,2,Jimmy Connors,0.0,0.0,0.0,0.0,0.0,0.0,0.0,0.0,0.0
Dubai,1993,2020,28,868,91.919,Hard,3,2,Roger Federer,3586.0,6207.0,89107.0,52262.0,37712.0,19002.0,14031.0,4608.5,7491.0
Dublin,1968,1973,6,185,0.0,Grass,3,7,Bob Hewitt,0.0,0.0,0.0,0.0,0.0,0.0,0.0,0.0,0.0
Durban,1969,1993,25,176,90.742,Hard,5,4,Bob Hewitt,121.0,186.0,3323.0,2021.0,1366.0,662.5,503.5,203.5,328.5
Dusseldorf,1968,2014,47,1115,94.936,Clay,3,5,Stefan Edberg,1697.0,2694.0,47473.5,28566.5,20020.0,9503.5,7322.0,2570.0,4234.5
Eastbourne,1970,2019,50,382,92.478,Grass,3,6,Andres Gimeno,992.5,2384.5,27576.0,17291.0,12783.0,5415.5,4325.5,1365.0,2063.5
Estoril,1990,2019,30,890,95.805,Clay,3,4,Carlos Moya,3160.0,3441.0,90067.5,55040.0,36990.0,17720.5,13874.0,4967.5,8528.0
Florence,1973,1994,22,696,107.935,Clay,3,5,Paolo Bertolucci,378.0,480.5,13651.5,8636.5,5677.0,2566.5,2079.5,810.0,1356.0
Forest Hills,1985,1989,5,307,0.0,Clay,3,5,Aaron Krickstein,0.0,0.0,0.0,0.0,0.0,0.0,0.0,0.0,0.0
Forest Hills WCT,1978,1984,7,263,0.0,Clay,3,5,John McEnroe,0.0,0.0,0.0,0.0,0.0,0.0,0.0,0.0,0.0
Fort Myers,1985,1986,2,62,0.0,Hard,3,3,Ivan Lendl,0.0,0.0,0.0,0.0,0.0,0.0,0.0,0.0,0.0
Fort Worth,1970,1973,4,40,0.0,Hard,3,8,Eddie Dibbs,0.0,0.0,0.0,0.0,0.0,0.0,0.0,0.0,0.0
Fort Worth WCT,1971,1976,6,107,0.0,Hard,3,2,John Alexander,0.0,0.0,0.0,0.0,0.0,0.0,0.0,0.0,0.0
Geneva,1980,2019,40,507,101.793,Clay,3,5,Tomas Smid,513.5,1098.0,18628.5,11724.5,8277.5,3634.5,2904.0,972.0,1564.5
Genova,1990,1993,4,124,101.323,Clay,3,6,Ronald Agenor,290.5,267.0,9625.0,6098.0,3948.5,1765.5,1462.0,569.0,979.0
Grand Slam Cup,1998,1999,2,22,0.0,Hard,3,9,Greg Rusedski,0.0,0.0,0.0,0.0,0.0,0.0,0.0,0.0,0.0
Great Ocean Road Open,2021,2021,1,55,103.945,Hard,3,2,Jannik Sinner,252.5,589.5,6432.5,3987.0,2934.0,1248.0,986.5,338.0,508.0
Gstaad,1968,2019,52,1588,96.09,Clay,3,7,Sergi Bruguera,4053.0,6605.5,94847.0,55925.5,40773.5,20400.0,14761.5,4968.5,7678.0
Guadalajara,1978,1978,1,31,0.0,Clay,3,4,Gene Mayer,0.0,0.0,0.0,0.0,0.0,0.0,0.0,0.0,0.0
Guaruja,1981,1992,12,326,98.613,Hard,3,1,Luiz Mattar,279.5,525.5,9821.5,6008.0,4174.0,1913.0,1550.5,509.5,884.0
Halle,1993,2019,27,825,89.06,Grass,3,6,Roger Federer,3982.5,8564.5,88324.5,53572.5,40649.5,18364.0,13995.0,4026.0,6091.5
Hamburg,1968,2020,53,1671,101.264,Clay,3,7,Guillermo Vilas,1589.5,2596.5,48757.0,30149.0,20891.0,9483.0,7570.0,2669.5,4407.0
Hamburg Masters,1990,2008,19,1101,94.82,Clay,3,5,Roger Federer,3283.5,4980.0,111103.0,67969.5,45842.5,22020.0,17063.5,6285.0,10548.0
Hampton,1971,1973,3,93,0.0,Hard,3,3,Ilie Nastase,0.0,0.0,0.0,0.0,0.0,0.0,0.0,0.0,0.0
Hempstead WCT,1974,1974,1,31,0.0,Hard,3,2,Stan Smith,0.0,0.0,0.0,0.0,0.0,0.0,0.0,0.0,0.0
Hilton Head,1971,1973,3,33,0.0,Clay,3,8,Rod Laver,0.0,0.0,0.0,0.0,0.0,0.0,0.0,0.0,0.0
Hilton Head WCT,1982,1983,2,38,0.0,Clay,3,4,Van Winitsky,0.0,0.0,0.0,0.0,0.0,0.0,0.0,0.0,0.0
Hilversum,1969,1994,26,845,104.26,Clay,3,7,Balazs Taroczy,366.5,686.0,13931.5,8760.0,5919.0,2674.0,2136.0,807.0,1309.0
Hobart,1968,1979,12,112,0.0,Hard,3,12,Alex Metreveli,0.0,0.0,0.0,0.0,0.0,0.0,0.0,0.0,0.0
Hong Kong,1972,2002,31,912,91.38,Hard,3,11,Michael Chang,1829.0,3101.0,38372.5,21875.0,16020.5,8530.0,6035.0,1949.0,3125.0
Honolulu,1984,1984,1,31,0.0,Hard,3,9,Marty Davis,0.0,0.0,0.0,0.0,0.0,0.0,0.0,0.0,0.0
Houston,1970,2019,50,843,95.266,Clay,3,4,Andy Roddick,2366.0,3986.0,57697.0,34702.0,24766.5,11975.0,9016.0,2952.5,4801.0
Houston WCT,1972,1984,13,122,0.0,Clay,3,4,Ken Rosewall,0.0,0.0,0.0,0.0,0.0,0.0,0.0,0.0,0.0
Houston-WCT,1983,1983,1,31,0.0,Clay,3,4,Ivan Lendl,0.0,0.0,0.0,0.0,0.0,0.0,0.0,0.0,0.0
Hoylake,1970,1970,1,43,0.0,Grass,3,7,John Newcombe,0.0,0.0,0.0,0.0,0.0,0.0,0.0,0.0,0.0
Indian Wells,1987,1989,3,165,0.0,Hard,3,2,Boris Becker,0.0,0.0,0.0,0.0,0.0,0.0,0.0,0.0,0.0
Indian Wells Masters,1990,2019,30,2321,97.138,Hard,3,3,Roger Federer,9311.5,17936.0,242237.0,143277.0,103587.0,51805.0,38021.0,12153.5,19562.0
Indianapolis,1969,2009,41,2249,89.091,Hard,3,7,Jimmy Connors,4738.5,8178.0,98189.5,55476.5,40847.0,22336.5,15457.5,4860.5,7797.5
Istanbul,2015,2018,4,108,101.269,Clay,3,4,Diego Schwartzman,302.5,553.5,11593.5,7440.0,5119.5,2150.0,1807.0,615.0,1015.5
Itaparica,1986,1990,5,155,0.0,Hard,3,11,Martin Jaite,0.0,0.0,0.0,0.0,0.0,0.0,0.0,0.0,0.0
Jackson,1973,1973,1,15,0.0,Hard,3,3,Eddie Dibbs,0.0,0.0,0.0,0.0,0.0,0.0,0.0,0.0,0.0
Jacksonville,1971,1973,3,45,0.0,Clay,3,4,Clark Graebner,0.0,0.0,0.0,0.0,0.0,0.0,0.0,0.0,0.0
Jakarta,1974,1996,23,155,89.608,Hard,3,1,Paul Haarhuis,523.5,656.5,12129.5,6855.5,4781.5,2740.0,1886.5,685.0,1126.0
Johannesburg,1969,2011,43,1021,92.572,Hard,3,2,Andrew Pattison,895.5,1334.5,16737.5,9269.5,6956.5,3856.5,2617.0,868.0,1359.5
Johannesburg - WCT,1975,1976,2,78,0.0,Hard,3,11,Harold Solomon,0.0,0.0,0.0,0.0,0.0,0.0,0.0,0.0,0.0
Johannesburg WCT,1973,1977,5,108,0.0,Hard,3,11,Andrew Pattison,0.0,0.0,0.0,0.0,0.0,0.0,0.0,0.0,0.0
Johannesburg-2,1972,1972,1,15,0.0,Hard,3,12,John Newcombe,0.0,0.0,0.0,0.0,0.0,0.0,0.0,0.0,0.0
Kansas City,1971,1973,3,25,0.0,Hard,3,4,Alejandro Olmedo,0.0,0.0,0.0,0.0,0.0,0.0,0.0,0.0,0.0
Key Biscayne,1987,1989,3,381,0.0,Hard,5,2,Yannick Noah,0.0,0.0,0.0,0.0,0.0,0.0,0.0,0.0,0.0
Khartoum,1976,1976,1,15,0.0,Hard,3,2,Mike Estep,0.0,0.0,0.0,0.0,0.0,0.0,0.0,0.0,0.0
Kiawah Island,1990,1990,1,31,0.0,Clay,3,5,David Wheaton,0.0,0.0,0.0,0.0,0.0,0.0,0.0,0.0,0.0
Kingston,1971,1973,3,42,0.0,Hard,3,12,Clark Graebner,0.0,0.0,0.0,0.0,0.0,0.0,0.0,0.0,0.0
Kitzbuhel,1968,2020,53,2099,96.175,Clay,3,7,Emilio Sanchez,5254.0,6401.5,120306.5,70560.0,49750.5,25494.5,18648.0,6451.5,10597.0
Kuala Lumpur,2009,2015,7,189,96.123,Hard,3,9,Julien Benneteau,766.0,1507.5,19824.5,11923.5,8598.0,4062.5,3089.5,966.5,1579.0
Kuala Lumpur-1,1993,1993,1,31,95.226,Hard,3,1,Richey Reneberg,113.5,179.0,3107.0,1734.0,1234.0,697.5,495.0,154.0,273.0
Kuala Lumpur-2,1993,1993,1,31,93.839,Hard,3,9,Michael Chang,115.0,144.5,3046.0,1826.0,1233.5,628.0,472.0,193.5,311.5
La Costa,1976,1977,2,78,0.0,Hard,3,3,Brian Gottfried,0.0,0.0,0.0,0.0,0.0,0.0,0.0,0.0,0.0
La Costa WCT,1975,1982,8,46,0.0,Hard,3,8,Roscoe Tanner,0.0,0.0,0.0,0.0,0.0,0.0,0.0,0.0,0.0
La Quinta,1981,1986,6,354,0.0,Hard,3,2,Yannick Noah,0.0,0.0,0.0,0.0,0.0,0.0,0.0,0.0,0.0
Lacosta WCT,1973,1974,2,62,0.0,Hard,3,3,Stan Smith,0.0,0.0,0.0,0.0,0.0,0.0,0.0,0.0,0.0
Lagos,1978,1980,3,93,0.0,Clay,3,2,Peter Feigl,0.0,0.0,0.0,0.0,0.0,0.0,0.0,0.0,0.0
Lagos WCT,1976,1976,1,15,0.0,Clay,3,2,Dick Stockton,0.0,0.0,0.0,0.0,0.0,0.0,0.0,0.0,0.0
Laguna Niguel,1977,1977,1,23,0.0,Hard,3,9,Andrew Pattison,0.0,0.0,0.0,0.0,0.0,0.0,0.0,0.0,0.0
Lakeway,1974,1974,1,15,0.0,Hard,3,1,Cliff Richey,0.0,0.0,0.0,0.0,0.0,0.0,0.0,0.0,0.0
Las Vegas,1969,2008,40,519,82.798,Hard,3,3,Jimmy Connors,471.5,733.0,10259.5,6028.0,4305.0,2257.0,1614.0,495.0,813.0
Las Vegas WCT,1972,1972,1,30,0.0,Hard,3,5,John Newcombe,0.0,0.0,0.0,0.0,0.0,0.0,0.0,0.0,0.0
Leicester,1970,1970,1,15,0.0,Grass,3,7,Tom Okker,0.0,0.0,0.0,0.0,0.0,0.0,0.0,0.0,0.0
Linz,1981,1982,2,62,0.0,Hard,3,3,Gianni Ocleppo,0.0,0.0,0.0,0.0,0.0,0.0,0.0,0.0,0.0
Lisbon,1983,1983,1,31,0.0,Clay,3,4,Mats Wilander,0.0,0.0,0.0,0.0,0.0,0.0,0.0,0.0,0.0
Little Rock,1979,1979,1,31,0.0,Hard,3,1,Vitas Gerulaitis,0.0,0.0,0.0,0.0,0.0,0.0,0.0,0.0,0.0
Livingston,1984,1989,6,186,0.0,Hard,3,7,Brad Gilbert,0.0,0.0,0.0,0.0,0.0,0.0,0.0,0.0,0.0
London,1968,2000,33,112,84.387,Grass,3,6,Rod Laver,182.5,298.0,3177.5,1635.0,1267.5,816.0,499.0,166.5,249.0
London Indoor,1972,1972,1,15,0.0,Hard,3,1,Cliff Richey,0.0,0.0,0.0,0.0,0.0,0.0,0.0,0.0,0.0
London Olympics,2012,2012,1,64,96.079,Grass,3,7,Andy Murray,169.0,737.0,6881.5,4453.0,3367.0,1337.5,1113.5,280.5,417.5
London WCT,1973,1977,5,77,0.0,Hard,3,3,Mark Cox,0.0,0.0,0.0,0.0,0.0,0.0,0.0,0.0,0.0
Long Island,1990,2004,15,493,91.175,Hard,3,8,Stefan Edberg,2278.0,3573.0,49042.5,27546.0,20091.5,11101.5,7645.0,2515.0,4047.0
Los Angeles,1968,2012,45,1560,90.506,Hard,3,8,Andre Agassi,3018.0,5682.5,69147.0,39883.5,29252.5,15220.5,10880.0,3492.5,5558.5
Los Angeles Olympics,1984,1984,1,31,0.0,Hard,3,8,Stefan Edberg,0.0,0.0,0.0,0.0,0.0,0.0,0.0,0.0,0.0
Los Angeles WCT,1972,1972,1,63,0.0,Hard,3,9,Stan Smith,0.0,0.0,0.0,0.0,0.0,0.0,0.0,0.0,0.0
Los Cabos,2016,2019,4,108,92.435,Hard,3,7,Taylor Fritz,511.0,932.5,11246.5,6651.5,4901.0,2409.5,1775.5,542.0,862.0
Louisville,1970,1979,10,456,0.0,Clay,3,7,Guillermo Vilas,0.0,0.0,0.0,0.0,0.0,0.0,0.0,0.0,0.0
Louisville WCT,1971,1972,2,59,0.0,Clay,3,7,Cliff Drysdale,0.0,0.0,0.0,0.0,0.0,0.0,0.0,0.0,0.0
Lyon,2009,2019,11,112,98.072,Clay,3,5,Gilles Simon,370.5,1024.0,12020.5,7512.0,5502.5,2383.5,1894.5,555.5,878.0
Maceio,1992,1992,1,31,106.355,Clay,3,2,Tomas Carbonell,142.5,150.5,3413.0,2022.5,1342.5,708.0,530.0,158.0,301.5
Macon,1971,1971,1,41,0.0,Hard,3,3,Zeljko Franulovic,0.0,0.0,0.0,0.0,0.0,0.0,0.0,0.0,0.0
Madrid,1971,1994,24,1128,95.54,Clay,3,9,Manuel Orantes,401.0,413.0,12545.5,7754.0,5180.5,2401.0,1967.5,693.5,1226.0
Madrid Masters,2002,2019,18,934,100.836,Clay,3,5,Rafael Nadal,2676.0,7749.0,95429.0,60125.0,44054.5,19033.5,15056.5,4480.0,6890.5
Mallorca,1998,2002,5,155,93.961,Clay,3,9,Carlos Moya,553.0,822.5,16678.0,10202.5,7031.0,3318.5,2583.0,983.0,1584.0
Manchester,1970,1994,25,269,93.435,Grass,3,6,Jacco Eltingh,754.5,1101.0,14474.5,8774.5,6562.5,2966.5,2254.0,695.0,1060.5
Manila,1973,1981,9,226,0.0,Clay,3,11,Ross Case,0.0,0.0,0.0,0.0,0.0,0.0,0.0,0.0,0.0
Mar Del Plata,1981,1981,1,31,0.0,Clay,3,2,Guillermo Vilas,0.0,0.0,0.0,0.0,0.0,0.0,0.0,0.0,0.0
Marbella,1985,1997,13,93,82.113,Clay,3,9,Marc Kevin Goellner,217.5,305.5,6064.5,3710.5,2516.5,1181.5,959.0,311.0,562.5
Marrakech,2016,2019,4,116,100.5,Clay,3,4,Pablo Andujar,471.5,700.0,11837.5,7044.0,4970.5,2467.0,1836.0,662.5,1065.0
Marseille,1996,2020,25,731,95.149,Hard,3,2,Gilles Simon,2874.0,8558.0,79715.5,47184.5,35780.5,17173.5,12636.5,3644.0,5604.0
Masters,1974,1975,2,30,0.0,Grass,3,12,Guillermo Vilas,0.0,0.0,0.0,0.0,0.0,0.0,0.0,0.0,0.0
Masters Cup,2000,2008,9,120,106.081,Hard,3,11,Roger Federer,408.5,1108.5,12810.5,7629.0,5583.0,2719.0,1998.0,653.0,1008.5
Maui,1974,1983,10,342,0.0,Hard,3,9,Bill Scanlon,0.0,0.0,0.0,0.0,0.0,0.0,0.0,0.0,0.0
Melbourne,1969,1985,17,207,0.0,Grass,3,12,Peter Doohan,0.0,0.0,0.0,0.0,0.0,0.0,0.0,0.0,0.0
Melbourne Indoor,1975,1975,1,31,0.0,Grass,3,10,Brian Gottfried,0.0,0.0,0.0,0.0,0.0,0.0,0.0,0.0,0.0
Memphis,1987,2017,31,1185,91.041,Hard,3,2,Andy Roddick,4146.0,11199.5,108082.5,64868.0,48574.5,22533.0,16974.5,5152.5,7952.0
Merano,1999,1999,1,31,99.032,Clay,3,6,Fernando Vicente,116.5,173.5,3450.0,2008.0,1394.0,742.0,541.5,183.0,313.0
Merion,1970,1974,5,315,0.0,Grass,3,8,Mike Estep,0.0,0.0,0.0,0.0,0.0,0.0,0.0,0.0,0.0
Metz,1982,2019,38,545,93.859,Hard,3,9,Jo-Wilfried Tsonga,1567.5,5314.0,51934.0,31914.5,24051.5,10514.5,8274.0,2365.5,3633.0
Mexico City,1978,2000,23,279,93.241,Clay,3,2,Thomas Muster,1549.0,1106.0,23992.5,13648.5,9465.0,5035.0,3647.0,1408.5,2374.5
Mexico City WCT,1976,1978,3,61,0.0,Hard,3,1,Raul Ramirez,0.0,0.0,0.0,0.0,0.0,0.0,0.0,0.0,0.0
Miami,1970,1977,8,37,0.0,Clay,3,2,Eddie Dibbs,0.0,0.0,0.0,0.0,0.0,0.0,0.0,0.0,0.0
Miami Masters,1990,2019,30,2850,96.4,Hard,3,3,Andre Agassi,12171.5,20911.0,294158.0,172365.0,124000.0,63029.0,45980.5,14953.0,24389.5
Miami WCT,1971,1974,4,123,0.0,Hard,3,3,Cliff Drysdale,0.0,0.0,0.0,0.0,0.0,0.0,0.0,0.0,0.0
Midland,1970,1972,3,21,0.0,Hard,3,9,Nikola Pilic,0.0,0.0,0.0,0.0,0.0,0.0,0.0,0.0,0.0
Monte Carlo,1968,1989,22,718,0.0,Clay,3,4,Mats Wilander,0.0,0.0,0.0,0.0,0.0,0.0,0.0,0.0,0.0
Monte Carlo Masters,1990,2019,30,1714,97.279,Clay,3,4,Rafael Nadal,5953.0,7255.5,173140.5,102988.0,69475.0,35163.5,26638.5,10027.5,17039.0
Monte Carlo WCT,1974,1978,5,123,0.0,Clay,3,4,Guillermo Vilas,0.0,0.0,0.0,0.0,0.0,0.0,0.0,0.0,0.0
Montevideo,1994,1995,2,62,98.774,Clay,3,10,Alberto Berasategui,159.0,246.5,7009.5,4533.0,2894.5,1261.5,1053.5,445.5,743.5
Montpellier,2010,2021,12,297,94.679,Hard,3,2,Richard Gasquet,1107.0,3171.0,32579.5,20186.5,14994.0,6448.0,5118.5,1545.5,2397.5
Montreal / Toronto,1969,1989,21,866,0.0,Hard,3,8,Ivan Lendl,0.0,0.0,0.0,0.0,0.0,0.0,0.0,0.0,0.0
Moscow,2007,2019,13,363,96.489,Hard,3,10,Andreas Seppi,1161.5,3196.5,37701.0,23108.5,16886.0,7568.0,5946.0,1841.0,2911.5
Mumbai,2006,2007,2,62,94.194,Hard,3,9,Richard Gasquet,249.5,527.5,6265.0,3725.0,2753.5,1341.0,998.5,307.5,484.5
Munich,1970,2019,50,1511,96.115,Clay,3,4,Philipp Kohlschreiber,2746.5,5562.5,93203.5,58611.5,40956.5,18058.5,14539.0,4971.5,7999.0
Murcia,1977,1977,1,31,0.0,Clay,3,4,Jose Higueras,0.0,0.0,0.0,0.0,0.0,0.0,0.0,0.0,0.0
Murray River Open,2021,2021,1,55,96.545,Hard,3,2,Daniel Evans,202.0,534.0,5798.0,3659.0,2708.0,1153.0,931.5,266.0,418.0
Nancy,1979,1989,11,155,0.0,Hard,3,3,Chip Hooper,0.0,0.0,0.0,0.0,0.0,0.0,0.0,0.0,0.0
Napa,1981,1981,1,31,0.0,Hard,3,3,Sammy Giammalva Jr,0.0,0.0,0.0,0.0,0.0,0.0,0.0,0.0,0.0
Nations Cup,1978,1981,4,120,0.0,Clay,3,5,Adriano Panatta,0.0,0.0,0.0,0.0,0.0,0.0,0.0,0.0,0.0
New Delhi,1996,1996,1,31,77.968,Hard,3,4,Thomas Enqvist,133.0,236.0,2999.5,1753.0,1304.0,662.5,488.0,147.0,240.0
New Haven,1990,2010,21,777,91.146,Hard,3,8,Petr Korda,3395.0,6072.0,77540.5,45419.0,33184.5,16829.5,12152.5,3916.5,6166.5
New York,2018,2020,3,81,100.926,Hard,3,2,Reilly Opelka,223.5,1171.0,9392.5,6292.0,4737.0,1702.0,1517.5,404.5,609.5
Newport,1970,2019,50,1470,88.261,Grass,3,7,John Isner,5588.5,8549.5,95081.0,55479.0,41756.0,20675.0,15006.0,4478.5,6978.5
Nice,1971,2016,46,1031,96.228,Clay,3,4,Manuel Orantes,1109.5,1668.5,36124.0,22395.5,15337.0,7040.0,5577.0,2029.0,3327.0
North Conway,1975,1984,10,590,0.0,Clay,3,7,Eddie Dibbs,0.0,0.0,0.0,0.0,0.0,0.0,0.0,0.0,0.0
Nottingham,1970,2016,47,862,88.36,Grass,3,6,Jonas Bjorkman,2425.5,5309.0,55977.0,33947.0,25460.0,11657.0,8822.5,2609.5,3987.0
Nur-Sultan,2020,2020,1,27,110.519,Hard,3,10,John Millman,121.0,190.5,3122.5,1874.0,1343.5,634.0,484.0,156.5,257.0
Oahu,1994,1994,1,31,97.452,Hard,3,1,Wayne Ferreira,111.0,199.5,3243.5,1959.0,1367.5,685.0,508.5,162.0,266.5
Ocean City,1977,1977,1,15,0.0,Hard,3,2,Vitas Gerulaitis,0.0,0.0,0.0,0.0,0.0,0.0,0.0,0.0,0.0
Omaha,1972,1973,2,39,0.0,Hard,3,2,Ilie Nastase,0.0,0.0,0.0,0.0,0.0,0.0,0.0,0.0,0.0
Oporto,1995,1996,2,62,102.066,Clay,3,6,Hernan Gumy,227.5,247.5,6783.5,4064.5,2678.5,1346.5,1036.0,382.5,682.0
Orlando,1987,2000,14,279,95.17,Clay,3,4,Brad Gilbert,639.0,921.5,16565.5,9913.0,7007.5,3394.5,2567.0,897.0,1447.0
Orlando WCT,1974,1975,2,62,0.0,Hard,3,4,Rod Laver,0.0,0.0,0.0,0.0,0.0,0.0,0.0,0.0,0.0
Osaka,1973,1994,22,93,95.403,Hard,3,3,Michael Chang,269.5,409.0,6455.5,3709.5,2648.5,1431.5,1009.5,332.0,548.0
Oviedo,1977,1977,1,47,0.0,Hard,3,11,Eddie Dibbs,0.0,0.0,0.0,0.0,0.0,0.0,0.0,0.0,0.0
Palermo,1971,2006,36,917,95.54,Clay,3,9,Alex Corretja,1638.0,2206.0,51581.0,32158.0,21628.5,9691.0,7970.0,2889.0,4967.5
Palm Desert WCT,1974,1974,1,31,0.0,Hard,3,3,Rod Laver,0.0,0.0,0.0,0.0,0.0,0.0,0.0,0.0,0.0
Palm Harbor,1980,1980,1,63,0.0,Hard,3,3,Paul Mcnamee,0.0,0.0,0.0,0.0,0.0,0.0,0.0,0.0,0.0
Palm Springs,1976,1978,3,189,0.0,Hard,3,2,Roscoe Tanner,0.0,0.0,0.0,0.0,0.0,0.0,0.0,0.0,0.0
Palma,1976,1976,1,47,0.0,Clay,3,4,Buster C Mottram,0.0,0.0,0.0,0.0,0.0,0.0,0.0,0.0,0.0
Paramus,1973,1973,1,7,0.0,Hard,3,3,Jimmy Connors,0.0,0.0,0.0,0.0,0.0,0.0,0.0,0.0,0.0
Paris,1971,1977,7,58,0.0,Clay,3,9,Guillermo Vilas,0.0,0.0,0.0,0.0,0.0,0.0,0.0,0.0,0.0
Paris Indoor,1971,1982,12,357,0.0,Hard,3,10,Stan Smith,0.0,0.0,0.0,0.0,0.0,0.0,0.0,0.0,0.0
Paris Masters,2007,2020,14,666,97.75,Hard,3,10,Novak Djokovic,2426.5,7187.5,70869.0,43087.5,32627.0,14522.0,11225.0,3223.5,4980.0
Pensacola,1971,1971,1,26,0.0,Hard,3,3,Nicola Spear,0.0,0.0,0.0,0.0,0.0,0.0,0.0,0.0,0.0
Pepsi Grand Slam,1976,1981,6,19,0.0,Clay,3,2,Bjorn Borg,0.0,0.0,0.0,0.0,0.0,0.0,0.0,0.0,0.0
Perth,1968,1980,13,184,0.0,Grass,3,1,Syd Ball,0.0,0.0,0.0,0.0,0.0,0.0,0.0,0.0,0.0
Philadelphia,1997,1998,2,62,87.855,Hard,3,2,Pete Sampras,245.5,586.5,6663.5,3928.0,2888.5,1386.0,1052.5,313.0,514.0
Phoenix,1970,1970,1,30,0.0,Hard,3,10,Stan Smith,0.0,0.0,0.0,0.0,0.0,0.0,0.0,0.0,0.0
Pinehurst,1994,1996,3,93,93.25,Clay,3,5,Jared Palmer,413.5,540.5,9959.5,5765.5,4017.5,2140.5,1516.0,585.5,950.0
Poertschach,2006,2008,3,93,91.141,Clay,3,5,Nikolay Davydenko,246.0,628.0,9065.0,5602.5,3973.0,1814.0,1434.0,468.5,759.5
Prague,1973,1999,27,434,92.694,Clay,3,7,Karel Novacek,1163.5,868.0,29052.5,16408.0,10621.5,6183.5,4411.5,1760.5,3162.0
Pune,2018,2020,3,81,108.531,Hard,3,12,Kevin Anderson,348.0,970.0,9585.5,5930.0,4415.0,1912.0,1456.0,468.0,693.5
Queen's Club,1969,2019,51,2601,89.115,Grass,3,6,John McEnroe,7354.0,16089.0,160763.5,97646.5,73634.5,33061.5,25472.0,7367.0,11369.5
Quito,1979,2018,40,232,106.62,Clay,3,2,Victor Estrella,708.5,1013.5,12399.0,7318.0,5545.5,2736.5,1961.5,600.0,898.5
Rancho Mirage,1979,1980,2,123,0.0,Hard,3,2,Harold Solomon,0.0,0.0,0.0,0.0,0.0,0.0,0.0,0.0,0.0
Richmond,1971,1971,1,15,0.0,Hard,3,2,Ilie Nastase,0.0,0.0,0.0,0.0,0.0,0.0,0.0,0.0,0.0
Rio De Janeiro,2020,2020,1,31,135.065,Clay,3,2,Christian Garin,137.0,177.0,4074.0,2612.5,1787.5,712.0,602.5,226.5,364.5
Rio Olympics,2016,2016,1,64,107.016,Hard,3,8,Andy Murray,225.5,423.0,6806.0,4164.0,2939.0,1403.5,1080.0,324.5,558.0
Rio de Janeiro,2014,2019,6,186,105.322,Clay,3,2,Pablo Cuevas,775.0,998.5,19605.5,11565.0,8048.5,4123.5,3046.0,1082.0,1779.5
Roanoke,1973,1973,1,7,0.0,Hard,3,1,Jimmy Connors,0.0,0.0,0.0,0.0,0.0,0.0,0.0,0.0,0.0
Roland Garros,1968,2020,53,6683,147.978,Clay,5,5,Rafael Nadal,19314.0,34691.5,623214.5,383658.0,269195.0,121129.0,95285.5,34060.5,55266.5
Rome,1968,1989,22,1419,0.0,Clay,3,5,Guillermo Vilas,0.0,0.0,0.0,0.0,0.0,0.0,0.0,0.0,0.0
Rome Masters,1990,2020,31,1840,101.15,Clay,3,5,Rafael Nadal,6007.0,10280.0,188821.0,116054.5,80687.5,37548.0,29294.5,10191.5,16629.0
Rome WCT,1976,1976,1,15,0.0,Clay,3,2,Arthur Ashe,0.0,0.0,0.0,0.0,0.0,0.0,0.0,0.0,0.0
Rosmalen,1990,1997,8,248,88.195,Grass,3,6,Richard Krajicek,1548.5,1550.0,23317.5,13341.5,10091.5,5228.5,3641.5,1155.5,1735.0
Rotterdam,1981,2020,40,713,95.544,Hard,3,2,Roger Federer,2111.5,6536.5,68881.5,41877.5,31325.0,14154.0,10875.5,3212.5,4966.0
Rye Brook,1987,1988,2,62,0.0,Hard,3,8,Ramesh Krishnan,0.0,0.0,0.0,0.0,0.0,0.0,0.0,0.0,0.0
Sacramento,1971,1971,1,63,0.0,Hard,3,9,Robert Lutz,0.0,0.0,0.0,0.0,0.0,0.0,0.0,0.0,0.0
Salisbury,1970,1973,4,197,0.0,Hard,3,2,Ilie Nastase,0.0,0.0,0.0,0.0,0.0,0.0,0.0,0.0,0.0
Salt Lake City,1973,1973,1,23,0.0,Hard,3,2,Paul Gerken,0.0,0.0,0.0,0.0,0.0,0.0,0.0,0.0,0.0
San Antonio WCT,1975,1975,1,31,0.0,Hard,3,2,Dick Stockton,0.0,0.0,0.0,0.0,0.0,0.0,0.0,0.0,0.0
San Francisco,1992,1993,2,62,110.79,Hard,3,2,Brad Gilbert,281.0,446.0,7483.5,4644.0,3305.0,1438.5,1143.5,381.0,605.0
San Jose,1977,2013,37,705,89.405,Hard,3,2,Andre Agassi,2338.5,6335.5,64189.0,38240.5,28367.5,13745.5,10169.0,2931.0,4648.5
San Juan,1970,1981,12,119,0.0,Hard,3,1,Arthur Ashe,0.0,0.0,0.0,0.0,0.0,0.0,0.0,0.0,0.0
San Marino,1989,2000,12,372,92.286,Clay,3,8,Andrea Gaudenzi,1218.5,1319.0,31621.5,18760.0,12790.0,6507.0,4869.5,1800.5,3025.5
San Remo,1990,1990,1,31,0.0,Clay,3,7,Jordi Arrese,0.0,0.0,0.0,0.0,0.0,0.0,0.0,0.0,0.0
Santiago,1976,2020,45,530,98.061,Clay,3,2,Hans Gildemeister,1531.5,2010.5,39089.0,23930.0,16779.0,7722.5,6043.0,2182.0,3511.0
Sao Paulo,1982,2019,38,402,104.275,Clay,3,2,Pablo Cuevas,1219.0,2208.5,34087.5,20611.5,14826.5,7041.0,5343.0,1743.0,2789.5
Sarasota,1980,1980,1,31,0.0,Clay,3,2,Eddie Dibbs,0.0,0.0,0.0,0.0,0.0,0.0,0.0,0.0,0.0
Sardinia,2020,2020,1,27,106.963,Clay,3,10,Laslo Djere,92.0,111.0,2874.5,1844.0,1240.0,512.5,437.0,159.5,269.5
Schenectady,1987,1994,8,244,91.207,Hard,3,8,Thomas Enqvist,492.0,878.0,12413.5,7259.5,5279.0,2670.0,1922.5,677.0,1047.5
Scottsdale,1986,2005,20,558,90.89,Hard,3,2,Andre Agassi,1960.0,3125.5,46527.5,26852.5,19174.0,10178.0,7266.5,2451.5,4025.5
Senigallia,1971,1971,1,47,0.0,Clay,3,8,Adriano Panatta,0.0,0.0,0.0,0.0,0.0,0.0,0.0,0.0,0.0
Seoul,1987,1996,10,310,91.978,Hard,3,4,Shuzo Matsuoka,922.0,1257.5,19941.0,11757.5,8430.0,4255.5,3106.0,986.5,1607.5
Seoul Olympics,1988,1988,1,63,0.0,Hard,5,9,Miloslav Mecir,0.0,0.0,0.0,0.0,0.0,0.0,0.0,0.0,0.0
Shanghai,1999,2004,6,155,93.613,Hard,3,10,Magnus Norman,692.0,1224.5,15995.5,9345.0,6887.0,3456.5,2519.5,765.0,1245.5
Shanghai Masters,2009,2019,11,605,96.192,Hard,3,10,Novak Djokovic,1943.5,6342.0,63809.0,40317.5,29989.0,12473.5,10149.0,2821.5,4394.5
Shenzhen,2014,2018,5,135,104.657,Hard,3,9,Tomas Berdych,597.0,1387.5,14476.5,8570.0,6383.5,3096.5,2281.0,653.5,1050.0
Singapore,1989,2021,33,182,101.775,Hard,3,2,Kelly Jones,497.0,903.5,12796.5,7588.5,5499.5,2828.5,2018.0,648.0,999.0
Sofia,2016,2020,5,135,95.293,Hard,3,2,Martin Klizan,578.0,1311.5,14379.0,8488.0,6305.5,3120.5,2276.0,682.5,1059.5
Sopot,2001,2007,7,217,95.34,Clay,3,8,Jose Acasuso,752.0,966.5,22694.5,14053.0,9429.0,4363.0,3507.0,1223.0,2136.5
South Orange,1970,1983,14,475,0.0,Clay,3,7,John McEnroe,0.0,0.0,0.0,0.0,0.0,0.0,0.0,0.0,0.0
St Petersburg,2020,2020,1,31,103.871,Hard,3,10,Andrey Rublev,103.0,369.0,3425.5,2209.5,1682.0,606.5,557.0,145.5,233.5
St. Louis,1974,1975,2,62,0.0,Clay,3,4,Stan Smith,0.0,0.0,0.0,0.0,0.0,0.0,0.0,0.0,0.0
St. Petersburg,1970,2019,50,474,92.613,Hard,3,9,Mikhail Youzhny,1662.0,3303.0,46169.5,27740.0,20027.5,9606.0,7243.0,2295.5,3715.5
St. Petersburg WCT,1974,1975,2,62,0.0,Hard,3,2,Raul Ramirez,0.0,0.0,0.0,0.0,0.0,0.0,0.0,0.0,0.0
St. Poelten,1994,2005,12,372,90.314,Clay,3,6,Thomas Muster,1435.5,1862.0,38422.5,23510.5,16020.0,7470.5,5947.0,2111.0,3616.5
St. Vincent,1986,1989,4,124,0.0,Clay,3,8,Simone Colombo,0.0,0.0,0.0,0.0,0.0,0.0,0.0,0.0,0.0
Stockholm,1972,2019,48,1631,91.306,Hard,3,10,Thomas Johansson,2764.5,7489.5,77640.0,46496.5,34573.5,16276.0,12303.5,3669.5,5762.0
Stockholm Open,1969,1971,3,109,0.0,Hard,3,11,Arthur Ashe,0.0,0.0,0.0,0.0,0.0,0.0,0.0,0.0,0.0
Stowe,1978,1983,6,186,0.0,Hard,3,8,Johan Kriek,0.0,0.0,0.0,0.0,0.0,0.0,0.0,0.0,0.0
Stratton Mountain,1985,1989,5,314,0.0,Hard,5,8,Ivan Lendl,0.0,0.0,0.0,0.0,0.0,0.0,0.0,0.0,0.0
Stuttgart,2001,2019,19,629,96.381,Grass,3,6,Rafael Nadal,2742.5,5024.5,68590.0,41458.5,29774.0,14174.0,10731.5,3490.0,5598.0
Stuttgart Indoor,1979,1981,3,93,0.0,Hard,3,3,Wojtek Fibak,0.0,0.0,0.0,0.0,0.0,0.0,0.0,0.0,0.0
Stuttgart Masters,1998,2001,4,188,93.665,Hard,3,10,Wayne Ferreira,849.0,2083.0,20811.5,11755.0,8884.5,4753.5,3291.5,981.5,1546.0
Stuttgart Outdoor,1978,2000,23,937,93.717,Clay,3,7,Tomas Smid,1515.0,2713.0,49387.0,29531.0,20513.5,10316.5,7631.5,2759.5,4472.5
Sun City,1994,1994,1,31,107.533,Hard,3,3,Markus Zoecke,169.0,300.5,3710.5,2116.0,1569.0,812.5,558.0,193.5,291.5
Surbiton,1974,1980,7,86,0.0,Grass,3,6,Brian Gottfried,0.0,0.0,0.0,0.0,0.0,0.0,0.0,0.0,0.0
Sydney,1969,2019,51,777,93.387,Hard,3,1,Lleyton Hewitt,2318.5,5308.5,62570.0,37661.0,27611.5,13111.5,9860.0,3105.5,4896.0
Sydney Indoor,1973,1994,22,762,91.859,Hard,3,10,Ivan Lendl,594.0,1371.5,16812.5,10266.5,7457.5,3373.5,2606.5,937.5,1407.0
Sydney N.S.W.,1972,1972,1,20,0.0,Hard,5,1,Alex Metreveli,0.0,0.0,0.0,0.0,0.0,0.0,0.0,0.0,0.0
Sydney Olympics,2000,2000,1,64,0.0,Hard,3,9,Yevgeny Kafelnikov,0.0,0.0,0.0,0.0,0.0,0.0,0.0,0.0,0.0
Sydney Outdoor,1971,1998,28,1089,91.313,Grass,3,12,Phil Dent,1128.5,1827.5,26954.0,15695.5,11303.5,5905.5,4254.0,1391.0,2252.5
Taipei,1977,1977,1,31,0.0,Hard,3,11,Tim Gullikson,0.0,0.0,0.0,0.0,0.0,0.0,0.0,0.0,0.0
Tampa,1981,1993,13,155,102.63,Hard,3,3,Jaime Yzaga,375.5,476.0,10096.0,6106.0,4183.0,2098.0,1581.0,535.0,902.5
Tanglewood,1971,1971,1,61,0.0,Hard,3,7,Jaime Fillol,0.0,0.0,0.0,0.0,0.0,0.0,0.0,0.0,0.0
Tashkent,1997,2002,6,186,87.957,Hard,3,9,Yevgeny Kafelnikov,1104.5,1752.0,19602.0,10681.0,7870.5,4591.5,3040.0,1004.0,1615.0
Tehran,1973,1977,5,267,0.0,Clay,3,10,Guillermo Vilas,0.0,0.0,0.0,0.0,0.0,0.0,0.0,0.0,0.0
Tehran WCT,1971,1971,1,31,0.0,Clay,3,5,Marty Riessen,0.0,0.0,0.0,0.0,0.0,0.0,0.0,0.0,0.0
Tel Aviv,1979,1996,18,526,98.23,Hard,3,10,Amos Mansdorf,833.0,1155.0,20224.0,11850.0,8425.0,4233.5,3131.5,1114.5,1807.0
Tempe,1974,1974,1,31,0.0,Hard,3,3,Jimmy Connors,0.0,0.0,0.0,0.0,0.0,0.0,0.0,0.0,0.0
Tokyo,1972,2019,48,1187,92.269,Hard,3,9,Kei Nishikori,3619.5,9750.0,105718.0,64822.0,47577.5,21391.5,16721.5,5021.0,7990.5
Tokyo Outdoor,1976,1995,20,1140,92.625,Clay,3,10,Stefan Edberg,882.5,1874.0,28916.0,17964.5,12719.0,5682.0,4483.0,1418.5,2295.0
Toronto,1973,1977,5,315,0.0,Clay,3,8,Manuel Orantes,0.0,0.0,0.0,0.0,0.0,0.0,0.0,0.0,0.0
Toulouse,1982,2000,19,589,96.386,Hard,3,10,Guy Forget,1215.0,3033.5,34384.5,19987.5,14886.5,7525.0,5410.0,1612.5,2561.5
Tour Finals,1997,2020,24,225,103.894,Hard,3,11,Novak Djokovic,813.5,2027.5,23957.0,14099.5,10560.0,5216.0,3834.0,1005.5,1653.5
Treviso,1984,1984,1,31,0.0,Clay,3,11,Vitas Gerulaitis,0.0,0.0,0.0,0.0,0.0,0.0,0.0,0.0,0.0
Tucson,1970,1970,1,11,0.0,Hard,3,10,Marty Riessen,0.0,0.0,0.0,0.0,0.0,0.0,0.0,0.0,0.0
Tulsa,1978,1980,3,93,0.0,Hard,3,4,Eddie Dibbs,0.0,0.0,0.0,0.0,0.0,0.0,0.0,0.0,0.0
Tuscon,1974,1975,2,126,0.0,Hard,3,3,John Newcombe,0.0,0.0,0.0,0.0,0.0,0.0,0.0,0.0,0.0
U.S. National Chps.,1968,1968,1,95,0.0,Grass,5,8,Robert Lutz,0.0,0.0,0.0,0.0,0.0,0.0,0.0,0.0,0.0
US Open,1968,2019,52,6553,144.873,Hard,5,8,Jimmy Connors,25765.0,49393.5,616250.0,363098.0,268029.0,128458.5,94880.5,29633.5,47879.0
Umag,1990,2019,30,886,95.996,Clay,3,7,Carlos Moya,3241.5,3668.0,88557.5,53837.0,36269.5,17189.5,13661.0,5077.0,8737.0
Us Open,2020,2020,1,127,157.827,Hard,5,8,Dominic Thiem,834.5,1838.0,21098.0,13040.0,9588.0,4154.0,3249.0,1104.5,1709.0
Valencia,1973,2015,43,571,94.819,Clay,3,4,David Ferrer,1469.5,2502.0,43828.5,26758.5,18806.5,8783.0,6813.0,2398.0,3883.5
Venice,1981,1983,3,93,0.0,Clay,3,6,Jimmy Brown,0.0,0.0,0.0,0.0,0.0,0.0,0.0,0.0,0.0
Vienna,1974,2020,47,1144,99.531,Hard,3,10,Brian Gottfried,2646.0,6642.5,73024.0,44004.5,32559.5,15210.0,11465.5,3507.0,5471.5
Vina del Mar,1981,2014,34,395,98.941,Clay,3,1,Fernando Gonzalez,919.5,1520.5,28132.5,17035.5,11952.0,5652.5,4376.5,1502.0,2492.5
Virginia Beach,1977,1977,1,15,0.0,Clay,3,4,Guillermo Vilas,0.0,0.0,0.0,0.0,0.0,0.0,0.0,0.0,0.0
WCT Challenge Cup,1976,1978,3,30,0.0,Hard,3,12,Ilie Nastase,0.0,0.0,0.0,0.0,0.0,0.0,0.0,0.0,0.0
Warsaw,2008,2008,1,31,93.581,Clay,3,6,Nikolay Davydenko,109.0,139.0,3018.0,1781.5,1219.5,620.5,466.5,180.0,301.0
Washington,1969,2019,51,2544,94.406,Hard,3,7,Andre Agassi,6715.0,14188.0,152532.5,88876.0,66040.0,33273.5,24075.5,7363.0,11697.0
Washington WTC,1971,1972,2,124,0.0,Clay,3,7,Marty Riessen,0.0,0.0,0.0,0.0,0.0,0.0,0.0,0.0,0.0
Wellington,1987,1991,5,155,85.929,Hard,3,12,Kelly Evernden,194.5,239.0,5779.0,3547.0,2360.0,1105.5,861.0,374.0,609.5
Wembley,1971,1977,7,62,0.0,Hard,3,11,Bjorn Borg,0.0,0.0,0.0,0.0,0.0,0.0,0.0,0.0,0.0
Wimbledon,1968,2019,52,6604,137.925,Grass,5,7,Roger Federer,25477.5,58653.0,633733.0,393458.5,298620.0,121960.5,97754.5,27433.5,42657.0
Winston-Salem,2011,2019,9,423,93.912,Hard,3,8,Steve Johnson,2213.5,4202.5,45052.0,25885.0,19183.5,10023.5,7079.5,2196.0,3486.5
Zagreb,2008,2015,8,232,96.97,Hard,3,2,Marin Cilic,697.0,2352.5,24929.0,15450.0,11430.5,4986.0,3952.5,1151.0,1816.5
Zell Am See WCT,1982,1982,1,31,0.0,Clay,3,7,Jose Luis Clerc,0.0,0.0,0.0,0.0,0.0,0.0,0.0,0.0,0.0
Zhuhai,2019,2019,1,27,103.074,Hard,3,9,Alex De Minaur,60.5,188.0,2784.0,1763.0,1250.5,536.5,444.5,132.5,223.0
Zurich,1977,1977,1,31,0.0,Hard,3,12,Jan Norback,0.0,0.0,0.0,0.0,0.0,0.0,0.0,0.0,0.0
s Hertogenbosch,1998,2019,22,658,88.435,Grass,3,6,Nicolas Mahut,2930.0,6092.0,68816.0,42151.5,31376.5,14136.0,10884.5,3214.0,4935.0
